Unique_ID,PID,TIER,NIRSpec_ID,NIRCam_DR5_ID,NIRCam_DR3_ID,ObsDate,RA_TARG,Dec_TARG,Field,z_phot,z_Spec,z_Spec_flag,z_R1000,z_R1000n,z_PRISM,MUV
goods-n-mediumjwst_4,1181,goods-n-mediumjwst,4,-3,-1,2023-05-05,189.13246408073653,62.21189396539296,GN,6.02195,-1.0,E,nan,nan,nan,nan
goods-n-mediumjwst_33,1181,goods-n-mediumjwst,33,1000033,1000033,2023-05-05,189.13706501353215,62.21327335776786,GN,3.8151,3.908964351667974,A,3.908964351667974,4.0,3.909594,-18.94706478045336
goods-n-mediumjwst_58,1181,goods-n-mediumjwst,58,1000058,1000058,2023-05-05,189.13101174089405,62.213989428212855,GN,2.50209,2.4419513717578862,A,2.4419513717578862,8.0,2.437277,nan
goods-n-mediumjwst_95,1181,goods-n-mediumjwst,95,1000095,1000095,2023-05-05,189.1291983907139,62.215140564454934,GN,4.17264,3.9086680242771434,A,3.9086680242771434,5.0,3.908752,-18.304085715945725
goods-n-mediumjwst_110,1181,goods-n-mediumjwst,110,1000110,1000110,2023-05-05,189.14637872060382,62.21550823489571,GN,4.17327,4.062786176905345,A,4.062786176905345,12.0,4.063076,-20.05214147112277
goods-n-mediumjwst_113,1181,goods-n-mediumjwst,113,1000113,1000113,2023-05-05,189.12382509524014,62.21549730340388,GN,5.99903,5.78634546791552,A,5.78634546791552,3.0,5.786884,-18.884536105626967
goods-n-mediumjwst_146,1181,goods-n-mediumjwst,146,1000146,1000146,2023-05-05,189.12750688375738,62.21619294721527,GN,3.22055,3.3529633185868244,A,3.3529633185868244,4.0,3.354814,-18.39618449158037
goods-n-mediumjwst_192,1181,goods-n-mediumjwst,192,1000192,1000192,2023-05-05,189.1443345908473,62.216966964188266,GN,0.44424,-1.0,E,nan,nan,nan,nan
goods-n-mediumjwst_199,1181,goods-n-mediumjwst,199,1000199,1000199,2023-05-05,189.12623420880826,62.21710751426018,GN,1.40229,-1.0,E,nan,nan,nan,nan
goods-n-mediumjwst_265,1181,goods-n-mediumjwst,265,1000265,1000265,2023-05-05,189.13843062697867,62.21801838859797,GN,2.6651,2.973744791145318,A,2.973744791145318,2.0,2.978967,nan
goods-s-mediumhst_416,1180,goods-s-mediumhst,416,100206,100206,2022-10-05,53.1579825,-27.81707,GS,4.43,-1.0,E,nan,nan,nan,nan
goods-n-mediumjwst_420,1181,goods-n-mediumjwst,420,1000420,1000420,2023-05-05,189.12177301425024,62.21968372388903,GN,5.36874,4.914,D,nan,nan,4.914,-17.669290435494435
goods-s-mediumhst_455,1180,goods-s-mediumhst,455,197744,197744,2022-10-05,53.1719463,-27.8164235,GS,3.662,-1.0,E,nan,nan,nan,nan
goods-s-mediumhst_490,1180,goods-s-mediumhst,490,490,-1,2022-10-05,53.1782973,-27.8157176,GS,3.0,2.69270603085576,A,2.69270603085576,1.0,2.693431,nan
goods-s-mediumhst_507,1180,goods-s-mediumhst,507,101453,101453,2022-10-05,53.1801336,-27.815485,GS,2.76,-1.0,E,nan,nan,nan,nan
goods-n-mediumjwst_519,1181,goods-n-mediumjwst,519,1000519,1000519,2023-05-05,189.16530890538837,62.22055555468206,GN,0.97216,1.0146920330395715,A,1.0146920330395715,1.0,1.013731,nan
goods-n-mediumjwst_529,1181,goods-n-mediumjwst,529,1000529,1000529,2023-05-05,189.12262634664606,62.22062510425114,GN,1.11879,-1.0,E,nan,nan,nan,nan
goods-s-mediumhst_543,1180,goods-s-mediumhst,543,198079,198079,2022-10-05,53.1753825,-27.814831,GS,2.35,-1.0,E,nan,nan,nan,nan
goods-n-mediumhst_604,1181,goods-n-mediumhst,604,1024684,1024684,2023-02-07,189.1172020940793,62.221433699750825,GN,4.43,4.14684211101447,A,4.14684211101447,5.0,4.161308,-18.98226487364366
goods-n-mediumhst_606,1181,goods-n-mediumhst,606,1000705,1000705,2023-02-07,189.10807529554066,62.22205034287017,GN,4.11,3.972548032565879,A,3.972548032565879,6.0,3.968633,-18.6840751554483
goods-n-mediumhst_607,1181,goods-n-mediumhst,607,1024719,1024719,2023-02-07,189.11694726540446,62.22207876358307,GN,5.43,5.180957949962182,A,5.180957949962182,6.0,5.182848,-19.558546002266212
goods-n-mediumjwst_614,1181,goods-n-mediumjwst,614,1000614,1000614,2023-05-05,189.16603259209313,62.22135177961891,GN,0.42385,-1.0,E,nan,nan,nan,nan
goods-s-mediumhst_618,1180,goods-s-mediumhst,618,103332,103332,2022-10-05,53.1585089,-27.8130466,GS,2.57,-1.0,E,nan,nan,nan,nan
goods-n-mediumjwst_619,1181,goods-n-mediumjwst,619,1000619,1000619,2023-05-05,189.1582453662495,62.22136013287726,GN,9.79359,9.068151232909187,A,9.068151232909187,1.0,9.068484,-20.000177668784975
goods-n-mediumhst_634,1181,goods-n-mediumhst,634,1024880,1024880,2023-02-07,189.12741112526726,62.22443424990734,GN,4.37,3.9762531212212355,A,3.9762531212212355,5.0,3.978188,-19.662754881598705
goods-n-mediumhst_643,1181,goods-n-mediumhst,643,1024940,1024940,2023-02-07,189.11031858472745,62.22544244372944,GN,5.43,5.347198838183486,A,5.347198838183486,7.0,5.351595,-20.571628902685127
goods-n-mediumhst_666,1181,goods-n-mediumhst,666,1025101,1025101,2023-02-07,189.11341360298923,62.22765640268697,GN,5.24,4.912313447814812,A,4.912313447814812,4.0,4.922789,-18.783285082064786
goods-n-mediumhst_721,1181,goods-n-mediumhst,721,1003205,1003205,2023-02-07,189.1153167970779,62.23409874869081,GN,4.76,5.178385538925508,A,5.178385538925508,6.0,5.179648,-19.154390525159084
goods-n-mediumjwst_721,1181,goods-n-mediumjwst,721,1000721,1000721,2023-05-05,189.15375902990397,62.22232321376374,GN,7.81095,2.942299163415983,A,2.942299163415983,8.0,2.942906,nan
goods-n-mediumhst_755,1181,goods-n-mediumhst,755,1004392,1004392,2023-02-07,189.09925933788136,62.23824910408436,GN,3.54,3.4771791784875727,A,3.4771791784875727,3.0,3.475048,-19.675794532892834
goods-n-mediumhst_758,1181,goods-n-mediumhst,758,1026305,1026305,2023-02-07,189.11960463564822,62.23854979291465,GN,5.43,5.274191433671956,A,5.274191433671956,3.0,5.277043,-19.584357959448194
goods-n-mediumhst_761,1181,goods-n-mediumhst,761,1004571,1004571,2023-02-07,189.18089237348963,62.23887679829965,GN,5.76,5.542480696296876,A,5.542480696296876,3.0,5.545638,-18.913964256050214
goods-n-mediumhst_772,1181,goods-n-mediumhst,772,1004829,1004829,2023-02-07,189.09526435376006,62.239703472075476,GN,3.96,3.8477016466337277,A,3.8477016466337277,7.0,3.841797,-19.6806491885697
goods-n-mediumhst_777,1181,goods-n-mediumhst,777,1004969,1004969,2023-02-07,189.10602065380908,62.240137799093375,GN,4.06,4.167547429668142,A,4.167547429668142,3.0,4.17467,-18.786422478182192
goods-n-mediumhst_795,1181,goods-n-mediumhst,795,1005572,1005572,2023-02-07,189.19179253194673,62.24204531469492,GN,4.59,4.7702471180249875,A,4.7702471180249875,4.0,4.773197,-18.636000874194742
goods-n-mediumhst_804,1181,goods-n-mediumhst,804,1026817,1026817,2023-02-07,189.1339233846043,62.24242813778653,GN,3.96,3.66114926089155,A,3.66114926089155,10.0,3.663253,-20.352186037574793
goods-n-mediumhst_834,1181,goods-n-mediumhst,834,1027453,1027453,2023-02-07,189.0970107901933,62.24698088940611,GN,4.82,4.911528043923953,A,4.911528043923953,2.0,4.902988,-18.5331753964445
goods-n-mediumhst_849,1181,goods-n-mediumhst,849,1007988,1007988,2023-02-07,189.0962213029358,62.248918082673775,GN,3.96,3.26,D,nan,nan,3.26,nan
goods-n-mediumhst_853,1181,goods-n-mediumhst,853,1008013,1008013,2023-02-07,189.11636954392034,62.249101775923364,GN,3.49,3.471392816421119,A,3.471392816421119,9.0,3.476296,-18.900998205735313
goods-n-mediumhst_873,1181,goods-n-mediumhst,873,1008592,1008592,2023-02-07,189.1168361021397,62.25074486540323,GN,3.54,3.470971018897471,A,3.470971018897471,1.0,3.467254,-17.531542328086758
goods-n-mediumhst_896,1181,goods-n-mediumhst,896,1009077,1009077,2023-02-07,189.08265193081894,62.25247723160351,GN,6.84,6.757950922333795,A,6.757950922333795,8.0,6.761535,-20.31054278655394
goods-n-mediumhst_901,1181,goods-n-mediumhst,901,1009354,1009354,2023-02-07,189.07140595422632,62.25326502569788,GN,5.12,4.831512756773688,A,4.831512756773688,5.0,4.834639,-19.671112010156122
goods-n-mediumhst_902,1181,goods-n-mediumhst,902,1009466,1009466,2023-02-07,189.19327630338626,62.25372707084826,GN,4.064,4.060080339425745,A,4.060080339425745,9.0,4.058418,-20.21856600721356
goods-n-mediumhst_903,1181,goods-n-mediumhst,903,1009502,1009502,2023-02-07,189.09179031231884,62.25374072532921,GN,5.43,5.77137237242172,A,5.77137237242172,3.0,5.768527,-19.430923992503594
goods-n-mediumhst_910,1181,goods-n-mediumhst,910,1088066,1088066,2023-02-07,189.11344298847482,62.25480338430457,GN,4.43,4.414323949566036,A,4.414323949566036,5.0,4.416377,-19.153479534752684
goods-n-mediumhst_917,1181,goods-n-mediumhst,917,1028662,1028662,2023-02-07,189.08014356130892,62.2553986093555,GN,4.48,4.398619737345457,A,4.398619737345457,5.0,4.398992,-18.9179903724463
goods-n-mediumhst_919,1181,goods-n-mediumhst,919,1088127,1088127,2023-02-07,189.11862478592616,62.255566100453436,GN,5.49,-1.0,E,nan,nan,nan,nan
goods-n-mediumhst_920,1181,goods-n-mediumhst,920,1009935,1009935,2023-02-07,189.09814456124133,62.255552441430716,GN,4.894,4.883755323893823,A,4.883755323893823,6.0,4.883659,-20.337897925027875
goods-n-mediumhst_926,1181,goods-n-mediumhst,926,1028761,1028761,2023-02-07,189.0798188542672,62.25646070822843,GN,6.77,6.755458344454361,A,6.755458344454361,6.0,6.756971,-19.96322066091257
goods-n-mediumhst_930,1181,goods-n-mediumhst,930,1010202,1010202,2023-02-07,189.20666769481045,62.25677341468013,GN,3.96,4.060768270408033,A,4.060768270408033,3.0,4.064192,-19.785260780742462
goods-n-mediumhst_940,1181,goods-n-mediumhst,940,1010567,1010567,2023-02-07,189.14179017654314,62.25841279000412,GN,4.7,4.938518456296272,A,4.938518456296272,3.0,4.938248,-19.10325396018581
goods-n-mediumhst_943,1181,goods-n-mediumhst,943,1010605,1010605,2023-02-07,189.2014827088781,62.258632890799674,GN,3.77,3.6407224476549747,A,3.6407224476549747,2.0,3.635197,-19.209728380476488
goods-n-mediumhst_944,1181,goods-n-mediumhst,944,1088404,1088404,2023-02-07,189.13702475518164,62.2587201248694,GN,3.77,3.663948819695146,A,3.663948819695146,3.0,3.661695,-18.42759730203832
goods-n-mediumhst_946,1181,goods-n-mediumhst,946,1029051,1029051,2023-02-07,189.08587230943465,62.259044500525704,GN,4.7,4.695151241865293,A,4.695151241865293,6.0,4.696387,-19.800711149115976
goods-n-mediumjwst_949,1181,goods-n-mediumjwst,949,1000949,1000949,2023-05-05,189.13110624087693,62.2237866179129,GN,1.88058,-1.0,E,nan,nan,nan,nan
goods-n-mediumhst_950,1181,goods-n-mediumhst,950,1010738,1010738,2023-02-07,189.1576571698639,62.25929981444334,GN,3.68,3.662571145079996,A,3.662571145079996,2.0,3.666044,-18.466809544568815
goods-n-mediumhst_954,1181,goods-n-mediumhst,954,1010816,1010816,2023-02-07,189.1519656570194,62.25963521216192,GN,6.54,6.758886643410266,A,6.758886643410266,7.0,6.759366,-20.005047327315
goods-n-mediumhst_956,1181,goods-n-mediumhst,956,1088503,1088503,2023-02-07,189.10636573906254,62.25971420687521,GN,5.69,5.421961585086162,A,5.421961585086162,8.0,5.421637,-19.43185105249912
goods-n-mediumhst_964,1181,goods-n-mediumhst,964,1088566,1088566,2023-02-07,189.13723537049177,62.2606362510657,GN,5.43,5.600195965306563,A,5.600195965306563,4.0,5.601975,-19.406349967014016
goods-n-mediumhst_967,1181,goods-n-mediumhst,967,1088610,1088610,2023-02-07,189.12197992479508,62.26130830012754,GN,5.49,5.323370435082971,A,5.323370435082971,2.0,5.320736,-19.231150606133248
goods-n-mediumhst_971,1181,goods-n-mediumhst,971,1088682,1088682,2023-02-07,189.13093210899672,62.26199976388494,GN,5.0,4.420733364408923,A,4.420733364408923,4.0,4.41929,-19.349656778048832
goods-n-mediumhst_978,1181,goods-n-mediumhst,978,1088779,1088779,2023-02-07,189.1284210756303,62.262771984900674,GN,6.03,5.861968223608069,A,5.861968223608069,2.0,5.865369,-18.82493021298981
goods-n-mediumhst_988,1181,goods-n-mediumhst,988,1011877,1011877,2023-02-07,189.16214905172856,62.263810849468214,GN,6.54,6.309729512608222,A,6.309729512608222,7.0,6.314601,-19.685418105449315
goods-n-mediumhst_993,1181,goods-n-mediumhst,993,1029764,1029764,2023-02-07,189.0819036958499,62.2649221899439,GN,4.11,4.170070478652223,A,4.170070478652223,4.0,4.172118,-19.2484469287404
goods-n-mediumhst_997,1181,goods-n-mediumhst,997,1029814,1029814,2023-02-07,189.17789123481091,62.265355929836545,GN,4.11,4.16028179007413,A,4.16028179007413,3.0,nan,nan
goods-n-mediumhst_998,1181,goods-n-mediumhst,998,1012325,1012325,2023-02-07,189.09600237750175,62.26541430235651,GN,5.12,4.421894003791115,A,4.421894003791115,2.0,4.424293,-18.802578171556867
goods-n-mediumhst_999,1181,goods-n-mediumhst,999,1228855,-1,2023-02-07,189.1478060775249,62.26568492692343,GN,5.43,-1.0,E,nan,nan,nan,nan
goods-n-mediumhst_1003,1181,goods-n-mediumhst,1003,1012629,1029934,2023-02-07,189.05794759025335,62.266520875550704,GN,3.72,3.9066693268846393,A,3.9066693268846393,4.0,3.908666,-19.59076771591367
goods-n-mediumjwst_1015,1181,goods-n-mediumjwst,1015,1001015,1001015,2023-05-05,189.13362139476152,62.22414823453392,GN,1.79288,-1.0,E,nan,nan,nan,nan
goods-n-mediumhst_1023,1181,goods-n-mediumhst,1023,1013256,1013256,2023-02-07,189.08254012622058,62.26932446992568,GN,4.27,4.021583300288656,A,4.021583300288656,1.0,4.023232,-18.924640114494878
goods-n-mediumhst_1025,1181,goods-n-mediumhst,1025,1013293,1013293,2023-02-07,189.13400174814544,62.26945610747303,GN,4.11,3.3435758075051316,A,3.3435758075051316,2.0,3.340562,-17.338034548792862
goods-n-mediumhst_1026,1181,goods-n-mediumhst,1026,1030286,1115619,2023-02-07,189.05318301153736,62.26955640929942,GN,3.91,4.33377,B,nan,nan,4.33377,-18.808450715969762
goods-n-mediumhst_1044,1181,goods-n-mediumhst,1044,1013948,1013948,2023-02-07,189.11104101528767,62.27190179103356,GN,3.91,4.041239859278076,A,4.041239859278076,4.0,4.038605,-19.33841130142148
goods-s-mediumhst_1047,1180,goods-s-mediumhst,1047,107385,107385,2022-10-05,53.1706264,-27.8073978,GS,1.77,-1.0,E,nan,nan,nan,nan
goods-n-mediumhst_1048,1181,goods-n-mediumhst,1048,1030663,1030663,2023-02-07,189.0583154970877,62.272558292613084,GN,3.77,3.869732952177015,A,3.869732952177015,6.0,3.866069,-19.64019178644101
goods-n-mediumhst_1051,1181,goods-n-mediumhst,1051,1014307,1014307,2023-02-07,189.09533768260124,62.27309990747221,GN,4.32,2.7581071339146783,A,2.7581071339146783,3.0,2.752502,nan
goods-n-mediumhst_1054,1181,goods-n-mediumhst,1054,1089666,1089666,2023-02-07,189.15742057081988,62.273606875302164,GN,5.49,5.677559474527845,A,5.677559474527845,3.0,5.679713,-19.70050280429569
goods-n-mediumhst_1065,1181,goods-n-mediumhst,1065,1014693,1014693,2023-02-07,189.0642806828022,62.27429802914863,GN,5.36,5.144219,B,nan,nan,5.144219,-19.360493371413792
goods-n-mediumhst_1066,1181,goods-n-mediumhst,1066,1031111,1031111,2023-02-07,189.13807673596932,62.27445220538244,GN,7.08,6.746011023826932,A,6.746011023826932,5.0,6.745649,-19.51179465860755
goods-n-mediumhst_1069,1181,goods-n-mediumhst,1069,1089742,1089742,2023-02-07,189.20055154479468,62.27458311727341,GN,4.37,3.322521624674832,A,3.322521624674832,10.0,3.324926,-18.148824593901008
goods-n-mediumhst_1070,1181,goods-n-mediumhst,1070,1014843,1014843,2023-02-07,189.12557650325525,62.27484805370226,GN,4.22,3.870723373907885,A,3.870723373907885,2.0,3.871523,-19.289535587476145
goods-n-mediumhst_1075,1181,goods-n-mediumhst,1075,1089840,1089840,2023-02-07,189.2026030536545,62.27550905029949,GN,6.77,6.905407866162919,A,6.905407866162919,2.0,6.907079,-19.7441326333837
goods-n-mediumhst_1076,1181,goods-n-mediumhst,1076,1015068,1015068,2023-02-07,189.13851114151183,62.27561026151829,GN,7.33,6.742866620422458,A,6.742866620422458,4.0,6.744623,-19.670375659415413
goods-n-mediumhst_1083,1181,goods-n-mediumhst,1083,1015303,1015303,2023-02-07,189.160226685981,62.27622688271192,GN,4.16,3.801557824177118,A,3.801557824177118,3.0,3.810089,-18.672690854222108
goods-n-mediumjwst_1093,1181,goods-n-mediumjwst,1093,1001093,1001093,2023-05-05,189.17974248093586,62.224629085991644,GN,5.79642,5.5944392668042635,A,5.5944392668042635,3.0,5.594198,-17.32731464750392
goods-s-mediumhst_1096,1180,goods-s-mediumhst,1096,107782,107782,2022-10-05,53.1515911,-27.8068658,GS,3.32,-1.0,E,nan,nan,nan,nan
goods-n-mediumhst_1100,1181,goods-n-mediumhst,1100,1031777,1031777,2023-02-07,189.06360472107647,62.27789133597091,GN,4.01,3.8707977732910557,A,3.8707977732910557,3.0,nan,nan
goods-n-mediumhst_1103,1181,goods-n-mediumhst,1103,1031843,1031843,2023-02-07,189.15823115100412,62.27842717434089,GN,5.62,5.765919,C,nan,nan,5.765919,-19.4724766342035
goods-n-mediumhst_1104,1181,goods-n-mediumhst,1104,1016069,1016069,2023-02-07,189.1376299809762,62.27863053996361,GN,3.87,3.9177371338378837,A,3.9177371338378837,5.0,3.913113,-18.93427634819073
goods-n-mediumjwst_1108,1181,goods-n-mediumjwst,1108,1001108,1001108,2023-05-05,189.18118309668066,62.22473209335669,GN,1.27428,-1.0,E,nan,nan,nan,nan
goods-n-mediumhst_1109,1181,goods-n-mediumhst,1109,1016130,1016130,2023-02-07,189.13699901321118,62.27895560507869,GN,3.96,3.9166117271432785,A,3.9166117271432785,4.0,3.918047,-19.694090041331016
goods-n-mediumhst_1110,1181,goods-n-mediumhst,1110,1016157,1016157,2023-02-07,189.09482145059962,62.2789943719872,GN,4.94,4.690917933502566,A,4.690917933502566,2.0,4.691532,-19.13241726447798
goods-n-mediumhst_1121,1181,goods-n-mediumhst,1121,1016730,1016730,2023-02-07,189.12982492073613,62.281169237098965,GN,3.34187,3.3406432621382107,A,3.3406432621382107,14.0,3.33482,-19.784589693077383
goods-n-mediumhst_1129,1181,goods-n-mediumhst,1129,1032447,1032447,2023-02-07,189.17975270932268,62.28238705208586,GN,7.75,7.0839277541659875,A,7.0839277541659875,4.0,7.079989,-19.666483142030746
goods-n-mediumhst_1130,1181,goods-n-mediumhst,1130,1017180,1017180,2023-02-07,189.09628668994077,62.282484531012564,GN,3.68,3.9685827194000365,A,3.9685827194000365,4.0,3.962754,-19.174132789931413
goods-n-mediumhst_1137,1181,goods-n-mediumhst,1137,1032585,1032585,2023-02-07,189.10576599321732,62.28337197478065,GN,4.27,3.6612991158233807,A,3.6612991158233807,12.0,3.657174,-19.517934493330966
goods-n-mediumjwst_1137,1181,goods-n-mediumjwst,1137,1001137,1001137,2023-05-05,189.13216122442967,62.224859009423476,GN,2.63417,1.8557675476063937,A,1.8557675476063937,2.0,1.860986,nan
goods-n-mediumhst_1139,1181,goods-n-mediumhst,1139,1032634,1032634,2023-02-07,189.1765507764058,62.283723359764544,GN,4.37,4.1606218003287605,A,4.1606218003287605,3.0,4.148276,-18.436485133807818
goods-s-mediumhst_1146,1180,goods-s-mediumhst,1146,108066,108066,2022-10-05,53.1539477,-27.8063867,GS,3.12,-1.0,E,nan,nan,nan,nan
goods-n-mediumhst_1148,1181,goods-n-mediumhst,1148,1017974,1017974,2023-02-07,189.18666624107718,62.284913783143,GN,3.77,3.319152738502904,A,3.319152738502904,1.0,3.317353,-18.334853008973468
goods-n-mediumjwst_1151,1181,goods-n-mediumjwst,1151,1001151,1001151,2023-05-05,189.18118338586046,62.22495090960964,GN,3.6351,3.653901765352754,A,3.653901765352754,3.0,3.654467,-18.688328001731204
goods-n-mediumhst_1157,1181,goods-n-mediumhst,1157,1033146,1033146,2023-02-07,189.1840362710666,62.28593002993619,GN,4.01,4.161578042063574,A,4.161578042063574,4.0,4.153986,-18.933440194472745
goods-n-mediumhst_1161,1181,goods-n-mediumhst,1161,1018661,1018661,2023-02-07,189.1059340897561,62.286854218204276,GN,5.56,4.477327190766095,A,4.477327190766095,4.0,4.470204,-16.318591546693654
goods-n-mediumhst_1165,1181,goods-n-mediumhst,1165,1033344,1033344,2023-02-07,189.11186100400698,62.28772989381203,GN,4.43,4.380377190186868,A,4.380377190186868,9.0,4.379654,-19.10117666845043
goods-n-mediumhst_1166,1181,goods-n-mediumhst,1166,1018968,1018968,2023-02-07,189.18335875302895,62.28772220532748,GN,7.08,7.022452276747254,A,7.022452276747254,2.0,7.021773,-20.14670312898469
goods-n-mediumhst_1167,1181,goods-n-mediumhst,1167,1019008,1019023,2023-02-07,189.10256103571794,62.287861512815944,GN,3.87,3.6606575251771174,A,3.6606575251771174,2.0,3.657747,-17.97006964908987
goods-s-mediumhst_1176,1180,goods-s-mediumhst,1176,108298,108298,2022-10-05,53.174896,-27.8059944,GS,4.404,4.2676825814887325,A,4.2676825814887325,2.0,4.272623,nan
goods-s-mediumhst_1191,1180,goods-s-mediumhst,1191,108371,108371,2022-10-05,53.137561,-27.8058964,GS,3.46,-1.0,E,nan,nan,nan,nan
goods-n-mediumhst_1203,1181,goods-n-mediumhst,1203,1020630,1020630,2023-02-07,189.15462824945152,62.29291746933888,GN,6.46,6.698808490186105,A,6.698808490186105,3.0,nan,nan
goods-n-mediumhst_1205,1181,goods-n-mediumhst,1205,1034159,1034159,2023-02-07,189.11428989922354,62.292997119502054,GN,5.0,4.822859,B,nan,nan,4.822859,-19.24581621971105
goods-n-mediumhst_1208,1181,goods-n-mediumhst,1208,1020713,1020713,2023-02-07,189.1082623048144,62.29318952854989,GN,5.24,4.887508403614264,A,4.887508403614264,3.0,4.885554,-19.57791674451816
goods-n-mediumjwst_1219,1181,goods-n-mediumjwst,1219,1001219,1001219,2023-05-05,189.18450568378583,62.22520548661071,GN,1.02221,-1.0,E,nan,nan,nan,nan
goods-n-mediumhst_1223,1181,goods-n-mediumhst,1223,1021201,1021201,2023-02-07,189.12034313440427,62.29486385919126,GN,6.84,6.590498930967035,A,6.590498930967035,3.0,6.588122,-19.517577099124686
goods-n-mediumhst_1233,1181,goods-n-mediumhst,1233,1034862,1034862,2023-02-07,189.1168167533025,62.29809532641526,GN,4.27,3.333428102001019,A,3.333428102001019,8.0,3.33403,-19.232617821176056
goods-n-mediumhst_1237,1181,goods-n-mediumhst,1237,1034881,1034881,2023-02-07,189.1133994120063,62.29819055732666,GN,3.45,3.330065863666567,A,3.330065863666567,10.0,3.326626,-19.017946231098684
goods-n-mediumhst_1240,1181,goods-n-mediumhst,1240,1034865,1034865,2023-02-07,189.1173708639411,62.298258302008946,GN,3.4,3.333839586062542,A,3.333839586062542,9.0,3.330991,-18.468702926979013
goods-n-mediumjwst_1254,1181,goods-n-mediumjwst,1254,1001254,1001254,2023-05-05,189.18628574858246,62.22539469370035,GN,7.00021,6.988312299003054,A,6.988312299003054,1.0,6.98285,-18.894901218601568
goods-s-mediumhst_1304,1180,goods-s-mediumhst,1304,109067,109067,2022-10-05,53.1755279,-27.804703,GS,3.32,-1.0,E,nan,nan,nan,nan
goods-n-mediumjwst_1451,1181,goods-n-mediumjwst,1451,1001451,1001451,2023-05-05,189.18393591887997,62.22641586360003,GN,2.99866,-1.0,E,nan,nan,nan,nan
goods-s-mediumjwst_1496,1286,goods-s-mediumjwst,1496,1496,1496,2023-12-11,53.0708713,-27.9154358,GS,2.15616,2.30659,C,nan,nan,2.30659,nan
goods-n-mediumhst_1560,1181,goods-n-mediumhst,1560,1025436,1025435,2023-02-07,189.10030916904026,62.230852494853,GN,5.191,5.197500083685838,A,5.197500083685838,6.0,5.200843,-19.68606357831321
goods-n-mediumhst_1580,1181,goods-n-mediumhst,1580,1026462,1026462,2023-02-07,189.09490724065162,62.23946247786139,GN,5.35,5.29721147753364,A,5.29721147753364,5.0,5.301883,-19.67879005278923
goods-n-mediumjwst_1580,1181,goods-n-mediumjwst,1580,1001580,1001580,2023-05-05,189.17476851809738,62.22706220620766,GN,2.71565,2.01094,D,nan,nan,2.01094,nan
goods-n-mediumhst_1583,1181,goods-n-mediumhst,1583,1026537,1026537,2023-02-07,189.11160330290662,62.24028044371202,GN,4.22,4.1603326092435395,A,4.1603326092435395,3.0,4.159894,-18.720710449704246
goods-n-mediumhst_1594,1181,goods-n-mediumhst,1594,1006846,1006846,2023-02-07,189.1072035126018,62.245742131081336,GN,3.89,3.965021991641342,A,3.965021991641342,2.0,3.966567,-19.127625253804588
goods-s-mediumhst_1594,1180,goods-s-mediumhst,1594,111175,111175,2022-10-05,53.1791563,-27.8014725,GS,4.41,4.274486923995579,A,4.274486923995579,2.0,4.274026,-15.393144293072204
goods-n-mediumhst_1617,1181,goods-n-mediumhst,1617,1028537,1028537,2023-02-07,189.16577747150117,62.254196909067396,GN,4.63,5.124178028974804,A,5.124178028974804,3.0,5.127506,-18.560095493458554
goods-n-mediumjwst_1625,1181,goods-n-mediumjwst,1625,1001625,1001625,2023-05-05,189.18030266496842,62.22719693731242,GN,3.25412,2.9925739233172526,A,2.9925739233172526,2.0,2.996001,nan
goods-n-mediumhst_1649,1181,goods-n-mediumhst,1649,1235315,-1,2023-02-07,189.15334224136484,62.26427546093741,GN,4.89,0.851286872198554,A,0.851286872198554,1.0,0.852,nan
goods-n-mediumhst_1655,1181,goods-n-mediumhst,1655,1029889,1029889,2023-02-07,189.09272421587352,62.266041562945965,GN,4.628,4.473230597000921,A,4.473230597000921,3.0,4.469938,-18.76820299781552
goods-n-mediumjwst_1673,1181,goods-n-mediumjwst,1673,1001673,1001673,2023-05-05,189.16746705540643,62.227445442622766,GN,2.4576,2.399495630276576,A,2.399495630276576,6.0,2.400808,nan
goods-n-mediumhst_1674,1181,goods-n-mediumhst,1674,1030345,1030346,2023-02-07,189.13114471543295,62.27035136016714,GN,4.11,4.04493269939545,A,4.04493269939545,4.0,4.042305,-19.047719944062617
goods-n-mediumhst_1693,1181,goods-n-mediumhst,1693,1032588,1032588,2023-02-07,189.10520193358005,62.283377012108005,GN,3.84,3.870856380936176,A,3.870856380936176,3.0,nan,nan
goods-n-mediumhst_1702,1181,goods-n-mediumhst,1702,1033334,1033334,2023-02-07,189.11245098498995,62.2874618355639,GN,3.77,4.3841521589055095,A,4.3841521589055095,3.0,4.379484,-17.835762150240328
goods-n-mediumhst_1716,1181,goods-n-mediumhst,1716,1034700,1178586,2023-02-07,189.1156471608649,62.29659329331632,GN,4.891,4.932581470633265,A,4.932581470633265,3.0,4.929402,-19.060500001590064
goods-s-mediumhst_1875,1180,goods-s-mediumhst,1875,113039,113039,2022-10-05,53.1363221,-27.7985043,GS,2.89,-1.0,E,nan,nan,nan,nan
goods-n-mediumhst_1882,1181,goods-n-mediumhst,1882,1026483,1026483,2023-02-07,189.0886215673372,62.23948889155013,GN,5.62,5.441058676417879,A,5.441058676417879,7.0,5.438544,-19.875483149301147
goods-n-mediumhst_1893,1181,goods-n-mediumhst,1893,1008580,1008580,2023-02-07,189.20531369296177,62.25077406520988,GN,6.84,6.993213269238933,A,6.993213269238933,2.0,6.993082,-20.133469757750188
goods-n-mediumhst_1899,1181,goods-n-mediumhst,1899,1010260,1010260,2023-02-07,189.1977397875544,62.256964014476154,GN,7.33,8.277809327513179,A,8.277809327513179,4.0,8.276723,-19.70259086104327
goods-n-mediumhst_1924,1181,goods-n-mediumhst,1924,1014803,1014803,2023-02-07,189.10890164819955,62.27469713546936,GN,4.37,4.474007488858341,A,4.474007488858341,4.0,4.472473,-18.951379883169153
goods-n-mediumhst_1926,1181,goods-n-mediumhst,1926,1031631,1031631,2023-02-07,189.14071888572562,62.27724123594986,GN,5.36,4.041901267892906,A,4.041901267892906,7.0,4.041895,-18.485982609592806
goods-s-mediumhst_1926,1180,goods-s-mediumhst,1926,113359,113359,2022-10-05,53.12479,-27.7980195,GS,2.34,-1.0,E,nan,nan,nan,nan
goods-n-mediumhst_1927,1181,goods-n-mediumhst,1927,1015875,1015875,2023-02-07,189.07083255108296,62.278037873371794,GN,3.72,3.66089821831898,A,3.66089821831898,9.0,3.663155,-20.910112538047418
goods-n-mediumhst_1931,1181,goods-n-mediumhst,1931,1032178,1032178,2023-02-07,189.06964134434463,62.281019169220514,GN,7.16,7.025161354432207,A,7.025161354432207,4.0,7.032441,-19.28215980838523
goods-n-mediumhst_1936,1181,goods-n-mediumhst,1936,1090361,1090361,2023-02-07,189.19570744893042,62.282424008018,GN,7.58,7.085403,B,nan,nan,7.085403,-19.055361407429544
goods-n-mediumhst_1940,1181,goods-n-mediumhst,1940,1184690,-1,2023-02-07,189.1042771995881,62.2845601591487,GN,3.96,3.660606268534707,A,3.660606268534707,15.0,3.659768,-19.50838536508887
goods-n-mediumhst_1948,1181,goods-n-mediumhst,1948,1020072,1020072,2023-02-07,189.17731213168506,62.291057845708245,GN,7.24,6.725431103966891,A,6.725431103966891,4.0,6.727254,-19.934212970594693
goods-n-mediumhst_1949,1181,goods-n-mediumhst,1949,1020157,1020157,2023-02-07,189.17999852966466,62.29140269467759,GN,3.853,3.856524433405274,A,3.856524433405274,7.0,3.851873,-20.15253934278251
goods-s-mediumhst_1951,1180,goods-s-mediumhst,1951,113535,113535,2022-10-05,53.1928413,-27.7977388,GS,3.31,-1.0,E,nan,nan,nan,nan
goods-n-mediumhst_1961,1181,goods-n-mediumhst,1961,1021076,1021076,2023-02-07,189.17192259957824,62.29445144718797,GN,3.54,3.6388975618608406,A,3.6388975618608406,3.0,3.640346,-17.288259907432003
goods-n-mediumhst_1965,1181,goods-n-mediumhst,1965,1021903,1021903,2023-02-07,189.1636516724762,62.297578218122496,GN,4.37,4.191386969078357,A,4.191386969078357,3.0,nan,nan
goods-n-mediumhst_1966,1181,goods-n-mediumhst,1966,1035018,1035018,2023-02-07,189.1899322238969,62.29984565983788,GN,3.96,3.212553387220492,A,3.212553387220492,7.0,3.213984,-19.016463583334897
goods-n-mediumhst_1967,1181,goods-n-mediumhst,1967,1035068,1035068,2023-02-07,189.16503063286177,62.30019331875428,GN,6.54,6.56235526279063,A,6.56235526279063,3.0,6.558868,-18.961609445830852
goods-n-mediumhst_1968,1181,goods-n-mediumhst,1968,1022482,1022482,2023-02-07,189.16737497751535,62.30048518632047,GN,4.43,4.3230846272246515,A,4.3230846272246515,6.0,nan,nan
goods-n-mediumhst_1972,1181,goods-n-mediumhst,1972,1022943,1022943,2023-02-07,189.18839905142454,62.303048994477386,GN,6.84,6.732232292342399,A,6.732232292342399,3.0,6.728436,-20.027864050465936
goods-n-mediumhst_2000,1181,goods-n-mediumhst,2000,1024009,1024009,2023-02-07,189.1759473348275,62.31153443133764,GN,5.4,5.658362567228815,A,5.658362567228815,3.0,5.656652,-20.10285472464123
goods-s-mediumjwst_2084,1286,goods-s-mediumjwst,2084,2084,2084,2023-12-11,53.1084723,-27.9116926,GS,1.43693,1.43693,D,nan,nan,1.43693,nan
goods-n-mediumjwst_2113,1181,goods-n-mediumjwst,2113,1002113,1002113,2023-05-05,189.1703294270593,62.22949871646007,GN,6.75495,6.7129973736606345,A,6.7129973736606345,3.0,6.712473,-18.52150840124274
goods-s-mediumjwst_2150,1286,goods-s-mediumjwst,2150,2150,2150,2023-12-11,53.0657181,-27.9113619,GS,2.59768,2.5772174318107997,A,2.5772174318107997,17.0,2.577999,nan
goods-s-mediumhst_2208,1180,goods-s-mediumhst,2208,145767,145767,2022-10-05,53.1599256,-27.7561197,GS,2.93,-1.0,E,nan,nan,nan,nan
goods-n-mediumhst_2252,1181,goods-n-mediumhst,2252,1003252,1003252,2023-02-07,189.09946812061662,62.23423179687156,GN,2.67,-1.0,E,nan,nan,nan,nan
goods-s-mediumhst_2266,1180,goods-s-mediumhst,2266,121223,121223,2022-10-05,53.1286736,-27.7866947,GS,3.39,-1.0,E,nan,nan,nan,nan
goods-n-mediumhst_2273,1181,goods-n-mediumhst,2273,1005060,1005060,2023-02-07,189.13179052971427,62.240408130001555,GN,2.971,-1.0,E,nan,nan,nan,nan
goods-n-mediumhst_2275,1181,goods-n-mediumhst,2275,1005147,1005147,2023-02-07,189.17968683247895,62.240785016803436,GN,3.04,3.398469277352839,A,3.398469277352839,4.0,3.399281,-17.47136563110343
goods-n-mediumhst_2316,1181,goods-n-mediumhst,2316,1010544,1010544,2023-02-07,189.1625333719741,62.258245417627734,GN,7.69,6.993598191600283,A,6.993598191600283,1.0,6.996386,-18.769873808618406
goods-n-mediumhst_2324,1181,goods-n-mediumhst,2324,1089175,1089175,2023-02-07,189.15503740889403,62.267455582135455,GN,5.29,-1.0,E,nan,nan,nan,nan
goods-n-mediumhst_2331,1181,goods-n-mediumhst,2331,1030322,1030322,2023-02-07,189.05730261456566,62.2700601763944,GN,4.202,3.9651380938595437,A,3.9651380938595437,9.0,3.968389,-18.591839525392565
goods-s-deephst_2332,1210,goods-s-deephst,2332,195580,195580,2022-10-24,53.15723668996625,-27.823774307533128,GS,3.0069,3.0069,D,nan,nan,3.0069,-15.642336198237238
goods-n-mediumhst_2347,1181,goods-n-mediumhst,2347,1031800,1031800,2023-02-07,189.11152093660914,62.277942200939336,GN,6.041,5.635192002389681,A,5.635192002389681,7.0,5.631873,-19.696846442310058
goods-n-mediumhst_2348,1181,goods-n-mediumhst,2348,1015873,1015873,2023-02-07,189.12025289401086,62.2779756311401,GN,4.69,4.69,D,nan,nan,4.69,-16.892860295835963
goods-n-mediumjwst_2360,1181,goods-n-mediumjwst,2360,1002360,1002360,2023-05-05,189.19078222219335,62.23053524669627,GN,4.33311,5.81369,D,nan,nan,5.81369,-17.97192130204181
goods-n-mediumhst_2373,1181,goods-n-mediumhst,2373,1185383,-1,2023-02-07,189.12567235173518,62.29047218901856,GN,4.34,2.05733,D,nan,nan,2.05733,nan
goods-s-deephst_2375,1210,goods-s-deephst,2375,94222,94222,2022-10-24,53.159442497872014,-27.82346825929892,GS,1.8025,1.8025,D,nan,nan,1.8025,nan
goods-n-mediumhst_2389,1181,goods-n-mediumhst,2389,1034762,1034762,2023-02-07,189.19834025688849,62.2970149013126,GN,7.12,7.040499345479277,A,7.040499345479277,2.0,7.0382,-18.99567661036283
goods-n-mediumhst_2414,1181,goods-n-mediumhst,2414,1023458,1023458,2023-02-07,189.17828498153767,62.30635689969961,GN,4.21,-1.0,E,nan,nan,nan,nan
goods-s-mediumhst_2430,1180,goods-s-mediumhst,2430,205654,205654,2022-10-05,53.1281861,-27.7876877,GS,5.48588,5.480577043434485,A,5.480577043434485,3.0,5.482383,-18.686364083976223
goods-s-mediumjwst_2436,1286,goods-s-mediumjwst,2436,2436,2436,2023-12-11,53.1121845,-27.9103712,GS,2.40182,-1.0,E,nan,nan,nan,nan
goods-n-mediumjwst_2472,1181,goods-n-mediumjwst,2472,1002472,1002472,2023-05-05,189.1656047990161,62.231169947977946,GN,3.50984,3.6624092840348634,A,3.6624092840348634,2.0,3.654352,-18.456722032471998
goods-n-mediumjwst_2484,1181,goods-n-mediumjwst,2484,1002484,1002484,2023-05-05,189.16010450918603,62.23109542876306,GN,4.38407,3.9779116736702025,A,3.9779116736702025,1.0,3.978026,nan
goods-s-mediumhst_2489,1180,goods-s-mediumhst,2489,118836,118836,2022-10-05,53.1212065,-27.789312,GS,2.27,-1.0,E,nan,nan,nan,nan
goods-s-deephst_2528,1210,goods-s-deephst,2528,95007,95007,2022-10-24,53.16175248763399,-27.822809825179377,GS,2.7232,2.330168,C,nan,nan,2.330168,nan
goods-n-mediumjwst_2535,1181,goods-n-mediumjwst,2535,1002535,1002535,2023-05-05,189.1866123788938,62.23136446522896,GN,2.29009,-1.0,E,nan,nan,nan,nan
goods-n-mediumjwst_2536,1181,goods-n-mediumjwst,2536,1002536,1002536,2023-05-05,189.15763009559504,62.23133546383789,GN,1.16695,-1.0,E,nan,nan,nan,nan
goods-s-deephst_2651,1210,goods-s-deephst,2651,95566,95566,2022-10-24,53.15456573842941,-27.822211499780874,GS,3.7668,3.566808,C,nan,nan,3.566808,-16.356296422969052
goods-n-mediumjwst_2696,1181,goods-n-mediumjwst,2696,1002696,1002696,2023-05-05,189.1662902664677,62.23208769804803,GN,3.61601,3.1902560806097555,A,3.1902560806097555,2.0,3.18919,-17.037235876499597
goods-n-mediumjwst_2707,1181,goods-n-mediumjwst,2707,1002707,1002707,2023-05-05,189.17625673103126,62.23223600176283,GN,2.89929,2.98645208462381,A,2.98645208462381,12.0,2.98772,nan
goods-s-mediumjwst_2727,1286,goods-s-mediumjwst,2727,2727,2727,2023-12-11,53.0744901,-27.9092459,GS,2.46575,2.296230824255828,A,2.296230824255828,1.0,2.296683,nan
goods-s-deephst_2773,1210,goods-s-deephst,2773,96216,96216,2022-10-24,53.16633781098391,-27.821555207180825,GS,13.191,12.48,C,nan,nan,12.63,-18.271316825433765
goods-n-mediumhst_2775,1181,goods-n-mediumhst,2775,1025432,1025432,2023-02-07,189.12674101292743,62.230787758054944,GN,3.32,-1.0,E,nan,nan,nan,nan
goods-s-deepjwst_2787,1287,goods-s-deepjwst,2787,2787,2787,2024-01-10,53.1146204,-27.9090299,GS,0.70951,0.7356021002765958,A,0.7356021002765958,1.0,0.735691,nan
goods-n-mediumhst_2831,1181,goods-n-mediumhst,2831,1006563,1006563,2023-02-07,189.16735878416765,62.24494812960009,GN,4.43,-1.0,E,nan,nan,nan,nan
goods-n-mediumhst_2837,1181,goods-n-mediumhst,2837,1027322,1027322,2023-02-07,189.18822237873312,62.24603584049075,GN,3.82,3.101424,B,nan,nan,3.101424,-17.236133996485858
goods-n-mediumhst_2845,1181,goods-n-mediumhst,2845,1007473,1007473,2023-02-07,189.1545591984558,62.24753815822748,GN,5.49,5.2734299151061945,A,5.2734299151061945,4.0,5.270887,-19.36066921005476
goods-n-mediumjwst_2845,1181,goods-n-mediumjwst,2845,1002845,1002845,2023-05-05,189.15257217581856,62.23266650460829,GN,4.5778,4.412813862991895,A,4.412813862991895,3.0,4.415003,-18.780743769675755
goods-n-mediumhst_2859,1181,goods-n-mediumhst,2859,1087787,1087787,2023-02-07,189.106517388872,62.252056637421546,GN,3.32,3.470546,B,nan,nan,3.470546,-18.79351214546906
goods-n-mediumhst_2864,1181,goods-n-mediumhst,2864,1028488,1028488,2023-02-07,189.14603820893853,62.25379417403266,GN,3.49,3.363167224740751,A,3.363167224740751,4.0,3.365899,-18.087172114078875
goods-n-mediumhst_2868,1181,goods-n-mediumhst,2868,1009775,1009775,2023-02-07,189.07398671212755,62.25481196972126,GN,3.32,3.402609011490477,A,3.402609011490477,3.0,3.405398,-19.252077006501064
goods-s-deepjwst_2873,1287,goods-s-deepjwst,2873,2873,2873,2024-01-10,53.1075903,-27.9087601,GS,6.25769,0.53665,D,nan,nan,0.53665,nan
goods-n-mediumhst_2878,1181,goods-n-mediumhst,2878,1010397,1010397,2023-02-07,189.08626589684465,62.25757136710565,GN,3.11,3.6758978832028464,A,3.6758978832028464,2.0,3.677411,-18.069264637248377
goods-n-mediumhst_2879,1181,goods-n-mediumhst,2879,1010407,1010407,2023-02-07,189.18809296129544,62.257668698917904,GN,4.22,-1.0,E,nan,nan,nan,nan
goods-n-mediumhst_2887,1181,goods-n-mediumhst,2887,1088547,1088547,2023-02-07,189.11821922713818,62.26037047807183,GN,3.54,3.437660905019742,A,3.437660905019742,3.0,3.444315,-18.288967309018453
goods-n-mediumhst_2890,1181,goods-n-mediumhst,2890,1088620,1088620,2023-02-07,189.1271765436644,62.26148797265662,GN,3.49,3.3335402507287712,A,3.3335402507287712,3.0,3.33531,-19.04146521145992
goods-s-mediumhst_2895,1180,goods-s-mediumhst,2895,115981,115981,2022-10-05,53.1188206,-27.7935835,GS,2.42,-1.0,E,nan,nan,nan,nan
goods-n-mediumhst_2910,1181,goods-n-mediumhst,2910,1012832,1012832,2023-02-07,189.09764722639503,62.26758235301028,GN,5.0,4.695165578407034,A,4.695165578407034,3.0,4.699135,-18.591095837979243
goods-n-mediumhst_2914,1181,goods-n-mediumhst,2914,1030204,1030204,2023-02-07,189.1090549228132,62.269066714027176,GN,4.48,-1.0,E,nan,nan,nan,nan
goods-n-mediumhst_2915,1181,goods-n-mediumhst,2915,1030203,1030203,2023-02-07,189.21028491656156,62.269151081628586,GN,3.49,-1.0,E,nan,nan,nan,nan
goods-n-mediumhst_2916,1181,goods-n-mediumhst,2916,1013318,1013318,2023-02-07,189.10773892180245,62.269524833733016,GN,3.45,3.6651150400911967,A,3.6651150400911967,5.0,3.661756,-19.554800289969684
goods-n-mediumhst_2919,1181,goods-n-mediumhst,2919,1089453,1089453,2023-02-07,189.17903606353505,62.27086425719758,GN,4.43,-1.0,E,nan,nan,nan,nan
goods-s-deephst_2923,1210,goods-s-deephst,2923,96861,96861,2022-10-24,53.154071554535456,-27.820939667960655,GS,3.1225,3.0144917697385054,A,3.0144917697385054,3.0,3.00994,-16.94216559711603
goods-s-mediumjwst_2930,1286,goods-s-mediumjwst,2930,2930,2930,2023-12-11,53.1005717,-27.9085638,GS,2.89225,3.19826,D,nan,nan,3.19826,-17.00717601926233
goods-n-mediumjwst_2931,1181,goods-n-mediumjwst,2931,1002931,1002931,2023-05-05,189.18038417807617,62.2330519734897,GN,0.96455,-1.0,E,nan,nan,nan,nan
goods-n-mediumhst_2934,1181,goods-n-mediumhst,2934,1015149,1015149,2023-02-07,189.09982099974607,62.27578480992663,GN,3.77,3.217923,B,nan,nan,3.217923,-18.633923431066417
goods-n-mediumhst_2939,1181,goods-n-mediumhst,2939,1015995,1015995,2023-02-07,189.07993061766948,62.278293296181495,GN,5.12,-1.0,E,nan,nan,nan,nan
goods-n-mediumhst_2945,1181,goods-n-mediumhst,2945,1016554,1016554,2023-02-07,189.14088596186687,62.28065847467915,GN,3.96,3.33531754875515,A,3.33531754875515,14.0,3.335498,-20.55160619326235
goods-n-mediumhst_2956,1181,goods-n-mediumhst,2956,1090416,1090416,2023-02-07,189.22463281744857,62.28318816542634,GN,5.43,-1.0,E,nan,nan,nan,nan
goods-n-mediumjwst_2963,1181,goods-n-mediumjwst,2963,1002963,1002963,2023-05-05,189.17804242206554,62.2331036972335,GN,0.74117,-1.0,E,nan,nan,nan,nan
goods-n-mediumhst_2966,1181,goods-n-mediumhst,2966,1033152,1033152,2023-02-07,189.20114216165635,62.28605191645965,GN,4.54,4.858709250463855,A,4.858709250463855,3.0,nan,nan
goods-n-mediumhst_2969,1181,goods-n-mediumhst,2969,1090612,1090612,2023-02-07,189.2330628111964,62.286676866877954,GN,3.32,3.20293,C,nan,nan,3.20293,-17.787139583433294
goods-n-mediumhst_2999,1181,goods-n-mediumhst,2999,1035055,1035055,2023-02-07,189.13553642458834,62.30016125036875,GN,3.11,2.9559045335467844,A,2.9559045335467844,7.0,2.955245,nan
goods-n-mediumhst_3008,1181,goods-n-mediumhst,3008,1022966,1022966,2023-02-07,189.12051572706812,62.30316745459501,GN,4.32,4.533297114405606,A,4.533297114405606,10.0,4.531638,-19.524491920282635
goods-n-mediumhst_3012,1181,goods-n-mediumhst,3012,1216630,1116592,2023-02-07,189.1201100533141,62.30436156843271,GN,5.36,5.272090370661481,A,5.272090370661481,3.0,5.268569,-19.541998960511766
goods-s-mediumjwst_3049,1286,goods-s-mediumjwst,3049,3049,3049,2023-12-11,53.0706102,-27.9081911,GS,3.29693,3.469331710383819,A,3.469331710383819,4.0,3.463106,-18.614366058156374
goods-s-mediumhst_3080,1180,goods-s-mediumhst,3080,115136,115136,2022-10-05,53.1670324,-27.7950218,GS,5.14951,-1.0,E,nan,nan,nan,nan
goods-s-mediumjwst_3110,1286,goods-s-mediumjwst,3110,3110,3110,2023-12-11,53.1086135,-27.9080482,GS,-1.0,3.871,C,nan,nan,3.871,-17.558011097300508
goods-s-mediumhst_3116,1180,goods-s-mediumhst,3116,-3,114995,2022-10-05,53.1719858,-27.7952234,GS,5.0,-1.0,E,nan,nan,nan,nan
goods-n-mediumjwst_3120,1181,goods-n-mediumjwst,3120,1003120,1003120,2023-05-05,189.19176904837832,62.233756822868514,GN,3.05316,2.9573468845752,A,2.9573468845752,2.0,2.96937,nan
goods-s-mediumhst_3135,1180,goods-s-mediumhst,3135,144578,144578,2022-10-05,53.1616633,-27.7577022,GS,3.50192,3.4967037762317434,A,3.4967037762317434,3.0,3.502315,-18.864234200645342
goods-s-deephst_3137,1210,goods-s-deephst,3137,97705,97705,2022-10-24,53.14506885300403,-27.820000965308992,GS,2.9015,1.9038839059090673,A,1.9038839059090673,1.0,1.906662,nan
goods-n-mediumjwst_3154,1181,goods-n-mediumjwst,3154,1003154,1003154,2023-05-05,189.16641454710955,62.233839270025015,GN,4.89858,4.522993,C,nan,nan,4.522993,-17.0382308279777
goods-s-deephst_3184,1210,goods-s-deephst,3184,196893,196893,2022-10-24,53.1500995952512,-27.819706046244335,GS,3.4536,3.4664554027540095,A,3.4664554027540095,6.0,3.463746,-18.942770534397468
goods-s-mediumjwst_3191,1286,goods-s-mediumjwst,3191,3191,3191,2023-12-11,53.0607066,-27.9077017,GS,-1.0,2.566751169889374,A,2.566751169889374,3.0,2.559923,nan
goods-s-mediumjwst_3193,1286,goods-s-mediumjwst,3193,3193,3193,2023-12-11,53.1000284,-27.9077086,GS,-1.0,0.2481,D,nan,nan,0.253008,nan
goods-s-deepjwst_3204,1287,goods-s-deepjwst,3204,3204,3204,2024-01-10,53.1045855,-27.9076263,GS,2.71372,2.6729885153326407,A,2.6729885153326407,8.0,2.666603,nan
goods-s-mediumjwst_3204,1286,goods-s-mediumjwst,3204,3204,3204,2023-12-11,53.1045855,-27.9076263,GS,2.71372,2.673230060228724,A,2.673230060228724,4.0,2.670135,nan
goods-s-mediumhst_3235,1180,goods-s-mediumhst,3235,144122,144122,2022-10-05,53.1600688,-27.7583534,GS,1.11,-1.0,E,nan,nan,nan,nan
goods-s-mediumhst_3236,1180,goods-s-mediumhst,3236,426911,-1,2022-10-05,53.1651501,-27.7584369,GS,3.147,-1.0,E,nan,nan,nan,nan
goods-s-deepjwst_3238,1287,goods-s-deepjwst,3238,3238,3238,2024-01-10,53.1170151,-27.9075946,GS,1.86763,1.801,D,nan,nan,1.801,nan
goods-s-mediumhst_3259,1180,goods-s-mediumhst,3259,122904,122904,2022-10-05,53.1334334,-27.7849891,GS,2.03,1.682,D,nan,nan,1.682,nan
goods-s-mediumhst_3298,1180,goods-s-mediumhst,3298,214518,214518,2022-10-05,53.1693443,-27.7589686,GS,3.42,-1.0,E,nan,nan,nan,nan
goods-s-mediumjwst_3309,1286,goods-s-mediumjwst,3309,3309,3309,2023-12-11,53.0627261,-27.9073495,GS,-1.0,0.0,E,nan,nan,nan,nan
goods-s-mediumhst_3315,1180,goods-s-mediumhst,3315,143317,143317,2022-10-05,53.157062,-27.7596372,GS,1.6,-1.0,E,nan,nan,nan,nan
goods-s-deephst_3321,1210,goods-s-deephst,3321,98442,98442,2022-10-24,53.12926623679464,-27.819226457826947,GS,1.8353,1.844514,C,nan,nan,1.844514,nan
goods-s-deephst_3322,1210,goods-s-deephst,3322,98452,98452,2022-10-24,53.125743236058064,-27.81920682708066,GS,3.2094,3.402733,B,nan,nan,3.402733,-16.604208913006023
goods-s-mediumjwst_3324,1286,goods-s-mediumjwst,3324,3324,3324,2023-12-11,53.0694,-27.9072299,GS,4.49952,4.430406,B,nan,nan,4.430406,-18.681996565579936
goods-s-deephst_3334,1210,goods-s-deephst,3334,197088,197088,2022-10-24,53.151381215462614,-27.8191654428217,GS,7.6873,6.705384943923381,A,6.705384943923381,3.0,6.705375,-18.1013764489101
goods-s-mediumhst_3344,1180,goods-s-mediumhst,3344,143346,143346,2022-10-05,53.1701193,-27.7596208,GS,3.25,-1.0,E,nan,nan,nan,nan
goods-s-deepjwst_3350,1287,goods-s-deepjwst,3350,3350,3350,2024-01-10,53.1148631,-27.9072167,GS,1.58604,1.88819,D,nan,nan,1.88819,nan
goods-n-mediumhst_3379,1181,goods-n-mediumhst,3379,1001373,1001373,2023-02-07,189.09601919070852,62.22594641743039,GN,3.031,3.0792089811186765,A,3.0792089811186765,2.0,3.073683,-16.406993537052088
goods-s-mediumhst_3380,1180,goods-s-mediumhst,3380,124076,124076,2022-10-05,53.1571188,-27.7834872,GS,2.29,-1.0,E,nan,nan,nan,nan
goods-s-mediumhst_3382,1180,goods-s-mediumhst,3382,142968,142968,2022-10-05,53.1636598,-27.7601949,GS,4.589,-1.0,E,nan,nan,nan,nan
goods-s-mediumhst_3418,1180,goods-s-mediumhst,3418,142736,142736,2022-10-05,53.165921,-27.7604576,GS,1.76,-1.0,E,nan,nan,nan,nan
goods-s-deepjwst_3433,1287,goods-s-deepjwst,3433,3433,3433,2024-01-10,53.117763,-27.9070078,GS,7.39104,7.104934090257427,A,7.104934090257427,3.0,7.102532,-18.146384650265627
goods-n-mediumhst_3435,1181,goods-n-mediumhst,3435,1004068,1004068,2023-02-07,189.1857804109026,62.23728536135841,GN,3.355,3.26102,C,nan,nan,3.26102,-18.114507706277244
goods-s-mediumhst_3439,1180,goods-s-mediumhst,3439,214038,214038,2022-10-05,53.159372,-27.7608423,GS,3.11,-1.0,E,nan,nan,nan,nan
goods-n-mediumhst_3448,1181,goods-n-mediumhst,3448,1004716,1113208,2023-02-07,189.10416118986836,62.239287858825065,GN,1.412,-1.0,E,nan,nan,nan,nan
goods-n-mediumhst_3451,1181,goods-n-mediumhst,3451,1026434,1026434,2023-02-07,189.19065059209024,62.239403196576234,GN,3.17681,3.176096414124672,A,3.176096414124672,13.0,3.182104,-19.718909422976232
goods-n-mediumhst_3462,1181,goods-n-mediumhst,3462,1005342,1005342,2023-02-07,189.19125924064986,62.24128929444722,GN,0.734,0.82962,D,nan,nan,0.82962,nan
goods-s-deephst_3473,1210,goods-s-deephst,3473,99026,99026,2022-10-24,53.15540436421091,-27.818466890894086,GS,2.8237,2.703021,B,nan,nan,2.703021,nan
goods-n-mediumhst_3480,1181,goods-n-mediumhst,3480,1006928,1006928,2023-02-07,189.09662442770994,62.24594283887001,GN,0.687,-1.0,E,nan,nan,nan,nan
goods-n-mediumhst_3487,1181,goods-n-mediumhst,3487,1007434,1007434,2023-02-07,189.11258459711544,62.24736489704799,GN,5.18,-1.0,E,nan,nan,nan,nan
goods-n-mediumhst_3488,1181,goods-n-mediumhst,3488,1027589,1027589,2023-02-07,189.1583596414822,62.24763991644944,GN,0.35,1.821448901811612,A,1.821448901811612,1.0,1.82132,nan
goods-n-mediumhst_3509,1181,goods-n-mediumhst,3509,1028203,1028203,2023-02-07,189.06668590809795,62.25153620846546,GN,3.83,4.143931484397749,A,4.143931484397749,3.0,4.150101,-18.37856153110682
goods-s-mediumhst_3510,1180,goods-s-mediumhst,3510,141951,141951,2022-10-05,53.1558326,-27.7614851,GS,1.62,-1.0,E,nan,nan,nan,nan
goods-s-deephst_3520,1210,goods-s-deephst,3520,99224,99224,2022-10-24,53.12677489698658,-27.818277175251694,GS,2.4187,2.454944,B,nan,nan,2.454944,nan
goods-n-mediumhst_3527,1181,goods-n-mediumhst,3527,1009863,1009863,2023-02-07,189.15055717264227,62.2553279898082,GN,3.502,3.4190438090929565,A,3.4190438090929565,4.0,nan,nan
goods-n-mediumjwst_3528,1181,goods-n-mediumjwst,3528,1003528,1003528,2023-05-05,189.16119615848694,62.23528773061784,GN,0.66126,-1.0,E,nan,nan,nan,nan
goods-n-mediumhst_3537,1181,goods-n-mediumhst,3537,1102525,1102525,2023-02-07,189.1126877173831,62.25742662546976,GN,0.642,-1.0,E,nan,nan,nan,nan
goods-n-mediumhst_3540,1181,goods-n-mediumhst,3540,1010468,1010468,2023-02-07,189.15912890401782,62.25792461745259,GN,2.486,-1.0,E,nan,nan,nan,nan
goods-n-mediumhst_3552,1181,goods-n-mediumhst,3552,1011484,1011484,2023-02-07,189.08644938318668,62.2623157017464,GN,3.76,-1.0,E,nan,nan,nan,nan
goods-n-mediumjwst_3552,1181,goods-n-mediumjwst,3552,1003552,1003552,2023-05-05,189.12428747669748,62.23533531607666,GN,3.57394,3.68394,D,nan,nan,3.68394,nan
goods-s-mediumhst_3560,1180,goods-s-mediumhst,3560,125586,125586,2022-10-05,53.1329766,-27.7813765,GS,3.17,-1.0,E,nan,nan,nan,nan
goods-n-mediumhst_3561,1181,goods-n-mediumhst,3561,1029854,1029854,2023-02-07,189.10860381416438,62.26564049324265,GN,0.347,-1.0,E,nan,nan,nan,nan
goods-n-mediumhst_3562,1181,goods-n-mediumhst,3562,1012431,1012431,2023-02-07,189.0866645054194,62.26586994735729,GN,3.226,3.219636614412882,A,3.219636614412882,4.0,3.226256,-18.543589578471014
goods-n-mediumhst_3571,1181,goods-n-mediumhst,3571,1012741,1012741,2023-02-07,189.11415089129292,62.267178242106844,GN,4.607,-1.0,E,nan,nan,nan,nan
goods-n-mediumjwst_3577,1181,goods-n-mediumjwst,3577,1003577,1003577,2023-05-05,189.1502349622891,62.23546913329209,GN,2.58414,2.6329106936067808,A,2.6329106936067808,12.0,2.631382,nan
goods-n-mediumhst_3585,1181,goods-n-mediumhst,3585,1013259,1013259,2023-02-07,189.09365432658737,62.26930674059359,GN,3.3,3.6614238421525243,A,3.6614238421525243,3.0,nan,nan
goods-n-mediumhst_3602,1181,goods-n-mediumhst,3602,1013992,1013992,2023-02-07,189.05094952489551,62.272000734127225,GN,3.3,3.398537963821963,A,3.398537963821963,5.0,3.39886,-18.0684112739714
goods-n-mediumhst_3608,1181,goods-n-mediumhst,3608,1094760,1094760,2023-02-07,189.18476243592497,62.27329405906597,GN,4.295,4.075071138710378,A,4.075071138710378,6.0,4.077533,-18.148987750064627
goods-n-mediumjwst_3608,1181,goods-n-mediumjwst,3608,1003608,1003608,2023-05-05,189.117937757952,62.23551849901763,GN,5.266,5.267007354287616,A,5.267007354287616,6.0,5.267696,-19.289381814283725
goods-n-mediumhst_3609,1181,goods-n-mediumhst,3609,1014377,1014377,2023-02-07,189.14193881156794,62.27334387120766,GN,1.562,-1.0,E,nan,nan,nan,nan
goods-n-mediumhst_3610,1181,goods-n-mediumhst,3610,1030762,1030762,2023-02-07,189.1355641683598,62.273498300397584,GN,0.468,4.043293800262937,A,4.043293800262937,2.0,4.047603,-17.012112389924653
goods-n-mediumhst_3613,1181,goods-n-mediumhst,3613,1014606,1014606,2023-02-07,189.0535054212758,62.27400171300837,GN,1.57,1.3684908254773973,A,1.3684908254773973,2.0,1.358936,nan
goods-n-mediumhst_3638,1181,goods-n-mediumhst,3638,1016290,1016290,2023-02-07,189.09375248599122,62.27948347775502,GN,2.396,2.093,D,nan,nan,2.093,nan
goods-n-mediumjwst_3643,1181,goods-n-mediumjwst,3643,1003643,1003643,2023-05-05,189.12250907530623,62.23559207676007,GN,3.57939,-1.0,E,nan,nan,nan,nan
goods-n-mediumhst_3652,1181,goods-n-mediumhst,3652,1017201,1017201,2023-02-07,189.17945873820335,62.282583085693396,GN,4.785,-1.0,E,nan,nan,nan,nan
goods-n-mediumhst_3653,1181,goods-n-mediumhst,3653,1017245,1017245,2023-02-07,189.09286238374756,62.28269577078184,GN,3.76,4.08333492144258,A,4.08333492144258,3.0,nan,nan
goods-n-mediumhst_3678,1181,goods-n-mediumhst,3678,1019337,1019337,2023-02-07,189.1876595458532,62.2887770002343,GN,2.604,2.525,D,nan,nan,2.525,nan
goods-n-mediumhst_3683,1181,goods-n-mediumhst,3683,1020329,1020329,2023-02-07,189.09360831232124,62.291891393819604,GN,3.464,3.663433622877193,A,3.663433622877193,6.0,3.659015,-19.609214183074986
goods-n-mediumjwst_3687,1181,goods-n-mediumjwst,3687,1003687,1003687,2023-05-05,189.10667326023503,62.23580737674055,GN,2.74393,1.57814,D,nan,nan,1.549063,nan
goods-n-mediumhst_3690,1181,goods-n-mediumhst,3690,1116529,1034729,2023-02-07,189.10353888868437,62.296728096603644,GN,2.574,2.853779211864949,A,2.853779211864949,2.0,2.84118,nan
goods-s-deephst_3753,1210,goods-s-deephst,3753,197522,197522,2022-10-24,53.112379180192406,-27.817177544839645,GS,1.7627,1.7668283864486618,A,1.7668283864486618,18.0,1.770583,nan
goods-n-mediumjwst_3778,1181,goods-n-mediumjwst,3778,1003778,1003778,2023-05-05,189.12432797554087,62.23613066730664,GN,3.70713,-1.0,E,nan,nan,nan,nan
goods-s-deephst_3803,1210,goods-s-deephst,3803,100140,100140,2022-10-24,53.14749313983124,-27.817116065857622,GS,1.851,1.14132,D,nan,nan,1.14132,nan
goods-s-mediumjwst_3869,1286,goods-s-mediumjwst,3869,3869,3869,2023-12-11,53.1033095,-27.9057751,GS,6.63443,6.56686572630571,A,6.56686572630571,3.0,6.564715,-20.052569637749
goods-s-deephst_3892,1210,goods-s-deephst,3892,197652,197652,2022-10-24,53.16255652498212,-27.816609593394254,GS,2.9602,2.8059447835136657,A,2.8059447835136657,17.0,2.798928,nan
goods-s-deephst_3944,1210,goods-s-deephst,3944,100625,100625,2022-10-24,53.12429860209893,-27.816539024184,GS,2.4913,2.92724,C,nan,nan,2.92724,nan
goods-n-mediumhst_3947,1181,goods-n-mediumhst,3947,1024961,1024961,2023-02-07,189.11866356726782,62.225696915473215,GN,3.96,3.96,D,nan,nan,3.96,-18.4561013144286
goods-n-mediumhst_3952,1181,goods-n-mediumhst,3952,1001712,1001712,2023-02-07,189.08387336212917,62.22752832863008,GN,3.96,-1.0,E,nan,nan,nan,nan
goods-s-deephst_3968,1210,goods-s-deephst,3968,100678,100678,2022-10-24,53.14504675076513,-27.81643097887918,GS,5.8398,5.767713119533845,A,5.767713119533845,2.0,5.764238,-18.449439197403994
goods-n-mediumhst_3973,1181,goods-n-mediumhst,3973,1003203,1003203,2023-02-07,189.12298663377578,62.23411724739543,GN,3.32,3.4034749012675443,A,3.4034749012675443,4.0,3.400337,-19.181098687617727
goods-n-mediumhst_3982,1181,goods-n-mediumhst,3982,1026356,1026356,2023-02-07,189.1094126088818,62.23880147919797,GN,7.41,7.127980245843814,A,7.127980245843814,1.0,7.129631,-19.597752901691265
goods-n-mediumjwst_3984,1181,goods-n-mediumjwst,3984,1003984,1003984,2023-05-05,189.12313452679922,62.23689787309738,GN,3.27526,1.36884,D,nan,nan,1.36884,nan
goods-n-mediumhst_3990,1181,goods-n-mediumhst,3990,1087030,1087030,2023-02-07,189.01699544170143,62.2415817336392,GN,9.5,-1.0,E,nan,nan,nan,nan
goods-n-mediumhst_3991,1181,goods-n-mediumhst,3991,1005591,1005591,2023-02-07,189.10605424752143,62.24204893653358,GN,11.09,10.603,A,10.60356403752007,5.0,10.605011,-21.695012480472165
goods-n-mediumhst_3998,1181,goods-n-mediumhst,3998,1027205,1027205,2023-02-07,189.1581278540539,62.24517275138643,GN,3.54,3.4771921996186492,A,3.4771921996186492,2.0,3.477287,-18.393567778025073
goods-n-mediumhst_4007,1181,goods-n-mediumhst,4007,1008419,1008419,2023-02-07,189.1042185699307,62.250212653310214,GN,4.27,-1.0,E,nan,nan,nan,nan
goods-s-deephst_4009,1210,goods-s-deephst,4009,197791,197791,2022-10-24,53.157052671265525,-27.816289655123285,GS,4.9197,4.853314,B,nan,nan,4.853314,-18.888662558178126
goods-n-mediumhst_4015,1181,goods-n-mediumhst,4015,0,-1,2023-02-07,189.12121047666685,62.25689402802116,GN,2.95,-1.0,E,nan,nan,nan,nan
goods-s-mediumhst_4028,1180,goods-s-mediumhst,4028,211583,211583,2022-10-05,53.1461433,-27.7696165,GS,3.262,3.3242729559042896,A,3.3242729559042896,1.0,3.326838,-17.91593588575265
goods-n-mediumhst_4031,1181,goods-n-mediumhst,4031,1011562,1011562,2023-02-07,189.17360796345432,62.26274602010889,GN,5.49,2.212,D,nan,nan,2.212,nan
goods-n-mediumhst_4032,1181,goods-n-mediumhst,4032,1102835,1102835,2023-02-07,189.15601716359814,62.26308719871274,GN,4.27,-1.0,E,nan,nan,nan,nan
goods-n-mediumhst_4039,1181,goods-n-mediumhst,4039,1012388,1012388,2023-02-07,189.11527954411002,62.2656600572145,GN,5.43,1.5,D,nan,nan,1.5,nan
goods-n-mediumhst_4056,1181,goods-n-mediumhst,4056,1031218,1031218,2023-02-07,189.11087803707358,62.275261047164186,GN,4.11,-1.0,E,nan,nan,nan,nan
goods-n-mediumhst_4057,1181,goods-n-mediumhst,4057,1015030,1015030,2023-02-07,189.1527186251284,62.2754283167136,GN,4.65,-1.0,E,nan,nan,nan,nan
goods-n-mediumhst_4065,1181,goods-n-mediumhst,4065,1031837,1031837,2023-02-07,189.12890596591828,62.27840709551566,GN,3.72,4.0444438359511965,A,4.0444438359511965,3.0,4.042823,-18.303918301218555
goods-n-mediumhst_4067,1181,goods-n-mediumhst,4067,1016351,1016351,2023-02-07,189.1732701720233,62.27969128035664,GN,2.87,2.87,C,nan,nan,2.87,nan
goods-n-mediumhst_4077,1181,goods-n-mediumhst,4077,1017678,1017678,2023-02-07,189.19085844254514,62.284098448522535,GN,7.0,-1.0,E,nan,nan,nan,nan
goods-s-deephst_4080,1210,goods-s-deephst,4080,101041,101041,2022-10-24,53.12894969789068,-27.816009132743517,GS,2.2552,2.11533,C,nan,nan,2.11533,nan
goods-s-mediumhst_4081,1180,goods-s-mediumhst,4081,134080,134080,2022-10-05,53.1540398,-27.7704472,GS,7.96,-1.0,E,nan,nan,nan,nan
goods-n-mediumjwst_4101,1181,goods-n-mediumjwst,4101,1004101,1004101,2023-05-05,189.17248595168434,62.2373871718134,GN,1.41014,1.71014,D,nan,nan,1.71014,nan
goods-n-mediumhst_4108,1181,goods-n-mediumhst,4108,1022793,1022793,2023-02-07,189.18777869413861,62.30211396686262,GN,6.77,6.728842890965217,A,6.728842890965217,2.0,nan,nan
goods-n-mediumhst_4118,1181,goods-n-mediumhst,4118,1023182,1023182,2023-02-07,189.1628717589751,62.304578780765965,GN,4.16,-1.0,E,nan,nan,nan,nan
goods-n-mediumhst_4122,1181,goods-n-mediumhst,4122,1091414,1091414,2023-02-07,189.19994707696674,62.30554441906302,GN,3.49,3.4037622775244087,A,3.4037622775244087,3.0,3.399986,-18.61928659413335
goods-n-mediumhst_4128,1181,goods-n-mediumhst,4128,1230086,-1,2023-02-07,189.1951412508884,62.30778289797061,GN,5.43,-1.0,E,nan,nan,nan,nan
goods-n-mediumjwst_4131,1181,goods-n-mediumjwst,4131,1004131,1004131,2023-05-05,189.16442170172414,62.23746940286568,GN,4.73451,-1.0,E,nan,nan,nan,nan
goods-s-deephst_4168,1210,goods-s-deephst,4168,101309,101309,2022-10-24,53.14839165876937,-27.81566842618526,GS,1.5029,1.433887,B,nan,nan,1.433887,nan
goods-s-deepjwst_4173,1287,goods-s-deepjwst,4173,4173,4173,2024-01-10,53.116619,-27.9051163,GS,3.32622,3.248446361327917,A,3.248446361327917,2.0,3.246908,-16.843055386658804
goods-s-deephst_4175,1210,goods-s-deephst,4175,198014,198014,2022-10-24,53.121341601359156,-27.815640080663886,GS,2.4324,2.94303,D,nan,nan,2.94303,nan
goods-s-deephst_4197,1210,goods-s-deephst,4197,198054,198054,2022-10-24,53.14771864067057,-27.815533791398135,GS,3.6341,3.735338,C,nan,nan,3.735338,-16.822583176809886
goods-n-mediumjwst_4216,1181,goods-n-mediumjwst,4216,1004216,1004216,2023-05-05,189.1963698638407,62.237773939994554,GN,0.81701,0.8176933578781802,A,0.8176933578781802,4.0,0.81926,nan
goods-n-mediumjwst_4242,1181,goods-n-mediumjwst,4242,1004242,1004242,2023-05-05,189.2174763624109,62.23777811514272,GN,6.35859,-1.0,E,nan,nan,nan,nan
goods-s-deephst_4270,1210,goods-s-deephst,4270,198153,198153,2022-10-24,53.1687078916441,-27.815158030326053,GS,4.3381,4.022899734788455,A,4.022899734788455,13.0,4.018591,-18.85611359442597
goods-s-mediumhst_4277,1180,goods-s-mediumhst,4277,130112,130112,2022-10-05,53.1765013,-27.7747248,GS,2.651,-1.0,E,nan,nan,nan,nan
goods-s-deephst_4282,1210,goods-s-deephst,4282,198157,198157,2022-10-24,53.12050598878855,-27.815232929517762,GS,3.7935,3.601342,C,nan,nan,3.601342,-15.925932623752288
goods-s-deephst_4297,1210,goods-s-deephst,4297,101683,101683,2022-10-24,53.155788434044055,-27.81520178423245,GS,6.6203,6.711194001134383,A,6.711194001134383,4.0,6.711684,-18.509858124472355
goods-n-mediumjwst_4379,1181,goods-n-mediumjwst,4379,1004379,1004379,2023-05-05,189.21938693401344,62.238240835485506,GN,6.01053,5.984214342470647,A,5.984214342470647,1.0,5.99125,-19.461425995474436
goods-s-deephst_4394,1210,goods-s-deephst,4394,101950,101950,2022-10-24,53.108250850182614,-27.814824928777803,GS,2.7479,2.643964,C,nan,nan,2.643964,nan
goods-s-deephst_4404,1210,goods-s-deephst,4404,101990,101990,2022-10-24,53.11537230054308,-27.814770686745778,GS,5.9155,5.760979710624005,A,5.760979710624005,6.0,5.76411,-19.26613432943129
goods-s-deephst_4413,1210,goods-s-deephst,4413,102014,102014,2022-10-24,53.163603489892786,-27.814668854085163,GS,3.0865,2.982261,C,nan,nan,2.982261,nan
goods-s-mediumjwst_4491,1286,goods-s-mediumjwst,4491,4491,4491,2023-12-11,53.1003054,-27.9042781,GS,3.65864,3.6525941518220435,A,3.6525941518220435,10.0,3.6506,-20.067314563810392
goods-s-deephst_4493,1210,goods-s-deephst,4493,198459,198459,2022-10-24,53.11914031075544,-27.81402014376061,GS,3.5673,3.589243,B,nan,nan,3.589243,-16.02743832754829
goods-n-mediumjwst_4504,1181,goods-n-mediumjwst,4504,1004504,1004504,2023-05-05,189.21123983894495,62.23872899999026,GN,1.73178,1.5309635257593488,A,1.5309635257593488,7.0,1.534011,nan
goods-n-mediumjwst_4507,1181,goods-n-mediumjwst,4507,1004507,1004507,2023-05-05,189.1185849751317,62.2385958540212,GN,7.20857,7.67914,D,nan,nan,7.67914,-17.978689244997234
goods-s-mediumhst_4507,1180,goods-s-mediumhst,4507,124863,124863,2022-10-05,53.1514689,-27.7824419,GS,0.91,-1.0,E,nan,nan,nan,nan
goods-s-mediumhst_4517,1180,goods-s-mediumhst,4517,124540,124540,2022-10-05,53.1375723,-27.782835,GS,1.96,-1.0,E,nan,nan,nan,nan
goods-n-mediumjwst_4530,1181,goods-n-mediumjwst,4530,1004530,1004530,2023-05-05,189.10913545783515,62.2386582430904,GN,7.34516,7.135627,C,nan,nan,7.135627,-18.241442377507973
goods-s-mediumhst_4531,1180,goods-s-mediumhst,4531,124324,124324,2022-10-05,53.1356252,-27.7831551,GS,3.33,-1.0,E,nan,nan,nan,nan
goods-n-mediumjwst_4545,1181,goods-n-mediumjwst,4545,1004545,1004545,2023-05-05,189.18525267366311,62.238760924231094,GN,4.19553,4.0437049717037645,A,4.0437049717037645,3.0,4.046907,-18.45922417416712
goods-n-mediumjwst_4550,1181,goods-n-mediumjwst,4550,1004550,1004550,2023-05-05,189.19247822225836,62.23882485043618,GN,2.67267,3.2446359425766227,A,3.2446359425766227,11.0,3.240158,-19.13507207356131
goods-n-mediumjwst_4558,1181,goods-n-mediumjwst,4558,1004558,1004558,2023-05-05,189.21645925837024,62.238804656231686,GN,0.45135,-1.0,E,nan,nan,nan,nan
goods-s-deephst_4668,1210,goods-s-deephst,4668,102747,102747,2022-10-24,53.10814064213877,-27.8138214547886,GS,2.606,2.627902,C,nan,nan,2.627902,nan
goods-n-mediumjwst_4685,1181,goods-n-mediumjwst,4685,1004685,1004685,2023-05-05,189.09629310395917,62.23914377191549,GN,9.95598,7.413568471331315,A,7.413568471331315,1.0,7.411768,-17.844796492770044
goods-n-mediumjwst_4687,1181,goods-n-mediumjwst,4687,1004687,1004687,2023-05-05,189.17564929351153,62.239211897371824,GN,3.12622,2.9921072465880174,A,2.9921072465880174,1.0,2.984992,nan
goods-s-mediumhst_4832,1180,goods-s-mediumhst,4832,404980,-1,2022-10-05,53.1626487,-27.8003022,GS,3.244,-1.0,E,nan,nan,nan,nan
goods-n-mediumjwst_4867,1181,goods-n-mediumjwst,4867,1004867,1004867,2023-05-05,189.0816842657762,62.239751530593736,GN,2.22353,2.3019632172692885,A,2.3019632172692885,3.0,2.291153,nan
goods-s-deephst_4902,1210,goods-s-deephst,4902,103366,103366,2022-10-24,53.11852484061927,-27.81296696370446,GS,5.2955,5.121175,B,nan,nan,5.121175,-19.182869807230045
goods-s-mediumhst_4929,1180,goods-s-mediumhst,4929,4929,-1,2022-10-05,53.1302932,-27.7907843,GS,3.75,3.7550848171285978,A,3.7550848171285978,2.0,3.75462,nan
goods-s-deephst_4950,1210,goods-s-deephst,4950,103504,103504,2022-10-24,53.15016269073741,-27.812764542152188,GS,2.3104,1.7811167842496218,A,1.7811167842496218,2.0,1.772948,nan
goods-n-mediumjwst_4961,1181,goods-n-mediumjwst,4961,1004961,1004961,2023-05-05,189.1975244435611,62.2401018952594,GN,1.65483,2.5833498356163593,A,2.5833498356163593,2.0,2.600591,nan
goods-n-mediumjwst_4977,1181,goods-n-mediumjwst,4977,1004977,1004977,2023-05-05,189.19426286554625,62.24016786736885,GN,9.13093,2.582633095266581,A,2.582633095266581,1.0,2.58243,nan
goods-s-mediumjwst_4979,1286,goods-s-mediumjwst,4979,4979,4979,2023-12-11,53.0721475,-27.9033367,GS,1.10095,-1.0,E,nan,nan,nan,nan
goods-n-mediumjwst_4982,1181,goods-n-mediumjwst,4982,1004982,1004982,2023-05-05,189.1008488724661,62.240182939509495,GN,5.40345,5.298382,B,nan,nan,5.298382,-19.1048002756315
goods-s-deephst_5040,1210,goods-s-deephst,5040,198974,198974,2022-10-24,53.16797551602695,-27.812361362045692,GS,3.178,2.98529,C,nan,nan,2.98529,nan
goods-n-mediumjwst_5047,1181,goods-n-mediumjwst,5047,1005047,1005047,2023-05-05,189.1694097232813,62.24038593758642,GN,4.61737,4.412654607045626,A,4.412654607045626,2.0,4.406302,-17.36107755392839
goods-s-mediumhst_5052,1180,goods-s-mediumhst,5052,209466,209466,2022-10-05,53.1588231,-27.7751884,GS,3.43616,3.432904358293343,A,3.432904358293343,1.0,3.432166,nan
goods-s-deephst_5076,1210,goods-s-deephst,5076,199002,199002,2022-10-24,53.11265998611732,-27.812202708215576,GS,4.5999,4.490105,B,nan,nan,4.490105,-18.05479306182554
goods-n-mediumjwst_5088,1181,goods-n-mediumjwst,5088,1005088,1005088,2023-05-05,189.1725279765722,62.24053791759467,GN,6.96285,6.992154,B,nan,nan,6.992154,-17.033346627952135
goods-n-mediumjwst_5090,1181,goods-n-mediumjwst,5090,1005090,1005090,2023-05-05,189.16401928598594,62.24052656197377,GN,2.39728,-1.0,E,nan,nan,nan,nan
goods-s-deepjwst_5093,1287,goods-s-deepjwst,5093,5093,5093,2024-01-10,53.1089604,-27.9030863,GS,3.42852,3.4914940637504035,A,3.4914940637504035,4.0,3.486304,-17.8238539349177
goods-n-mediumjwst_5111,1181,goods-n-mediumjwst,5111,1005111,1005111,2023-05-05,189.16541576825315,62.24070268793869,GN,1.23241,1.27125,D,nan,nan,1.27125,nan
goods-s-mediumjwst_5167,1286,goods-s-mediumjwst,5167,5167,5167,2023-12-11,53.0460826,-27.9029556,GS,-1.0,-1.0,E,nan,nan,nan,nan
goods-n-mediumjwst_5171,1181,goods-n-mediumjwst,5171,1005171,1005171,2023-05-05,189.16631565542107,62.24082948845522,GN,3.86437,-1.0,E,nan,nan,nan,nan
goods-n-mediumjwst_5173,1181,goods-n-mediumjwst,5173,1005173,1005173,2023-05-05,189.23236009203694,62.24078753454091,GN,2.5035,2.4848960464252903,A,2.4848960464252903,1.0,2.505811,nan
goods-s-mediumhst_5173,1180,goods-s-mediumhst,5173,137667,137667,2022-10-05,53.156837,-27.767155,GS,7.9,7.978613003402279,A,7.978613003402279,1.0,7.977268,-18.756664527334713
goods-n-mediumjwst_5190,1181,goods-n-mediumjwst,5190,1005190,1005190,2023-05-05,189.19189272815868,62.24079784238365,GN,5.51836,-1.0,E,nan,nan,nan,nan
goods-s-deephst_5192,1210,goods-s-deephst,5192,104184,104184,2022-10-24,53.118062595483664,-27.811876823238784,GS,7.0,-1.0,E,nan,nan,nan,nan
goods-s-mediumjwst_5192,1286,goods-s-mediumjwst,5192,5192,5192,2023-12-11,53.0476461,-27.9028958,GS,5.04387,5.266863294431758,A,5.266863294431758,3.0,5.271057,-17.70478677820068
goods-s-deephst_5251,1210,goods-s-deephst,5251,104337,104337,2022-10-24,53.12994736580065,-27.811605119933425,GS,2.705,-1.0,E,nan,nan,nan,nan
goods-s-mediumhst_5254,1180,goods-s-mediumhst,5254,202469,202469,2022-10-05,53.1968828,-27.799463,GS,3.274,3.320502370737345,A,3.320502370737345,6.0,3.307893,-18.738493556857424
goods-n-mediumjwst_5278,1181,goods-n-mediumjwst,5278,1005278,1005278,2023-05-05,189.16464743650903,62.241092048386996,GN,0.58615,-1.0,E,nan,nan,nan,nan
goods-s-mediumhst_5278,1180,goods-s-mediumhst,5278,119956,119956,2022-10-05,53.127309,-27.788048,GS,6.674,6.377516,C,nan,nan,6.377516,-18.945612187228342
goods-s-deephst_5293,1210,goods-s-deephst,5293,454144,-1,2022-10-24,53.12605957168768,-27.81148087494291,GS,5.6396,0.0,E,nan,nan,nan,nan
goods-s-mediumjwst_5310,1286,goods-s-mediumjwst,5310,5310,5310,2023-12-11,53.0534397,-27.902685,GS,-1.0,1.41927,D,nan,nan,1.41927,nan
goods-s-deephst_5320,1210,goods-s-deephst,5320,104495,104495,2022-10-24,53.10808310913288,-27.811391897423633,GS,1.9739,2.30462,C,nan,nan,2.30462,nan
goods-s-deephst_5329,1210,goods-s-deephst,5329,104513,104513,2022-10-24,53.12276148128961,-27.811344719102877,GS,3.6791,3.586387811121952,A,3.586387811121952,2.0,3.588385,-18.81782418871707
goods-n-mediumjwst_5370,1181,goods-n-mediumjwst,5370,1005370,1005370,2023-05-05,189.16425061457693,62.24135660096461,GN,0.76375,-1.0,E,nan,nan,nan,nan
goods-n-mediumjwst_5400,1181,goods-n-mediumjwst,5400,1005400,1005400,2023-05-05,189.16011971855286,62.24154215429957,GN,4.27745,4.333822058644736,A,4.333822058644736,2.0,4.33184,-18.253549704391514
goods-s-deephst_5457,1210,goods-s-deephst,5457,104855,104855,2022-10-24,53.11667010968712,-27.810927318464117,GS,4.9129,4.862211866133293,A,4.862211866133293,2.0,4.86536,-17.35595519562265
goods-s-mediumjwst_5471,1286,goods-s-mediumjwst,5471,5471,5471,2023-12-11,53.073875,-27.9023736,GS,1.05255,1.11292,D,nan,nan,1.11292,nan
goods-s-mediumjwst_5501,1286,goods-s-mediumjwst,5501,5501,5501,2023-12-11,53.0710256,-27.902322,GS,1.87339,2.0455083829392526,A,2.0455083829392526,2.0,2.047855,nan
goods-n-mediumjwst_5591,1181,goods-n-mediumjwst,5591,1005591,1005591,2023-05-05,189.10604264971155,62.24204477461731,GN,9.43922,10.603,A,10.603894298381576,5.0,10.603385,-21.611246894455366
goods-s-deepjwst_5625,1287,goods-s-deepjwst,5625,5625,5625,2024-01-10,53.1068526,-27.9021487,GS,6.41894,6.572354872605835,A,6.572354872605835,3.0,6.573658,-17.034078488822132
goods-n-mediumjwst_5628,1181,goods-n-mediumjwst,5628,1005628,1005628,2023-05-05,189.1862019936995,62.24216995875312,GN,2.43642,-1.0,E,nan,nan,nan,nan
goods-s-mediumhst_5662,1180,goods-s-mediumhst,5662,100124,100124,2022-10-05,53.1567622,-27.817082,GS,3.0,2.8203863406204186,A,2.8203863406204186,1.0,2.811738,nan
goods-s-mediumhst_5669,1180,goods-s-mediumhst,5669,197723,197723,2022-10-05,53.1607395,-27.8163691,GS,0.52167,0.519327,B,nan,nan,0.519327,nan
goods-n-mediumjwst_5670,1181,goods-n-mediumjwst,5670,1005670,1005670,2023-05-05,189.1801871533958,62.24239916500368,GN,2.24972,2.2066037184206477,A,2.2066037184206477,9.0,2.207092,nan
goods-s-mediumhst_5672,1180,goods-s-mediumhst,5672,197725,197725,2022-10-05,53.1662624,-27.8164481,GS,1.1637,1.1637987922653255,A,1.1637987922653255,4.0,1.170132,nan
goods-s-deephst_5686,1210,goods-s-deephst,5686,105443,105443,2022-10-24,53.11846313650978,-27.81008079905182,GS,2.6956,2.818918871831417,A,2.818918871831417,2.0,2.820157,nan
goods-s-mediumhst_5694,1180,goods-s-mediumhst,5694,100850,100850,2022-10-05,53.1733531,-27.8162431,GS,1.8,-1.0,E,nan,nan,nan,nan
goods-s-mediumhst_5722,1180,goods-s-mediumhst,5722,198195,198195,2022-10-05,53.1652296,-27.8150674,GS,1.76,-1.0,E,nan,nan,nan,nan
goods-s-mediumhst_5724,1180,goods-s-mediumhst,5724,198492,198492,2022-10-05,53.1591807,-27.8138166,GS,1.76804,1.766861,B,nan,nan,1.766861,nan
goods-s-mediumhst_5732,1180,goods-s-mediumhst,5732,102217,102217,2022-10-05,53.1619062,-27.8144485,GS,1.06,-1.0,E,nan,nan,nan,nan
goods-s-deephst_5759,1210,goods-s-deephst,5759,105635,105635,2022-10-24,53.149455480855444,-27.809792909572376,GS,5.0769,5.052730507494363,A,5.052730507494363,3.0,5.047148,-18.323783402814783
goods-n-mediumjwst_5761,1181,goods-n-mediumjwst,5761,1005761,1005761,2023-05-05,189.0852828887834,62.24254365678165,GN,0.77266,0.779,D,nan,nan,0.779,nan
goods-n-mediumjwst_5776,1181,goods-n-mediumjwst,5776,1005776,1005776,2023-05-05,189.07727196526315,62.2425331554748,GN,8.47878,8.372489460703132,A,8.372489460703132,1.0,8.366659,-19.129181401347452
goods-n-mediumjwst_5783,1181,goods-n-mediumjwst,5783,1005777,1005777,2023-05-05,189.07955228277558,62.24255477463856,GN,5.89115,-1.0,E,nan,nan,nan,nan
goods-s-mediumhst_5785,1180,goods-s-mediumhst,5785,104652,104652,2022-10-05,53.1804857,-27.8111601,GS,2.84,2.6981791358041063,A,2.6981791358041063,7.0,2.697754,nan
goods-n-mediumjwst_5804,1181,goods-n-mediumjwst,5804,1005804,1005804,2023-05-05,189.1828188872878,62.24268959435089,GN,2.27118,-1.0,E,nan,nan,nan,nan
goods-s-mediumhst_5815,1180,goods-s-mediumhst,5815,105598,105598,2022-10-05,53.1621391,-27.8097684,GS,2.798,2.84,D,nan,nan,2.83197,nan
goods-s-deepjwst_5818,1287,goods-s-deepjwst,5818,5818,5818,2024-01-10,53.0723223,-27.9017604,GS,3.46817,3.4723458316802147,A,3.4723458316802147,2.0,3.460461,-16.620913589352213
goods-s-deephst_5825,1210,goods-s-deephst,5825,105855,105855,2022-10-24,53.12361355580968,-27.8095209755149,GS,2.5314,2.719156,B,nan,nan,2.719156,nan
goods-s-mediumjwst_5827,1286,goods-s-mediumjwst,5827,5827,5827,2023-12-11,53.1070302,-27.9017811,GS,3.72314,-1.0,E,nan,nan,nan,nan
goods-s-mediumhst_5829,1180,goods-s-mediumhst,5829,199680,199680,2022-10-05,53.1735849,-27.8094684,GS,1.879,2.017,D,nan,nan,2.017,nan
goods-s-mediumhst_5835,1180,goods-s-mediumhst,5835,199812,199812,2022-10-05,53.1772092,-27.8090045,GS,3.07,2.692642271699943,A,2.692642271699943,3.0,2.695153,nan
goods-n-mediumjwst_5840,1181,goods-n-mediumjwst,5840,1005840,1005840,2023-05-05,189.16643685332812,62.242870120283136,GN,0.37954,0.404,D,nan,nan,0.401662,nan
goods-n-mediumjwst_5875,1181,goods-n-mediumjwst,5875,1005875,1005875,2023-05-05,189.16373519870052,62.24292204866016,GN,4.65905,-1.0,E,nan,nan,nan,nan
goods-n-mediumjwst_5888,1181,goods-n-mediumjwst,5888,1005888,1005888,2023-05-05,189.11400425744898,62.24294132162917,GN,5.6322,5.619755072864772,A,5.619755072864772,2.0,5.618319,-18.29638001558401
goods-s-mediumhst_5940,1180,goods-s-mediumhst,5940,200586,200586,2022-10-05,53.1656873,-27.806607,GS,2.584,2.11,D,nan,nan,2.11,nan
goods-n-mediumjwst_5946,1181,goods-n-mediumjwst,5946,1005946,1005946,2023-05-05,189.16525960077033,62.24313423060793,GN,8.97208,-1.0,E,nan,nan,nan,nan
goods-s-mediumhst_5946,1180,goods-s-mediumhst,5946,200435,200435,2022-10-05,53.1343682,-27.8063431,GS,2.87,2.2978989458187744,A,2.2978989458187744,7.0,2.301545,nan
goods-n-mediumjwst_5963,1181,goods-n-mediumjwst,5963,1005963,1005963,2023-05-05,189.18238468352072,62.243171994746156,GN,1.41552,-1.0,E,nan,nan,nan,nan
goods-n-mediumjwst_5968,1181,goods-n-mediumjwst,5968,1005968,1005968,2023-05-05,189.1646157362067,62.24319212695532,GN,4.13743,-1.0,E,nan,nan,nan,nan
goods-n-mediumjwst_5970,1181,goods-n-mediumjwst,5970,1005970,1005970,2023-05-05,189.15491938115412,62.243180798025335,GN,4.12099,-1.0,E,nan,nan,nan,nan
goods-n-mediumjwst_5981,1181,goods-n-mediumjwst,5981,1005981,1005981,2023-05-05,189.11064504363222,62.243241301270515,GN,0.50867,0.512634,B,nan,nan,0.512634,nan
goods-s-mediumhst_5995,1180,goods-s-mediumhst,5995,108802,108802,2022-10-05,53.1665421,-27.8051453,GS,1.265,1.101,D,nan,nan,1.101,nan
goods-s-deephst_6002,1210,goods-s-deephst,6002,106292,106292,2022-10-24,53.11041120456605,-27.808923366142178,GS,5.8903,5.93631164954787,A,5.93631164954787,4.0,5.937299,-18.85343545943165
goods-n-mediumjwst_6020,1181,goods-n-mediumjwst,6020,1006020,1006020,2023-05-05,189.15808028463687,62.2433200605439,GN,2.05881,2.2056616656350005,A,2.2056616656350005,2.0,2.202471,nan
goods-s-mediumhst_6022,1180,goods-s-mediumhst,6022,201169,201169,2022-10-05,53.1638326,-27.8041734,GS,2.30822,2.313408,C,nan,nan,2.313408,nan
goods-s-mediumhst_6101,1180,goods-s-mediumhst,6101,110311,110311,2022-10-05,53.1758994,-27.8028707,GS,3.14,-1.0,E,nan,nan,nan,nan
goods-s-mediumhst_6139,1180,goods-s-mediumhst,6139,110748,110748,2022-10-05,53.164482,-27.802183,GS,8.57,8.470706530139779,A,8.470706530139779,1.0,8.473494,-18.79799816714105
goods-s-mediumhst_6151,1180,goods-s-mediumhst,6151,201910,201910,2022-10-05,53.1699734,-27.801338,GS,1.76,1.7643556121973445,A,1.7643556121973445,2.0,1.756898,nan
goods-n-mediumjwst_6179,1181,goods-n-mediumjwst,6179,1006179,1006179,2023-05-05,189.1689886086026,62.243817571934535,GN,1.69454,-1.0,E,nan,nan,nan,nan
goods-n-mediumjwst_6189,1181,goods-n-mediumjwst,6189,1006189,1006189,2023-05-05,189.24976932249743,62.24390496129983,GN,4.9158,5.179447,B,nan,nan,5.179447,-18.686073392284722
goods-n-mediumjwst_6220,1181,goods-n-mediumjwst,6220,1006220,1006220,2023-05-05,189.16366371911687,62.244005381891874,GN,1.40815,1.42319,D,nan,nan,1.42319,nan
goods-s-mediumhst_6227,1180,goods-s-mediumhst,6227,202378,202378,2022-10-05,53.1296699,-27.7997153,GS,2.915,2.612448243887842,A,2.612448243887842,14.0,2.61253,nan
goods-n-mediumjwst_6233,1181,goods-n-mediumjwst,6233,1006233,1006233,2023-05-05,189.07954071900633,62.24390342479952,GN,3.28201,3.41477,D,nan,nan,3.41477,nan
goods-s-mediumhst_6236,1180,goods-s-mediumhst,6236,202461,202461,2022-10-05,53.1539924,-27.7991124,GS,4.11994,0.673,C,nan,nan,0.673,nan
goods-s-deephst_6246,1210,goods-s-deephst,6246,106885,106885,2022-10-24,53.129721933420406,-27.80817687069232,GS,5.6597,5.560037844934537,A,5.560037844934537,4.0,5.562975,-18.07107918220306
goods-s-deephst_6268,1210,goods-s-deephst,6268,106937,106937,2022-10-24,53.10793060305525,-27.808098717476256,GS,2.3316,2.0239279612351604,A,2.0239279612351604,5.0,2.025959,nan
goods-s-mediumhst_6277,1180,goods-s-mediumhst,6277,202576,202576,2022-10-05,53.134712,-27.7993234,GS,3.87,3.2559663511754993,A,3.2559663511754993,2.0,3.250919,-18.15970896168967
goods-s-mediumhst_6291,1180,goods-s-mediumhst,6291,202715,202715,2022-10-05,53.1594583,-27.7988505,GS,1.99,2.204,D,nan,nan,2.204,nan
goods-n-mediumjwst_6304,1181,goods-n-mediumjwst,6304,1006304,1006304,2023-05-05,189.16807908413912,62.24420153089916,GN,4.8722,-1.0,E,nan,nan,nan,nan
goods-n-mediumjwst_6333,1181,goods-n-mediumjwst,6333,1006333,1006333,2023-05-05,189.25430304921198,62.244336113652366,GN,3.40221,3.209469126314095,A,3.209469126314095,3.0,3.215083,-18.16991792189188
goods-s-deephst_6349,1210,goods-s-deephst,6349,200216,200216,2022-10-24,53.15584815964505,-27.807691418958125,GS,1.7502,1.72918,B,nan,nan,1.72918,nan
goods-n-mediumjwst_6369,1181,goods-n-mediumjwst,6369,1113340,1113340,2023-05-05,189.1574856806251,62.24433565292525,GN,6.53139,-1.0,E,nan,nan,nan,nan
goods-s-deephst_6384,1210,goods-s-deephst,6384,200272,200272,2022-10-24,53.13059148871876,-27.80771308097797,GS,5.7376,5.62824682387094,A,5.62824682387094,3.0,5.609919,-18.690050732112624
goods-s-mediumhst_6384,1180,goods-s-mediumhst,6384,203168,203168,2022-10-05,53.198814,-27.7973327,GS,2.915,2.6701155771150837,A,2.6701155771150837,10.0,2.67343,nan
goods-s-mediumhst_6398,1180,goods-s-mediumhst,6398,203218,203218,2022-10-05,53.1977751,-27.7970787,GS,1.928,1.8611705995969874,A,1.8611705995969874,4.0,1.858818,nan
goods-s-mediumhst_6430,1180,goods-s-mediumhst,6430,114169,114169,2022-10-05,53.1616459,-27.7967049,GS,1.92,-1.0,E,nan,nan,nan,nan
goods-s-deephst_6438,1210,goods-s-deephst,6438,107324,107324,2022-10-24,53.1673514108566,-27.80750452428825,GS,10.291,9.686075,B,nan,nan,9.686075,-19.27641973112396
goods-n-mediumjwst_6442,1181,goods-n-mediumjwst,6442,1006442,1006442,2023-05-05,189.15670470090703,62.24454462446419,GN,4.5153,-1.0,E,nan,nan,nan,nan
goods-s-deephst_6460,1210,goods-s-deephst,6460,200339,200339,2022-10-24,53.12808061245439,-27.807387575575117,GS,3.9281,3.582899,C,nan,nan,3.582899,-18.405302474409375
goods-n-mediumjwst_6476,1181,goods-n-mediumjwst,6476,1006476,1006476,2023-05-05,189.16094785240705,62.24473158736926,GN,3.16139,2.9801289398196413,A,2.9801289398196413,4.0,2.978881,nan
goods-s-mediumhst_6477,1180,goods-s-mediumhst,6477,203542,203542,2022-10-05,53.1689665,-27.7956131,GS,2.02,1.9933897030852012,A,1.9933897030852012,2.0,1.985094,nan
goods-s-mediumhst_6496,1180,goods-s-mediumhst,6496,114692,114692,2022-10-05,53.1950436,-27.795732,GS,1.88,1.745,C,nan,nan,1.745,nan
goods-s-deephst_6519,1210,goods-s-deephst,6519,107462,107462,2022-10-24,53.158323196371626,-27.80723591452545,GS,4.3052,4.226509,B,nan,nan,4.226509,-18.987142843434754
goods-s-mediumhst_6524,1180,goods-s-mediumhst,6524,215602,215602,2022-10-05,53.1607262,-27.7548538,GS,2.69,-1.0,E,nan,nan,nan,nan
goods-s-mediumjwst_6546,1286,goods-s-mediumjwst,6546,6546,6546,2023-12-11,53.0967695,-27.9005717,GS,5.85828,6.182829421197983,A,6.182829421197983,3.0,6.183781,-18.19790628009586
goods-s-mediumhst_6551,1180,goods-s-mediumhst,6551,214796,214796,2022-10-05,53.1667161,-27.7575353,GS,5.47,-1.0,E,nan,nan,nan,nan
goods-s-deepjwst_6585,1287,goods-s-deepjwst,6585,6585,6585,2024-01-10,53.1182687,-27.9004712,GS,2.7077,2.55145,B,nan,nan,2.55145,nan
goods-s-mediumhst_6591,1180,goods-s-mediumhst,6591,120830,120830,2022-10-05,53.1557918,-27.7870357,GS,4.76901,2.6755317364170956,A,2.6755317364170956,2.0,2.67258,nan
goods-n-mediumjwst_6617,1181,goods-n-mediumjwst,6617,1006617,1006617,2023-05-05,189.15552382022935,62.24501062589632,GN,2.66274,3.1295315087290914,A,3.1295315087290914,2.0,3.134326,-18.549883818658383
goods-s-deephst_6621,1210,goods-s-deephst,6621,333357,-1,2022-10-24,53.11414690250754,-27.806944565235945,GS,9.6184,9.6184,D,nan,nan,9.6184,-18.505557147045337
goods-n-mediumjwst_6690,1181,goods-n-mediumjwst,6690,1006690,1006690,2023-05-05,189.13898731269504,62.245240303743486,GN,5.95402,5.86402,D,nan,nan,5.856986,-18.83187881792021
goods-s-mediumjwst_6700,1286,goods-s-mediumjwst,6700,6700,6700,2023-12-11,53.1084223,-27.9002387,GS,2.95673,2.8424202803431884,A,2.8424202803431884,5.0,2.846434,nan
goods-s-deephst_6710,1210,goods-s-deephst,6710,107900,107900,2022-10-24,53.16496675720508,-27.806535199250078,GS,2.2766,2.24939,C,nan,nan,2.24939,nan
goods-n-mediumjwst_6739,1181,goods-n-mediumjwst,6739,1006739,1006739,2023-05-05,189.09810936015214,62.245575857937176,GN,1.50031,1.4339926401815384,A,1.4339926401815384,5.0,1.433054,nan
goods-n-mediumjwst_6740,1181,goods-n-mediumjwst,6740,1006740,1006740,2023-05-05,189.13947973138428,62.24539730286451,GN,0.67596,-1.0,E,nan,nan,nan,nan
goods-s-mediumjwst_6753,1286,goods-s-mediumjwst,6753,6753,6753,2023-12-11,53.0443045,-27.9001772,GS,1.35098,-1.0,E,nan,nan,nan,nan
goods-n-mediumjwst_6759,1181,goods-n-mediumjwst,6759,1006759,1006759,2023-05-05,189.15363654916518,62.245478554239256,GN,4.81921,4.884225144648443,A,4.884225144648443,2.0,4.885898,-18.7607243193531
goods-s-mediumhst_6770,1180,goods-s-mediumhst,6770,118736,118736,2022-10-05,53.122831,-27.7893553,GS,1.711,-1.0,E,nan,nan,nan,nan
goods-s-mediumhst_6782,1180,goods-s-mediumhst,6782,205164,205164,2022-10-05,53.1247316,-27.7894703,GS,1.72,1.613699,B,nan,nan,1.613699,nan
goods-s-mediumhst_6800,1180,goods-s-mediumhst,6800,118495,118495,2022-10-05,53.1348308,-27.7897302,GS,2.603,-1.0,E,nan,nan,nan,nan
goods-s-mediumhst_6821,1180,goods-s-mediumhst,6821,204767,204767,2022-10-05,53.160438,-27.7904391,GS,1.61177,1.6106423851127374,A,1.6106423851127374,11.0,1.607732,nan
goods-s-mediumhst_6838,1180,goods-s-mediumhst,6838,204836,204836,2022-10-05,53.1195326,-27.7904131,GS,2.2,1.806029538962424,A,1.806029538962424,3.0,1.818144,nan
goods-s-mediumjwst_6841,1286,goods-s-mediumjwst,6841,6841,6841,2023-12-11,53.0499986,-27.9000003,GS,-1.0,1.56577,D,nan,nan,1.56577,nan
goods-s-mediumhst_6844,1180,goods-s-mediumhst,6844,204702,204702,2022-10-05,53.1369324,-27.79075,GS,2.38697,1.728903678306689,A,1.728903678306689,6.0,1.7323,nan
goods-s-mediumhst_6848,1180,goods-s-mediumhst,6848,117874,117874,2022-10-05,53.2046127,-27.790531,GS,1.92,-1.0,E,nan,nan,nan,nan
goods-s-deephst_6855,1210,goods-s-deephst,6855,108201,108201,2022-10-24,53.16855999582455,-27.806146519875245,GS,3.3097,2.86834,C,nan,nan,2.86834,nan
goods-s-mediumhst_6894,1180,goods-s-mediumhst,6894,204611,204611,2022-10-05,53.1611249,-27.7913009,GS,3.07,-1.0,E,nan,nan,nan,nan
goods-s-mediumhst_6935,1180,goods-s-mediumhst,6935,117117,117117,2022-10-05,53.17127,-27.7918578,GS,2.3,-1.0,E,nan,nan,nan,nan
goods-n-mediumjwst_6953,1181,goods-n-mediumjwst,6953,1006953,1006953,2023-05-05,189.1114269029547,62.24602233199949,GN,2.05928,-1.0,E,nan,nan,nan,nan
goods-n-mediumjwst_6969,1181,goods-n-mediumjwst,6969,1006969,1006969,2023-05-05,189.12686973214994,62.24602689356966,GN,4.07832,-1.0,E,nan,nan,nan,nan
goods-s-mediumhst_6997,1180,goods-s-mediumhst,6997,116558,116558,2022-10-05,53.1223701,-27.7926297,GS,2.37,-1.0,E,nan,nan,nan,nan
goods-s-mediumhst_7028,1180,goods-s-mediumhst,7028,116235,116235,2022-10-05,53.1320443,-27.7931926,GS,2.35,2.325756156688883,A,2.325756156688883,2.0,2.335754,nan
goods-s-mediumhst_7041,1180,goods-s-mediumhst,7041,204089,204089,2022-10-05,53.1793535,-27.7933605,GS,2.318,-1.0,E,nan,nan,nan,nan
goods-s-mediumhst_7091,1180,goods-s-mediumhst,7091,203928,203928,2022-10-05,53.1724358,-27.7939834,GS,3.19,2.806912312171939,A,2.806912312171939,6.0,2.809745,nan
goods-s-deephst_7099,1210,goods-s-deephst,7099,108715,108715,2022-10-24,53.11377809527088,-27.805218989025672,GS,2.9068,2.835291,C,nan,nan,2.835291,nan
goods-s-mediumhst_7165,1180,goods-s-mediumhst,7165,203676,203676,2022-10-05,53.1327653,-27.7951132,GS,3.17891,3.17498555191707,A,3.17498555191707,3.0,3.17495,-18.93065636944823
goods-n-mediumjwst_7182,1181,goods-n-mediumjwst,7182,1007182,1007182,2023-05-05,189.15257952656495,62.24663193204633,GN,3.89981,3.577907,C,nan,nan,3.577907,-16.370498280161264
goods-n-mediumjwst_7212,1181,goods-n-mediumjwst,7212,1007212,1007212,2023-05-05,189.15226903815923,62.24679937352848,GN,0.75159,1.3821447844340038,A,1.3821447844340038,1.0,1.38256,nan
goods-s-mediumjwst_7212,1286,goods-s-mediumjwst,7212,7212,7212,2023-12-11,53.0598871,-27.8993859,GS,3.37098,3.6122839015537833,A,3.6122839015537833,4.0,3.610722,-17.57823408702567
goods-s-deepjwst_7230,1287,goods-s-deepjwst,7230,7230,7230,2024-01-10,53.1188682,-27.8993756,GS,6.77407,6.580545817037059,A,6.580545817037059,2.0,6.581585,-17.43878173545023
goods-s-mediumhst_7236,1180,goods-s-mediumhst,7236,213619,213619,2022-10-05,53.1521909,-27.7612526,GS,2.671,2.5724333608121723,A,2.5724333608121723,3.0,2.578565,nan
goods-s-mediumhst_7260,1180,goods-s-mediumhst,7260,206376,206376,2022-10-05,53.1630924,-27.785672,GS,2.54397,2.5440739489505573,A,2.5440739489505573,2.0,2.54456,nan
goods-s-mediumjwst_7268,1286,goods-s-mediumjwst,7268,7268,7268,2023-12-11,53.071993,-27.8992839,GS,0.9763,1.11244,D,nan,nan,1.121272,nan
goods-s-mediumhst_7284,1180,goods-s-mediumhst,7284,122877,122877,2022-10-05,53.1258743,-27.7849622,GS,1.8,1.6,D,nan,nan,1.6,nan
goods-s-deephst_7300,1210,goods-s-deephst,7300,201084,201084,2022-10-24,53.12364980103901,-27.804540253918987,GS,11.5584,2.499,D,nan,nan,2.499,nan
goods-s-deephst_7304,1210,goods-s-deephst,7304,109155,109155,2022-10-24,53.160826417269405,-27.804554325658433,GS,4.6139,4.491009,B,nan,nan,4.491009,-18.474904883407984
goods-n-mediumjwst_7310,1181,goods-n-mediumjwst,7310,1007310,1007310,2023-05-05,189.16462837974137,62.24706209283349,GN,1.45727,-1.0,E,nan,nan,nan,nan
goods-n-mediumjwst_7351,1181,goods-n-mediumjwst,7351,1007351,1007351,2023-05-05,189.1081829353685,62.24714628240812,GN,6.0452,6.046196248447795,A,6.046196248447795,3.0,6.045765,-18.741343025817564
goods-s-mediumhst_7360,1180,goods-s-mediumhst,7360,214294,214294,2022-10-05,53.1641367,-27.7597809,GS,4.02,-1.0,E,nan,nan,nan,nan
goods-s-mediumhst_7367,1180,goods-s-mediumhst,7367,143261,143261,2022-10-05,53.1653014,-27.7596869,GS,4.22,-1.0,E,nan,nan,nan,nan
goods-s-mediumhst_7368,1180,goods-s-mediumhst,7368,123495,123495,2022-10-05,53.1427532,-27.7842763,GS,3.07,2.940508,B,nan,nan,2.940508,nan
goods-s-mediumhst_7395,1180,goods-s-mediumhst,7395,214229,214229,2022-10-05,53.1530307,-27.7600978,GS,3.44426,-1.0,E,nan,nan,nan,nan
goods-s-mediumhst_7404,1180,goods-s-mediumhst,7404,207032,207032,2022-10-05,53.1366643,-27.7838693,GS,2.49,2.304564,C,nan,nan,2.304564,nan
goods-s-mediumhst_7408,1180,goods-s-mediumhst,7408,142988,142988,2022-10-05,53.167707,-27.7600078,GS,2.365,2.315212197612979,A,2.315212197612979,5.0,2.313998,nan
goods-n-mediumjwst_7424,1181,goods-n-mediumjwst,7424,1007424,1007424,2023-05-05,189.2329047564222,62.247381435674896,GN,7.11414,6.995562934414712,A,6.995562934414712,2.0,6.995999,-18.963035216857172
goods-s-mediumhst_7431,1180,goods-s-mediumhst,7431,124648,124648,2022-10-05,53.1394357,-27.7826626,GS,2.72,-1.0,E,nan,nan,nan,nan
goods-s-mediumhst_7449,1180,goods-s-mediumhst,7449,142641,142641,2022-10-05,53.1564551,-27.7605747,GS,1.78,-1.0,E,nan,nan,nan,nan
goods-s-mediumhst_7481,1180,goods-s-mediumhst,7481,207467,207467,2022-10-05,53.1674825,-27.7819057,GS,2.06948,2.0693285089284617,A,2.0693285089284617,4.0,2.069787,nan
goods-n-mediumjwst_7488,1181,goods-n-mediumjwst,7488,1007488,1007488,2023-05-05,189.2587786687946,62.24756641020722,GN,0.33439,3.574581364903092,A,3.574581364903092,2.0,3.574661,-18.75179999631702
goods-s-deepjwst_7488,1287,goods-s-deepjwst,7488,7488,7488,2024-01-10,53.1049025,-27.8989629,GS,0.28514,-1.0,E,nan,nan,nan,nan
goods-s-mediumhst_7495,1180,goods-s-mediumhst,7495,124913,124913,2022-10-05,53.154314,-27.7823386,GS,1.48,-1.0,E,nan,nan,nan,nan
goods-s-deepjwst_7496,1287,goods-s-deepjwst,7496,7496,7496,2024-01-10,53.0670414,-27.8989151,GS,2.53287,2.493465347981974,A,2.493465347981974,14.0,2.488039,nan
goods-s-deephst_7507,1210,goods-s-deephst,7507,109645,109645,2022-10-24,53.155483209045514,-27.80388480640391,GS,4.1879,4.044321659026741,A,4.044321659026741,4.0,4.033722,-18.652493340598316
goods-s-mediumhst_7508,1180,goods-s-mediumhst,7508,141660,141660,2022-10-05,53.1588427,-27.7618765,GS,1.71,-1.0,E,nan,nan,nan,nan
goods-s-mediumhst_7511,1180,goods-s-mediumhst,7511,213904,213904,2022-10-05,53.1560982,-27.7617165,GS,2.07915,2.0787593266521904,A,2.0787593266521904,6.0,2.077427,nan
goods-s-mediumhst_7519,1180,goods-s-mediumhst,7519,125198,125198,2022-10-05,53.1525363,-27.7819697,GS,4.3,-1.0,E,nan,nan,nan,nan
goods-s-deephst_7523,1210,goods-s-deephst,7523,109666,109666,2022-10-24,53.15790481328834,-27.803840498624364,GS,2.2493,2.11373,C,nan,nan,2.11373,nan
goods-s-mediumhst_7544,1180,goods-s-mediumhst,7544,213821,213821,2022-10-05,53.1581308,-27.7621494,GS,2.37,2.326816840128399,A,2.326816840128399,3.0,2.324252,nan
goods-s-deepjwst_7575,1287,goods-s-deepjwst,7575,7575,7575,2024-01-10,53.0726601,-27.8988293,GS,4.31649,4.260373291011971,A,4.260373291011971,2.0,4.260554,-17.334532517053372
goods-s-deepjwst_7586,1287,goods-s-deepjwst,7586,7586,7586,2024-01-10,53.0568537,-27.8987295,GS,2.70897,2.803788518708659,A,2.803788518708659,11.0,2.787478,nan
goods-s-mediumjwst_7602,1286,goods-s-mediumjwst,7602,7602,7602,2023-12-11,53.0703632,-27.8987709,GS,-1.0,1.188,D,nan,nan,1.188,nan
goods-n-mediumjwst_7603,1181,goods-n-mediumjwst,7603,1007603,1007603,2023-05-05,189.0984092436315,62.247826743612194,GN,2.93211,2.486362838783921,A,2.486362838783921,1.0,2.48636,nan
goods-n-mediumjwst_7604,1181,goods-n-mediumjwst,7604,1007604,1007604,2023-05-05,189.2351267006241,62.247880721981176,GN,2.65504,2.955600689043583,A,2.955600689043583,3.0,2.959392,nan
goods-s-deephst_7624,1210,goods-s-deephst,7624,201433,201433,2022-10-24,53.15160663609955,-27.803387477013267,GS,2.7058,4.842175696374316,A,4.842175696374316,2.0,4.855506,-17.917850535649947
goods-n-mediumjwst_7627,1181,goods-n-mediumjwst,7627,1007627,1007627,2023-05-05,189.16329251707396,62.247905181336854,GN,4.89348,-1.0,E,nan,nan,nan,nan
goods-s-deephst_7629,1210,goods-s-deephst,7629,201442,201442,2022-10-24,53.169834992155266,-27.803438053447383,GS,3.4252,3.440086,B,nan,nan,3.440086,-17.622826077029174
goods-n-mediumjwst_7673,1181,goods-n-mediumjwst,7673,1007673,1007673,2023-05-05,189.12081356757867,62.24800961753893,GN,2.90952,-1.0,E,nan,nan,nan,nan
goods-n-mediumjwst_7675,1181,goods-n-mediumjwst,7675,1007675,1007675,2023-05-05,189.0963001385882,62.2479736656078,GN,7.09617,7.086474254031379,A,7.086474254031379,2.0,7.088972,-17.955603596317882
goods-n-mediumjwst_7682,1181,goods-n-mediumjwst,7682,1007682,1007682,2023-05-05,189.18738528521726,62.24811131155744,GN,3.51968,-1.0,E,nan,nan,nan,nan
goods-s-deepjwst_7706,1287,goods-s-deepjwst,7706,7706,7706,2024-01-10,53.0708903,-27.8986028,GS,3.40902,3.5478049505256672,A,3.5478049505256672,2.0,3.540054,-18.541185359573326
goods-n-mediumjwst_7732,1181,goods-n-mediumjwst,7732,1007732,1007732,2023-05-05,189.23680709932202,62.24825078060345,GN,3.39546,3.1900764116825355,A,3.1900764116825355,3.0,3.184556,-16.85591144831309
goods-s-deephst_7762,1210,goods-s-deephst,7762,110238,110238,2022-10-24,53.113325898929595,-27.802989822512597,GS,4.2635,4.148874854642882,A,4.148874854642882,9.0,4.145958,-18.871696335230947
goods-s-deephst_7809,1210,goods-s-deephst,7809,201597,201597,2022-10-24,53.129724410980316,-27.802735441912834,GS,3.6231,3.576676297232761,A,3.576676297232761,2.0,3.585524,-18.589778734545582
goods-s-deephst_7892,1210,goods-s-deephst,7892,201680,201680,2022-10-24,53.1500281952735,-27.802502900794497,GS,4.3286,4.227397782428932,A,4.227397782428932,6.0,4.233595,-18.35172945578736
goods-s-deepjwst_7919,1287,goods-s-deepjwst,7919,7919,7919,2024-01-10,53.0777677,-27.8982805,GS,2.72537,2.697420070514224,A,2.697420070514224,4.0,2.70005,nan
goods-n-mediumjwst_7923,1181,goods-n-mediumjwst,7923,1007923,1007923,2023-05-05,189.16245680722005,62.24880326410312,GN,1.65275,1.478225697167838,A,1.478225697167838,2.0,1.47936,nan
goods-s-deephst_7938,1210,goods-s-deephst,7938,201730,201730,2022-10-24,53.162679416861685,-27.80236896618757,GS,4.8295,4.804261673409858,A,4.804261673409858,5.0,4.804355,-19.258992084817336
goods-s-deephst_8013,1210,goods-s-deephst,8013,110748,110748,2022-10-24,53.16446440268377,-27.802180181304443,GS,9.005,8.471713053815485,A,8.471713053815485,1.0,8.472831,-17.59180998009571
goods-s-deepjwst_8036,1287,goods-s-deepjwst,8036,8036,8036,2024-01-10,53.1195752,-27.8981452,GS,4.56105,4.623430390752617,A,4.623430390752617,2.0,4.622651,-18.20168815662442
goods-s-deephst_8073,1210,goods-s-deephst,8073,110878,110878,2022-10-24,53.15119450422578,-27.801949048682946,GS,4.3917,4.389547,B,nan,nan,4.389547,-17.912488395920377
goods-s-deephst_8079,1210,goods-s-deephst,8079,110895,110895,2022-10-24,53.15283192966254,-27.8019428241203,GS,7.5156,7.252541,C,nan,nan,7.252541,-18.05380247095084
goods-s-deephst_8083,1210,goods-s-deephst,8083,110905,110905,2022-10-24,53.13284313101842,-27.80185787562137,GS,4.7527,4.646737969637269,A,4.646737969637269,10.0,4.651345,-18.518009588949877
goods-s-deephst_8102,1210,goods-s-deephst,8102,110950,110950,2022-10-24,53.16344266250435,-27.801824753453527,GS,3.0189,2.8402090846024954,A,2.8402090846024954,2.0,2.831893,nan
goods-s-mediumhst_8109,1180,goods-s-mediumhst,8109,210851,210851,2022-10-05,53.1432748,-27.7713267,GS,0.62258,-1.0,E,nan,nan,nan,nan
goods-s-deephst_8113,1210,goods-s-deephst,8113,110987,110987,2022-10-24,53.12299666379905,-27.801755990502976,GS,4.9062,4.903180542020124,A,4.903180542020124,4.0,4.89859,-18.099844290780556
goods-s-deephst_8115,1210,goods-s-deephst,8115,110996,110996,2022-10-24,53.15507796443376,-27.80177080864072,GS,7.5666,7.3995,C,nan,nan,7.3995,-19.11962109395475
goods-n-mediumjwst_8192,1181,goods-n-mediumjwst,8192,1008192,1008192,2023-05-05,189.24036968936227,62.24953052228832,GN,2.92076,-1.0,E,nan,nan,nan,nan
goods-s-mediumhst_8230,1180,goods-s-mediumhst,8230,210129,210129,2022-10-05,53.1610285,-27.7733103,GS,3.89,-1.0,E,nan,nan,nan,nan
goods-n-mediumjwst_8239,1181,goods-n-mediumjwst,8239,1008239,1008239,2023-05-05,189.2489154588291,62.24974103232486,GN,6.63927,6.654861761969558,A,6.654861761969558,2.0,6.65407,-17.862235136004617
goods-s-deephst_8245,1210,goods-s-deephst,8245,111269,111269,2022-10-24,53.16541653581968,-27.801344666450607,GS,3.6441,3.061945,C,nan,nan,3.061945,-16.25230045771019
goods-s-mediumhst_8282,1180,goods-s-mediumhst,8282,130600,130600,2022-10-05,53.1444586,-27.7739752,GS,1.701,1.801,D,nan,nan,1.801,nan
goods-n-mediumjwst_8299,1181,goods-n-mediumjwst,8299,1008299,1008299,2023-05-05,189.2294424733133,62.24992547644085,GN,3.09896,3.42479991775353,A,3.42479991775353,5.0,3.423205,-18.384125409989274
goods-s-mediumhst_8308,1180,goods-s-mediumhst,8308,208856,208856,2022-10-05,53.153378,-27.7775725,GS,1.607,1.4381414442689993,A,1.4381414442689993,1.0,1.448368,nan
goods-n-mediumjwst_8314,1181,goods-n-mediumjwst,8314,1008314,1008314,2023-05-05,189.1156477315193,62.2499116646281,GN,2.90818,-1.0,E,nan,nan,nan,nan
goods-n-mediumjwst_8350,1181,goods-n-mediumjwst,8350,1008350,1008350,2023-05-05,189.10284458046854,62.2500408467069,GN,3.37199,-1.0,E,nan,nan,nan,nan
goods-n-mediumjwst_8360,1181,goods-n-mediumjwst,8360,1008360,1008360,2023-05-05,189.08429839578827,62.250025644294915,GN,2.48216,2.5790523928848694,A,2.5790523928848694,2.0,2.575211,nan
goods-s-mediumjwst_8374,1286,goods-s-mediumjwst,8374,8374,8374,2023-12-11,53.0709862,-27.8974657,GS,3.36772,3.4701538284046727,A,3.4701538284046727,4.0,3.466947,-18.23015397936419
goods-n-mediumjwst_8403,1181,goods-n-mediumjwst,8403,1008403,1008403,2023-05-05,189.09394801154806,62.25016442205175,GN,1.09011,2.4160136367493754,A,2.4160136367493754,3.0,2.415277,nan
goods-s-mediumhst_8453,1180,goods-s-mediumhst,8453,207571,207571,2022-10-05,53.1302134,-27.7815958,GS,1.97,-1.0,E,nan,nan,nan,nan
goods-s-deephst_8456,1210,goods-s-deephst,8456,111661,111661,2022-10-24,53.12608318307063,-27.800703979766617,GS,2.0584,1.88343,B,nan,nan,1.88343,nan
goods-s-mediumhst_8492,1180,goods-s-mediumhst,8492,124972,124972,2022-10-05,53.1387109,-27.7823116,GS,1.339,-1.0,E,nan,nan,nan,nan
goods-s-mediumhst_8502,1180,goods-s-mediumhst,8502,207117,207117,2022-10-05,53.1410775,-27.7834584,GS,0.04,-1.0,E,nan,nan,nan,nan
goods-s-deephst_8531,1210,goods-s-deephst,8531,111810,111810,2022-10-24,53.160572949576476,-27.800467452673303,GS,2.0596,2.0596,C,nan,nan,2.0596,nan
goods-n-mediumjwst_8534,1181,goods-n-mediumjwst,8534,1008534,1008534,2023-05-05,189.09684193474212,62.250515881250216,GN,1.60552,2.4186853420465875,A,2.4186853420465875,8.0,2.410915,nan
goods-n-mediumjwst_8541,1181,goods-n-mediumjwst,8541,1008541,1008541,2023-05-05,189.10626524115315,62.25054885220197,GN,5.5955,5.598705239323962,A,5.598705239323962,3.0,5.595108,-18.99057485733102
goods-s-deepjwst_8555,1287,goods-s-deepjwst,8555,8555,8555,2024-01-10,53.1148538,-27.8971799,GS,3.02776,3.0794520405201387,A,3.0794520405201387,10.0,3.078109,-18.854159463688738
goods-s-mediumjwst_8588,1286,goods-s-mediumjwst,8588,8588,8588,2023-12-11,53.1069216,-27.8971822,GS,1.12202,1.203832,C,nan,nan,1.203832,nan
goods-n-mediumjwst_8591,1181,goods-n-mediumjwst,8591,1008591,1008591,2023-05-05,189.16260764833675,62.25079138831092,GN,2.9361,5.187062157978436,A,5.187062157978436,2.0,5.18773,-18.2733669724783
goods-s-mediumhst_8624,1180,goods-s-mediumhst,8624,119879,119879,2022-10-05,53.1267252,-27.7881455,GS,0.98,-1.0,E,nan,nan,nan,nan
goods-s-mediumhst_8654,1180,goods-s-mediumhst,8654,117482,117482,2022-10-05,53.1331672,-27.7910852,GS,2.67,2.3436527065019526,A,2.3436527065019526,10.0,2.346351,nan
goods-s-mediumjwst_8656,1286,goods-s-mediumjwst,8656,8656,8656,2023-12-11,53.0616384,-27.8970538,GS,2.76205,2.9727409777018314,A,2.9727409777018314,4.0,2.971739,nan
goods-s-deepjwst_8673,1287,goods-s-deepjwst,8673,8673,8673,2024-01-10,53.070484,-27.8970449,GS,7.52799,1.32799,D,nan,nan,1.32799,nan
goods-s-mediumhst_8697,1180,goods-s-mediumhst,8697,198513,198513,2022-10-05,53.1634849,-27.8139176,GS,2.99264,2.986630511273927,A,2.986630511273927,2.0,2.988352,nan
goods-s-deephst_8718,1210,goods-s-deephst,8718,202404,202404,2022-10-24,53.14613770299436,-27.79973485304871,GS,1.9502,1.874277,C,nan,nan,1.874277,nan
goods-n-mediumjwst_8727,1181,goods-n-mediumjwst,8727,1008727,1008727,2023-05-05,189.24835752011384,62.25124985426503,GN,3.24169,2.7600510344162448,A,2.7600510344162448,2.0,2.758537,nan
goods-s-mediumjwst_8727,1286,goods-s-mediumjwst,8727,8727,8727,2023-12-11,53.093646,-27.8969649,GS,2.82032,-1.0,E,nan,nan,nan,nan
goods-n-mediumjwst_8729,1181,goods-n-mediumjwst,8729,1008729,1008729,2023-05-05,189.1841574356051,62.25125165151752,GN,3.54203,0.92375,D,nan,nan,0.92375,nan
goods-s-mediumhst_8767,1180,goods-s-mediumhst,8767,202255,202255,2022-10-05,53.1741566,-27.8003931,GS,3.07195,3.0633194175948297,A,3.0633194175948297,15.0,3.06648,-17.90475437812277
goods-s-mediumhst_8779,1180,goods-s-mediumhst,8779,112369,112369,2022-10-05,53.1758353,-27.7995033,GS,4.11183,-1.0,E,nan,nan,nan,nan
goods-s-deephst_8784,1210,goods-s-deephst,8784,112321,112321,2022-10-24,53.12234290573949,-27.79959507005463,GS,2.328,2.342379170240725,A,2.342379170240725,4.0,2.334656,nan
goods-n-mediumjwst_8803,1181,goods-n-mediumjwst,8803,1008803,1008803,2023-05-05,189.14752482472738,62.25144957934716,GN,3.14564,3.2058356153843364,A,3.2058356153843364,1.0,3.205593,-17.191859999850223
goods-s-mediumjwst_8810,1286,goods-s-mediumjwst,8810,8810,8810,2023-12-11,53.0519852,-27.8967586,GS,1.45509,1.38093,D,nan,nan,1.38093,nan
goods-n-mediumjwst_8819,1181,goods-n-mediumjwst,8819,1184188,1008819,2023-05-05,189.221308978999,62.2515359264792,GN,3.74077,-1.0,E,nan,nan,nan,nan
goods-n-mediumjwst_8823,1181,goods-n-mediumjwst,8823,1008823,1008823,2023-05-05,189.14551894573611,62.25155223990549,GN,2.68124,2.7292052638702344,A,2.7292052638702344,12.0,2.729731,nan
goods-s-mediumhst_8824,1180,goods-s-mediumhst,8824,113696,113696,2022-10-05,53.1713341,-27.7974807,GS,3.69,-1.0,E,nan,nan,nan,nan
goods-s-mediumjwst_8825,1286,goods-s-mediumjwst,8825,8825,8825,2023-12-11,53.0555781,-27.8967337,GS,2.71207,2.857818894865936,A,2.857818894865936,5.0,2.863011,nan
goods-s-mediumhst_8826,1180,goods-s-mediumhst,8826,203226,203226,2022-10-05,53.1707392,-27.7971188,GS,2.33,1.9945126926774814,A,1.9945126926774814,3.0,2.000191,nan
goods-s-mediumhst_8868,1180,goods-s-mediumhst,8868,121091,121091,2022-10-05,53.1640312,-27.7868047,GS,1.99,-1.0,E,nan,nan,nan,nan
goods-s-deephst_8880,1210,goods-s-deephst,8880,112500,112500,2022-10-24,53.12724398661662,-27.799316537420193,GS,2.6166,2.3424129133700404,A,2.3424129133700404,2.0,2.337625,nan
goods-s-deepjwst_8889,1287,goods-s-deepjwst,8889,8889,8889,2024-01-10,53.1066825,-27.8966721,GS,3.45856,3.4842763976448134,A,3.4842763976448134,7.0,3.487765,-18.283599247360637
goods-s-deephst_8891,1210,goods-s-deephst,8891,112526,112526,2022-10-24,53.11338777335987,-27.799236113482518,GS,2.1704,1.9972944776781927,A,1.9972944776781927,11.0,1.99582,nan
goods-n-mediumjwst_8893,1181,goods-n-mediumjwst,8893,1008893,1008893,2023-05-05,189.24816897130395,62.25174861789477,GN,4.54068,3.781296606887497,A,3.781296606887497,2.0,3.780554,-18.17923324635735
goods-s-deephst_8896,1210,goods-s-deephst,8896,112538,112538,2022-10-24,53.15895401378426,-27.799247133244123,GS,2.0721,1.986789,C,nan,nan,1.986789,nan
goods-s-deepjwst_8899,1287,goods-s-deepjwst,8899,8899,8899,2024-01-10,53.0536536,-27.8966432,GS,1.55858,-1.0,E,nan,nan,nan,nan
goods-s-deephst_8916,1210,goods-s-deephst,8916,112596,112596,2022-10-24,53.115368361296994,-27.799163463599502,GS,1.8672,1.5823,C,nan,nan,1.5823,nan
goods-s-deepjwst_8959,1287,goods-s-deepjwst,8959,8959,8959,2024-01-10,53.120599,-27.896598,GS,4.11125,4.623747,B,nan,nan,4.623747,-16.4292499883422
goods-s-mediumhst_9005,1180,goods-s-mediumhst,9005,330089,-1,2022-10-05,53.1572257,-27.7945803,GS,1.988,2.051826,C,nan,nan,2.051826,nan
goods-s-mediumhst_9034,1180,goods-s-mediumhst,9034,207485,207485,2022-10-05,53.1318442,-27.7820727,GS,1.927,1.7269216183071117,A,1.7269216183071117,2.0,1.701912,nan
goods-s-mediumjwst_9045,1286,goods-s-mediumjwst,9045,9045,9045,2023-12-11,53.1011734,-27.8963957,GS,2.29502,2.190439163583209,A,2.190439163583209,4.0,2.170963,nan
goods-s-mediumhst_9088,1180,goods-s-mediumhst,9088,209600,209600,2022-10-05,53.1537779,-27.7742121,GS,3.47407,3.466892299717454,A,3.466892299717454,2.0,3.45997,-17.66743211175482
goods-n-mediumjwst_9104,1181,goods-n-mediumjwst,9104,1009104,1009104,2023-05-05,189.2452691628854,62.252529273341494,GN,6.8179,6.8155702002876275,A,6.8155702002876275,3.0,6.816396,-19.384214669237096
goods-n-mediumjwst_9141,1181,goods-n-mediumjwst,9141,1009141,1009141,2023-05-05,189.15245564253013,62.25268246763078,GN,0.6179,0.63273,D,nan,nan,0.640352,nan
goods-s-mediumhst_9141,1180,goods-s-mediumhst,9141,133060,133060,2022-10-05,53.1483778,-27.7713067,GS,2.91,3.0013761206566465,A,3.0013761206566465,2.0,2.981467,nan
goods-s-mediumhst_9164,1180,goods-s-mediumhst,9164,210348,210348,2022-10-05,53.1696289,-27.7726844,GS,3.32916,2.224257,C,nan,nan,2.224257,nan
goods-s-mediumhst_9169,1180,goods-s-mediumhst,9169,210271,210271,2022-10-05,53.1407623,-27.7729914,GS,2.096,1.945375453307941,A,1.945375453307941,5.0,1.955862,nan
goods-s-mediumhst_9201,1180,goods-s-mediumhst,9201,207482,207482,2022-10-05,53.159171,-27.7821286,GS,3.2,-1.0,E,nan,nan,nan,nan
goods-s-mediumhst_9237,1180,goods-s-mediumhst,9237,198626,198626,2022-10-05,53.1695768,-27.8138296,GS,2.28,-1.0,E,nan,nan,nan,nan
goods-s-mediumhst_9266,1180,goods-s-mediumhst,9266,333974,-1,2022-10-05,53.1344926,-27.7813868,GS,1.653,1.5488,C,nan,nan,1.5488,nan
goods-s-mediumjwst_9278,1286,goods-s-mediumjwst,9278,9278,9278,2023-12-11,53.0866597,-27.8960618,GS,2.71204,3.435309783557673,A,3.435309783557673,2.0,3.438246,-18.28528592860952
goods-s-mediumhst_9295,1180,goods-s-mediumhst,9295,200215,200215,2022-10-05,53.1362259,-27.8077238,GS,3.82,3.575784,B,nan,nan,3.575784,-16.93356769179944
goods-s-mediumhst_9298,1180,goods-s-mediumhst,9298,107502,107502,2022-10-05,53.1666442,-27.8071419,GS,4.22,3.701611780434316,A,3.701611780434316,2.0,3.703778,-18.364675553364254
goods-s-mediumhst_9308,1180,goods-s-mediumhst,9308,109859,109859,2022-10-05,53.1653993,-27.8034836,GS,3.49,-1.0,E,nan,nan,nan,nan
goods-s-mediumhst_9315,1180,goods-s-mediumhst,9315,110996,110996,2022-10-05,53.155091,-27.801774,GS,7.33,7.3,C,nan,nan,7.3,-19.21797823807824
goods-s-mediumhst_9319,1180,goods-s-mediumhst,9319,111619,111619,2022-10-05,53.169015,-27.800791,GS,6.24,6.241910792391339,A,6.241910792391339,3.0,6.24148,-18.825986379821703
goods-s-mediumhst_9325,1180,goods-s-mediumhst,9325,202669,202669,2022-10-05,53.1581266,-27.7988045,GS,4.59,4.772728,B,nan,nan,4.772728,-17.680857822275016
goods-s-mediumhst_9335,1180,goods-s-mediumhst,9335,114785,114785,2022-10-05,53.2015494,-27.795479,GS,4.11,3.7247233516869036,A,3.7247233516869036,7.0,3.722179,-18.793921831918283
goods-s-deephst_9343,1210,goods-s-deephst,9343,113461,113461,2022-10-24,53.12873556587608,-27.79787167758234,GS,5.4571,5.4410252774533685,A,5.4410252774533685,3.0,5.441717,-17.76654244190939
goods-s-deepjwst_9344,1287,goods-s-deepjwst,9344,9344,9344,2024-01-10,53.0765659,-27.8959757,GS,1.60752,1.567,C,nan,nan,1.567,nan
goods-s-mediumjwst_9350,1286,goods-s-mediumjwst,9350,9350,9350,2023-12-11,53.1051169,-27.8959806,GS,4.53294,-1.0,E,nan,nan,nan,nan
goods-s-mediumhst_9364,1180,goods-s-mediumhst,9364,206661,206661,2022-10-05,53.1657379,-27.7849241,GS,5.3,5.465817234296013,A,5.465817234296013,2.0,5.467007,-18.353236018617316
goods-s-mediumhst_9365,1180,goods-s-mediumhst,9365,142397,142397,2022-10-05,53.162801,-27.760838,GS,5.916,5.914928911827394,A,5.914928911827394,3.0,5.906791,-19.5073220598674
goods-s-deepjwst_9366,1287,goods-s-deepjwst,9366,9366,9366,2024-01-10,53.0803562,-27.89598,GS,6.60579,6.473175938772345,A,6.473175938772345,6.0,6.47411,-18.244542245149567
goods-n-mediumjwst_9377,1181,goods-n-mediumjwst,9377,1009377,1009377,2023-05-05,189.24109041695823,62.25335709242332,GN,1.64403,2.5753690328621497,A,2.5753690328621497,2.0,2.575994,nan
goods-n-mediumjwst_9389,1181,goods-n-mediumjwst,9389,1009389,1009389,2023-05-05,189.24362707351133,62.253415500675345,GN,2.67056,2.5971699549207763,A,2.5971699549207763,2.0,2.59752,nan
goods-s-mediumhst_9397,1180,goods-s-mediumhst,9397,138006,138006,2022-10-05,53.157521,-27.766762,GS,8.02,-1.0,E,nan,nan,nan,nan
goods-s-mediumhst_9409,1180,goods-s-mediumhst,9409,134167,134167,2022-10-05,53.1747319,-27.7703438,GS,3.96,3.721,D,nan,nan,3.704585,-17.438885186914682
goods-s-deephst_9422,1210,goods-s-deephst,9422,113585,113585,2022-10-24,53.12175498847799,-27.797634364680725,GS,5.9718,5.9338302218003145,A,5.9338302218003145,9.0,5.935382,-19.70541208579649
goods-s-deepjwst_9442,1287,goods-s-deepjwst,9442,9442,9442,2024-01-10,53.0696772,-27.8958958,GS,1.46203,1.46203,D,nan,nan,1.46203,nan
goods-s-mediumhst_9442,1180,goods-s-mediumhst,9442,125246,125246,2022-10-05,53.138063,-27.781861,GS,7.24,7.13339500023183,A,7.13339500023183,1.0,7.130624,-18.96573044212784
goods-s-mediumhst_9447,1180,goods-s-mediumhst,9447,204239,204239,2022-10-05,53.149881,-27.7928186,GS,3.87,3.5587316366701165,A,3.5587316366701165,2.0,3.565824,-18.05633165611374
goods-s-deephst_9452,1210,goods-s-deephst,9452,203112,203112,2022-10-24,53.11583377405873,-27.797548779903753,GS,5.1592,5.1200061940365424,A,5.1200061940365424,3.0,5.125117,-17.92023258245785
goods-s-mediumhst_9457,1180,goods-s-mediumhst,9457,203522,203522,2022-10-05,53.17324,-27.795674,GS,6.03,5.999582380968898,A,5.999582380968898,4.0,5.999147,-19.63303145741365
goods-s-deepjwst_9513,1287,goods-s-deepjwst,9513,9513,9513,2024-01-10,53.112618,-27.8956584,GS,1.83921,1.7908216733906264,A,1.7908216733906264,14.0,1.790662,nan
goods-s-mediumjwst_9542,1286,goods-s-mediumjwst,9542,9542,9542,2023-12-11,53.0685905,-27.8957335,GS,2.25098,2.6942188948230408,A,2.6942188948230408,6.0,2.682256,nan
goods-s-mediumhst_9547,1180,goods-s-mediumhst,9547,292221,292221,2022-10-05,53.2080001,-27.7900501,GS,5.82,6.172912,B,nan,nan,6.172912,-19.203992696539224
goods-s-mediumhst_9569,1180,goods-s-mediumhst,9569,122654,122654,2022-10-05,53.127392,-27.7852371,GS,4.76078,4.756141092802089,A,4.756141092802089,3.0,4.752717,-19.0768746357969
goods-s-deepjwst_9597,1287,goods-s-deepjwst,9597,294315,294315,2024-01-10,53.0628965,-27.8956809,GS,3.72942,4.80785154704176,A,4.80785154704176,2.0,4.808277,-17.007828377476077
goods-s-mediumhst_9597,1180,goods-s-mediumhst,9597,210600,210600,2022-10-05,53.166129,-27.772036,GS,6.30968,6.303292148863186,A,6.303292148863186,3.0,6.302374,-18.149693559789966
goods-s-mediumhst_9598,1180,goods-s-mediumhst,9598,133636,133636,2022-10-05,53.1618083,-27.7707168,GS,3.49,3.3234434813757496,A,3.3234434813757496,12.0,3.324423,-18.790855992314427
goods-s-mediumhst_9609,1180,goods-s-mediumhst,9609,130754,130754,2022-10-05,53.1715386,-27.7738702,GS,3.96,-1.0,E,nan,nan,nan,nan
goods-s-mediumhst_9669,1180,goods-s-mediumhst,9669,341400,-1,2022-10-05,53.168334,-27.8133127,GS,4.02841,4.023861213123978,A,4.023861213123978,5.0,4.014918,-18.543142409799756
goods-s-mediumhst_9684,1180,goods-s-mediumhst,9684,108768,108768,2022-10-05,53.163067,-27.805201,GS,5.82,-1.0,E,nan,nan,nan,nan
goods-s-mediumhst_9686,1180,goods-s-mediumhst,9686,9686,-1,2022-10-05,53.1643765,-27.8038015,GS,3.63,3.7013357327173875,A,3.7013357327173875,1.0,3.706524,-17.868577829005428
goods-s-mediumhst_9692,1180,goods-s-mediumhst,9692,110135,110135,2022-10-05,53.1593375,-27.8031546,GS,3.68,-1.0,E,nan,nan,nan,nan
goods-s-mediumhst_9696,1180,goods-s-mediumhst,9696,110532,110532,2022-10-05,53.17752,-27.80252,GS,5.89,5.860810791099759,A,5.860810791099759,3.0,5.857888,-19.137421794102497
goods-s-mediumhst_9697,1180,goods-s-mediumhst,9697,110627,110627,2022-10-05,53.130437,-27.802361,GS,5.82,5.93140394774405,A,5.93140394774405,3.0,5.928324,-18.824409691578342
goods-s-mediumhst_9720,1180,goods-s-mediumhst,9720,202892,202892,2022-10-05,53.1679187,-27.7980216,GS,3.4596,3.441047,C,nan,nan,3.441047,-20.82577196734863
goods-s-mediumhst_9728,1180,goods-s-mediumhst,9728,285533,285533,2022-10-05,53.152613,-27.79731,GS,5.96,-1.0,E,nan,nan,nan,nan
goods-s-mediumhst_9735,1180,goods-s-mediumhst,9735,114364,114364,2022-10-05,53.19938,-27.796274,GS,6.17,5.976769,B,nan,nan,5.976769,-19.485486213991912
goods-s-deephst_9743,1210,goods-s-deephst,9743,114213,114213,2022-10-24,53.12300483817387,-27.79661121859753,GS,5.4497,5.438328108681821,A,5.438328108681821,2.0,5.44076,-17.30411839009904
goods-s-mediumhst_9743,1180,goods-s-mediumhst,9743,285729,285729,2022-10-05,53.169045,-27.786648,GS,5.76,-1.0,E,nan,nan,nan,nan
goods-s-mediumhst_9781,1180,goods-s-mediumhst,9781,333806,-1,2022-10-05,53.2056695,-27.7899111,GS,3.77,3.7781511256402798,A,3.7781511256402798,3.0,3.784069,-18.860997062501216
goods-s-mediumhst_9785,1180,goods-s-mediumhst,9785,204095,204095,2022-10-05,53.1313395,-27.7930126,GS,3.82,3.547926603360118,A,3.547926603360118,7.0,3.551409,-19.592686461327148
goods-s-mediumhst_9792,1180,goods-s-mediumhst,9792,115565,115565,2022-10-05,53.167131,-27.794237,GS,5.77699,5.772031716563872,A,5.772031716563872,2.0,5.770312,-17.540411801791223
goods-s-mediumhst_9818,1180,goods-s-mediumhst,9818,123741,123741,2022-10-05,53.1733264,-27.7838883,GS,4.40795,4.399450077703718,A,4.399450077703718,3.0,4.399889,-19.469671083956193
goods-s-mediumhst_9833,1180,goods-s-mediumhst,9833,208145,208145,2022-10-05,53.142082,-27.779848,GS,5.92602,5.920725450583491,A,5.920725450583491,6.0,5.920216,-20.396325111001197
goods-s-mediumhst_9842,1180,goods-s-mediumhst,9842,138571,138571,2022-10-05,53.154087,-27.766062,GS,6.03,5.797118376261354,A,5.797118376261354,2.0,5.793022,-18.08513275765603
goods-s-mediumhst_9860,1180,goods-s-mediumhst,9860,136531,136531,2022-10-05,53.167726,-27.768162,GS,5.96,5.907021,C,nan,nan,5.907021,-17.349926215462624
goods-s-mediumhst_9867,1180,goods-s-mediumhst,9867,209276,209276,2022-10-05,53.156129,-27.775854,GS,6.54,6.100000978898077,A,6.100000978898077,2.0,6.100012,-19.449482804052195
goods-s-mediumhst_9877,1180,goods-s-mediumhst,9877,132845,132845,2022-10-05,53.1595268,-27.7715236,GS,6.108,6.098199273479885,A,6.098199273479885,3.0,6.097111,-20.381269252113096
goods-s-mediumhst_9881,1180,goods-s-mediumhst,9881,132638,132638,2022-10-05,53.1628661,-27.7716976,GS,3.25134,3.322856463769643,A,3.322856463769643,9.0,3.325475,-19.599643243053155
goods-s-mediumhst_9883,1180,goods-s-mediumhst,9883,130858,130858,2022-10-05,53.1649588,-27.7737532,GS,4.21153,4.207711307165079,A,4.207711307165079,2.0,4.204678,-18.29042229310032
goods-s-mediumhst_9886,1180,goods-s-mediumhst,9886,131752,131752,2022-10-05,53.165564,-27.772662,GS,7.08,7.237176893335445,A,7.237176893335445,1.0,7.232304,-18.57316853371805
goods-s-mediumhst_9891,1180,goods-s-mediumhst,9891,209707,209707,2022-10-05,53.1671854,-27.774606,GS,5.06,4.77407942740248,A,4.77407942740248,6.0,4.773285,-19.523119314125168
goods-n-mediumjwst_9902,1181,goods-n-mediumjwst,9902,1009902,1009902,2023-05-05,189.2320160918312,62.255418166766134,GN,3.64704,4.407915620240733,A,4.407915620240733,2.0,4.409697,-17.98083675593132
goods-s-mediumhst_9925,1180,goods-s-mediumhst,9925,285736,285736,2022-10-05,53.1581303,-27.7864348,GS,4.7783,4.771800577811059,A,4.771800577811059,5.0,4.762962,-19.79227205290883
goods-s-mediumhst_9932,1180,goods-s-mediumhst,9932,198564,198564,2022-10-05,53.1725722,-27.8137776,GS,4.59,4.504679721257379,A,4.504679721257379,4.0,4.508012,-19.705939823185048
goods-s-mediumhst_9938,1180,goods-s-mediumhst,9938,114242,114242,2022-10-05,53.1572847,-27.7965689,GS,4.7,-1.0,E,nan,nan,nan,nan
goods-s-mediumhst_9942,1180,goods-s-mediumhst,9942,122436,122436,2022-10-05,53.161719,-27.78539,GS,7.49,7.233945420857037,A,7.233945420857037,3.0,7.229748,-19.082486876424866
goods-s-mediumhst_9955,1180,goods-s-mediumhst,9955,132140,132140,2022-10-05,53.1720984,-27.7722445,GS,4.37,4.3559,C,nan,nan,4.3559,-16.013299582867845
goods-s-mediumhst_9959,1180,goods-s-mediumhst,9959,209849,209849,2022-10-05,53.1642919,-27.7741701,GS,3.72,-1.0,E,nan,nan,nan,nan
goods-n-mediumjwst_9982,1181,goods-n-mediumjwst,9982,1009982,1009982,2023-05-05,189.23494089921414,62.255769063735784,GN,1.85487,2.001139,C,nan,nan,2.001139,nan
goods-s-deephst_9991,1210,goods-s-deephst,9991,203496,203496,2022-10-24,53.11543174575863,-27.795802038607622,GS,2.0014,2.06858,C,nan,nan,2.06858,nan
goods-s-deephst_9992,1210,goods-s-deephst,9992,114654,114654,2022-10-24,53.113915401885635,-27.795842724750237,GS,9.2132,1.963014,C,nan,nan,1.963014,nan
goods-n-mediumjwst_10023,1181,goods-n-mediumjwst,10023,1010023,1010023,2023-05-05,189.1718794237325,62.25593035664071,GN,3.22145,-1.0,E,nan,nan,nan,nan
goods-s-deephst_10040,1210,goods-s-deephst,10040,285558,285558,2022-10-24,53.12304369037597,-27.795640752024457,GS,3.3064,3.152377832746164,A,3.152377832746164,1.0,3.134433,-15.645032984768733
goods-s-deephst_10073,1210,goods-s-deephst,10073,114790,114790,2022-10-24,53.11332445998385,-27.795596475741874,GS,2.6186,2.620487,B,nan,nan,2.620487,nan
goods-n-mediumjwst_10082,1181,goods-n-mediumjwst,10082,1010082,1010082,2023-05-05,189.16386757274086,62.25620771619456,GN,1.41305,-1.0,E,nan,nan,nan,nan
goods-s-deepjwst_10112,1287,goods-s-deepjwst,10112,10112,10112,2024-01-10,53.1215556,-27.8949526,GS,4.55549,4.622837,B,nan,nan,4.622837,-17.261303921259987
goods-n-mediumjwst_10197,1181,goods-n-mediumjwst,10197,1010197,1010197,2023-05-05,189.17485269805752,62.25670907138821,GN,1.96913,2.585500291652291,A,2.585500291652291,4.0,2.5787,nan
goods-n-mediumjwst_10230,1181,goods-n-mediumjwst,10230,1010230,1010230,2023-05-05,189.1734271598515,62.256837438167736,GN,3.16457,-1.0,E,nan,nan,nan,nan
goods-s-mediumjwst_10273,1286,goods-s-mediumjwst,10273,10273,10273,2023-12-11,53.0980033,-27.8946847,GS,-1.0,2.67895,D,nan,nan,2.67895,nan
goods-s-deepjwst_10325,1287,goods-s-deepjwst,10325,10325,10325,2024-01-10,53.077654,-27.8944842,GS,2.70655,2.672057,B,nan,nan,2.672057,nan
goods-n-mediumjwst_10484,1181,goods-n-mediumjwst,10484,1010484,1010484,2023-05-05,189.18537652232772,62.25800720082117,GN,3.29742,3.16965,D,nan,nan,3.16965,-17.858122574272446
goods-s-mediumjwst_10521,1286,goods-s-mediumjwst,10521,10521,10521,2023-12-11,53.1057786,-27.8943203,GS,0.61081,-1.0,E,nan,nan,nan,nan
goods-n-mediumjwst_10546,1181,goods-n-mediumjwst,10546,1219504,1113705,2023-05-05,189.1847216946726,62.25827549247776,GN,3.28313,3.333,C,nan,nan,3.333,-17.350763123413984
goods-s-deepjwst_10688,1287,goods-s-deepjwst,10688,10688,10688,2024-01-10,53.1106904,-27.8940947,GS,5.90869,-1.0,E,nan,nan,nan,nan
goods-n-mediumjwst_10689,1181,goods-n-mediumjwst,10689,1010689,1010689,2023-05-05,189.15430236851174,62.25901277532134,GN,1.63072,-1.0,E,nan,nan,nan,nan
goods-n-mediumjwst_10788,1181,goods-n-mediumjwst,10788,1010788,1010788,2023-05-05,189.21102131496573,62.25955304492404,GN,2.23872,-1.0,E,nan,nan,nan,nan
goods-n-mediumjwst_10806,1181,goods-n-mediumjwst,10806,1010806,1010806,2023-05-05,189.1539960602218,62.25954077575455,GN,6.78722,6.759964002435663,A,6.759964002435663,1.0,6.757164,-17.495494207637634
goods-s-mediumhst_10825,1180,goods-s-mediumhst,10825,100543,100543,2022-10-05,53.1560483,-27.8165641,GS,1.739,1.439,D,nan,nan,1.439,nan
goods-n-mediumjwst_10832,1181,goods-n-mediumjwst,10832,1010832,1010832,2023-05-05,189.2156216656114,62.259788373964234,GN,0.80614,0.851,D,nan,nan,0.847718,nan
goods-n-mediumjwst_10844,1181,goods-n-mediumjwst,10844,-3,1010844,2023-05-05,189.14941467045045,62.25968274157999,GN,6.63933,-1.0,E,nan,nan,nan,nan
goods-s-deepjwst_10848,1287,goods-s-deepjwst,10848,10848,10848,2024-01-10,53.1210278,-27.8938203,GS,6.65125,6.609,D,nan,nan,6.609,-18.02293269547507
goods-n-mediumjwst_10886,1181,goods-n-mediumjwst,10886,1010886,1010886,2023-05-05,189.2016491705322,62.25993268864749,GN,3.14502,2.9624898291880846,A,2.9624898291880846,8.0,2.959502,nan
goods-s-mediumhst_10894,1180,goods-s-mediumhst,10894,306388,-1,2022-10-05,53.195209,-27.8149853,GS,3.13,-1.0,E,nan,nan,nan,nan
goods-s-mediumhst_10938,1180,goods-s-mediumhst,10938,306517,-1,2022-10-05,53.2076117,-27.8141255,GS,0.204,-1.0,E,nan,nan,nan,nan
goods-s-mediumhst_10948,1180,goods-s-mediumhst,10948,306620,-1,2022-10-05,53.1943981,-27.8135446,GS,1.446,-1.0,E,nan,nan,nan,nan
goods-s-mediumhst_10974,1180,goods-s-mediumhst,10974,306705,-1,2022-10-05,53.2012628,-27.8130787,GS,1.074,-1.0,E,nan,nan,nan,nan
goods-n-mediumjwst_10990,1181,goods-n-mediumjwst,10990,1010990,1010990,2023-05-05,189.1849075215634,62.260344982718436,GN,3.07649,3.30814,C,nan,nan,3.30814,-17.51657253413979
goods-s-mediumhst_11016,1180,goods-s-mediumhst,11016,393575,-1,2022-10-05,53.2029785,-27.8117999,GS,2.739,-1.0,E,nan,nan,nan,nan
goods-s-mediumjwst_11070,1286,goods-s-mediumjwst,11070,11070,11070,2023-12-11,53.0972472,-27.893514,GS,1.24862,-1.0,E,nan,nan,nan,nan
goods-s-mediumhst_11095,1180,goods-s-mediumhst,11095,105709,105709,2022-10-05,53.1956468,-27.8097013,GS,2.4541,-1.0,E,nan,nan,nan,nan
goods-n-mediumjwst_11108,1181,goods-n-mediumjwst,11108,1011108,1011108,2023-05-05,189.20116072748883,62.260885954230346,GN,1.85453,1.9518363743504907,A,1.9518363743504907,4.0,1.946184,nan
goods-s-mediumhst_11118,1180,goods-s-mediumhst,11118,106231,106231,2022-10-05,53.1204128,-27.8090236,GS,4.102,-1.0,E,nan,nan,nan,nan
goods-s-mediumjwst_11137,1286,goods-s-mediumjwst,11137,11137,11137,2023-12-11,53.0835684,-27.8933958,GS,1.63512,-1.0,E,nan,nan,nan,nan
goods-s-deepjwst_11139,1287,goods-s-deepjwst,11139,11139,11139,2024-01-10,53.0769677,-27.8934219,GS,2.51172,1.9877802626534282,A,1.9877802626534282,2.0,1.995515,nan
goods-n-mediumjwst_11170,1181,goods-n-mediumjwst,11170,1011170,1011170,2023-05-05,189.1918958455249,62.261160936853805,GN,1.0021,-1.0,E,nan,nan,nan,nan
goods-s-mediumhst_11184,1180,goods-s-mediumhst,11184,107799,107799,2022-10-05,53.1187571,-27.806767,GS,2.54,2.8189119101928,A,2.8189119101928,4.0,2.830938,nan
goods-s-mediumhst_11186,1180,goods-s-mediumhst,11186,107821,107821,2022-10-05,53.1233902,-27.806761,GS,1.97,-1.0,E,nan,nan,nan,nan
goods-s-mediumhst_11220,1180,goods-s-mediumhst,11220,415304,-1,2022-10-05,53.161846,-27.8053392,GS,0.673,-1.0,E,nan,nan,nan,nan
goods-n-mediumjwst_11223,1181,goods-n-mediumjwst,11223,1011223,1011223,2023-05-05,189.1967935194902,62.26141252740809,GN,2.55289,1.9038593445429268,A,1.9038593445429268,2.0,1.904138,nan
goods-s-mediumhst_11238,1180,goods-s-mediumhst,11238,200944,200944,2022-10-05,53.1283863,-27.8050613,GS,2.345,2.4470854230198373,A,2.4470854230198373,3.0,2.458306,nan
goods-n-mediumjwst_11259,1181,goods-n-mediumjwst,11259,1011259,1011259,2023-05-05,189.19978440630234,62.261482570869404,GN,6.43517,-1.0,E,nan,nan,nan,nan
goods-s-mediumhst_11266,1180,goods-s-mediumhst,11266,308335,-1,2022-10-05,53.2059658,-27.8037335,GS,0.085,-1.0,E,nan,nan,nan,nan
goods-s-mediumhst_11269,1180,goods-s-mediumhst,11269,109816,109816,2022-10-05,53.1558261,-27.8036266,GS,2.808,-1.0,E,nan,nan,nan,nan
goods-s-mediumhst_11353,1180,goods-s-mediumhst,11353,112364,112364,2022-10-05,53.2011206,-27.7995233,GS,2.71,-1.0,E,nan,nan,nan,nan
goods-s-mediumhst_11354,1180,goods-s-mediumhst,11354,309227,-1,2022-10-05,53.203997,-27.7994203,GS,1.131,1.1073997024529487,A,1.1073997024529487,1.0,1.10616,nan
goods-n-mediumjwst_11367,1181,goods-n-mediumjwst,11367,1194994,1011367,2023-05-05,189.19843255021812,62.26194533673409,GN,5.42776,-1.0,E,nan,nan,nan,nan
goods-s-mediumhst_11373,1180,goods-s-mediumhst,11373,379301,-1,2022-10-05,53.2003767,-27.7990064,GS,2.9,2.8454710501399645,A,2.8454710501399645,2.0,2.848447,nan
goods-s-deepjwst_11441,1287,goods-s-deepjwst,11441,11441,11441,2024-01-10,53.120618,-27.892986,GS,4.13943,3.798856673643419,A,3.798856673643419,14.0,3.79675,-19.150543357033413
goods-s-mediumhst_11444,1180,goods-s-mediumhst,11444,115396,115396,2022-10-05,53.2030061,-27.7945062,GS,3.23,3.3170873583552023,A,3.3170873583552023,1.0,3.318807,-17.079793621482004
goods-n-mediumjwst_11475,1181,goods-n-mediumjwst,11475,1011475,1011475,2023-05-05,189.19347436160163,62.26234787367529,GN,6.34591,-1.0,E,nan,nan,nan,nan
goods-n-mediumjwst_11481,1181,goods-n-mediumjwst,11481,1011481,1011481,2023-05-05,189.1867167886811,62.262421741869396,GN,2.507,2.197139213877465,A,2.197139213877465,5.0,2.202024,nan
goods-s-mediumhst_11491,1180,goods-s-mediumhst,11491,264787,264787,2022-10-05,53.2072313,-27.7914088,GS,4.377,3.7794249495901724,A,3.7794249495901724,5.0,3.778752,-16.759122358534466
goods-n-mediumjwst_11508,1181,goods-n-mediumjwst,11508,1011508,1011508,2023-05-05,189.18445908396674,62.26248948148332,GN,10.08445,9.908,D,nan,nan,9.908,-19.471674787226736
goods-n-mediumjwst_11516,1181,goods-n-mediumjwst,11516,1011516,1011516,2023-05-05,189.19632364411132,62.26252030790276,GN,2.19794,-1.0,E,nan,nan,nan,nan
goods-s-mediumhst_11538,1180,goods-s-mediumhst,11538,205397,205397,2022-10-05,53.117206,-27.7883045,GS,4.006,-1.0,E,nan,nan,nan,nan
goods-s-mediumhst_11547,1180,goods-s-mediumhst,11547,205478,205478,2022-10-05,53.164831,-27.788257,GS,7.49,7.232330483166559,A,7.232330483166559,2.0,7.23703,-19.082761108876824
goods-s-mediumhst_11612,1180,goods-s-mediumhst,11612,205961,205961,2022-10-05,53.1214901,-27.7846022,GS,0.76855,0.7683899116480011,A,0.7683899116480011,4.0,0.769202,nan
goods-s-mediumhst_11626,1180,goods-s-mediumhst,11626,206850,206850,2022-10-05,53.1196095,-27.7844383,GS,2.38,2.30941519590841,A,2.30941519590841,4.0,2.31876,nan
goods-s-mediumhst_11630,1180,goods-s-mediumhst,11630,206636,206636,2022-10-05,53.1538421,-27.7848921,GS,2.47,2.5711108307754524,A,2.5711108307754524,3.0,2.577096,nan
goods-s-mediumhst_11666,1180,goods-s-mediumhst,11666,402593,-1,2022-10-05,53.1189156,-27.7831075,GS,2.78,-1.0,E,nan,nan,nan,nan
goods-s-mediumhst_11677,1180,goods-s-mediumhst,11677,207197,207197,2022-10-05,53.1212611,-27.7828356,GS,2.3,-1.0,E,nan,nan,nan,nan
goods-n-mediumjwst_11718,1181,goods-n-mediumjwst,11718,1011718,1011718,2023-05-05,189.20138938440255,62.2632320112507,GN,5.77417,-1.0,E,nan,nan,nan,nan
goods-s-mediumhst_11764,1180,goods-s-mediumhst,11764,207939,207939,2022-10-05,53.1231597,-27.780436,GS,0.779,0.7648985502474501,A,0.7648985502474501,3.0,0.779581,nan
goods-n-mediumjwst_11773,1181,goods-n-mediumjwst,11773,1011773,1011773,2023-05-05,189.18839732779097,62.26345679335004,GN,2.76159,-1.0,E,nan,nan,nan,nan
goods-s-deepjwst_11786,1287,goods-s-deepjwst,11786,11786,11786,2024-01-10,53.1190753,-27.8925559,GS,7.47439,7.4067724311547645,A,7.4067724311547645,2.0,7.407707,-18.074304532666584
goods-s-mediumjwst_11813,1286,goods-s-mediumjwst,11813,11813,11813,2023-12-11,53.0635861,-27.8924311,GS,1.82384,1.7401167992123352,A,1.7401167992123352,7.0,1.763327,nan
goods-s-mediumjwst_11822,1286,goods-s-mediumjwst,11822,11822,11822,2023-12-11,53.0985205,-27.8925093,GS,-1.0,1.71134,D,nan,nan,1.71134,nan
goods-n-mediumjwst_11836,1181,goods-n-mediumjwst,11836,1011836,1011836,2023-05-05,189.22058747511923,62.26367513861952,GN,4.44882,4.409457923001325,A,4.409457923001325,10.0,4.406176,-18.9646390404256
goods-n-mediumjwst_11854,1181,goods-n-mediumjwst,11854,1011854,1011854,2023-05-05,189.19570775816732,62.26372212527381,GN,3.23417,-1.0,E,nan,nan,nan,nan
goods-n-mediumjwst_11855,1181,goods-n-mediumjwst,11855,1011855,1011855,2023-05-05,189.1904185266254,62.26375874986232,GN,0.97364,-1.0,E,nan,nan,nan,nan
goods-s-mediumhst_11898,1180,goods-s-mediumhst,11898,209076,209076,2022-10-05,53.1290046,-27.7764708,GS,2.64,-1.0,E,nan,nan,nan,nan
goods-s-mediumhst_11910,1180,goods-s-mediumhst,11910,208940,208940,2022-10-05,53.1282977,-27.7771116,GS,1.1223,0.911143,C,nan,nan,0.911143,nan
goods-s-mediumjwst_11919,1286,goods-s-mediumjwst,11919,11919,11919,2023-12-11,53.1075836,-27.8923941,GS,1.22018,1.69195,D,nan,nan,1.69195,nan
goods-s-mediumhst_11929,1180,goods-s-mediumhst,11929,209182,209182,2022-10-05,53.1304823,-27.7759569,GS,3.0796,2.996299440345579,A,2.996299440345579,15.0,3.000668,-20.520426809663697
goods-s-mediumjwst_11977,1286,goods-s-mediumjwst,11977,11977,11977,2023-12-11,53.0532299,-27.8922447,GS,2.49579,2.5736529494734066,A,2.5736529494734066,3.0,2.584752,nan
goods-s-deepjwst_12056,1287,goods-s-deepjwst,12056,12056,12056,2024-01-10,53.0827932,-27.8921025,GS,0.95593,0.9494445828043483,A,0.9494445828043483,5.0,0.941794,nan
goods-s-mediumjwst_12056,1286,goods-s-mediumjwst,12056,12056,12056,2023-12-11,53.0827932,-27.8921025,GS,0.95593,0.9495232351386704,A,0.9495232351386704,2.0,0.95072,nan
goods-n-mediumjwst_12067,1181,goods-n-mediumjwst,12067,1012067,1012067,2023-05-05,189.20745025147562,62.26445322978169,GN,4.05727,4.057870331724568,A,4.057870331724568,6.0,4.063445,-18.47991246710504
goods-s-mediumhst_12102,1180,goods-s-mediumhst,12102,413239,-1,2022-10-05,53.1934144,-27.7717056,GS,3.43,3.4959509920824763,A,3.4959509920824763,5.0,3.498573,-18.81906727773385
goods-s-mediumhst_12122,1180,goods-s-mediumhst,12122,133346,133346,2022-10-05,53.1214469,-27.7710968,GS,2.66,2.5445256172390467,A,2.5445256172390467,5.0,2.544786,nan
goods-s-mediumhst_12127,1180,goods-s-mediumhst,12127,133513,133513,2022-10-05,53.1185194,-27.7709408,GS,4.175,-1.0,E,nan,nan,nan,nan
goods-s-mediumhst_12146,1180,goods-s-mediumhst,12146,133746,133746,2022-10-05,53.1323168,-27.7706709,GS,1.528,-1.0,E,nan,nan,nan,nan
goods-s-mediumhst_12158,1180,goods-s-mediumhst,12158,266055,266055,2022-10-05,53.1174076,-27.7704599,GS,4.24,-1.0,E,nan,nan,nan,nan
goods-s-mediumhst_12165,1180,goods-s-mediumhst,12165,211193,211193,2022-10-05,53.1359751,-27.7704969,GS,2.823,2.9947069660344336,A,2.9947069660344336,4.0,3.003244,nan
goods-s-mediumhst_12170,1180,goods-s-mediumhst,12170,266065,266065,2022-10-05,53.1249902,-27.7702179,GS,5.141,-1.0,E,nan,nan,nan,nan
goods-s-mediumhst_12186,1180,goods-s-mediumhst,12186,134627,134627,2022-10-05,53.1330047,-27.769935,GS,1.476,-1.0,E,nan,nan,nan,nan
goods-n-mediumjwst_12222,1181,goods-n-mediumjwst,12222,1012222,1012222,2023-05-05,189.17033989245002,62.26501609989027,GN,0.36721,-1.0,E,nan,nan,nan,nan
goods-s-mediumhst_12225,1180,goods-s-mediumhst,12225,211765,211765,2022-10-05,53.1918737,-27.7689521,GS,2.631,2.690063329127211,A,2.690063329127211,13.0,2.688806,nan
goods-s-mediumhst_12229,1180,goods-s-mediumhst,12229,313913,-1,2022-10-05,53.1189613,-27.7687142,GS,1.357,1.691,D,nan,nan,1.691,nan
goods-s-mediumhst_12236,1180,goods-s-mediumhst,12236,291663,291663,2022-10-05,53.120459,-27.7685203,GS,2.531,-1.0,E,nan,nan,nan,nan
goods-s-mediumhst_12242,1180,goods-s-mediumhst,12242,136169,136169,2022-10-05,53.1208539,-27.7685773,GS,2.03,1.79272,D,nan,nan,1.79272,nan
goods-s-mediumhst_12252,1180,goods-s-mediumhst,12252,136447,136447,2022-10-05,53.1399773,-27.7682593,GS,1.409,-1.0,E,nan,nan,nan,nan
goods-s-mediumhst_12259,1180,goods-s-mediumhst,12259,136614,136614,2022-10-05,53.1354342,-27.7681313,GS,4.33,0.853,D,nan,nan,0.853,nan
goods-n-mediumjwst_12260,1181,goods-n-mediumjwst,12260,1012260,1012260,2023-05-05,189.21742849386678,62.26520578949557,GN,1.21732,1.6084945086163835,A,1.6084945086163835,2.0,1.608,nan
goods-s-mediumhst_12281,1180,goods-s-mediumhst,12281,212356,212356,2022-10-05,53.1410481,-27.7668026,GS,1.91,1.898924,B,nan,nan,1.898924,nan
goods-s-mediumjwst_12284,1286,goods-s-mediumjwst,12284,12284,12284,2023-12-11,53.0595403,-27.8918794,GS,1.54549,-1.0,E,nan,nan,nan,nan
goods-s-mediumhst_12304,1180,goods-s-mediumhst,12304,212344,212344,2022-10-05,53.2076897,-27.7672904,GS,1.746,-1.0,E,nan,nan,nan,nan
goods-s-mediumhst_12305,1180,goods-s-mediumhst,12305,212039,212039,2022-10-05,53.1307281,-27.7676844,GS,0.903,0.8309761880652543,A,0.8309761880652543,1.0,0.833879,nan
goods-s-mediumhst_12314,1180,goods-s-mediumhst,12314,137602,137602,2022-10-05,53.1223246,-27.7672095,GS,2.93,2.6251953621871524,A,2.6251953621871524,8.0,2.625636,nan
goods-s-mediumhst_12319,1180,goods-s-mediumhst,12319,297562,297562,2022-10-05,53.1431987,-27.7673675,GS,3.311,3.2445153290204316,A,3.2445153290204316,3.0,3.245432,-18.31739323304092
goods-s-mediumhst_12323,1180,goods-s-mediumhst,12323,137735,137735,2022-10-05,53.1369449,-27.7670265,GS,2.579,2.8141058534294334,A,2.8141058534294334,2.0,2.81941,nan
goods-s-mediumhst_12324,1180,goods-s-mediumhst,12324,212394,212394,2022-10-05,53.2019777,-27.7671364,GS,2.576,2.811758712328952,A,2.811758712328952,8.0,2.813494,nan
goods-s-deepjwst_12326,1287,goods-s-deepjwst,12326,12326,12326,2024-01-10,53.1056073,-27.8918615,GS,8.25477,7.949379,C,nan,nan,7.949379,-17.761741642974666
goods-s-deepjwst_12327,1287,goods-s-deepjwst,12327,12327,12327,2024-01-10,53.077676,-27.8917972,GS,3.1571,2.699120183688011,A,2.699120183688011,7.0,2.687407,nan
goods-s-mediumhst_12350,1180,goods-s-mediumhst,12350,138229,138229,2022-10-05,53.1395244,-27.7665096,GS,2.679,3.4377631967236297,A,3.4377631967236297,2.0,3.427432,-16.534546556422974
goods-s-mediumhst_12355,1180,goods-s-mediumhst,12355,212594,212594,2022-10-05,53.1321598,-27.7664666,GS,1.233,2.226915994437784,A,2.226915994437784,1.0,2.212649,nan
goods-n-mediumjwst_12359,1181,goods-n-mediumjwst,12359,1012359,1012359,2023-05-05,189.17780612626353,62.265588634994124,GN,6.75276,6.712590954485737,A,6.712590954485737,1.0,6.713699,-18.85121258848529
goods-s-mediumhst_12370,1180,goods-s-mediumhst,12370,138586,138586,2022-10-05,53.1295452,-27.7660917,GS,1.145,1.1815657237270614,A,1.1815657237270614,1.0,1.181,nan
goods-s-mediumhst_12382,1180,goods-s-mediumhst,12382,138615,138615,2022-10-05,53.1220816,-27.7660347,GS,2.42,2.2336938528328902,A,2.2336938528328902,9.0,2.234532,nan
goods-s-mediumhst_12393,1180,goods-s-mediumhst,12393,139032,139032,2022-10-05,53.1281265,-27.7656058,GS,0.4,-1.0,E,nan,nan,nan,nan
goods-n-mediumjwst_12402,1181,goods-n-mediumjwst,12402,1012402,1012402,2023-05-05,189.19298351402233,62.26575294118997,GN,10.05667,7.18511,D,nan,nan,7.18511,-18.39092002155161
goods-s-mediumhst_12402,1180,goods-s-mediumhst,12402,212950,212950,2022-10-05,53.1326687,-27.7654818,GS,3.19223,3.1896557892075696,A,3.1896557892075696,2.0,3.19131,-17.241959138887985
goods-s-mediumhst_12413,1180,goods-s-mediumhst,12413,139331,139331,2022-10-05,53.1242332,-27.7651989,GS,2.01,-1.0,E,nan,nan,nan,nan
goods-s-mediumhst_12427,1180,goods-s-mediumhst,12427,139507,139507,2022-10-05,53.1246201,-27.7649509,GS,2.698,2.9249842393759575,A,2.9249842393759575,3.0,2.932675,nan
goods-s-mediumhst_12438,1180,goods-s-mediumhst,12438,139799,139799,2022-10-05,53.1313319,-27.764578,GS,1.168,-1.0,E,nan,nan,nan,nan
goods-s-mediumhst_12442,1180,goods-s-mediumhst,12442,139863,139863,2022-10-05,53.200092,-27.7643949,GS,1.263,1.5701994934567614,A,1.5701994934567614,3.0,1.559453,nan
goods-s-mediumjwst_12442,1286,goods-s-mediumjwst,12442,12442,12442,2023-12-11,53.1070547,-27.8916128,GS,0.98333,0.9602146633713544,A,0.9602146633713544,6.0,0.957561,nan
goods-s-mediumhst_12443,1180,goods-s-mediumhst,12443,213227,213227,2022-10-05,53.1346403,-27.764405,GS,1.231,-1.0,E,nan,nan,nan,nan
goods-s-mediumhst_12447,1180,goods-s-mediumhst,12447,213160,213160,2022-10-05,53.141156,-27.764432,GS,4.419,4.242015,B,nan,nan,4.242015,-17.65859308155471
goods-n-mediumjwst_12474,1181,goods-n-mediumjwst,12474,-7,-1,2023-05-05,189.17524792356684,62.26604396979703,GN,4.1488,3.918597627840726,A,3.918597627840726,2.0,3.912068,-17.318112019584227
goods-s-mediumhst_12508,1180,goods-s-mediumhst,12508,141028,141028,2022-10-05,53.1259509,-27.7628613,GS,2.916,3.9144616155072525,A,3.9144616155072525,3.0,3.905991,-16.4573232565805
goods-s-mediumhst_12518,1180,goods-s-mediumhst,12518,141133,141133,2022-10-05,53.1191881,-27.7626384,GS,1.76,1.7562254900528291,A,1.7562254900528291,4.0,1.76841,nan
goods-s-mediumhst_12523,1180,goods-s-mediumhst,12523,213670,213670,2022-10-05,53.130591,-27.7624814,GS,1.6697,1.669971846183425,A,1.669971846183425,11.0,1.670736,nan
goods-s-mediumhst_12538,1180,goods-s-mediumhst,12538,141555,141555,2022-10-05,53.2044322,-27.7620054,GS,4.506,-1.0,E,nan,nan,nan,nan
goods-s-mediumhst_12564,1180,goods-s-mediumhst,12564,213615,213615,2022-10-05,53.1526238,-27.7615016,GS,3.71,-1.0,E,nan,nan,nan,nan
goods-s-mediumhst_12571,1180,goods-s-mediumhst,12571,213961,213961,2022-10-05,53.1990062,-27.7612025,GS,1.341,-1.0,E,nan,nan,nan,nan
goods-s-mediumhst_12577,1180,goods-s-mediumhst,12577,213974,213974,2022-10-05,53.2027465,-27.7611565,GS,1.81,1.942263,C,nan,nan,1.942263,nan
goods-s-mediumhst_12582,1180,goods-s-mediumhst,12582,142263,142263,2022-10-05,53.1975744,-27.7609846,GS,1.481,1.573,D,nan,nan,1.573,nan
goods-s-mediumhst_12583,1180,goods-s-mediumhst,12583,142305,142305,2022-10-05,53.1419398,-27.7609827,GS,1.033,0.8574602998693367,A,0.8574602998693367,4.0,0.850886,nan
goods-s-mediumhst_12590,1180,goods-s-mediumhst,12590,142402,142402,2022-10-05,53.2056669,-27.7608346,GS,1.526,-1.0,E,nan,nan,nan,nan
goods-s-mediumhst_12611,1180,goods-s-mediumhst,12611,142682,142682,2022-10-05,53.1235003,-27.7605538,GS,1.573,-1.0,E,nan,nan,nan,nan
goods-s-mediumhst_12615,1180,goods-s-mediumhst,12615,142495,142495,2022-10-05,53.1283394,-27.7607087,GS,1.657,1.6109022289385813,A,1.6109022289385813,7.0,1.615018,nan
goods-s-mediumhst_12618,1180,goods-s-mediumhst,12618,214121,214121,2022-10-05,53.2062358,-27.7602747,GS,2.3024,1.5848665103790123,A,1.5848665103790123,3.0,1.585583,nan
goods-s-mediumhst_12619,1180,goods-s-mediumhst,12619,214075,214075,2022-10-05,53.1969096,-27.7605277,GS,4.89,3.607633,C,nan,nan,3.607633,-17.68467906503184
goods-s-mediumhst_12626,1180,goods-s-mediumhst,12626,142794,142794,2022-10-05,53.1289482,-27.7603798,GS,1.541,0.986,D,nan,nan,0.986,nan
goods-s-mediumhst_12627,1180,goods-s-mediumhst,12627,142732,142732,2022-10-05,53.1258328,-27.7604058,GS,0.65435,0.6546112993156372,A,0.6546112993156372,2.0,0.655551,nan
goods-s-mediumhst_12637,1180,goods-s-mediumhst,12637,214165,214165,2022-10-05,53.133469,-27.760373,GS,7.42,7.65764482571263,A,7.65764482571263,7.0,7.656777,-20.495666756758848
goods-s-mediumhst_12644,1180,goods-s-mediumhst,12644,143036,143036,2022-10-05,53.1903618,-27.7600108,GS,1.276,-1.0,E,nan,nan,nan,nan
goods-s-mediumhst_12657,1180,goods-s-mediumhst,12657,143264,143264,2022-10-05,53.1264987,-27.7597579,GS,0.65504,0.655692918959158,A,0.655692918959158,6.0,0.654511,nan
goods-n-mediumjwst_12659,1181,goods-n-mediumjwst,12659,-2,1096551,2023-05-05,189.17819497717207,62.2668387930378,GN,0.72723,-1.0,E,nan,nan,nan,nan
goods-s-mediumhst_12663,1180,goods-s-mediumhst,12663,214331,214331,2022-10-05,53.1437145,-27.7597059,GS,2.305,2.452163331047492,A,2.452163331047492,8.0,2.450374,nan
goods-s-mediumhst_12665,1180,goods-s-mediumhst,12665,214302,214302,2022-10-05,53.1287283,-27.7598079,GS,2.563,-1.0,E,nan,nan,nan,nan
goods-s-mediumhst_12678,1180,goods-s-mediumhst,12678,214400,214400,2022-10-05,53.1376296,-27.759401,GS,5.676,-1.0,E,nan,nan,nan,nan
goods-s-mediumhst_12684,1180,goods-s-mediumhst,12684,143570,143570,2022-10-05,53.1433075,-27.759239,GS,1.162,-1.0,E,nan,nan,nan,nan
goods-s-mediumhst_12686,1180,goods-s-mediumhst,12686,214255,214255,2022-10-05,53.1489445,-27.7596179,GS,2.286,2.4528428522274117,A,2.4528428522274117,3.0,2.451646,nan
goods-s-mediumhst_12698,1180,goods-s-mediumhst,12698,143433,143433,2022-10-05,53.1412159,-27.759323,GS,1.772,1.7622909083951894,A,1.7622909083951894,11.0,1.75851,nan
goods-s-mediumjwst_12709,1286,goods-s-mediumjwst,12709,12709,12709,2023-12-11,53.1057931,-27.8914193,GS,3.73256,2.6745107503743064,A,2.6745107503743064,3.0,2.672896,nan
goods-s-mediumhst_12722,1180,goods-s-mediumhst,12722,214534,214534,2022-10-05,53.1416798,-27.7587441,GS,1.566,-1.0,E,nan,nan,nan,nan
goods-s-mediumhst_12736,1180,goods-s-mediumhst,12736,315258,-1,2022-10-05,53.1272815,-27.7583082,GS,2.329,3.482116026422475,A,3.482116026422475,3.0,3.491896,-17.2611301199156
goods-n-mediumjwst_12745,1181,goods-n-mediumjwst,12745,1012745,1012745,2023-05-05,189.21370063735952,62.2672252904399,GN,3.60196,-1.0,E,nan,nan,nan,nan
goods-n-mediumjwst_12747,1181,goods-n-mediumjwst,12747,1012747,1012747,2023-05-05,189.19223146950827,62.26722278138216,GN,3.6964,-1.0,E,nan,nan,nan,nan
goods-s-mediumhst_12749,1180,goods-s-mediumhst,12749,421876,214599,2022-10-05,53.1923903,-27.7580861,GS,1.326,1.2981242161825697,A,1.2981242161825697,5.0,1.303349,nan
goods-n-mediumjwst_12753,1181,goods-n-mediumjwst,12753,1012753,1012753,2023-05-05,189.18869145179775,62.26723415270629,GN,1.00935,-1.0,E,nan,nan,nan,nan
goods-s-mediumjwst_12786,1286,goods-s-mediumjwst,12786,12786,12786,2023-12-11,53.0952938,-27.8913165,GS,1.91717,-1.0,E,nan,nan,nan,nan
goods-s-mediumhst_12792,1180,goods-s-mediumhst,12792,214889,214889,2022-10-05,53.1755395,-27.7572883,GS,2.118,1.83328,D,nan,nan,1.83328,nan
goods-s-deepjwst_12813,1287,goods-s-deepjwst,12813,12813,12813,2024-01-10,53.1139388,-27.8912932,GS,7.38302,7.4036669414319185,A,7.4036669414319185,3.0,7.403119,-18.56604910746197
goods-n-mediumjwst_12828,1181,goods-n-mediumjwst,12828,-2,-1,2023-05-05,189.12982405048055,62.2675667481645,GN,2.73559,-1.0,E,nan,nan,nan,nan
goods-s-mediumhst_12837,1180,goods-s-mediumhst,12837,215061,215061,2022-10-05,53.1212116,-27.7567795,GS,3.1,2.5756289808472914,A,2.5756289808472914,3.0,2.585886,nan
goods-s-mediumhst_12843,1180,goods-s-mediumhst,12843,145472,145472,2022-10-05,53.1981102,-27.7564774,GS,1.249,-1.0,E,nan,nan,nan,nan
goods-s-deepjwst_12860,1287,goods-s-deepjwst,12860,12860,12860,2024-01-10,53.0805364,-27.8911643,GS,3.68633,-1.0,E,nan,nan,nan,nan
goods-n-mediumjwst_12872,1181,goods-n-mediumjwst,12872,1012872,1012872,2023-05-05,189.18012352516985,62.26780311042821,GN,1.04649,1.014127751099144,A,1.014127751099144,2.0,1.010192,nan
goods-n-mediumjwst_12877,1181,goods-n-mediumjwst,12877,1012877,1012877,2023-05-05,189.17865439470546,62.26772394246884,GN,8.09225,-1.0,E,nan,nan,nan,nan
goods-n-mediumjwst_12902,1181,goods-n-mediumjwst,12902,1012902,1012902,2023-05-05,189.21456509641558,62.26790782606398,GN,2.55557,2.30014,D,nan,nan,2.30014,nan
goods-s-mediumhst_12905,1180,goods-s-mediumhst,12905,215477,215477,2022-10-05,53.1524408,-27.7555387,GS,0.931,2.5735258777790686,A,2.5735258777790686,2.0,2.576176,nan
goods-s-mediumhst_12928,1180,goods-s-mediumhst,12928,215262,215262,2022-10-05,53.1410349,-27.7551318,GS,2.13,2.1302789486775113,A,2.1302789486775113,14.0,2.130881,nan
goods-s-mediumhst_12954,1180,goods-s-mediumhst,12954,146353,146353,2022-10-05,53.1179982,-27.7553008,GS,1.7552,1.755976502969451,A,1.755976502969451,14.0,1.761533,nan
goods-n-mediumjwst_13041,1181,goods-n-mediumjwst,13041,1013041,1013041,2023-05-05,189.2037725507638,62.268427351689766,GN,7.0871,7.089114227889172,A,7.089114227889172,8.0,7.087833,-19.145370250960777
goods-s-mediumhst_13075,1180,goods-s-mediumhst,13075,147967,147967,2022-10-05,53.1653833,-27.7530901,GS,5.337,-1.0,E,nan,nan,nan,nan
goods-s-mediumhst_13079,1180,goods-s-mediumhst,13079,315903,-1,2022-10-05,53.1279893,-27.7530292,GS,2.365,-1.0,E,nan,nan,nan,nan
goods-n-mediumjwst_13110,1181,goods-n-mediumjwst,13110,1013110,1013110,2023-05-05,189.13736043878572,62.26868284257599,GN,3.32344,3.735549674657477,A,3.735549674657477,1.0,3.736,-17.553347075749798
goods-s-mediumhst_13144,1180,goods-s-mediumhst,13144,286430,286430,2022-10-05,53.1717531,-27.7523283,GS,1.793,1.9951787194660806,A,1.9951787194660806,8.0,1.969689,nan
goods-s-mediumhst_13178,1180,goods-s-mediumhst,13178,116352,116352,2022-10-05,53.1181749,-27.7930176,GS,6.61,6.784086931659162,A,6.784086931659162,3.0,6.78522,-18.62552618451517
goods-s-mediumhst_13199,1180,goods-s-mediumhst,13199,211231,211231,2022-10-05,53.17682,-27.770531,GS,7.49,-1.0,E,nan,nan,nan,nan
goods-s-mediumhst_13200,1180,goods-s-mediumhst,13200,211212,211212,2022-10-05,53.1506924,-27.7705608,GS,3.63,4.165518499861571,A,4.165518499861571,3.0,4.173058,-18.56853545563387
goods-s-mediumhst_13216,1180,goods-s-mediumhst,13216,140574,140574,2022-10-05,53.1936482,-27.7633971,GS,4.43,-1.0,E,nan,nan,nan,nan
goods-s-mediumhst_13229,1180,goods-s-mediumhst,13229,216327,216327,2022-10-05,53.1469697,-27.7521993,GS,5.12,4.933656943322385,A,4.933656943322385,2.0,4.927968,-18.436841230579734
goods-s-deepjwst_13271,1287,goods-s-deepjwst,13271,13271,13271,2024-01-10,53.1222376,-27.8907974,GS,5.81745,5.511964083966635,A,5.511964083966635,5.0,5.513106,-18.861206858555384
goods-s-mediumhst_13299,1180,goods-s-mediumhst,13299,306905,-1,2022-10-05,53.1989552,-27.8118539,GS,3.576,3.7058145932137165,A,3.7058145932137165,3.0,3.699776,-18.47824290377328
goods-s-mediumhst_13328,1180,goods-s-mediumhst,13328,122447,122447,2022-10-05,53.1236707,-27.7853681,GS,0.764,0.0,E,nan,nan,nan,nan
goods-s-mediumhst_13329,1180,goods-s-mediumhst,13329,206858,206858,2022-10-05,53.1390379,-27.7844332,GS,3.97,3.935574715465796,A,3.935574715465796,6.0,3.935507,-18.74881887098968
goods-s-mediumhst_13341,1180,goods-s-mediumhst,13341,126762,126762,2022-10-05,53.1255133,-27.7795382,GS,0.275,-1.0,E,nan,nan,nan,nan
goods-s-mediumhst_13348,1180,goods-s-mediumhst,13348,129060,129060,2022-10-05,53.1242085,-27.7761078,GS,3.88,3.952145,B,nan,nan,3.952145,-18.357843771701347
goods-s-mediumhst_13361,1180,goods-s-mediumhst,13361,133001,133001,2022-10-05,53.1258221,-27.7713807,GS,6.28,-1.0,E,nan,nan,nan,nan
goods-s-mediumhst_13369,1180,goods-s-mediumhst,13369,210978,210978,2022-10-05,53.131653,-27.7709498,GS,3.40835,3.4123412517743166,A,3.4123412517743166,15.0,3.40808,-21.56221222105366
goods-n-mediumjwst_13376,1181,goods-n-mediumjwst,13376,1013376,1013376,2023-05-05,189.13400823557004,62.26977916564395,GN,3.3571,3.3400544416363163,A,3.3400544416363163,1.0,3.338965,-17.21641796358608
goods-n-mediumjwst_13379,1181,goods-n-mediumjwst,13379,1013379,1013379,2023-05-05,189.12762376120827,62.26978214903027,GN,2.858,-1.0,E,nan,nan,nan,nan
goods-s-mediumhst_13385,1180,goods-s-mediumhst,13385,330743,-1,2022-10-05,53.1384636,-27.7652479,GS,4.533,-1.0,E,nan,nan,nan,nan
goods-n-mediumjwst_13410,1181,goods-n-mediumjwst,13410,1013410,1013410,2023-05-05,189.18883729204094,62.26991369706939,GN,5.0148,5.017859149422036,A,5.017859149422036,5.0,5.01609,-19.484953535541997
goods-s-mediumjwst_13418,1286,goods-s-mediumjwst,13418,13418,13418,2023-12-11,53.107226,-27.8906044,GS,6.26165,6.170212075181664,A,6.170212075181664,3.0,6.171243,-19.287659083421726
goods-s-mediumhst_13434,1180,goods-s-mediumhst,13434,147993,147993,2022-10-05,53.140274,-27.7529782,GS,2.517,3.3194800683413903,A,3.3194800683413903,3.0,3.324336,-17.671681923542135
goods-n-mediumjwst_13474,1181,goods-n-mediumjwst,13474,1013474,1013474,2023-05-05,189.12821693651867,62.270012906354886,GN,6.39431,-1.0,E,nan,nan,nan,nan
goods-s-mediumhst_13507,1180,goods-s-mediumhst,13507,306607,-1,2022-10-05,53.2049621,-27.8136256,GS,4.16,4.242974783602657,A,4.242974783602657,2.0,4.242596,-18.69092808807712
goods-s-mediumhst_13534,1180,goods-s-mediumhst,13534,308166,-1,2022-10-05,53.20532,-27.804598,GS,5.82,5.3773443021689005,A,5.3773443021689005,2.0,5.372717,-19.323362414141812
goods-s-mediumhst_13543,1180,goods-s-mediumhst,13543,202337,202337,2022-10-05,53.1566019,-27.8001452,GS,6.77,6.59211,D,nan,nan,6.59211,-17.528512564908574
goods-s-mediumhst_13556,1180,goods-s-mediumhst,13556,205891,205891,2022-10-05,53.1255604,-27.7867558,GS,6.382,6.380114066194889,A,6.380114066194889,4.0,6.384839,-18.47970673722658
goods-s-mediumjwst_13559,1286,goods-s-mediumjwst,13559,13559,13559,2023-12-11,53.0406872,-27.8904632,GS,1.99584,-1.0,E,nan,nan,nan,nan
goods-s-mediumhst_13561,1180,goods-s-mediumhst,13561,124418,124418,2022-10-05,53.1200914,-27.7829815,GS,4.13988,4.137905590327718,A,4.137905590327718,2.0,4.137303,-19.040893630797708
goods-s-mediumjwst_13587,1286,goods-s-mediumjwst,13587,13587,13587,2023-12-11,53.1124307,-27.8903696,GS,1.0701,-1.0,E,nan,nan,nan,nan
goods-s-mediumhst_13596,1180,goods-s-mediumhst,13596,211579,211579,2022-10-05,53.1238364,-27.7696901,GS,3.73467,3.7303924573678353,A,3.7303924573678353,8.0,3.741247,-19.5078907554014
goods-s-mediumhst_13605,1180,goods-s-mediumhst,13605,138627,138627,2022-10-05,53.1320458,-27.7659987,GS,3.82,3.600740202771404,A,3.600740202771404,4.0,3.591975,-18.672722243639164
goods-s-mediumhst_13607,1180,goods-s-mediumhst,13607,139305,139305,2022-10-05,53.137431,-27.765195,GS,6.54,6.622019376410931,A,6.622019376410931,2.0,6.61726,-19.044827416511076
goods-s-mediumhst_13618,1180,goods-s-mediumhst,13618,142466,142466,2022-10-05,53.119112,-27.760802,GS,6.03,5.94290009440027,A,5.94290009440027,2.0,5.94769,-19.43439086356899
goods-s-mediumhst_13620,1180,goods-s-mediumhst,13620,214119,214119,2022-10-05,53.12259,-27.760569,GS,5.89,5.91674884259501,A,5.91674884259501,3.0,5.914379,-19.859291221480053
goods-n-mediumjwst_13626,1181,goods-n-mediumjwst,13626,1013626,1013626,2023-05-05,189.14175422963598,62.27073532037033,GN,1.87655,1.392515430584412,A,1.392515430584412,1.0,1.387524,nan
goods-s-mediumhst_13630,1180,goods-s-mediumhst,13630,145044,145044,2022-10-05,53.1475217,-27.7570624,GS,3.87,3.7365454837647434,A,3.7365454837647434,3.0,3.741085,-18.239567916888568
goods-s-mediumhst_13634,1180,goods-s-mediumhst,13634,215099,215099,2022-10-05,53.1494423,-27.7567285,GS,3.11,-1.0,E,nan,nan,nan,nan
goods-s-mediumhst_13638,1180,goods-s-mediumhst,13638,146386,146386,2022-10-05,53.141967,-27.75523,GS,6.046,5.822783967829361,A,5.822783967829361,3.0,5.820879,-19.796653732071654
goods-s-mediumhst_13639,1180,goods-s-mediumhst,13639,291816,291816,2022-10-05,53.1255438,-27.7550498,GS,6.03,5.78924035372313,A,5.78924035372313,1.0,5.788015,-19.33850239996986
goods-n-mediumjwst_13643,1181,goods-n-mediumjwst,13643,1013643,1013643,2023-05-05,189.20416625203381,62.2707601447491,GN,11.15442,8.927034262046401,A,8.927034262046401,1.0,8.931176,-19.377037713150784
goods-s-mediumhst_13645,1180,goods-s-mediumhst,13645,147163,147163,2022-10-05,53.172659,-27.7541529,GS,3.23,3.4132473961342162,A,3.4132473961342162,3.0,3.41201,-17.071059654273206
goods-s-mediumhst_13646,1180,goods-s-mediumhst,13646,215854,215854,2022-10-05,53.1479885,-27.7535141,GS,6.03,-1.0,E,nan,nan,nan,nan
goods-s-mediumhst_13647,1180,goods-s-mediumhst,13647,147779,147779,2022-10-05,53.1695095,-27.7533061,GS,6.61,6.62418909056084,A,6.62418909056084,3.0,6.625576,-19.021453884930622
goods-s-mediumhst_13651,1180,goods-s-mediumhst,13651,216226,216226,2022-10-05,53.1498652,-27.7528312,GS,6.17,5.917859282174394,A,5.917859282174394,3.0,5.916663,-19.395136878444713
goods-s-mediumhst_13815,1180,goods-s-mediumhst,13815,144276,144276,2022-10-05,53.1397686,-27.7581796,GS,4.0,-1.0,E,nan,nan,nan,nan
goods-n-mediumjwst_13823,1181,goods-n-mediumjwst,13823,1113949,1113949,2023-05-05,189.14073870202765,62.27148575444673,GN,2.95239,5.020117251233717,A,5.020117251233717,2.0,5.018634,nan
goods-s-mediumhst_13850,1180,goods-s-mediumhst,13850,123786,123786,2022-10-05,53.1252125,-27.7839012,GS,5.0,-1.0,E,nan,nan,nan,nan
goods-s-mediumhst_13851,1180,goods-s-mediumhst,13851,208092,208092,2022-10-05,53.1302265,-27.7799692,GS,5.0,5.778409635248558,A,5.778409635248558,1.0,5.778146,-18.463957842958518
goods-s-mediumhst_13854,1180,goods-s-mediumhst,13854,209065,209065,2022-10-05,53.1268864,-27.7768959,GS,5.0,-1.0,E,nan,nan,nan,nan
goods-s-mediumhst_13878,1180,goods-s-mediumhst,13878,107633,107633,2022-10-05,53.1264686,-27.8070863,GS,6.0,5.427022277132455,A,5.427022277132455,2.0,5.431165,-18.610003139664723
goods-s-mediumhst_13884,1180,goods-s-mediumhst,13884,125791,125791,2022-10-05,53.1277623,-27.780984,GS,6.0,5.374110640676242,A,5.374110640676242,2.0,5.375902,-18.3552832717844
goods-s-mediumhst_13887,1180,goods-s-mediumhst,13887,136289,136289,2022-10-05,53.1958751,-27.7684324,GS,5.98,6.046425997973921,A,6.046425997973921,3.0,6.047578,-18.85207679391172
goods-s-mediumhst_13902,1180,goods-s-mediumhst,13902,306639,-1,2022-10-05,53.196595,-27.8134454,GS,7.0,6.331522009818469,A,6.331522009818469,3.0,6.33394,-17.652345252197925
goods-s-mediumhst_13905,1180,goods-s-mediumhst,13905,135743,135743,2022-10-05,53.1183267,-27.7690101,GS,7.0,7.195448962870962,A,7.195448962870962,2.0,7.193778,-18.972232472567885
goods-s-mediumhst_13908,1180,goods-s-mediumhst,13908,215299,215299,2022-10-05,53.1554434,-27.7560877,GS,7.0,7.406,D,nan,nan,7.406,-18.322530602290644
goods-n-mediumjwst_13933,1181,goods-n-mediumjwst,13933,1013933,1013933,2023-05-05,189.21960755554477,62.2718639747152,GN,3.27574,3.218832061819108,A,3.218832061819108,1.0,3.218176,-17.368638577695588
goods-s-mediumjwst_13938,1286,goods-s-mediumjwst,13938,13938,13938,2023-12-11,53.0967266,-27.8899509,GS,3.47053,3.7024113887612105,A,3.7024113887612105,7.0,3.689268,-18.638954711930637
goods-s-mediumhst_13963,1180,goods-s-mediumhst,13963,202581,202581,2022-10-05,53.19596,-27.7993,GS,3.07,0.254,D,nan,nan,0.254,nan
goods-s-mediumhst_13972,1180,goods-s-mediumhst,13972,201941,201941,2022-10-05,53.160875,-27.801195,GS,3.54,3.5987679415731284,A,3.5987679415731284,4.0,3.599918,-18.754474542114867
goods-s-mediumhst_13977,1180,goods-s-mediumhst,13977,107380,107380,2022-10-05,53.127184,-27.807408,GS,3.68,3.535635873465694,A,3.535635873465694,2.0,3.56012,-17.604638327538282
goods-s-mediumjwst_13979,1286,goods-s-mediumjwst,13979,13979,13979,2023-12-11,53.088748,-27.8899119,GS,2.15478,2.13167458749243,A,2.13167458749243,3.0,2.136001,nan
goods-s-mediumhst_14011,1180,goods-s-mediumhst,14011,137979,137979,2022-10-05,53.19653,-27.766749,GS,3.54,3.60247422049326,A,3.60247422049326,6.0,3.604155,-19.25027248732397
goods-s-mediumhst_14015,1180,goods-s-mediumhst,14015,136333,136333,2022-10-05,53.168403,-27.768336,GS,3.36,3.427603900990392,A,3.427603900990392,3.0,3.424165,-18.211335907032325
goods-s-mediumhst_14036,1180,goods-s-mediumhst,14036,214507,214507,2022-10-05,53.135308,-27.758909,GS,4.22,-1.0,E,nan,nan,nan,nan
goods-s-deepjwst_14093,1287,goods-s-deepjwst,14093,14093,14093,2024-01-10,53.1226176,-27.8897205,GS,2.6325,2.695493970605592,A,2.695493970605592,9.0,2.69301,nan
goods-n-mediumjwst_14101,1181,goods-n-mediumjwst,14101,1014101,1014101,2023-05-05,189.139676921283,62.272422812633444,GN,1.64797,1.013055717571762,A,1.013055717571762,2.0,1.016305,nan
goods-s-mediumhst_14123,1180,goods-s-mediumhst,14123,111484,111484,2022-10-05,53.17836,-27.800979,GS,5.89,6.325011329525581,A,6.325011329525581,1.0,6.327322,-17.56250520238695
goods-s-mediumhst_14133,1180,goods-s-mediumhst,14133,255178,255178,2022-10-05,53.17264,-27.767058,GS,6.32,5.978994209230771,A,5.978994209230771,3.0,5.979752,-19.119648415671328
goods-s-mediumhst_14137,1180,goods-s-mediumhst,14137,333389,-1,2022-10-05,53.12247,-27.805923,GS,5.82,5.774853844672157,A,5.774853844672157,2.0,5.777551,-18.069657094796028
goods-s-mediumhst_14160,1180,goods-s-mediumhst,14160,142443,142443,2022-10-05,53.155156,-27.760724,GS,6.46,6.308947664173626,A,6.308947664173626,5.0,6.308885,-19.331409284639566
goods-s-mediumhst_14255,1180,goods-s-mediumhst,14255,207015,207015,2022-10-05,53.144102,-27.782853,GS,5.92,5.874,D,nan,nan,5.874,-18.213946762984047
goods-s-mediumhst_14260,1180,goods-s-mediumhst,14260,334298,-1,2022-10-05,53.1634219,-27.770852,GS,6.56,-1.0,D,nan,nan,nan,nan
goods-s-mediumhst_14279,1180,goods-s-mediumhst,14279,209117,209117,2022-10-05,53.160581,-27.776188,GS,2.543,2.542219533779255,A,2.542219533779255,13.0,2.542824,nan
goods-n-mediumjwst_14285,1181,goods-n-mediumjwst,14285,1014285,1014285,2023-05-05,189.1282833855931,62.272973738788046,GN,5.4353,5.440207,B,nan,nan,5.440207,-19.399707667047878
goods-n-mediumjwst_14373,1181,goods-n-mediumjwst,14373,1014373,1014373,2023-05-05,189.14578820218466,62.273317928018855,GN,6.69958,6.6605353154398745,A,6.6605353154398745,1.0,6.664907,-18.350933512876217
goods-s-deepjwst_14376,1287,goods-s-deepjwst,14376,14376,14376,2024-01-10,53.0766981,-27.8895672,GS,7.50608,7.961415012491035,A,7.961415012491035,1.0,7.961063,-17.65601438705518
goods-n-mediumjwst_14399,1181,goods-n-mediumjwst,14399,1014399,1014399,2023-05-05,189.2086224494884,62.27346298665325,GN,0.91625,-1.0,E,nan,nan,nan,nan
goods-n-mediumjwst_14426,1181,goods-n-mediumjwst,14426,1014426,1014426,2023-05-05,189.22218501903512,62.27358537943752,GN,7.20554,6.90737,D,nan,nan,6.90737,-18.870285887527974
goods-n-mediumjwst_14475,1181,goods-n-mediumjwst,14475,1014475,1014475,2023-05-05,189.20034998887897,62.27370124198827,GN,3.32427,3.3211917903234083,A,3.3211917903234083,5.0,3.317947,-18.350803847206382
goods-s-mediumjwst_14505,1286,goods-s-mediumjwst,14505,14505,14505,2023-12-11,53.0498945,-27.8894362,GS,5.36439,-1.0,E,nan,nan,nan,nan
goods-n-mediumjwst_14651,1181,goods-n-mediumjwst,14651,1014651,1014651,2023-05-05,189.107340846543,62.27415100743417,GN,1.66506,2.61015718787008,A,2.61015718787008,1.0,2.612176,nan
goods-s-mediumjwst_14919,1286,goods-s-mediumjwst,14919,14919,14919,2023-12-11,53.0567019,-27.8889128,GS,3.63849,3.6106373246040464,A,3.6106373246040464,3.0,3.60762,-18.0769820470548
goods-n-mediumjwst_14928,1181,goods-n-mediumjwst,14928,1014928,1014928,2023-05-05,189.15237857520455,62.2751296944592,GN,2.54206,2.175417460833357,A,2.175417460833357,1.0,2.199608,nan
goods-s-deepjwst_14981,1287,goods-s-deepjwst,14981,14981,14981,2024-01-10,53.0853386,-27.8889012,GS,1.98071,-1.0,E,nan,nan,nan,nan
goods-n-mediumjwst_15049,1181,goods-n-mediumjwst,15049,1015049,1015049,2023-05-05,189.1147067829646,62.27550497127697,GN,3.22144,2.923373736834715,A,2.923373736834715,4.0,2.918146,nan
goods-s-deepjwst_15109,1287,goods-s-deepjwst,15109,15109,15109,2024-01-10,53.0718908,-27.8887505,GS,1.50707,-1.0,E,nan,nan,nan,nan
goods-n-mediumjwst_15127,1181,goods-n-mediumjwst,15127,1240796,-1,2023-05-05,189.22173830791704,62.275696787057214,GN,2.93409,3.4201387609298406,A,3.4201387609298406,2.0,3.416421,-17.40564611420742
goods-s-mediumhst_15168,1180,goods-s-mediumhst,15168,308868,-1,2022-10-05,53.2162298,-27.8011639,GS,4.37,4.043771155323755,A,4.043771155323755,5.0,4.033015,-18.879590209247304
goods-s-mediumjwst_15175,1286,goods-s-mediumjwst,15175,15175,15175,2023-12-11,53.0671859,-27.8886847,GS,1.51446,1.523272,B,nan,nan,1.523272,nan
goods-n-mediumjwst_15209,1181,goods-n-mediumjwst,15209,1015209,1015209,2023-05-05,189.1161909321504,62.2759017598178,GN,0.58589,-1.0,E,nan,nan,nan,nan
goods-s-mediumhst_15210,1180,goods-s-mediumhst,15210,309826,-1,2022-10-05,53.2116046,-27.7963938,GS,6.03,5.7558526379737796,A,5.7558526379737796,4.0,5.752014,-19.482944050407212
goods-s-mediumhst_15265,1180,goods-s-mediumhst,15265,265083,265083,2022-10-05,53.0831133,-27.786351,GS,6.269,6.260276526412886,A,6.260276526412886,3.0,6.263444,-19.39138824077791
goods-s-mediumhst_15270,1180,goods-s-mediumhst,15270,122041,122041,2022-10-05,53.0948321,-27.785862,GS,4.43,4.053957267238901,A,4.053957267238901,10.0,4.056296,-19.78899713016433
goods-s-mediumhst_15273,1180,goods-s-mediumhst,15273,206527,206527,2022-10-05,53.0841761,-27.7853971,GS,3.82,3.650819125851484,A,3.650819125851484,4.0,3.651327,-18.815919196750123
goods-s-mediumhst_15282,1180,goods-s-mediumhst,15282,464578,-1,2022-10-05,53.1014479,-27.7839284,GS,4.54,4.31898607848367,A,4.31898607848367,2.0,4.31985,-18.033310654378162
goods-s-mediumhst_15325,1180,goods-s-mediumhst,15325,129344,129344,2022-10-05,53.0964176,-27.775742,GS,4.94,4.700895489999425,A,4.700895489999425,7.0,4.697832,-19.137715449940178
goods-s-mediumhst_15343,1180,goods-s-mediumhst,15343,210693,210693,2022-10-05,53.1151411,-27.7718866,GS,3.63,3.5777990699737736,A,3.5777990699737736,7.0,3.557255,-19.277179575185002
goods-s-mediumhst_15345,1180,goods-s-mediumhst,15345,133161,133161,2022-10-05,53.1004368,-27.7712558,GS,4.88,4.698940780427882,A,4.698940780427882,3.0,4.703203,-18.797608552118916
goods-s-mediumhst_15352,1180,goods-s-mediumhst,15352,136426,136426,2022-10-05,53.0946928,-27.7683644,GS,5.12,-1.0,E,nan,nan,nan,nan
goods-s-mediumhst_15353,1180,goods-s-mediumhst,15353,211965,211965,2022-10-05,53.0945208,-27.7685583,GS,4.76,4.705913117497602,A,4.705913117497602,4.0,4.703771,-19.363296624792657
goods-s-mediumhst_15357,1180,goods-s-mediumhst,15357,334466,-1,2022-10-05,53.1052318,-27.7664317,GS,4.01,4.052872052963993,A,4.052872052963993,6.0,4.092951,-19.788211215501004
goods-s-mediumhst_15361,1180,goods-s-mediumhst,15361,140704,140704,2022-10-05,53.103726,-27.7632573,GS,4.94,4.749759,C,nan,nan,4.749759,-17.872898977991305
goods-s-mediumhst_15362,1180,goods-s-mediumhst,15362,141654,141654,2022-10-05,53.1163386,-27.7619405,GS,7.08,6.792771623362499,A,6.792771623362499,2.0,6.790865,-18.802555949634296
goods-s-mediumhst_15377,1180,goods-s-mediumhst,15377,215832,215832,2022-10-05,53.1092708,-27.754212,GS,4.22,3.54629825262715,A,3.54629825262715,5.0,3.551636,-18.74515546501341
goods-s-mediumhst_15378,1180,goods-s-mediumhst,15378,216503,216503,2022-10-05,53.1289721,-27.7519174,GS,4.11,3.9201285718680463,A,3.9201285718680463,2.0,3.925683,-17.884052578396243
goods-s-deepjwst_15406,1287,goods-s-deepjwst,15406,15406,15406,2024-01-10,53.1117225,-27.8884782,GS,2.36481,2.3466346109445446,A,2.3466346109445446,2.0,2.344116,nan
goods-n-mediumjwst_15529,1181,goods-n-mediumjwst,15529,1015529,1015529,2023-05-05,189.21504396150056,62.27700749177262,GN,4.11316,3.869450149244037,A,3.869450149244037,12.0,3.872956,-19.05224432675381
goods-s-deepjwst_15568,1287,goods-s-deepjwst,15568,15568,15568,2024-01-10,53.105399,-27.8882781,GS,1.48578,1.1261105505396358,A,1.1261105505396358,2.0,1.109366,nan
goods-n-mediumjwst_15707,1181,goods-n-mediumjwst,15707,1015707,1015707,2023-05-05,189.11144830748148,62.27743980859192,GN,4.99467,-1.0,E,nan,nan,nan,nan
goods-n-mediumjwst_15789,1181,goods-n-mediumjwst,15789,1015789,1015789,2023-05-05,189.1237964629611,62.27768895153686,GN,0.42202,-1.0,E,nan,nan,nan,nan
goods-s-deepjwst_16028,1287,goods-s-deepjwst,16028,16028,16028,2024-01-10,53.1070237,-27.8879139,GS,2.03926,-1.0,E,nan,nan,nan,nan
goods-s-mediumhst_16120,1180,goods-s-mediumhst,16120,306568,-1,2022-10-05,53.2107731,-27.8138175,GS,5.58,5.063194737487794,A,5.063194737487794,4.0,5.062564,-18.531571898573688
goods-n-mediumjwst_16125,1181,goods-n-mediumjwst,16125,1016125,1016125,2023-05-05,189.1288640180997,62.27890543788103,GN,3.09816,3.363344177378647,A,3.363344177378647,4.0,3.362551,-18.580733271689866
goods-s-mediumhst_16167,1180,goods-s-mediumhst,16167,200646,200646,2022-10-05,53.1124743,-27.8062531,GS,5.006,-1.0,E,nan,nan,nan,nan
goods-s-mediumhst_16356,1180,goods-s-mediumhst,16356,454996,-1,2022-10-05,53.084185,-27.7773587,GS,4.26,-1.0,E,nan,nan,nan,nan
goods-s-mediumhst_16366,1180,goods-s-mediumhst,16366,457770,-1,2022-10-05,53.0929173,-27.7761919,GS,4.54,4.1181864293119315,A,4.1181864293119315,2.0,4.119785,-17.302193119242894
goods-s-mediumhst_16375,1180,goods-s-mediumhst,16375,209628,209628,2022-10-05,53.0957437,-27.7748151,GS,4.5,4.436367214916702,A,4.436367214916702,9.0,4.440463,-19.8867861361606
goods-s-mediumhst_16378,1180,goods-s-mediumhst,16378,450004,-1,2022-10-05,53.0816383,-27.7731435,GS,5.226,-1.0,E,nan,nan,nan,nan
goods-s-mediumhst_16385,1180,goods-s-mediumhst,16385,132493,132493,2022-10-05,53.1164469,-27.7719043,GS,4.0,4.016290141120461,A,4.016290141120461,9.0,4.018393,-20.312991172513616
goods-s-mediumhst_16386,1180,goods-s-mediumhst,16386,469408,-1,2022-10-05,53.0963806,-27.7715807,GS,5.006,-1.0,E,nan,nan,nan,nan
goods-s-mediumhst_16391,1180,goods-s-mediumhst,16391,133842,133842,2022-10-05,53.094123,-27.7706279,GS,3.04,-1.0,E,nan,nan,nan,nan
goods-s-mediumhst_16398,1180,goods-s-mediumhst,16398,454151,-1,2022-10-05,53.0846927,-27.7687473,GS,4.64,-1.0,E,nan,nan,nan,nan
goods-s-mediumhst_16402,1180,goods-s-mediumhst,16402,211889,211889,2022-10-05,53.0971823,-27.7687753,GS,4.83,4.703171225870555,A,4.703171225870555,6.0,4.702739,-18.58910535961203
goods-s-mediumhst_16413,1180,goods-s-mediumhst,16413,138274,138274,2022-10-05,53.1082782,-27.7664337,GS,4.43,4.020662,B,nan,nan,4.020662,-19.41256991985175
goods-s-mediumhst_16418,1180,goods-s-mediumhst,16418,231699,231699,2022-10-05,53.0834038,-27.7644671,GS,6.7,6.261073785422292,A,6.261073785422292,3.0,6.243401,-17.54243097833527
goods-s-mediumhst_16431,1180,goods-s-mediumhst,16431,142217,142217,2022-10-05,53.1054726,-27.7611467,GS,5.72,5.916978468610207,A,5.916978468610207,7.0,5.919138,-20.07696757028213
goods-s-mediumhst_16439,1180,goods-s-mediumhst,16439,143720,143720,2022-10-05,53.1117614,-27.7590621,GS,2.58,2.8527952829179695,A,2.8527952829179695,3.0,2.848428,nan
goods-s-mediumhst_16441,1180,goods-s-mediumhst,16441,143790,143790,2022-10-05,53.1001296,-27.7588681,GS,4.637,3.704873412174031,A,3.704873412174031,3.0,3.692379,-17.895158077341982
goods-s-deepjwst_16448,1287,goods-s-deepjwst,16448,16448,16448,2024-01-10,53.0555611,-27.8874443,GS,2.31044,-1.0,E,nan,nan,nan,nan
goods-s-mediumhst_16452,1180,goods-s-mediumhst,16452,334742,-1,2022-10-05,53.1140809,-27.754124,GS,3.1106,3.093557,B,nan,nan,3.093557,-18.146663284817624
goods-s-mediumhst_16472,1180,goods-s-mediumhst,16472,334817,-1,2022-10-05,53.1536544,-27.7496308,GS,4.129,4.21495080367403,A,4.21495080367403,2.0,4.211531,-18.870302684543187
goods-s-mediumhst_16477,1180,goods-s-mediumhst,16477,217284,217284,2022-10-05,53.1421515,-27.7482671,GS,4.12,3.916146440997461,A,3.916146440997461,3.0,3.90964,-18.082088278927806
goods-s-deephst_16478,1210,goods-s-deephst,16478,126938,126938,2022-10-24,53.152305406892566,-27.779326078398125,GS,3.4874,3.241018,C,nan,nan,3.241018,-16.608919836531914
goods-s-mediumjwst_16539,1286,goods-s-mediumjwst,16539,16539,16539,2023-12-11,53.0525343,-27.887362,GS,1.68668,6.639709570347451,A,6.639709570347451,1.0,6.644151,-18.866381874009704
goods-n-mediumjwst_16553,1181,goods-n-mediumjwst,16553,1016553,1016553,2023-05-05,189.14360284545268,62.28054546605988,GN,3.74681,4.3814514164810525,A,4.3814514164810525,8.0,4.383165,-19.63447712394662
goods-s-deephst_16625,1210,goods-s-deephst,16625,127219,127219,2022-10-24,53.169041629338615,-27.778837937059386,GS,6.5174,6.6302269802049025,A,6.6302269802049025,4.0,6.627222,-18.6162514809136
goods-s-deepjwst_16682,1287,goods-s-deepjwst,16682,16682,16682,2024-01-10,53.1170519,-27.887204,GS,2.39561,-1.0,E,nan,nan,nan,nan
goods-n-mediumjwst_16731,1181,goods-n-mediumjwst,16731,1016731,1016731,2023-05-05,189.12489774751253,62.2811222296314,GN,2.53445,2.23,D,nan,nan,2.23,nan
goods-s-deephst_16745,1210,goods-s-deephst,16745,208642,208642,2022-10-24,53.130023418398196,-27.778392544854654,GS,5.7944,5.565675382143164,A,5.565675382143164,5.0,5.56728,-19.475116593161808
goods-n-mediumjwst_16841,1181,goods-n-mediumjwst,16841,1016841,1016841,2023-05-05,189.18359356682487,62.28146242617665,GN,0.66869,-1.0,E,nan,nan,nan,nan
goods-s-deepjwst_16880,1287,goods-s-deepjwst,16880,16880,16880,2024-01-10,53.10723,-27.8870072,GS,1.21964,1.094111,B,nan,nan,1.094111,nan
goods-s-mediumjwst_16964,1286,goods-s-mediumjwst,16964,16964,16964,2023-12-11,53.0810528,-27.8868923,GS,7.40231,7.19908,C,nan,nan,7.19908,-18.913392832276823
goods-s-deephst_16996,1210,goods-s-deephst,16996,127922,127922,2022-10-24,53.15785113092279,-27.777630655190205,GS,2.8202,2.7744515987444793,A,2.7744515987444793,7.0,2.765058,nan
goods-n-mediumjwst_17004,1181,goods-n-mediumjwst,17004,1017004,1017004,2023-05-05,189.14157716396417,62.2819245303132,GN,3.44585,3.2055834742486926,A,3.2055834742486926,4.0,3.201095,-17.868655764366384
goods-n-mediumjwst_17006,1181,goods-n-mediumjwst,17006,1017006,1017006,2023-05-05,189.111454746972,62.28194140087519,GN,3.19754,2.9230391632228847,A,2.9230391632228847,2.0,2.915667,nan
goods-s-mediumhst_17038,1180,goods-s-mediumhst,17038,265663,265663,2022-10-05,53.0872234,-27.7770557,GS,7.93,7.556875908871541,A,7.556875908871541,1.0,7.559498,-18.431264075426032
goods-s-mediumhst_17041,1180,goods-s-mediumhst,17041,129087,129087,2022-10-05,53.0905197,-27.7760869,GS,5.43,5.377609,C,nan,nan,5.377609,-19.255235578658183
goods-s-mediumhst_17057,1180,goods-s-mediumhst,17057,134712,134712,2022-10-05,53.1101639,-27.769922,GS,4.54,4.017369763822604,A,4.017369763822604,4.0,4.019254,-18.694472542093784
goods-s-mediumhst_17064,1180,goods-s-mediumhst,17064,138059,138059,2022-10-05,53.0807224,-27.7667217,GS,2.95,-1.0,E,nan,nan,nan,nan
goods-s-deephst_17072,1210,goods-s-deephst,17072,208919,208919,2022-10-24,53.170215683588026,-27.777394629574356,GS,4.7556,4.7009591116471565,A,4.7009591116471565,2.0,4.7067,-17.775987008101247
goods-s-mediumhst_17082,1180,goods-s-mediumhst,17082,266856,266856,2022-10-05,53.1059745,-27.7576344,GS,3.11,-1.0,E,nan,nan,nan,nan
goods-s-mediumhst_17089,1180,goods-s-mediumhst,17089,233030,233030,2022-10-05,53.0965972,-27.7556668,GS,5.36,-1.0,E,nan,nan,nan,nan
goods-s-mediumhst_17109,1180,goods-s-mediumhst,17109,233603,233603,2022-10-05,53.0936387,-27.7523374,GS,3.54,3.543683035821005,A,3.543683035821005,3.0,3.548505,-18.78282925911562
goods-s-mediumhst_17131,1180,goods-s-mediumhst,17131,150616,150616,2022-10-05,53.150552,-27.748413,GS,2.5,2.5729578104033894,A,2.5729578104033894,2.0,2.585582,nan
goods-s-mediumhst_17138,1180,goods-s-mediumhst,17138,287519,-1,2022-10-05,53.086043,-27.7476013,GS,5.56,6.2041188089257435,A,6.2041188089257435,1.0,6.204767,-18.91159078662355
goods-s-mediumhst_17159,1180,goods-s-mediumhst,17159,152104,152104,2022-10-05,53.1031907,-27.7449598,GS,5.43,4.85360872847474,A,4.85360872847474,9.0,4.854138,-19.35281843979225
goods-s-deephst_17160,1210,goods-s-deephst,17160,128275,128275,2022-10-24,53.16241508876208,-27.77716266028179,GS,1.8522,1.849504726989678,A,1.849504726989678,2.0,1.852125,nan
goods-s-mediumhst_17182,1180,goods-s-mediumhst,17182,245893,245893,2022-10-05,53.0970798,-27.7430671,GS,3.72,3.486452377338586,A,3.486452377338586,3.0,3.492533,-18.508675367121622
goods-s-mediumhst_17190,1180,goods-s-mediumhst,17190,153387,153387,2022-10-05,53.1168891,-27.7419653,GS,3.45,3.242841864077401,A,3.242841864077401,3.0,3.236918,-16.71185836185741
goods-s-mediumhst_17214,1180,goods-s-mediumhst,17214,246114,246114,2022-10-05,53.0870856,-27.7398468,GS,4.32,3.4635073433400603,A,3.4635073433400603,2.0,3.472049,-18.455882637387205
goods-s-mediumhst_17245,1180,goods-s-mediumhst,17245,219079,219079,2022-10-05,53.1004741,-27.7370733,GS,4.11,3.61,C,nan,nan,3.61,-16.98848122701663
goods-s-deephst_17251,1210,goods-s-deephst,17251,128470,128470,2022-10-24,53.1276597872144,-27.77694846077046,GS,4.7826,5.036281,C,nan,nan,5.036281,-18.01145943675119
goods-s-mediumhst_17258,1180,goods-s-mediumhst,17258,219206,219206,2022-10-05,53.1156712,-27.7361244,GS,4.11,3.698245743450612,A,3.698245743450612,3.0,3.702565,-18.874329939078507
goods-s-deephst_17260,1210,goods-s-deephst,17260,209065,209065,2022-10-24,53.126886315296574,-27.776887192365237,GS,4.9922,4.88370276259697,A,4.88370276259697,2.0,4.884027,-18.347613835312576
goods-s-mediumhst_17270,1180,goods-s-mediumhst,17270,236927,236927,2022-10-05,53.0878894,-27.7348607,GS,3.68,3.638,D,nan,nan,3.612184,-18.6044867265771
goods-s-mediumhst_17272,1180,goods-s-mediumhst,17272,155611,155611,2022-10-05,53.1180608,-27.7351276,GS,3.36,3.2434385253425377,A,3.2434385253425377,2.0,3.251655,-17.977826522257573
goods-s-mediumhst_17277,1180,goods-s-mediumhst,17277,246459,246459,2022-10-05,53.0854728,-27.7341529,GS,3.58,3.2314137051509744,A,3.2314137051509744,2.0,3.234155,-18.70032598201707
goods-s-mediumhst_17341,1180,goods-s-mediumhst,17341,246652,-1,2022-10-05,53.0872694,-27.7296227,GS,3.596,3.596326798150714,A,3.596326798150714,6.0,3.601515,-19.222064739699793
goods-s-mediumhst_17348,1180,goods-s-mediumhst,17348,449095,-1,2022-10-05,53.1338547,-27.7289228,GS,3.49,3.18718,C,nan,nan,3.18718,-19.169529083163898
goods-s-mediumhst_17349,1180,goods-s-mediumhst,17349,460525,-1,2022-10-05,53.1191774,-27.7289038,GS,3.49,3.490403991902224,A,3.490403991902224,7.0,3.495606,-19.268649949689244
goods-s-mediumhst_17355,1180,goods-s-mediumhst,17355,470855,-1,2022-10-05,53.1303913,-27.7281029,GS,3.11,3.2698071519112357,A,3.2698071519112357,3.0,3.255853,-15.048640914157488
goods-s-mediumhst_17366,1180,goods-s-mediumhst,17366,444239,-1,2022-10-05,53.1217559,-27.727949,GS,3.332,3.4592685187563275,A,3.4592685187563275,6.0,3.453728,-19.563676303450265
goods-s-mediumhst_17369,1180,goods-s-mediumhst,17369,464762,-1,2022-10-05,53.1340356,-27.7271531,GS,4.11,3.671716979374277,A,3.671716979374277,3.0,3.677429,-16.554639355574302
goods-s-mediumhst_17376,1180,goods-s-mediumhst,17376,452960,-1,2022-10-05,53.1296534,-27.7260933,GS,5.36,4.865611832152216,A,4.865611832152216,5.0,4.865263,-19.658410345271257
goods-s-deephst_17400,1210,goods-s-deephst,17400,128771,128771,2022-10-24,53.149880055991396,-27.776499823123746,GS,13.77,13.2,C,nan,nan,13.2,-19.054723620941047
goods-s-mediumhst_17408,1180,goods-s-mediumhst,17408,416306,-1,2022-10-05,53.1292894,-27.7241287,GS,4.54,4.363936640784361,A,4.363936640784361,6.0,4.365265,-19.926836385389432
goods-s-deephst_17435,1210,goods-s-deephst,17435,128845,128845,2022-10-24,53.168386432137275,-27.77631214316597,GS,1.7394,1.7277660408840994,A,1.7277660408840994,3.0,1.73156,nan
goods-s-mediumhst_17504,1180,goods-s-mediumhst,17504,467312,-1,2022-10-05,53.0919712,-27.7158453,GS,4.94,4.748253,B,nan,nan,4.748253,-18.626491445405787
goods-s-mediumhst_17509,1180,goods-s-mediumhst,17509,429578,-1,2022-10-05,53.147708,-27.71537,GS,7.24,6.845223063526141,A,6.845223063526141,3.0,6.841976,-20.26763060082444
goods-s-mediumhst_17527,1180,goods-s-mediumhst,17527,416807,-1,2022-10-05,53.1344902,-27.7138276,GS,3.87,3.417315358208172,A,3.417315358208172,2.0,3.421894,-18.581423108741337
goods-n-mediumjwst_17563,1181,goods-n-mediumjwst,17563,1017563,1017563,2023-05-05,189.18925733629948,62.283755070634264,GN,2.02637,2.026,D,nan,nan,2.026,nan
goods-s-deephst_17566,1210,goods-s-deephst,17566,209276,209276,2022-10-24,53.15612789488589,-27.775840798103786,GS,6.3603,6.101502484300454,A,6.101502484300454,4.0,6.102303,-19.04828675435028
goods-s-deepjwst_17570,1287,goods-s-deepjwst,17570,455799,-1,2024-01-10,53.1102938,-27.8863941,GS,2.4827,3.4785595238545235,A,3.4785595238545235,1.0,3.474826,-16.00854168092554
goods-n-mediumjwst_17632,1181,goods-n-mediumjwst,17632,1017632,1017632,2023-05-05,189.11059727940867,62.28394399354548,GN,8.2311,0.0,E,nan,nan,nan,nan
goods-s-deephst_17670,1210,goods-s-deephst,17670,209348,209348,2022-10-24,53.12506805257469,-27.775710610159056,GS,2.5288,2.3423212863403977,A,2.3423212863403977,7.0,2.343216,nan
goods-n-mediumjwst_17722,1181,goods-n-mediumjwst,17722,1017722,1017722,2023-05-05,189.10888318617455,62.284217055657734,GN,4.9309,4.93441758617036,A,4.93441758617036,7.0,4.930765,-19.116520255915525
goods-s-mediumjwst_17725,1286,goods-s-mediumjwst,17725,17725,17725,2023-12-11,53.0995493,-27.8861873,GS,2.55132,2.564537342336925,A,2.564537342336925,3.0,2.571452,nan
goods-s-deephst_17777,1210,goods-s-deephst,17777,129506,129506,2022-10-24,53.167431045169245,-27.775477008035065,GS,4.2693,4.1329332818494215,A,4.1329332818494215,3.0,4.136947,-17.682368414551927
goods-n-mediumjwst_17783,1181,goods-n-mediumjwst,17783,1137744,1137744,2023-05-05,189.1508678504926,62.28435617769264,GN,3.13461,-1.0,E,nan,nan,nan,nan
goods-s-deephst_17824,1210,goods-s-deephst,17824,129585,129585,2022-10-24,53.136662298170485,-27.775363335877653,GS,2.9973,2.6920416451215123,A,2.6920416451215123,7.0,2.697442,nan
goods-s-deephst_17832,1210,goods-s-deephst,17832,129603,129603,2022-10-24,53.17661198623746,-27.775351498360145,GS,2.68,2.83241,C,nan,nan,2.83241,nan
goods-n-mediumjwst_17858,1181,goods-n-mediumjwst,17858,1017858,1017858,2023-05-05,189.14221755493145,62.2845964310019,GN,9.58188,9.209097227344067,A,9.209097227344067,1.0,9.208566,-19.409375820775992
goods-s-deepjwst_17909,1287,goods-s-deepjwst,17909,17909,17909,2024-01-10,53.0692252,-27.8860352,GS,2.08102,2.072098,C,nan,nan,2.072098,nan
goods-n-mediumjwst_17997,1181,goods-n-mediumjwst,17997,1017997,1017997,2023-05-05,189.18488493195073,62.28493708287356,GN,3.05633,3.31865847987273,A,3.31865847987273,3.0,3.314844,nan
goods-s-deephst_18028,1210,goods-s-deephst,18028,129965,129965,2022-10-24,53.1286945005988,-27.774819043334674,GS,3.8417,3.730348517392107,A,3.730348517392107,2.0,3.726541,-17.856875535039812
goods-n-mediumjwst_18052,1181,goods-n-mediumjwst,18052,1018052,1018052,2023-05-05,189.15036649871504,62.28512629501483,GN,0.58785,-1.0,E,nan,nan,nan,nan
goods-s-deephst_18090,1210,goods-s-deephst,18090,209707,209707,2022-10-24,53.16717993318765,-27.774615188112524,GS,4.8453,4.774938173177212,A,4.774938173177212,8.0,4.781781,-18.805293645870655
goods-s-deepjwst_18116,1287,goods-s-deepjwst,18116,18116,18116,2024-01-10,53.085055,-27.8858491,GS,2.00979,2.03731,D,nan,nan,2.03731,nan
goods-s-deephst_18179,1210,goods-s-deephst,18179,130262,130262,2022-10-24,53.1758157188795,-27.774463716900232,GS,6.541,6.325574,B,nan,nan,6.325574,-18.521164137479154
goods-s-deepjwst_18205,1287,goods-s-deepjwst,18205,18205,18205,2024-01-10,53.0826411,-27.8857696,GS,2.12303,2.664857,C,nan,nan,2.664857,nan
goods-n-mediumjwst_18285,1181,goods-n-mediumjwst,18285,1018285,1018285,2023-05-05,189.13787468430434,62.28584962634955,GN,0.59634,0.67815,D,nan,nan,0.679217,nan
goods-s-deephst_18322,1210,goods-s-deephst,18322,130539,130539,2022-10-24,53.131707262794606,-27.77411930358043,GS,3.3366,3.150260396768624,A,3.150260396768624,5.0,3.146236,-16.77591808234442
goods-s-mediumjwst_18371,1286,goods-s-mediumjwst,18371,18371,18371,2023-12-11,53.0842876,-27.8856211,GS,1.13175,-1.0,E,nan,nan,nan,nan
goods-s-mediumjwst_18440,1286,goods-s-mediumjwst,18440,18440,18440,2023-12-11,53.0611965,-27.8853927,GS,3.00615,2.9749782608908846,A,2.9749782608908846,2.0,2.981304,nan
goods-n-mediumjwst_18473,1181,goods-n-mediumjwst,18473,1018473,1018473,2023-05-05,189.15361238534473,62.28625720038117,GN,0.41046,0.4538384912962582,A,0.4538384912962582,4.0,0.455532,nan
goods-n-mediumjwst_18533,1181,goods-n-mediumjwst,18533,1018533,1018533,2023-05-05,189.1212125471607,62.28640562222838,GN,6.64799,6.666893515038079,A,6.666893515038079,4.0,6.666551,-19.625632501999704
goods-n-mediumjwst_18536,1181,goods-n-mediumjwst,18536,1018536,1018536,2023-05-05,189.15531434539818,62.286471450819306,GN,6.8059,6.807555330887203,A,6.807555330887203,7.0,6.808111,-20.11896910593643
goods-n-mediumjwst_18644,1181,goods-n-mediumjwst,18644,1018644,1018644,2023-05-05,189.15031775344875,62.28679320730573,GN,3.01311,2.979829099359855,A,2.979829099359855,3.0,2.982308,nan
goods-n-mediumhst_18679,1181,goods-n-mediumhst,18679,1000795,1000795,2023-02-07,189.122835091783,62.22269042241146,GN,2.585,2.7435151733537864,A,2.7435151733537864,4.0,2.748374,nan
goods-s-deephst_18846,1210,goods-s-deephst,18846,131688,131688,2022-10-24,53.13491669687229,-27.772708761551186,GS,6.2992,6.333072075962347,A,6.333072075962347,9.0,6.334454,-19.933317662084495
goods-s-mediumjwst_18850,1286,goods-s-mediumjwst,18850,18850,18850,2023-12-11,53.0614642,-27.8851972,GS,-1.0,1.599,D,nan,nan,1.599,nan
goods-n-mediumjwst_18969,1181,goods-n-mediumjwst,18969,1018969,1018969,2023-05-05,189.15500244424146,62.28777349193501,GN,3.5168,3.4051791257377495,A,3.4051791257377495,3.0,3.396555,-18.732322176200416
goods-s-deephst_18970,1210,goods-s-deephst,18970,210435,210435,2022-10-24,53.15649594963538,-27.772269356400468,GS,4.1106,3.7255184804951256,A,3.7255184804951256,10.0,3.726789,-18.768450357988762
goods-s-deephst_18976,1210,goods-s-deephst,18976,131971,131971,2022-10-24,53.16660154161184,-27.77240274442381,GS,6.602,6.3260330710559725,A,6.3260330710559725,3.0,6.323377,-18.482202958592058
goods-n-mediumhst_19027,1181,goods-n-mediumhst,19027,1001129,1001129,2023-02-07,189.10908726411245,62.224835480063234,GN,0.709,0.693481585861516,A,0.693481585861516,8.0,0.696204,nan
goods-n-mediumhst_19103,1181,goods-n-mediumhst,19103,1001234,1001234,2023-02-07,189.11654721434897,62.225296024873664,GN,1.633,1.67168,D,nan,nan,1.67168,nan
goods-n-mediumjwst_19125,1181,goods-n-mediumjwst,19125,1019125,1019125,2023-05-05,189.1521891704271,62.28811022172545,GN,3.19212,-1.0,E,nan,nan,nan,nan
goods-s-deepjwst_19159,1287,goods-s-deepjwst,19159,19159,19159,2024-01-10,53.0832722,-27.8849677,GS,2.21152,2.563666,C,nan,nan,2.563666,nan
goods-s-deephst_19175,1210,goods-s-deephst,19175,132441,132441,2022-10-24,53.13283766544461,-27.771962854757323,GS,2.5033,2.5556,C,nan,nan,2.5556,nan
goods-s-deephst_19342,1210,goods-s-deephst,19342,132780,132780,2022-10-24,53.16061955784716,-27.771612830312414,GS,5.8934,5.972019458011799,A,5.972019458011799,4.0,5.973139,-18.451305675791104
goods-s-mediumjwst_19378,1286,goods-s-mediumjwst,19378,19378,19378,2023-12-11,53.0972439,-27.8847578,GS,-1.0,-1.0,E,nan,nan,nan,nan
goods-n-mediumjwst_19411,1181,goods-n-mediumjwst,19411,1019411,1019411,2023-05-05,189.15981066918846,62.28897939684827,GN,3.45632,-1.0,E,nan,nan,nan,nan
goods-s-deephst_19431,1210,goods-s-deephst,19431,210857,210857,2022-10-24,53.16292266815431,-27.77140733657875,GS,3.3685,3.3190336317224696,A,3.3190336317224696,3.0,3.305909,-17.1158377309188
goods-s-deephst_19466,1210,goods-s-deephst,19466,133001,133001,2022-10-24,53.125811584162605,-27.771370021108446,GS,1.4211,1.4211,D,nan,nan,1.4211,nan
goods-s-deephst_19519,1210,goods-s-deephst,19519,133114,133114,2022-10-24,53.16608601667002,-27.771262334473153,GS,3.7172,3.6034842861216196,A,3.6034842861216196,11.0,3.60448,-18.09126812409609
goods-n-mediumhst_19522,1181,goods-n-mediumhst,19522,1001637,1001637,2023-02-07,189.07750659276718,62.22727172687534,GN,1.527,-1.0,E,nan,nan,nan,nan
goods-n-mediumjwst_19524,1181,goods-n-mediumjwst,19524,1019524,1019524,2023-05-05,189.1320289688566,62.289266157857156,GN,7.77794,-1.0,E,nan,nan,nan,nan
goods-n-mediumhst_19528,1181,goods-n-mediumhst,19528,1001466,1001466,2023-02-07,189.08585429059238,62.2266001310581,GN,1.00973,1.0081009890622583,A,1.0081009890622583,2.0,1.010929,nan
goods-s-deephst_19606,1210,goods-s-deephst,19606,210963,210963,2022-10-24,53.17655010830128,-27.771107628770427,GS,5.6433,5.888616225518339,A,5.888616225518339,4.0,5.887616,-18.47195982108121
goods-s-deephst_19607,1210,goods-s-deephst,19607,210970,210970,2022-10-24,53.16002180592847,-27.77106890809468,GS,1.9612,1.8466281407908518,A,1.8466281407908518,8.0,1.83269,nan
goods-n-mediumjwst_19622,1181,goods-n-mediumjwst,19622,1019622,1019622,2023-05-05,189.12531807203246,62.289614925980715,GN,2.13425,-1.0,E,nan,nan,nan,nan
goods-s-mediumjwst_19628,1286,goods-s-mediumjwst,19628,19628,19628,2023-12-11,53.1078504,-27.8845531,GS,1.84876,-1.0,E,nan,nan,nan,nan
goods-s-deepjwst_19678,1287,goods-s-deepjwst,19678,19678,19678,2024-01-10,53.0837441,-27.8844821,GS,1.18842,1.2197459077038761,A,1.2197459077038761,2.0,1.216622,nan
goods-n-mediumjwst_19715,1181,goods-n-mediumjwst,19715,1019715,1019715,2023-05-05,189.1383284369887,62.289865443173255,GN,10.2974,9.302593423023962,A,9.302593423023962,2.0,9.304765,-19.973894888413966
goods-n-mediumhst_19765,1181,goods-n-mediumhst,19765,1216620,1025225,2023-02-07,189.10723033208205,62.22894990236498,GN,2.794,2.9226909823710017,A,2.9226909823710017,2.0,2.936855,nan
goods-s-deephst_19782,1210,goods-s-deephst,19782,133596,133596,2022-10-24,53.12707164769599,-27.770851864298603,GS,1.9669,2.312061,B,nan,nan,2.312061,nan
goods-n-mediumhst_19788,1181,goods-n-mediumhst,19788,1002016,1002016,2023-02-07,189.08287070688954,62.228998501725115,GN,1.836,-1.0,E,nan,nan,nan,nan
goods-n-mediumjwst_19803,1181,goods-n-mediumjwst,19803,1019803,1019803,2023-05-05,189.15553355530122,62.29024319733489,GN,4.64226,-1.0,E,nan,nan,nan,nan
goods-s-mediumjwst_19843,1286,goods-s-mediumjwst,19843,19843,19843,2023-12-11,53.1087341,-27.8843632,GS,2.65871,3.1433683738630522,A,3.1433683738630522,3.0,3.137056,-18.281907063622878
goods-n-mediumhst_19871,1181,goods-n-mediumhst,19871,1025267,1025267,2023-02-07,189.08912251620345,62.22942512339734,GN,1.528,1.24831,C,nan,nan,1.24831,nan
goods-n-mediumhst_19938,1181,goods-n-mediumhst,19938,1002194,1002194,2023-02-07,189.1274408054127,62.2298696451051,GN,1.585,-1.0,E,nan,nan,nan,nan
goods-n-mediumhst_19942,1181,goods-n-mediumhst,19942,1002165,1002165,2023-02-07,189.08861555010722,62.229713177653196,GN,0.687,1.0047,D,nan,nan,1.0047,nan
goods-s-mediumjwst_19954,1286,goods-s-mediumjwst,19954,19954,19954,2023-12-11,53.0387528,-27.88424,GS,1.81581,-1.0,E,nan,nan,nan,nan
goods-n-mediumjwst_19965,1181,goods-n-mediumjwst,19965,1019965,1019965,2023-05-05,189.11213781653078,62.290684620557336,GN,7.54749,-1.0,E,nan,nan,nan,nan
goods-s-mediumjwst_20162,1286,goods-s-mediumjwst,20162,20162,20162,2023-12-11,53.0874101,-27.8840564,GS,0.74842,0.8326032818700206,A,0.8326032818700206,2.0,0.832417,nan
goods-n-mediumhst_20163,1181,goods-n-mediumhst,20163,1002464,1002464,2023-02-07,189.08620569523003,62.23103043175396,GN,1.866,1.9818685100823066,A,1.9818685100823066,7.0,1.972433,nan
goods-n-mediumhst_20185,1181,goods-n-mediumhst,20185,1025374,1025374,2023-02-07,189.10652277316703,62.230628071344995,GN,2.932,2.93050824201511,A,2.93050824201511,9.0,2.937017,nan
goods-n-mediumjwst_20242,1181,goods-n-mediumjwst,20242,1020242,1020242,2023-05-05,189.13779707061673,62.29162884838282,GN,2.96286,2.87402,D,nan,nan,2.87402,nan
goods-n-mediumhst_20304,1181,goods-n-mediumhst,20304,1002663,1002663,2023-02-07,189.1024347205736,62.231893431651585,GN,1.209,1.1932074158088821,A,1.1932074158088821,1.0,1.193,nan
goods-s-deephst_20313,1210,goods-s-deephst,20313,134521,134521,2022-10-24,53.158319102017046,-27.770062710254802,GS,2.9185,2.843275757879209,A,2.843275757879209,3.0,2.840716,nan
goods-n-mediumhst_20516,1181,goods-n-mediumhst,20516,1002898,1002898,2023-02-07,189.09981874477026,62.23289067590806,GN,1.202,-1.0,E,nan,nan,nan,nan
goods-n-mediumhst_20617,1181,goods-n-mediumhst,20617,1003080,1003080,2023-02-07,189.04125858170343,62.23349855515247,GN,1.89,1.57954,C,nan,nan,1.57954,nan
goods-n-mediumjwst_20621,1181,goods-n-mediumjwst,20621,1020621,1020621,2023-05-05,189.12251529864125,62.2928497492568,GN,4.75875,4.6799950276240745,A,4.6799950276240745,4.0,4.682534,-18.408172329743405
goods-n-mediumhst_20652,1181,goods-n-mediumhst,20652,1025746,1025746,2023-02-07,189.12791602353053,62.233649890165054,GN,3.03,3.069841,B,nan,nan,3.069841,-18.79531458088504
goods-n-mediumhst_20695,1181,goods-n-mediumhst,20695,1025764,1025764,2023-02-07,189.11991626569719,62.23400244023245,GN,2.824,3.2087878510403813,A,3.2087878510403813,2.0,3.215139,-17.51536378560388
goods-n-mediumhst_20775,1181,goods-n-mediumhst,20775,1003227,1003227,2023-02-07,189.04313999094637,62.23416348058913,GN,1.004,1.0797018749182437,A,1.0797018749182437,3.0,1.071011,nan
goods-n-mediumjwst_20815,1181,goods-n-mediumjwst,20815,1020815,1020815,2023-05-05,189.13188968362707,62.29356742227679,GN,3.3662,-1.0,E,nan,nan,nan,nan
goods-n-mediumjwst_20917,1181,goods-n-mediumjwst,20917,1020897,1020897,2023-05-05,189.1245712191715,62.29388302870371,GN,5.17475,-1.0,E,nan,nan,nan,nan
goods-s-mediumjwst_20917,1286,goods-s-mediumjwst,20917,20917,20917,2023-12-11,53.0529371,-27.8834941,GS,4.54058,4.75149,D,nan,nan,4.75149,nan
goods-s-deephst_20961,1210,goods-s-deephst,20961,135819,135819,2022-10-24,53.1342286165878,-27.768913295765834,GS,7.055,7.041975357502403,A,7.041975357502403,1.0,7.042188,-18.539622602344476
goods-s-deephst_20962,1210,goods-s-deephst,20962,211846,211846,2022-10-24,53.13347639950988,-27.76890360759283,GS,1.8776,1.8059599541983098,A,1.8059599541983098,1.0,1.801812,nan
goods-n-mediumjwst_21086,1181,goods-n-mediumjwst,21086,1021086,1021086,2023-05-05,189.12142360747623,62.29445445822807,GN,4.90099,3.400114478746911,A,3.400114478746911,1.0,3.396225,-17.347154948463533
goods-n-mediumhst_21104,1181,goods-n-mediumhst,21104,1025970,1025970,2023-02-07,189.09733743939228,62.236013066614255,GN,2.273,2.3777801715191114,A,2.3777801715191114,1.0,2.378,nan
goods-s-deephst_21150,1210,goods-s-deephst,21150,211968,211968,2022-10-24,53.16995326956441,-27.7684042868418,GS,3.1668,3.0870072900799093,A,3.0870072900799093,8.0,3.06845,-19.2000495048397
goods-n-mediumhst_21158,1181,goods-n-mediumhst,21158,1025955,1115049,2023-02-07,189.08508909699762,62.2359658655147,GN,1.85479,1.8715410464519988,A,1.8715410464519988,13.0,1.873474,nan
goods-n-mediumhst_21222,1181,goods-n-mediumhst,21222,1003938,1003938,2023-02-07,189.04674014168123,62.236627424967566,GN,1.296,2.266501,B,nan,nan,2.266501,nan
goods-n-mediumhst_21226,1181,goods-n-mediumhst,21226,1026084,1115066,2023-02-07,189.08871971955722,62.236707681903496,GN,2.628,3.851661817203582,A,3.851661817203582,1.0,3.85785,-16.525451785631255
goods-s-deepjwst_21229,1287,goods-s-deepjwst,21229,21229,21229,2024-01-10,53.062131,-27.883257,GS,1.86718,1.9402391428609902,A,1.9402391428609902,2.0,1.93925,nan
goods-s-deephst_21232,1210,goods-s-deephst,21232,286176,286176,2022-10-24,53.12998948389656,-27.768384334777664,GS,2.7147,3.20579,C,nan,nan,3.20579,-15.997547278421408
goods-n-mediumjwst_21238,1181,goods-n-mediumjwst,21238,1021238,1021238,2023-05-05,189.12007278602493,62.295024916679395,GN,1.3016,1.2596975100199015,A,1.2596975100199015,1.0,1.255734,nan
goods-n-mediumhst_21327,1181,goods-n-mediumhst,21327,1004100,1004100,2023-02-07,189.0291114195693,62.23724662404234,GN,0.248,0.9458577888575423,A,0.9458577888575423,2.0,0.9386,nan
goods-n-mediumhst_21408,1181,goods-n-mediumhst,21408,1004241,1004241,2023-02-07,189.03613731959476,62.23769219678188,GN,1.666,1.6740029406170152,A,1.6740029406170152,4.0,1.67569,nan
goods-n-mediumhst_21432,1181,goods-n-mediumhst,21432,1026165,1026165,2023-02-07,189.04437712691478,62.23741063687879,GN,1.7,1.691267,B,nan,nan,1.691267,nan
goods-n-mediumhst_21438,1181,goods-n-mediumhst,21438,1004294,1004294,2023-02-07,189.10961336914158,62.237954404149775,GN,1.628,1.893,D,nan,nan,1.893,nan
goods-n-mediumhst_21449,1181,goods-n-mediumhst,21449,1004315,1004315,2023-02-07,189.02941765179668,62.23789165113425,GN,1.715,2.138821,C,nan,nan,2.138821,nan
goods-s-mediumjwst_21537,1286,goods-s-mediumjwst,21537,21537,21537,2023-12-11,53.0428224,-27.8830379,GS,0.64744,-1.0,E,nan,nan,nan,nan
goods-s-deephst_21598,1210,goods-s-deephst,21598,137160,137160,2022-10-24,53.15607588378456,-27.76765677257972,GS,1.7223,1.7156096210206777,A,1.7156096210206777,7.0,1.709815,nan
goods-n-mediumhst_21611,1181,goods-n-mediumhst,21611,1004480,1004480,2023-02-07,189.04248225766247,62.238500840573266,GN,0.269,-1.0,E,nan,nan,nan,nan
goods-n-mediumhst_21630,1181,goods-n-mediumhst,21630,1004570,1004570,2023-02-07,189.11716445156168,62.23880997184244,GN,2.23,1.868729930111795,A,1.868729930111795,2.0,1.877452,nan
goods-n-mediumhst_21642,1181,goods-n-mediumhst,21642,1086892,1086892,2023-02-07,189.0244383989448,62.2388240451092,GN,1.6,2.133028349207264,A,2.133028349207264,3.0,2.140864,nan
goods-n-mediumhst_21684,1181,goods-n-mediumhst,21684,1238092,-1,2023-02-07,189.00873074997267,62.239007086230934,GN,2.028,3.6647381166551223,A,3.6647381166551223,4.0,3.659887,-18.199870779202158
goods-n-mediumhst_21696,1181,goods-n-mediumhst,21696,1086895,1086895,2023-02-07,189.01267713769442,62.238874818379,GN,1.035,1.0284655128933147,A,1.0284655128933147,4.0,1.025978,nan
goods-n-mediumhst_21747,1181,goods-n-mediumhst,21747,1026450,1026450,2023-02-07,189.16868320976934,62.23938763646221,GN,2.849,3.162657200367183,A,3.162657200367183,6.0,3.168385,-18.580252083457225
goods-n-mediumhst_21754,1181,goods-n-mediumhst,21754,1026490,1026490,2023-02-07,189.12686974595331,62.239596393230514,GN,1.863,-1.0,E,nan,nan,nan,nan
goods-n-mediumhst_21768,1181,goods-n-mediumhst,21768,1004810,1004810,2023-02-07,189.13230736519742,62.23969404394805,GN,3.15,3.2114005933085847,A,3.2114005933085847,4.0,3.218786,-18.648524855949915
goods-n-mediumhst_21784,1181,goods-n-mediumhst,21784,1004892,1004892,2023-02-07,189.09940383421545,62.23980620839126,GN,2.761,3.1224769015228953,A,3.1224769015228953,2.0,3.1244,-18.120340045636382
goods-n-mediumhst_21803,1181,goods-n-mediumhst,21803,1004927,1004927,2023-02-07,189.04314575210205,62.239869897180064,GN,3.768,3.071,D,nan,nan,3.069748,-17.674127590872576
goods-n-mediumhst_21814,1181,goods-n-mediumhst,21814,1004937,1004937,2023-02-07,189.0956724782647,62.23996346433568,GN,2.606,2.9329843036239467,A,2.9329843036239467,4.0,2.919927,nan
goods-n-mediumhst_21823,1181,goods-n-mediumhst,21823,1004947,1004947,2023-02-07,189.11483958161938,62.24004721459831,GN,2.81,2.98913076941559,A,2.98913076941559,5.0,2.98628,nan
goods-n-mediumhst_21839,1181,goods-n-mediumhst,21839,1004921,1004921,2023-02-07,189.13517478168563,62.24003688103603,GN,1.761,1.61523,D,nan,nan,1.636687,nan
goods-s-deephst_21842,1210,goods-s-deephst,21842,137667,137667,2022-10-24,53.1568249588622,-27.7671588278678,GS,8.5839,7.979802308973017,A,7.979802308973017,5.0,7.977045,-18.66244050492871
goods-n-mediumhst_21868,1181,goods-n-mediumhst,21868,1005056,1005056,2023-02-07,189.12286855461556,62.24038071278287,GN,1.568,1.927867024107058,A,1.927867024107058,4.0,1.923891,nan
goods-n-mediumhst_21881,1181,goods-n-mediumhst,21881,1005084,1005084,2023-02-07,189.13569398214173,62.24050388112276,GN,1.947,-1.0,E,nan,nan,nan,nan
goods-n-mediumhst_21915,1181,goods-n-mediumhst,21915,1229543,-1,2023-02-07,189.00433074671847,62.24054548648981,GN,0.651,-1.0,E,nan,nan,nan,nan
goods-n-mediumhst_21916,1181,goods-n-mediumhst,21916,1026544,1026542,2023-02-07,189.08124600729462,62.240265431392984,GN,2.061,2.304009328359154,A,2.304009328359154,8.0,2.312794,nan
goods-n-mediumhst_21942,1181,goods-n-mediumhst,21942,1026585,1026585,2023-02-07,189.03354496675482,62.24070158634516,GN,3.04,2.9275664386798264,A,2.9275664386798264,4.0,2.92846,nan
goods-n-mediumhst_21944,1181,goods-n-mediumhst,21944,1241081,-1,2023-02-07,189.01634309287067,62.240680710483396,GN,2.517,-1.0,E,nan,nan,nan,nan
goods-n-mediumhst_21988,1181,goods-n-mediumhst,21988,1005242,1005242,2023-02-07,189.07292532271615,62.240971027891234,GN,2.916,2.9802200329150867,A,2.9802200329150867,3.0,2.981457,nan
goods-n-mediumhst_21993,1181,goods-n-mediumhst,21993,1005287,1005287,2023-02-07,189.04303909666606,62.24102398849096,GN,0.916,-1.0,E,nan,nan,nan,nan
goods-n-mediumhst_22000,1181,goods-n-mediumhst,22000,1005292,1005292,2023-02-07,189.13730835958793,62.241159823221096,GN,0.803,-1.0,E,nan,nan,nan,nan
goods-s-deephst_22012,1210,goods-s-deephst,22012,138090,138090,2022-10-24,53.137560850177714,-27.76662466562618,GS,3.387,1.82652,C,nan,nan,1.82652,nan
goods-n-mediumhst_22028,1181,goods-n-mediumhst,22028,1005320,1005320,2023-02-07,189.04949984454421,62.24117557664354,GN,1.267,1.2743361997147846,A,1.2743361997147846,2.0,1.284448,nan
goods-n-mediumhst_22043,1181,goods-n-mediumhst,22043,1005404,1005404,2023-02-07,189.1841325325949,62.24149377694705,GN,1.645,2.5813431516095617,A,2.5813431516095617,2.0,2.582625,nan
goods-s-deephst_22078,1210,goods-s-deephst,22078,138181,138181,2022-10-24,53.153561623188914,-27.766505865488984,GS,1.6752,1.6097796669228237,A,1.6097796669228237,11.0,1.618114,nan
goods-n-mediumhst_22149,1181,goods-n-mediumhst,22149,1026720,1026720,2023-02-07,189.19309861144825,62.24184521438098,GN,1.998,2.19354870186023,A,2.19354870186023,3.0,2.225259,nan
goods-n-mediumhst_22190,1181,goods-n-mediumhst,22190,1005664,1005664,2023-02-07,189.1818655360162,62.242298984497594,GN,1.124,1.04441,D,nan,nan,1.04441,nan
goods-n-mediumhst_22222,1181,goods-n-mediumhst,22222,1005730,1005730,2023-02-07,189.1091727086786,62.24244776134049,GN,1.598,1.598,C,nan,nan,1.598,nan
goods-n-mediumhst_22243,1181,goods-n-mediumhst,22243,1005756,1005756,2023-02-07,189.10984080948856,62.24253972428197,GN,0.371,-1.0,E,nan,nan,nan,nan
goods-n-mediumhst_22245,1181,goods-n-mediumhst,22245,1005753,1005753,2023-02-07,189.0995806975404,62.242540396584104,GN,0.471,-1.0,E,nan,nan,nan,nan
goods-s-deephst_22251,1210,goods-s-deephst,22251,138571,138571,2022-10-24,53.15406950576032,-27.766072334640402,GS,5.9812,5.797186552048625,A,5.797186552048625,6.0,5.798685,-18.868683160779607
goods-n-mediumhst_22266,1181,goods-n-mediumhst,22266,1026840,1026840,2023-02-07,189.0912598073264,62.24257894451406,GN,2.73,3.126836455476614,A,3.126836455476614,4.0,3.130136,-18.490009697047824
goods-n-mediumhst_22271,1181,goods-n-mediumhst,22271,1005817,1005817,2023-02-07,189.16303263271297,62.242737251787965,GN,1.183,-1.0,E,nan,nan,nan,nan
goods-n-mediumhst_22279,1181,goods-n-mediumhst,22279,1026846,1026846,2023-02-07,189.02635576574406,62.24257919403078,GN,2.347,2.3263387311196397,A,2.3263387311196397,15.0,2.328177,nan
goods-n-mediumhst_22309,1181,goods-n-mediumhst,22309,1026869,1026869,2023-02-07,189.0712207231792,62.24286727807733,GN,0.675,-1.0,E,nan,nan,nan,nan
goods-n-mediumhst_22311,1181,goods-n-mediumhst,22311,1005878,1005878,2023-02-07,189.15230753582867,62.24294597034417,GN,1.73,1.969433,C,nan,nan,1.969433,nan
goods-n-mediumhst_22363,1181,goods-n-mediumhst,22363,1005956,1005956,2023-02-07,189.03186652311382,62.24309487107205,GN,1.717,2.002,C,nan,nan,2.002,nan
goods-n-mediumhst_22411,1181,goods-n-mediumhst,22411,1005985,1005985,2023-02-07,189.0410605619187,62.243227278993,GN,4.01,3.6817955449957247,A,3.6817955449957247,5.0,3.682321,-18.750610236821064
goods-n-mediumhst_22439,1181,goods-n-mediumhst,22439,1026968,1026968,2023-02-07,189.08398428101864,62.24342948323279,GN,0.682,0.688577,C,nan,nan,0.688577,nan
goods-n-mediumhst_22456,1181,goods-n-mediumhst,22456,1026913,1026913,2023-02-07,189.0357219597444,62.243153623035596,GN,3.275,3.12889885758105,A,3.12889885758105,9.0,3.12931,nan
goods-n-mediumhst_22468,1181,goods-n-mediumhst,22468,1006089,1006089,2023-02-07,189.0478193736898,62.24348085509852,GN,2.19,2.088131,C,nan,nan,2.088131,nan
goods-n-mediumhst_22476,1181,goods-n-mediumhst,22476,1006133,1006133,2023-02-07,189.15809639615136,62.24370164596333,GN,0.522,-1.0,E,nan,nan,nan,nan
goods-n-mediumhst_22481,1181,goods-n-mediumhst,22481,1026917,1026917,2023-02-07,189.10728379365057,62.243385953661964,GN,3.33482,3.3350970101911424,A,3.3350970101911424,10.0,3.339229,-19.28666950036849
goods-n-mediumhst_22509,1181,goods-n-mediumhst,22509,1006222,1006222,2023-02-07,189.10869110675668,62.24390589943943,GN,2.534,2.5736745066534574,A,2.5736745066534574,4.0,2.577067,nan
goods-n-mediumhst_22517,1181,goods-n-mediumhst,22517,1189356,1087183,2023-02-07,189.00966234572698,62.243851379264285,GN,1.792,2.5355184839488043,A,2.5355184839488043,8.0,2.53247,nan
goods-n-mediumhst_22608,1181,goods-n-mediumhst,22608,1006399,1006399,2023-02-07,189.18360238771598,62.24444702750108,GN,2.131,2.48672,D,nan,nan,2.48672,nan
goods-n-mediumhst_22685,1181,goods-n-mediumhst,22685,1027167,1115197,2023-02-07,189.1131268258771,62.24467766516836,GN,2.347,2.2700202541710235,A,2.2700202541710235,3.0,2.264532,nan
goods-n-mediumhst_22689,1181,goods-n-mediumhst,22689,1006585,1006585,2023-02-07,189.1852257129542,62.244930956362936,GN,1.535,-1.0,E,nan,nan,nan,nan
goods-n-mediumhst_22699,1181,goods-n-mediumhst,22699,1027075,1027075,2023-02-07,189.07295027845706,62.24405825183628,GN,1.471,1.838789,B,nan,nan,1.838789,nan
goods-n-mediumhst_22737,1181,goods-n-mediumhst,22737,1006622,1006622,2023-02-07,189.08222958759993,62.245038715746816,GN,3.063,3.073437045626682,A,3.073437045626682,6.0,3.07898,-19.58439305788768
goods-n-mediumhst_22739,1181,goods-n-mediumhst,22739,1027185,1027184,2023-02-07,189.03501537352713,62.244742785401996,GN,0.477,0.4713566143001141,A,0.4713566143001141,1.0,0.468406,nan
goods-n-mediumhst_22784,1181,goods-n-mediumhst,22784,1087276,1087276,2023-02-07,189.01463935830438,62.245381165425165,GN,0.69,-1.0,E,nan,nan,nan,nan
goods-s-mediumjwst_22803,1286,goods-s-mediumjwst,22803,22803,22803,2023-12-11,53.081057,-27.8821042,GS,-1.0,0.705,D,nan,nan,0.705,nan
goods-n-mediumhst_22810,1181,goods-n-mediumhst,22810,1006809,1006809,2023-02-07,189.03240832702923,62.2455090120158,GN,2.869,3.2411552562776524,A,3.2411552562776524,2.0,3.250335,-17.340861552447578
goods-n-mediumhst_22812,1181,goods-n-mediumhst,22812,1006807,1006807,2023-02-07,189.04237241579747,62.245532361557025,GN,2.894,3.0721726934951845,A,3.0721726934951845,7.0,3.065993,-20.10741776622617
goods-n-mediumhst_22814,1181,goods-n-mediumhst,22814,1006818,1006818,2023-02-07,189.01898587186864,62.24551589087633,GN,2.71,2.2247333468960697,A,2.2247333468960697,2.0,2.21717,nan
goods-n-mediumhst_22826,1181,goods-n-mediumhst,22826,1006819,1006819,2023-02-07,189.06872330201423,62.24561964273347,GN,2.296,-1.0,E,nan,nan,nan,nan
goods-n-mediumhst_22836,1181,goods-n-mediumhst,22836,1027242,1027242,2023-02-07,189.08076854559505,62.24541583899664,GN,2.341,2.327910396501182,A,2.327910396501182,5.0,2.320719,nan
goods-n-mediumhst_22837,1181,goods-n-mediumhst,22837,1027279,1027279,2023-02-07,189.02323436827382,62.245629621187675,GN,3.807,4.150972050635673,A,4.150972050635673,7.0,4.150369,-18.796292011295936
goods-n-mediumhst_22847,1181,goods-n-mediumhst,22847,1006760,1006760,2023-02-07,189.11083984182193,62.24553187744599,GN,0.627,0.6267114155073521,A,0.6267114155073521,12.0,0.623959,nan
goods-n-mediumhst_22896,1181,goods-n-mediumhst,22896,1006966,1006966,2023-02-07,189.1720896429812,62.24606990127243,GN,2.915,3.174463669880028,A,3.174463669880028,1.0,3.176535,-17.25305096902553
goods-n-mediumhst_22908,1181,goods-n-mediumhst,22908,1006994,1006994,2023-02-07,189.11464244448294,62.24614867333079,GN,1.462,2.07695666732229,A,2.07695666732229,3.0,2.063373,nan
goods-n-mediumhst_22917,1181,goods-n-mediumhst,22917,1087297,1087297,2023-02-07,189.00666962934952,62.24582371917377,GN,0.709,0.69,D,nan,nan,0.676875,nan
goods-s-deephst_22924,1210,goods-s-deephst,22924,140119,140119,2022-10-24,53.152557291899015,-27.76402920705947,GS,3.8892,3.701204741992084,A,3.701204741992084,1.0,3.70289,-17.08521320054332
goods-n-mediumhst_22932,1181,goods-n-mediumhst,22932,1007059,1007059,2023-02-07,189.10830779846003,62.246280098031455,GN,1.66,2.04188,D,nan,nan,2.04188,nan
goods-n-mediumhst_22936,1181,goods-n-mediumhst,22936,1007080,1007080,2023-02-07,189.10564252442373,62.246328276189885,GN,1.8,2.0803499377644004,A,2.0803499377644004,3.0,2.074549,nan
goods-n-mediumhst_22945,1181,goods-n-mediumhst,22945,1007081,1007081,2023-02-07,189.04635807921557,62.24628015530168,GN,1.626,1.741209,B,nan,nan,1.741209,nan
goods-n-mediumhst_22956,1181,goods-n-mediumhst,22956,1007049,1007049,2023-02-07,189.15053438532956,62.24631733293744,GN,0.643,-1.0,E,nan,nan,nan,nan
goods-n-mediumhst_23008,1181,goods-n-mediumhst,23008,1027381,1115223,2023-02-07,189.04844536497828,62.24647203268437,GN,1.693,1.482838,B,nan,nan,1.482838,nan
goods-n-mediumhst_23019,1181,goods-n-mediumhst,23019,1027382,1027382,2023-02-07,189.04876942329608,62.24654701694955,GN,1.484,1.4797365267919553,A,1.4797365267919553,6.0,1.477662,nan
goods-s-mediumjwst_23025,1286,goods-s-mediumjwst,23025,23025,23025,2023-12-11,53.0616254,-27.8819225,GS,2.47355,-1.0,E,nan,nan,nan,nan
goods-n-mediumhst_23044,1181,goods-n-mediumhst,23044,1007278,1007278,2023-02-07,189.09644773162674,62.246988926881,GN,2.565,-1.0,E,nan,nan,nan,nan
goods-n-mediumhst_23055,1181,goods-n-mediumhst,23055,1027465,1027465,2023-02-07,189.02657914006184,62.24695349904728,GN,1.479,1.19268,D,nan,nan,1.19268,nan
goods-n-mediumhst_23123,1181,goods-n-mediumhst,23123,1027468,1027468,2023-02-07,189.04216385008127,62.24701248336171,GN,2.325,-1.0,E,nan,nan,nan,nan
goods-n-mediumhst_23129,1181,goods-n-mediumhst,23129,1007449,1007449,2023-02-07,189.19655572426916,62.247471398611715,GN,1.599,-1.0,E,nan,nan,nan,nan
goods-n-mediumhst_23141,1181,goods-n-mediumhst,23141,1007478,1007478,2023-02-07,189.15738750562952,62.24754097296912,GN,2.519,2.34868,D,nan,nan,2.34868,nan
goods-n-mediumhst_23152,1181,goods-n-mediumhst,23152,1027476,1027476,2023-02-07,189.0323928439733,62.24718913579671,GN,2.699,2.58076132937627,A,2.58076132937627,3.0,2.588868,nan
goods-n-mediumhst_23167,1181,goods-n-mediumhst,23167,1007493,1007493,2023-02-07,189.19024010367306,62.247674827860735,GN,2.19292,2.192382052827911,A,2.192382052827911,10.0,2.189984,nan
goods-s-deepjwst_23167,1287,goods-s-deepjwst,23167,23167,23167,2024-01-10,53.0721956,-27.881792,GS,2.49807,2.687193,B,nan,nan,2.687193,nan
goods-n-mediumhst_23199,1181,goods-n-mediumhst,23199,1027312,1027312,2023-02-07,189.07929581391576,62.24680203674142,GN,2.30191,2.305195,B,nan,nan,2.305195,nan
goods-n-mediumhst_23242,1181,goods-n-mediumhst,23242,1027673,1027673,2023-02-07,189.10939648329668,62.24811516077742,GN,1.777,-1.0,E,nan,nan,nan,nan
goods-n-mediumhst_23278,1181,goods-n-mediumhst,23278,1027522,1027522,2023-02-07,189.20375551368903,62.247504928612656,GN,2.36277,2.362898863989657,A,2.362898863989657,8.0,2.370269,nan
goods-n-mediumhst_23286,1181,goods-n-mediumhst,23286,1027481,1027481,2023-02-07,189.18346828370377,62.24739325156042,GN,2.095,1.780517,B,nan,nan,1.780517,nan
goods-n-mediumhst_23314,1181,goods-n-mediumhst,23314,1007851,1007851,2023-02-07,189.1174344977375,62.24857866791102,GN,2.292,2.328214074106814,A,2.328214074106814,7.0,2.323886,nan
goods-n-mediumhst_23367,1181,goods-n-mediumhst,23367,1007948,1007948,2023-02-07,189.20115267420218,62.24893520391664,GN,2.787,2.979742331327175,A,2.979742331327175,7.0,2.979534,nan
goods-n-mediumhst_23383,1181,goods-n-mediumhst,23383,1008015,1008015,2023-02-07,189.09822954473927,62.248995956796755,GN,2.193,2.419423508870982,A,2.419423508870982,2.0,2.418966,nan
goods-n-mediumhst_23424,1181,goods-n-mediumhst,23424,1027825,1027825,2023-02-07,189.15852113954688,62.249195019482165,GN,1.559,-1.0,E,nan,nan,nan,nan
goods-s-deephst_23431,1210,goods-s-deephst,23431,141305,141305,2022-10-24,53.13304837844649,-27.762420915861636,GS,1.6,1.759111,C,nan,nan,1.759111,nan
goods-n-mediumhst_23505,1181,goods-n-mediumhst,23505,1008273,1008273,2023-02-07,189.07138586068382,62.24973176884294,GN,2.705,2.9419244795871275,A,2.9419244795871275,2.0,2.940577,nan
goods-n-mediumhst_23519,1181,goods-n-mediumhst,23519,1027858,1027858,2023-02-07,189.1947621788007,62.24956966960171,GN,0.73,-1.0,E,nan,nan,nan,nan
goods-n-mediumhst_23590,1181,goods-n-mediumhst,23590,1008417,1008417,2023-02-07,189.156722267132,62.25023821366583,GN,2.133,2.274084658597424,A,2.274084658597424,2.0,2.277476,nan
goods-n-mediumhst_23638,1181,goods-n-mediumhst,23638,1027949,1115289,2023-02-07,189.04678829122284,62.25005440292349,GN,2.011,2.4166238476082604,A,2.4166238476082604,13.0,2.413705,nan
goods-n-mediumhst_23656,1181,goods-n-mediumhst,23656,1008531,1008531,2023-02-07,189.1799888885973,62.25056871182263,GN,2.148,1.908432600288744,A,1.908432600288744,2.0,1.901088,nan
goods-n-mediumhst_23668,1181,goods-n-mediumhst,23668,1008493,1008493,2023-02-07,189.03994865549487,62.25039987587567,GN,2.035,2.050599,B,nan,nan,2.050599,nan
goods-n-mediumhst_23678,1181,goods-n-mediumhst,23678,1028087,1028087,2023-02-07,189.06739371830938,62.25067309904977,GN,1.415,1.9944879359568717,A,1.9944879359568717,1.0,1.993861,nan
goods-n-mediumhst_23682,1181,goods-n-mediumhst,23682,1093774,1093774,2023-02-07,189.01833028710024,62.250331285639454,GN,3.0,3.1253348177737728,A,3.1253348177737728,9.0,3.132904,-19.621071523630107
goods-n-mediumhst_23695,1181,goods-n-mediumhst,23695,1008575,1008575,2023-02-07,189.19317437398405,62.25075686052312,GN,0.854,-1.0,E,nan,nan,nan,nan
goods-n-mediumhst_23715,1181,goods-n-mediumhst,23715,1087691,1087691,2023-02-07,189.10936933925495,62.250895365697374,GN,1.62,1.3496425500847749,A,1.3496425500847749,6.0,1.34349,nan
goods-n-mediumhst_23742,1181,goods-n-mediumhst,23742,1008538,1008538,2023-02-07,189.081045186903,62.25063320210158,GN,3.12701,3.125662908627242,A,3.125662908627242,15.0,3.125412,-20.073137183295422
goods-n-mediumhst_23749,1181,goods-n-mediumhst,23749,1087702,1087702,2023-02-07,189.02802652197698,62.25092069421498,GN,1.634,2.266120988416491,A,2.266120988416491,4.0,2.263942,nan
goods-n-mediumhst_23755,1181,goods-n-mediumhst,23755,1008687,1008687,2023-02-07,189.19836504044522,62.251095544680545,GN,1.35,1.0138240693317466,A,1.0138240693317466,2.0,1.016109,nan
goods-s-deepjwst_23771,1287,goods-s-deepjwst,23771,23771,23771,2024-01-10,53.0847544,-27.8814736,GS,3.67778,4.279234836060239,A,4.279234836060239,1.0,4.277763,-18.061370029594507
goods-n-mediumhst_23794,1181,goods-n-mediumhst,23794,1023794,-1,2023-02-07,189.11249977402036,62.25120418313108,GN,1.688,2.479203,C,nan,nan,2.479203,nan
goods-n-mediumhst_23817,1181,goods-n-mediumhst,23817,1028003,1028003,2023-02-07,189.09886807427375,62.25048602383902,GN,1.788,1.7777937354587787,A,1.7777937354587787,1.0,1.774811,nan
goods-n-mediumhst_23845,1181,goods-n-mediumhst,23845,1008762,1008762,2023-02-07,189.11440001859128,62.25132906773211,GN,0.562,1.136,D,nan,nan,1.136,nan
goods-n-mediumhst_23873,1181,goods-n-mediumhst,23873,1087749,1087749,2023-02-07,189.01464125457593,62.25152361413844,GN,2.61,2.941803472560995,A,2.941803472560995,11.0,2.940598,nan
goods-n-mediumhst_23874,1181,goods-n-mediumhst,23874,1087741,1087741,2023-02-07,189.02059190318013,62.25153122533561,GN,2.33,2.2727700129869612,A,2.2727700129869612,15.0,2.279864,nan
goods-n-mediumhst_23877,1181,goods-n-mediumhst,23877,1028200,1028200,2023-02-07,189.11910461125305,62.25159677898267,GN,0.298,-1.0,E,nan,nan,nan,nan
goods-n-mediumhst_23895,1181,goods-n-mediumhst,23895,1008892,1008892,2023-02-07,189.09947152342713,62.25172807505722,GN,0.945,1.01947,D,nan,nan,1.01947,nan
goods-n-mediumhst_23924,1181,goods-n-mediumhst,23924,1028074,1028074,2023-02-07,189.03204994823838,62.25088642840133,GN,1.675,1.6754038637885678,A,1.6754038637885678,15.0,1.675195,nan
goods-n-mediumhst_23949,1181,goods-n-mediumhst,23949,1093840,1093840,2023-02-07,189.0273784942403,62.251058746710676,GN,2.37,2.0840801045657935,A,2.0840801045657935,14.0,2.086989,nan
goods-n-mediumhst_23987,1181,goods-n-mediumhst,23987,1028277,1028277,2023-02-07,189.18852731201642,62.25218326963683,GN,3.072,2.9297705835934287,A,2.9297705835934287,2.0,2.9406,nan
goods-n-mediumhst_23999,1181,goods-n-mediumhst,23999,1087798,1087798,2023-02-07,189.03170029320637,62.252126541900736,GN,1.786,-1.0,E,nan,nan,nan,nan
goods-n-mediumhst_24006,1181,goods-n-mediumhst,24006,1087802,1087802,2023-02-07,189.00733465346264,62.25214713773102,GN,5.67,5.446751186333402,A,5.446751186333402,6.0,5.451199,-19.328651483280595
goods-n-mediumhst_24038,1181,goods-n-mediumhst,24038,1009090,1009090,2023-02-07,189.04212350270922,62.252378878125874,GN,0.96,0.931,D,nan,nan,0.931,nan
goods-n-mediumhst_24058,1181,goods-n-mediumhst,24058,1087818,1087818,2023-02-07,189.11822377383817,62.25243189772842,GN,1.673,1.78987,C,nan,nan,1.78987,nan
goods-n-mediumhst_24072,1181,goods-n-mediumhst,24072,1009126,1009126,2023-02-07,189.06835540335967,62.25255317345046,GN,0.5,-1.0,E,nan,nan,nan,nan
goods-s-deepjwst_24074,1287,goods-s-deepjwst,24074,24074,24074,2024-01-10,53.0822337,-27.8813178,GS,1.86748,-1.0,E,nan,nan,nan,nan
goods-n-mediumhst_24080,1181,goods-n-mediumhst,24080,1028301,1028301,2023-02-07,189.15741708238542,62.25263234302965,GN,1.236,1.8178750174305498,A,1.8178750174305498,9.0,1.81804,nan
goods-n-mediumhst_24091,1181,goods-n-mediumhst,24091,1009164,1009164,2023-02-07,189.1635927826351,62.25273394545618,GN,2.509,2.328171558148167,A,2.328171558148167,2.0,2.326099,nan
goods-n-mediumhst_24094,1181,goods-n-mediumhst,24094,1087843,1087843,2023-02-07,189.02204437585368,62.252551204823796,GN,0.401,-1.0,E,nan,nan,nan,nan
goods-n-mediumhst_24249,1181,goods-n-mediumhst,24249,1113600,1009426,2023-02-07,189.0897490161994,62.253498841374686,GN,1.64,1.7020520695468815,A,1.7020520695468815,10.0,1.707157,nan
goods-n-mediumhst_24257,1181,goods-n-mediumhst,24257,1009469,1009469,2023-02-07,189.17752357741884,62.253660099410645,GN,1.666,2.922211089855496,A,2.922211089855496,4.0,nan,nan
goods-n-mediumhst_24266,1181,goods-n-mediumhst,24266,1009453,1009453,2023-02-07,189.16234694144265,62.253684096582944,GN,3.13,2.9629415309265235,A,2.9629415309265235,3.0,2.96743,nan
goods-s-mediumjwst_24277,1286,goods-s-mediumjwst,24277,24277,24277,2023-12-11,53.0918423,-27.8811411,GS,3.33977,3.7078206268335343,A,3.7078206268335343,2.0,3.708028,-17.470762819358743
goods-n-mediumhst_24311,1181,goods-n-mediumhst,24311,1087959,1087959,2023-02-07,189.0312767793607,62.253849695529844,GN,1.656,1.673355,B,nan,nan,1.673355,nan
goods-n-mediumhst_24343,1181,goods-n-mediumhst,24343,1028455,1028455,2023-02-07,189.05218497422206,62.253607309243314,GN,2.717,2.74401,C,nan,nan,2.74401,nan
goods-s-mediumjwst_24388,1286,goods-s-mediumjwst,24388,24388,24388,2023-12-11,53.1443693,-27.8811042,GS,6.28341,5.553895764745936,A,5.553895764745936,3.0,5.554863,-18.372248333643352
goods-n-mediumhst_24392,1181,goods-n-mediumhst,24392,1087962,1087962,2023-02-07,189.11469387679708,62.25400324386857,GN,0.807,0.803905,C,nan,nan,0.803905,nan
goods-n-mediumhst_24396,1181,goods-n-mediumhst,24396,1088022,1088022,2023-02-07,189.01942860818204,62.25422349818205,GN,1.609,1.3320935119104604,A,1.3320935119104604,1.0,1.322014,nan
goods-n-mediumhst_24414,1181,goods-n-mediumhst,24414,1009699,1009699,2023-02-07,189.17711679343483,62.254501187547454,GN,0.493,0.30598,D,nan,nan,0.30598,nan
goods-n-mediumhst_24429,1181,goods-n-mediumhst,24429,1088042,1088042,2023-02-07,189.03214707058447,62.25448668511797,GN,1.254,1.672148,C,nan,nan,1.672148,nan
goods-n-mediumjwst_24429,1181,goods-n-mediumjwst,24429,1024429,1024429,2023-05-05,189.1395588510555,62.213675782642525,GN,1.71994,1.222,D,nan,nan,1.222,nan
goods-n-mediumjwst_24438,1181,goods-n-mediumjwst,24438,1024435,1024435,2023-05-05,189.1331815014213,62.21444135093088,GN,2.52458,2.4432539395171085,A,2.4432539395171085,12.0,2.444021,nan
goods-n-mediumhst_24442,1181,goods-n-mediumhst,24442,1028559,1028559,2023-02-07,189.1696939716052,62.25444267015359,GN,0.031,-1.0,E,nan,nan,nan,nan
goods-n-mediumhst_24447,1181,goods-n-mediumhst,24447,1009741,1009741,2023-02-07,189.0544735342555,62.25461623313657,GN,1.703,1.480907434384084,A,1.480907434384084,3.0,1.480926,nan
goods-n-mediumjwst_24526,1181,goods-n-mediumjwst,24526,1024526,1024526,2023-05-05,189.1415085001148,62.21946086343256,GN,2.69952,2.751590013275625,A,2.751590013275625,3.0,2.748083,nan
goods-n-mediumhst_24552,1181,goods-n-mediumhst,24552,1235281,-1,2023-02-07,189.1176365731133,62.255224140230546,GN,0.426,0.6804349412413307,A,0.6804349412413307,2.0,0.674465,nan
goods-n-mediumjwst_24569,1181,goods-n-mediumjwst,24569,1024569,1024569,2023-05-05,189.14060466702676,62.2203658722321,GN,2.4718,2.44181663637368,A,2.44181663637368,3.0,2.441103,nan
goods-s-mediumjwst_24571,1286,goods-s-mediumjwst,24571,24571,24571,2023-12-11,53.1486445,-27.8809923,GS,2.28445,2.590137,C,nan,nan,2.590137,nan
goods-n-mediumhst_24586,1181,goods-n-mediumhst,24586,1094068,1094068,2023-02-07,189.03274021281135,62.254738664710985,GN,1.58,1.439393,B,nan,nan,1.439393,nan
goods-n-mediumhst_24590,1181,goods-n-mediumhst,24590,1009910,1009910,2023-02-07,189.1485780046514,62.255478130548276,GN,1.64,2.59097,D,nan,nan,2.59097,nan
goods-n-mediumhst_24599,1181,goods-n-mediumhst,24599,1009924,1009924,2023-02-07,189.2098876611481,62.255538113104045,GN,1.162,0.9627897153993884,A,0.9627897153993884,2.0,0.972395,nan
goods-n-mediumhst_24603,1181,goods-n-mediumhst,24603,1009915,1009915,2023-02-07,189.0739099003108,62.25544802122711,GN,1.589,1.870350928247968,A,1.870350928247968,5.0,1.878671,nan
goods-n-mediumhst_24607,1181,goods-n-mediumhst,24607,1088122,1088122,2023-02-07,189.1163735311161,62.25553124544232,GN,1.057,1.452,C,nan,nan,1.452,nan
goods-n-mediumhst_24616,1181,goods-n-mediumhst,24616,1009939,1009939,2023-02-07,189.19644322659028,62.25560400018594,GN,2.182,2.3170626068193108,A,2.3170626068193108,2.0,2.314527,nan
goods-n-mediumhst_24637,1181,goods-n-mediumhst,24637,1088133,1088133,2023-02-07,189.02203430745078,62.25557142617346,GN,0.99,1.102588,B,nan,nan,1.102588,nan
goods-s-deepjwst_24638,1287,goods-s-deepjwst,24638,24638,24638,2024-01-10,53.0637991,-27.8809255,GS,3.46745,3.6323658953388502,A,3.6323658953388502,6.0,3.631152,-17.980737799611767
goods-s-mediumjwst_24638,1286,goods-s-mediumjwst,24638,24638,24638,2023-12-11,53.0637991,-27.8809255,GS,-1.0,3.6317531710196733,A,3.6317531710196733,2.0,3.629429,-19.176133691748593
goods-n-mediumhst_24684,1181,goods-n-mediumhst,24684,1088160,1088160,2023-02-07,189.03332963233075,62.2558897102425,GN,1.7,1.48502,D,nan,nan,1.48502,nan
goods-n-mediumhst_24689,1181,goods-n-mediumhst,24689,1088158,1088158,2023-02-07,189.01504664409651,62.25588090600782,GN,1.368,2.179443752374394,A,2.179443752374394,9.0,2.179365,nan
goods-n-mediumjwst_24707,1181,goods-n-mediumjwst,24707,1024704,1024704,2023-05-05,189.14971946563807,62.22212397112279,GN,5.9384,5.935936364704493,A,5.935936364704493,3.0,5.929676,-18.525055737927534
goods-n-mediumhst_24711,1181,goods-n-mediumhst,24711,1010068,1010068,2023-02-07,189.1716417050685,62.256132665880486,GN,0.003,2.00407,D,nan,nan,1.999495,nan
goods-n-mediumhst_24722,1181,goods-n-mediumhst,24722,1009985,1009985,2023-02-07,189.08858760006092,62.25579608530882,GN,1.702,1.63108244452886,A,1.63108244452886,5.0,1.622535,nan
goods-n-mediumhst_24728,1181,goods-n-mediumhst,24728,1028676,1028676,2023-02-07,189.19026159627956,62.255729414945485,GN,1.88349,1.9080359617957297,A,1.9080359617957297,13.0,1.90334,nan
goods-n-mediumhst_24734,1181,goods-n-mediumhst,24734,-2,1028695,2023-02-07,189.1627176921189,62.255982240181545,GN,0.245,-1.0,E,nan,nan,nan,nan
goods-n-mediumhst_24739,1181,goods-n-mediumhst,24739,-4,-1,2023-02-07,188.9919592110111,62.25612443411223,GN,1.524,1.3787314814785006,A,1.3787314814785006,2.0,1.362968,nan
goods-n-mediumhst_24755,1181,goods-n-mediumhst,24755,1010027,1010027,2023-02-07,189.1480421287147,62.256067208725,GN,2.98032,2.9804937503593765,A,2.9804937503593765,12.0,2.997292,nan
goods-n-mediumhst_24799,1181,goods-n-mediumhst,24799,1088204,1088204,2023-02-07,189.1219644279214,62.256471947767956,GN,1.938,2.2064914367919943,A,2.2064914367919943,4.0,2.192074,nan
goods-n-mediumhst_24804,1181,goods-n-mediumhst,24804,1010177,1010177,2023-02-07,189.0853334947049,62.256597357010875,GN,0.42,2.149819,C,nan,nan,2.149819,nan
goods-n-mediumhst_24816,1181,goods-n-mediumhst,24816,1010153,1010153,2023-02-07,189.1678074327978,62.25659495114238,GN,0.732,-1.0,E,nan,nan,nan,nan
goods-n-mediumjwst_24819,1181,goods-n-mediumjwst,24819,1024819,1024819,2023-05-05,189.13647358333563,62.223402967016064,GN,7.0648,7.139376641211584,A,7.139376641211584,3.0,7.137152,-19.515799401654174
goods-n-mediumhst_24824,1181,goods-n-mediumhst,24824,1028741,1028741,2023-02-07,189.0987008428424,62.25626845730338,GN,0.84596,0.8470131761823312,A,0.8470131761823312,6.0,0.841604,nan
goods-n-mediumjwst_24835,1181,goods-n-mediumjwst,24835,1024835,1024835,2023-05-05,189.1241946196592,62.22515250922082,GN,3.09429,2.931847250598005,A,2.931847250598005,9.0,2.930185,nan
goods-n-mediumjwst_24845,1181,goods-n-mediumjwst,24845,1024845,1024845,2023-05-05,189.14187678150782,62.2240729433182,GN,0.51832,-1.0,E,nan,nan,nan,nan
goods-n-mediumhst_24857,1181,goods-n-mediumhst,24857,-4,-1,2023-02-07,188.99467867600814,62.25667329634846,GN,1.544,1.4836494635686945,A,1.4836494635686945,11.0,1.477154,nan
goods-n-mediumhst_24892,1181,goods-n-mediumhst,24892,1088267,1088267,2023-02-07,189.1122615710349,62.25710262972164,GN,1.777,1.9967150555528819,A,1.9967150555528819,2.0,2.004964,nan
goods-n-mediumhst_24896,1181,goods-n-mediumhst,24896,1088266,1088266,2023-02-07,189.03528319657264,62.25702966568112,GN,1.803,1.6719574074289936,A,1.6719574074289936,3.0,1.675904,nan
goods-n-mediumhst_24911,1181,goods-n-mediumhst,24911,1088225,1088225,2023-02-07,189.12040933234286,62.25670806693931,GN,1.533,1.6456200678956758,A,1.6456200678956758,1.0,1.6441,nan
goods-n-mediumhst_24927,1181,goods-n-mediumhst,24927,1088251,1088251,2023-02-07,189.1112084188559,62.256979689750736,GN,1.668,1.6723324179540107,A,1.6723324179540107,3.0,1.645535,nan
goods-n-mediumjwst_24935,1181,goods-n-mediumjwst,24935,1024935,1024935,2023-05-05,189.1846169930319,62.22535357626887,GN,3.73008,-1.0,E,nan,nan,nan,nan
goods-n-mediumhst_24958,1181,goods-n-mediumhst,24958,1010306,1010306,2023-02-07,189.17523044677546,62.25727451391346,GN,1.674,1.531320321494926,A,1.531320321494926,4.0,1.523889,nan
goods-n-mediumhst_24968,1181,goods-n-mediumhst,24968,1010351,1010351,2023-02-07,189.0829994832473,62.25737956704439,GN,1.212,1.2232280119771848,A,1.2232280119771848,1.0,1.219345,nan
goods-n-mediumhst_24971,1181,goods-n-mediumhst,24971,1088312,1088312,2023-02-07,189.0185645194044,62.257477792517236,GN,1.327,1.38187,D,nan,nan,1.38187,nan
goods-n-mediumhst_24977,1181,goods-n-mediumhst,24977,1234782,1102533,2023-02-07,189.11068455774344,62.25761277033569,GN,1.7,1.673,C,nan,nan,1.673,nan
goods-n-mediumhst_25030,1181,goods-n-mediumhst,25030,1184284,1028817,2023-02-07,189.09503561758746,62.25682573814453,GN,1.74697,1.7445204742500804,A,1.7445204742500804,16.0,1.746684,nan
goods-n-mediumhst_25041,1181,goods-n-mediumhst,25041,1088330,1088330,2023-02-07,189.13233698536854,62.257873370296544,GN,1.965,1.9928544744766057,A,1.9928544744766057,11.0,1.999853,nan
goods-n-mediumjwst_25055,1181,goods-n-mediumjwst,25055,1025055,1025055,2023-05-05,189.1603816383176,62.22750250150682,GN,1.03216,1.0170009390458765,A,1.0170009390458765,7.0,1.015556,nan
goods-n-mediumjwst_25075,1181,goods-n-mediumjwst,25075,1025075,1025075,2023-05-05,189.15442622584965,62.22901877885846,GN,2.90505,2.0909994325824517,A,2.0909994325824517,2.0,2.097839,nan
goods-n-mediumhst_25086,1181,goods-n-mediumhst,25086,1115489,1028961,2023-02-07,189.09740828285277,62.25814567914927,GN,1.779,1.779,D,nan,nan,1.779,nan
goods-n-mediumhst_25093,1181,goods-n-mediumhst,25093,1010547,1010547,2023-02-07,189.1750857304966,62.258242594137926,GN,2.773,-1.0,E,nan,nan,nan,nan
goods-n-mediumjwst_25104,1181,goods-n-mediumjwst,25104,1025104,1025104,2023-05-05,189.15730333798095,62.22782746264349,GN,1.03723,1.0167083358245708,A,1.0167083358245708,4.0,1.016838,nan
goods-n-mediumhst_25137,1181,goods-n-mediumhst,25137,1028990,1115491,2023-02-07,189.08705624743752,62.25842837795539,GN,2.23,2.2310096169874374,A,2.2310096169874374,2.0,2.230487,nan
goods-n-mediumhst_25138,1181,goods-n-mediumhst,25138,-4,-1,2023-02-07,188.990508726966,62.25830568836984,GN,6.733,-1.0,E,nan,nan,nan,nan
goods-n-mediumhst_25159,1181,goods-n-mediumhst,25159,1088395,1088395,2023-02-07,189.13449844775494,62.258611282525884,GN,1.227,-1.0,E,nan,nan,nan,nan
goods-n-mediumjwst_25163,1181,goods-n-mediumjwst,25163,1025163,1025163,2023-05-05,189.15677297159655,62.228400654196264,GN,0.98571,0.9592406502260153,A,0.9592406502260153,6.0,0.974996,nan
goods-s-mediumjwst_25173,1286,goods-s-mediumjwst,25173,25173,25173,2023-12-11,53.0733235,-27.8806318,GS,6.78522,6.89492,C,nan,nan,6.89492,-18.73331812851615
goods-s-mediumjwst_25203,1286,goods-s-mediumjwst,25203,25203,25203,2023-12-11,53.105662,-27.8805901,GS,1.51933,0.97735,D,nan,nan,0.97735,nan
goods-n-mediumhst_25236,1181,goods-n-mediumhst,25236,1088417,1088417,2023-02-07,189.02699884366135,62.25879933716702,GN,2.344,2.3969410733490006,A,2.3969410733490006,4.0,2.396188,nan
goods-n-mediumhst_25257,1181,goods-n-mediumhst,25257,-4,-1,2023-02-07,188.9978787562724,62.25904526035747,GN,1.509,-1.0,E,nan,nan,nan,nan
goods-n-mediumhst_25261,1181,goods-n-mediumhst,25261,1094226,1094226,2023-02-07,189.1209620133294,62.258717177516324,GN,0.88608,0.89741,D,nan,nan,0.89741,nan
goods-n-mediumhst_25272,1181,goods-n-mediumhst,25272,1088479,-1,2023-02-07,189.1123922483093,62.259247777897784,GN,1.772,-1.0,E,nan,nan,nan,nan
goods-n-mediumhst_25279,1181,goods-n-mediumhst,25279,1132360,1132360,2023-02-07,189.0032473685357,62.25913891601846,GN,2.99,3.187442,B,nan,nan,3.187442,-19.046749645870026
goods-n-mediumhst_25296,1181,goods-n-mediumhst,25296,1010766,1010766,2023-02-07,189.17963158638753,62.25941838185196,GN,1.462,-1.0,E,nan,nan,nan,nan
goods-n-mediumhst_25307,1181,goods-n-mediumhst,25307,1088482,1088482,2023-02-07,189.02709602321033,62.25934637077965,GN,1.055,-1.0,E,nan,nan,nan,nan
goods-n-mediumhst_25319,1181,goods-n-mediumhst,25319,1088493,1088493,2023-02-07,189.13419870346402,62.259543370278706,GN,0.648,-1.0,E,nan,nan,nan,nan
goods-n-mediumhst_25321,1181,goods-n-mediumhst,25321,1088463,1088463,2023-02-07,189.132865483862,62.259300439923436,GN,1.99,1.9909775041602003,A,1.9909775041602003,12.0,1.993826,nan
goods-n-mediumhst_25329,1181,goods-n-mediumhst,25329,1010712,1010712,2023-02-07,189.14906322882163,62.25926737559554,GN,0.877,-1.0,E,nan,nan,nan,nan
goods-n-mediumhst_25340,1181,goods-n-mediumhst,25340,1010821,1010821,2023-02-07,189.17553221248843,62.25964466729218,GN,1.324,-1.0,E,nan,nan,nan,nan
goods-n-mediumjwst_25351,1181,goods-n-mediumjwst,25351,1025351,1025351,2023-05-05,189.17337060936708,62.23041044905238,GN,3.08737,3.128154835269018,A,3.128154835269018,15.0,3.129673,-19.42502351673525
goods-n-mediumhst_25356,1181,goods-n-mediumhst,25356,1010842,1010842,2023-02-07,189.15785433101183,62.259751834540964,GN,1.418,1.3390547746389958,A,1.3390547746389958,2.0,nan,nan
goods-n-mediumjwst_25356,1181,goods-n-mediumjwst,25356,-2,1025356,2023-05-05,189.14781129332303,62.230453861322786,GN,4.6171,4.410385368617288,A,4.410385368617288,4.0,4.410909,-19.357399784328823
goods-n-mediumhst_25364,1181,goods-n-mediumhst,25364,1010861,1010861,2023-02-07,189.1828050465499,62.259795201202195,GN,2.009,2.6311074850904075,A,2.6311074850904075,3.0,2.635088,nan
goods-n-mediumhst_25393,1181,goods-n-mediumhst,25393,1029132,1029132,2023-02-07,189.16102172136635,62.25990463799326,GN,2.792,2.995555983692962,A,2.995555983692962,6.0,3.002648,-18.742534210120464
goods-n-mediumhst_25451,1181,goods-n-mediumhst,25451,1029162,1029162,2023-02-07,189.08481854165217,62.26016565146983,GN,1.704,1.6758034468631224,A,1.6758034468631224,12.0,1.677527,nan
goods-n-mediumhst_25480,1181,goods-n-mediumhst,25480,1088458,1088458,2023-02-07,189.11528460357022,62.259382598209115,GN,1.66979,1.6697719631706907,A,1.6697719631706907,2.0,1.664975,nan
goods-n-mediumhst_25493,1181,goods-n-mediumhst,25493,1010988,1010988,2023-02-07,189.01934646221656,62.260254944282224,GN,1.585,1.5199716292766832,A,1.5199716292766832,2.0,1.533041,nan
goods-n-mediumjwst_25498,1181,goods-n-mediumjwst,25498,1025498,1025498,2023-05-05,189.1948415114649,62.23163288734526,GN,3.057,2.988250571740963,A,2.988250571740963,2.0,2.998892,nan
goods-n-mediumjwst_25511,1181,goods-n-mediumjwst,25511,1025511,1025511,2023-05-05,189.182535430229,62.232005211148504,GN,2.65578,2.9887560071850987,A,2.9887560071850987,5.0,2.991986,nan
goods-n-mediumhst_25516,1181,goods-n-mediumhst,25516,1094273,1094273,2023-02-07,189.11695188817626,62.25971851349016,GN,1.43879,1.9980396085027388,A,1.9980396085027388,8.0,2.00217,nan
goods-n-mediumhst_25528,1181,goods-n-mediumhst,25528,1132524,1132524,2023-02-07,189.00269155713286,62.259945011280706,GN,2.018,2.0384700004325693,A,2.0384700004325693,7.0,2.032964,nan
goods-n-mediumhst_25529,1181,goods-n-mediumhst,25529,1088564,1088564,2023-02-07,189.02575423375447,62.26049954285082,GN,2.62,3.1248166599350986,A,3.1248166599350986,2.0,3.129334,-17.524980131356763
goods-n-mediumhst_25550,1181,goods-n-mediumhst,25550,1088572,1088572,2023-02-07,189.14370610495683,62.26074383471273,GN,0.827,-1.0,E,nan,nan,nan,nan
goods-n-mediumhst_25564,1181,goods-n-mediumhst,25564,1088577,1088577,2023-02-07,189.13499017174945,62.26078040878114,GN,1.465,-1.0,E,nan,nan,nan,nan
goods-n-mediumjwst_25603,1181,goods-n-mediumjwst,25603,1025603,1025603,2023-05-05,189.1702084248795,62.232869951562044,GN,3.12321,2.9889184361435515,A,2.9889184361435515,17.0,2.993924,nan
goods-s-deepjwst_25605,1287,goods-s-deepjwst,25605,25605,25605,2024-01-10,53.0758875,-27.8803522,GS,2.24884,2.346923932282024,A,2.346923932282024,3.0,2.345427,nan
goods-n-mediumhst_25631,1181,goods-n-mediumhst,25631,1029191,1029191,2023-02-07,189.01220476751982,62.260517430742524,GN,0.44,-1.0,E,nan,nan,nan,nan
goods-n-mediumhst_25734,1181,goods-n-mediumhst,25734,1029276,1029276,2023-02-07,189.02483737582097,62.26128165999981,GN,0.121,1.796799551302305,A,1.796799551302305,8.0,1.806861,nan
goods-n-mediumhst_25736,1181,goods-n-mediumhst,25736,1088629,1088629,2023-02-07,189.13870883291196,62.261615226000565,GN,1.943,2.093895918928589,A,2.093895918928589,4.0,nan,nan
goods-n-mediumhst_25742,1181,goods-n-mediumhst,25742,1011309,1011309,2023-02-07,189.17122939684185,62.26174710313849,GN,0.831,-1.0,E,nan,nan,nan,nan
goods-n-mediumjwst_25766,1181,goods-n-mediumjwst,25766,1025766,1025766,2023-05-05,189.17815378708835,62.23412943389347,GN,1.94146,1.988589995825102,A,1.988589995825102,13.0,1.991142,nan
goods-n-mediumhst_25771,1181,goods-n-mediumhst,25771,1132920,1132920,2023-02-07,189.00079690242694,62.26172926559931,GN,1.708,1.6743785747111635,A,1.6743785747111635,16.0,1.66933,nan
goods-n-mediumhst_25781,1181,goods-n-mediumhst,25781,1011361,1011361,2023-02-07,189.07902444548782,62.26188815683398,GN,1.155,1.379,D,nan,nan,1.379,nan
goods-n-mediumhst_25804,1181,goods-n-mediumhst,25804,1011395,1011395,2023-02-07,189.08279488477618,62.2619859170235,GN,4.042,-1.0,E,nan,nan,nan,nan
goods-n-mediumhst_25814,1181,goods-n-mediumhst,25814,1029372,1029372,2023-02-07,189.18067253527948,62.262121511066844,GN,1.757,1.7395233460665958,A,1.7395233460665958,1.0,nan,nan
goods-n-mediumhst_25820,1181,goods-n-mediumhst,25820,1184489,-1,2023-02-07,189.1659879551689,62.26215447667818,GN,1.651,-1.0,E,nan,nan,nan,nan
goods-n-mediumhst_25832,1181,goods-n-mediumhst,25832,1011438,1011438,2023-02-07,189.0831159715415,62.26215390826734,GN,1.742,-1.0,E,nan,nan,nan,nan
goods-n-mediumhst_25842,1181,goods-n-mediumhst,25842,1011357,1011357,2023-02-07,189.17377874712935,62.26198695344612,GN,0.0,0.5066422875960193,A,0.5066422875960193,2.0,0.510189,nan
goods-n-mediumjwst_25844,1181,goods-n-mediumjwst,25844,1025844,1025844,2023-05-05,189.1144541342472,62.23503733037233,GN,2.39784,2.2723276934532985,A,2.2723276934532985,10.0,2.273725,nan
goods-n-mediumhst_25910,1181,goods-n-mediumhst,25910,1088722,1088722,2023-02-07,189.03648994635964,62.26226896953688,GN,1.06,1.0613054773387551,A,1.0613054773387551,1.0,1.0609,nan
goods-n-mediumhst_25934,1181,goods-n-mediumhst,25934,1088778,1088778,2023-02-07,189.14791019044466,62.26278070789946,GN,5.5,1.75134,D,nan,nan,1.75134,nan
goods-n-mediumjwst_25960,1181,goods-n-mediumjwst,25960,1025960,1025960,2023-05-05,189.18391934909297,62.236103515508496,GN,3.35314,2.9911507011655276,A,2.9911507011655276,5.0,2.997394,nan
goods-n-mediumhst_26000,1181,goods-n-mediumhst,26000,1011610,1011610,2023-02-07,189.11081022053858,62.26294715186852,GN,0.9,0.85114,C,nan,nan,0.85114,nan
goods-n-mediumhst_26003,1181,goods-n-mediumhst,26003,1029504,1029504,2023-02-07,189.0974237833158,62.2629940323914,GN,2.899,2.9679446176583903,A,2.9679446176583903,5.0,2.968075,nan
goods-n-mediumhst_26029,1181,goods-n-mediumhst,26029,1029553,1029553,2023-02-07,189.1046696413663,62.26322757472027,GN,0.96,0.96,D,nan,nan,0.96,nan
goods-n-mediumhst_26038,1181,goods-n-mediumhst,26038,1088840,1088840,2023-02-07,189.14921152506264,62.263406668310495,GN,2.541,-1.0,E,nan,nan,nan,nan
goods-n-mediumhst_26078,1181,goods-n-mediumhst,26078,1029472,1029472,2023-02-07,189.18219693793108,62.26288946717401,GN,1.66,1.741963,B,nan,nan,1.741963,nan
goods-n-mediumhst_26089,1181,goods-n-mediumhst,26089,1011720,1011720,2023-02-07,189.08032701836538,62.26328417352533,GN,1.816,1.9941426137174285,A,1.9941426137174285,6.0,2.00717,nan
goods-s-mediumjwst_26095,1286,goods-s-mediumjwst,26095,26095,26095,2023-12-11,53.0627649,-27.8800801,GS,2.65736,2.693603,B,nan,nan,2.693603,nan
goods-n-mediumhst_26105,1181,goods-n-mediumhst,26105,1011856,1011856,2023-02-07,189.09236245705736,62.26371441660499,GN,4.192,-1.0,E,nan,nan,nan,nan
goods-n-mediumhst_26113,1181,goods-n-mediumhst,26113,1011794,1011794,2023-02-07,189.09962119754408,62.26356292999449,GN,3.23,3.224949436088866,A,3.224949436088866,14.0,3.223799,-20.16337252871598
goods-n-mediumjwst_26139,1181,goods-n-mediumjwst,26139,1026139,1026139,2023-05-05,189.2003981604685,62.23736509945553,GN,0.97561,0.9634365890433334,A,0.9634365890433334,6.0,0.965901,nan
goods-n-mediumjwst_26149,1181,goods-n-mediumjwst,26149,1026149,1026149,2023-05-05,189.09685548802108,62.237503610934766,GN,1.46863,1.431766982288638,A,1.431766982288638,11.0,1.43938,nan
goods-n-mediumjwst_26189,1181,goods-n-mediumjwst,26189,1026189,1026189,2023-05-05,189.20124397446637,62.23794553073408,GN,2.15852,2.003641827435459,A,2.003641827435459,13.0,2.001593,nan
goods-n-mediumjwst_26194,1181,goods-n-mediumjwst,26194,1026194,1026194,2023-05-05,189.17175405317136,62.237977755975244,GN,1.91342,1.988166484387339,A,1.988166484387339,12.0,1.986808,nan
goods-n-mediumhst_26197,1181,goods-n-mediumhst,26197,1011985,1011985,2023-02-07,189.08602990782043,62.26415986397274,GN,1.333,1.3578755886667078,A,1.3578755886667078,2.0,1.370202,nan
goods-n-mediumhst_26218,1181,goods-n-mediumhst,26218,1012033,1012033,2023-02-07,189.18450664128818,62.26435442268507,GN,0.571,3.581688169394141,A,3.581688169394141,4.0,3.587074,-18.642825010846025
goods-n-mediumhst_26222,1181,goods-n-mediumhst,26222,1239646,-1,2023-02-07,189.1375835689928,62.264389502473556,GN,0.394,-1.0,E,nan,nan,nan,nan
goods-n-mediumhst_26223,1181,goods-n-mediumhst,26223,1029613,1029613,2023-02-07,189.16752667496328,62.263942506401015,GN,0.566,0.6102008870931651,A,0.6102008870931651,3.0,0.606516,nan
goods-n-mediumhst_26227,1181,goods-n-mediumhst,26227,1029595,1029595,2023-02-07,189.07805695080756,62.263862364452315,GN,1.898,1.9903209256754244,A,1.9903209256754244,12.0,1.983806,nan
goods-n-mediumhst_26237,1181,goods-n-mediumhst,26237,1029571,1029571,2023-02-07,189.11439081281165,62.26360696544238,GN,1.50804,1.5061681511432323,A,1.5061681511432323,5.0,1.506068,nan
goods-n-mediumjwst_26260,1181,goods-n-mediumjwst,26260,1026260,1026260,2023-05-05,189.12244927729847,62.238392207143555,GN,0.99437,1.0076848675783134,A,1.0076848675783134,2.0,0.99392,nan
goods-n-mediumjwst_26272,1181,goods-n-mediumjwst,26272,1026272,1026272,2023-05-05,189.11431683120142,62.238706865856734,GN,0.16035,-1.0,E,nan,nan,nan,nan
goods-n-mediumjwst_26276,1181,goods-n-mediumjwst,26276,1026276,1026276,2023-05-05,189.22442250974825,62.23837624493532,GN,3.01832,2.973967384016881,A,2.973967384016881,12.0,2.976833,nan
goods-n-mediumhst_26289,1181,goods-n-mediumhst,26289,1029743,1029743,2023-02-07,189.0260905378798,62.26460182060016,GN,2.647,2.418590744578269,A,2.418590744578269,4.0,2.41481,nan
goods-n-mediumhst_26294,1181,goods-n-mediumhst,26294,1029680,1115560,2023-02-07,189.10098360008607,62.26438690093884,GN,2.981,2.9758957880522416,A,2.9758957880522416,4.0,2.97821,nan
goods-n-mediumhst_26309,1181,goods-n-mediumhst,26309,1012180,1012180,2023-02-07,189.09212675679132,62.264766508919664,GN,2.024,-1.0,E,nan,nan,nan,nan
goods-n-mediumjwst_26316,1181,goods-n-mediumjwst,26316,1026316,1026316,2023-05-05,189.12334725806596,62.239071394729336,GN,0.26258,-1.0,E,nan,nan,nan,nan
goods-n-mediumhst_26326,1181,goods-n-mediumhst,26326,-6,-1,2023-02-07,188.9967593900386,62.264727748808355,GN,0.674,-1.0,E,nan,nan,nan,nan
goods-n-mediumhst_26344,1181,goods-n-mediumhst,26344,1012225,1012225,2023-02-07,189.11000975319448,62.26495035068923,GN,0.222,-1.0,E,nan,nan,nan,nan
goods-n-mediumjwst_26376,1181,goods-n-mediumjwst,26376,1026376,1026376,2023-05-05,189.11720581110808,62.23892772299046,GN,1.51854,-1.0,E,nan,nan,nan,nan
goods-n-mediumhst_26377,1181,goods-n-mediumhst,26377,1029658,1029658,2023-02-07,189.01350806530854,62.264259618919176,GN,2.549,2.175201,B,nan,nan,2.175201,nan
goods-n-mediumhst_26395,1181,goods-n-mediumhst,26395,1029785,1029785,2023-02-07,189.1891723722807,62.265084169899005,GN,1.561,1.882449865414745,A,1.882449865414745,2.0,1.899206,nan
goods-n-mediumjwst_26397,1181,goods-n-mediumjwst,26397,1026397,1026397,2023-05-05,189.21827035852212,62.239175442516235,GN,1.74515,-1.0,E,nan,nan,nan,nan
goods-n-mediumhst_26413,1181,goods-n-mediumhst,26413,1094456,1094456,2023-02-07,189.15691089214027,62.265129289311204,GN,1.547,1.28877,D,nan,nan,1.28877,nan
goods-n-mediumhst_26415,1181,goods-n-mediumhst,26415,1029795,1029795,2023-02-07,189.02473354133747,62.26508994506978,GN,1.7,2.182692,C,nan,nan,2.182692,nan
goods-n-mediumhst_26416,1181,goods-n-mediumhst,26416,1012203,1012203,2023-02-07,189.10225891619476,62.26496185939231,GN,2.795,2.971166003191563,A,2.971166003191563,7.0,2.969115,nan
goods-n-mediumjwst_26436,1181,goods-n-mediumjwst,26436,1026436,1026436,2023-05-05,189.19911977409083,62.23929057165525,GN,2.3276,2.0051268607992383,A,2.0051268607992383,4.0,1.994832,nan
goods-s-mediumjwst_26469,1286,goods-s-mediumjwst,26469,26469,26469,2023-12-11,53.0927252,-27.8799233,GS,1.63091,1.77616,C,nan,nan,1.77616,nan
goods-n-mediumhst_26483,1181,goods-n-mediumhst,26483,1012346,1012346,2023-02-07,189.00218719918533,62.265437445617074,GN,1.024,0.685676,B,nan,nan,0.685676,nan
goods-n-mediumhst_26503,1181,goods-n-mediumhst,26503,1088981,1088981,2023-02-07,189.1487460843847,62.26537784285275,GN,0.754,0.7474097285581818,A,0.7474097285581818,2.0,0.751901,nan
goods-n-mediumhst_26520,1181,goods-n-mediumhst,26520,1133733,1133733,2023-02-07,188.9956065357638,62.26560488831091,GN,3.601,-1.0,E,nan,nan,nan,nan
goods-n-mediumhst_26533,1181,goods-n-mediumhst,26533,1012430,1012430,2023-02-07,189.11306735036754,62.26580921308202,GN,2.292,2.23595,B,nan,nan,2.23595,nan
goods-n-mediumhst_26544,1181,goods-n-mediumhst,26544,1029791,1029791,2023-02-07,189.10347915613403,62.265309804865474,GN,2.945,2.9718402314699084,A,2.9718402314699084,12.0,2.9737,nan
goods-n-mediumhst_26566,1181,goods-n-mediumhst,26566,1012406,1012406,2023-02-07,189.1136874169728,62.26580717229929,GN,3.135,3.1291055712423557,A,3.1291055712423557,8.0,3.127855,-19.590248242626522
goods-n-mediumhst_26579,1181,goods-n-mediumhst,26579,1089026,1089026,2023-02-07,189.16883740077495,62.2658295583099,GN,1.045,-1.0,E,nan,nan,nan,nan
goods-n-mediumhst_26584,1181,goods-n-mediumhst,26584,1089027,1089027,2023-02-07,189.12817498801314,62.26580822287721,GN,1.345,1.242911500691533,A,1.242911500691533,2.0,1.250208,nan
goods-n-mediumhst_26600,1181,goods-n-mediumhst,26600,-2,1029886,2023-02-07,189.0825491081686,62.26602922855961,GN,1.198,-1.0,E,nan,nan,nan,nan
goods-n-mediumjwst_26617,1181,goods-n-mediumjwst,26617,1026617,1026617,2023-05-05,189.09988616037586,62.24100798476411,GN,5.09592,-1.0,E,nan,nan,nan,nan
goods-n-mediumjwst_26618,1181,goods-n-mediumjwst,26618,1026618,1026618,2023-05-05,189.12350489962574,62.24121607565757,GN,1.26984,1.224,C,nan,nan,1.224,nan
goods-s-mediumjwst_26623,1286,goods-s-mediumjwst,26623,26623,26623,2023-12-11,53.1059306,-27.8798467,GS,0.70918,-1.0,E,nan,nan,nan,nan
goods-n-mediumhst_26627,1181,goods-n-mediumhst,26627,1089073,1089073,2023-02-07,189.0542821039897,62.266235094655094,GN,0.92,1.23898,D,nan,nan,1.23898,nan
goods-n-mediumjwst_26682,1181,goods-n-mediumjwst,26682,1026682,1026682,2023-05-05,189.10950131012967,62.24144444120672,GN,1.70549,1.765,D,nan,nan,1.765,nan
goods-n-mediumhst_26692,1181,goods-n-mediumhst,26692,1012583,1012583,2023-02-07,189.17492531347963,62.26664821880939,GN,2.005,2.2497477236409926,A,2.2497477236409926,3.0,2.253404,nan
goods-n-mediumhst_26708,1181,goods-n-mediumhst,26708,1012603,1012603,2023-02-07,189.11207351604773,62.266693342808885,GN,2.884,2.924404,C,nan,nan,2.924404,nan
goods-n-mediumhst_26727,1181,goods-n-mediumhst,26727,1012636,1012636,2023-02-07,189.02769036100818,62.26670286943066,GN,1.708,1.79632134144222,A,1.79632134144222,6.0,1.792343,nan
goods-n-mediumhst_26751,1181,goods-n-mediumhst,26751,1029972,1029972,2023-02-07,189.00763821170693,62.26679718837699,GN,2.215,2.175949369758487,A,2.175949369758487,17.0,2.158444,nan
goods-n-mediumjwst_26786,1181,goods-n-mediumjwst,26786,-2,-1,2023-05-05,189.11855466223,62.242763177921695,GN,5.137,5.179623236184872,A,5.179623236184872,2.0,5.177294,-18.463727454197862
goods-n-mediumjwst_26788,1181,goods-n-mediumjwst,26788,1026789,1026788,2023-05-05,189.11527713663833,62.24223873735032,GN,3.81407,3.8483028387625025,A,3.8483028387625025,3.0,3.848991,-18.394589749881984
goods-n-mediumhst_26847,1181,goods-n-mediumhst,26847,1012752,1012752,2023-02-07,189.01490312207565,62.267188741678055,GN,1.63,1.613637,C,nan,nan,1.613637,nan
goods-n-mediumhst_26850,1181,goods-n-mediumhst,26850,1089181,1089181,2023-02-07,189.15681860555986,62.267467466201666,GN,2.817,1.69833,D,nan,nan,1.69833,nan
goods-n-mediumhst_26870,1181,goods-n-mediumhst,26870,1030045,1030045,2023-02-07,189.12157978852022,62.26747477691523,GN,1.487,1.6464931763064214,A,1.6464931763064214,2.0,1.640309,nan
goods-n-mediumjwst_26910,1181,goods-n-mediumjwst,26910,1026910,1026910,2023-05-05,189.14932624863212,62.24375586040364,GN,1.23656,1.9998788356086454,A,1.9998788356086454,2.0,1.998656,nan
goods-n-mediumhst_26911,1181,goods-n-mediumhst,26911,1030038,1030038,2023-02-07,189.0592269984169,62.26739185542416,GN,1.53,1.6750221414951747,A,1.6750221414951747,2.0,1.682785,nan
goods-n-mediumhst_26915,1181,goods-n-mediumhst,26915,1012846,1012846,2023-02-07,189.19117639670407,62.267693229040844,GN,0.435,-1.0,E,nan,nan,nan,nan
goods-n-mediumhst_26920,1181,goods-n-mediumhst,26920,1012896,1012896,2023-02-07,189.18502577510114,62.26783664305102,GN,1.915,2.365111417528075,A,2.365111417528075,5.0,nan,nan
goods-s-deepjwst_26930,1287,goods-s-deepjwst,26930,26930,26930,2024-01-10,53.0669282,-27.879665,GS,2.96757,3.3512740791220534,A,3.3512740791220534,3.0,3.349444,-17.700553444499477
goods-n-mediumhst_26955,1181,goods-n-mediumhst,26955,1012945,1012945,2023-02-07,189.01561442096448,62.267905747530655,GN,0.17,-1.0,E,nan,nan,nan,nan
goods-n-mediumhst_26957,1181,goods-n-mediumhst,26957,1030081,1030081,2023-02-07,189.12188199514074,62.26803679817362,GN,1.559,1.4791202561211099,A,1.4791202561211099,1.0,1.479,nan
goods-n-mediumhst_26958,1181,goods-n-mediumhst,26958,1012950,1012950,2023-02-07,189.1233231535275,62.26804370422373,GN,2.036,1.487671,C,nan,nan,1.487671,nan
goods-n-mediumhst_26964,1181,goods-n-mediumhst,26964,1089232,1089232,2023-02-07,189.17207746063957,62.26812051318115,GN,0.906,-1.0,E,nan,nan,nan,nan
goods-n-mediumhst_26976,1181,goods-n-mediumhst,26976,1012980,1012980,2023-02-07,189.08382789787237,62.26813429861287,GN,0.36,-1.0,E,nan,nan,nan,nan
goods-n-mediumhst_26977,1181,goods-n-mediumhst,26977,1030087,1030087,2023-02-07,189.11276200055596,62.26801839450988,GN,2.392,2.3050103155728614,A,2.3050103155728614,2.0,2.30257,nan
goods-n-mediumhst_26985,1181,goods-n-mediumhst,26985,1012954,1012954,2023-02-07,189.0585671287112,62.26804494634997,GN,0.727,0.7808543405719297,A,0.7808543405719297,2.0,0.789155,nan
goods-n-mediumhst_26989,1181,goods-n-mediumhst,26989,1013008,1013008,2023-02-07,189.09627728010406,62.26823649055747,GN,0.622,-1.0,E,nan,nan,nan,nan
goods-n-mediumhst_26994,1181,goods-n-mediumhst,26994,1013013,1013013,2023-02-07,189.11833568773417,62.26828604880383,GN,3.12,-1.0,E,nan,nan,nan,nan
goods-n-mediumhst_27003,1181,goods-n-mediumhst,27003,1030121,1030121,2023-02-07,189.0145954026941,62.26820483605936,GN,1.488,5.593906157630013,A,5.593906157630013,5.0,5.593961,-20.061794267288327
goods-n-mediumhst_27007,1181,goods-n-mediumhst,27007,1030061,1030061,2023-02-07,189.10045355300738,62.26765417439787,GN,1.70067,1.704709,B,nan,nan,1.704709,nan
goods-n-mediumjwst_27014,1181,goods-n-mediumjwst,27014,1027014,1027014,2023-05-05,189.1737919806414,62.24379043575901,GN,0.9236,0.9383077409020937,A,0.9383077409020937,1.0,0.921831,nan
goods-n-mediumhst_27019,1181,goods-n-mediumhst,27019,1171713,1171713,2023-02-07,189.1410331741083,62.268369567130996,GN,1.838,1.31979,D,nan,nan,1.31979,nan
goods-n-mediumhst_27030,1181,goods-n-mediumhst,27030,1030105,1030105,2023-02-07,189.10349305305436,62.2682050155003,GN,1.679,1.684795776555616,A,1.684795776555616,2.0,1.686618,nan
goods-n-mediumhst_27044,1181,goods-n-mediumhst,27044,1013069,1013069,2023-02-07,189.1074055642378,62.268485779655585,GN,3.009,2.977375501073893,A,2.977375501073893,3.0,2.985653,nan
goods-n-mediumjwst_27053,1181,goods-n-mediumjwst,27053,1027053,1027053,2023-05-05,189.1278224405684,62.2443133317107,GN,1.51546,1.36551,C,nan,nan,1.36551,nan
goods-n-mediumjwst_27056,1181,goods-n-mediumjwst,27056,1183950,1027056,2023-05-05,189.12752072904806,62.244797056754614,GN,2.8359,1.4859063747612304,A,1.4859063747612304,2.0,1.483543,nan
goods-n-mediumhst_27058,1181,goods-n-mediumhst,27058,1013089,1013089,2023-02-07,189.12473446707745,62.26856264964064,GN,2.445,7.4169,D,nan,nan,7.4169,-19.09530184303044
goods-n-mediumhst_27074,1181,goods-n-mediumhst,27074,1030142,1030142,2023-02-07,189.06194062997614,62.26848175738328,GN,1.546,2.0932947123797483,A,2.0932947123797483,2.0,2.117168,nan
goods-n-mediumhst_27082,1181,goods-n-mediumhst,27082,1030115,1030115,2023-02-07,189.0846840578638,62.26835125838634,GN,1.55,-1.0,E,nan,nan,nan,nan
goods-n-mediumhst_27088,1181,goods-n-mediumhst,27088,1013063,1013063,2023-02-07,189.21514226724852,62.268585721515954,GN,1.977,2.046700890665666,A,2.046700890665666,11.0,2.041633,nan
goods-n-mediumhst_27099,1181,goods-n-mediumhst,27099,1013169,1013169,2023-02-07,189.21763364673257,62.26894058391497,GN,0.605,3.1613685319600995,A,3.1613685319600995,3.0,3.152819,-17.04586878598491
goods-n-mediumhst_27134,1181,goods-n-mediumhst,27134,1013216,1013216,2023-02-07,189.2157495026209,62.269133721697195,GN,0.528,-1.0,E,nan,nan,nan,nan
goods-n-mediumjwst_27139,1181,goods-n-mediumjwst,27139,1183962,1027139,2023-05-05,189.21846482248762,62.24454486194603,GN,3.65765,3.5167626473183797,A,3.5167626473183797,5.0,3.520406,-18.21428087877217
goods-n-mediumhst_27145,1181,goods-n-mediumhst,27145,1030196,1030196,2023-02-07,189.08310308893866,62.2690064098117,GN,3.165,3.192906100506211,A,3.192906100506211,11.0,3.195179,-19.809486922791
goods-n-mediumhst_27148,1181,goods-n-mediumhst,27148,1089327,1089327,2023-02-07,189.14560692870606,62.26920632840435,GN,4.818,-1.0,E,nan,nan,nan,nan
goods-n-mediumhst_27166,1181,goods-n-mediumhst,27166,1103179,1103179,2023-02-07,189.16193773661158,62.26933026660087,GN,1.584,-1.0,E,nan,nan,nan,nan
goods-n-mediumhst_27195,1181,goods-n-mediumhst,27195,1013158,1013158,2023-02-07,189.18433605328724,62.268976771602,GN,0.084,-1.0,E,nan,nan,nan,nan
goods-n-mediumhst_27203,1181,goods-n-mediumhst,27203,1013311,1013311,2023-02-07,189.0244748473801,62.26940627739725,GN,1.642,2.0964859568223604,A,2.0964859568223604,3.0,2.097554,nan
goods-n-mediumhst_27226,1181,goods-n-mediumhst,27226,1030287,1030287,2023-02-07,189.04998966612354,62.26956061866679,GN,0.89,1.0617460142540602,A,1.0617460142540602,1.0,1.062,nan
goods-n-mediumhst_27232,1181,goods-n-mediumhst,27232,1013356,1013356,2023-02-07,189.12027431958475,62.26964902133888,GN,0.548,0.510197,B,nan,nan,0.510197,nan
goods-n-mediumjwst_27248,1181,goods-n-mediumjwst,27248,1027248,1027248,2023-05-05,189.1447297305273,62.24551770540997,GN,3.58214,3.6672947567484906,A,3.6672947567484906,7.0,3.664002,-18.279204205532167
goods-n-mediumhst_27280,1181,goods-n-mediumhst,27280,1103231,1103231,2023-02-07,189.14660025357546,62.26990831456787,GN,3.098,3.363931106285001,A,3.363931106285001,1.0,3.369529,-16.536584298345055
goods-n-mediumhst_27286,1181,goods-n-mediumhst,27286,1030279,1030279,2023-02-07,189.03140262573416,62.26948983012886,GN,3.14,3.128906494216613,A,3.128906494216613,7.0,3.128753,-20.122004938183114
goods-n-mediumhst_27303,1181,goods-n-mediumhst,27303,1013461,1013461,2023-02-07,189.11845322611603,62.26998516524957,GN,3.188,-1.0,E,nan,nan,nan,nan
goods-n-mediumhst_27332,1181,goods-n-mediumhst,27332,1013500,1013500,2023-02-07,189.1269271926905,62.27013962114397,GN,-99.0,1.294,D,nan,nan,1.294,nan
goods-s-mediumjwst_27341,1286,goods-s-mediumjwst,27341,27341,27341,2023-12-11,53.0627658,-27.8794776,GS,1.92563,2.0468966281378806,A,2.0468966281378806,2.0,2.052768,nan
goods-n-mediumjwst_27345,1181,goods-n-mediumjwst,27345,1027345,1027345,2023-05-05,189.089902125633,62.246135948059425,GN,2.24758,2.08205,D,nan,nan,2.08205,nan
goods-n-mediumhst_27357,1181,goods-n-mediumhst,27357,1013527,1013527,2023-02-07,189.09163440135663,62.27025694234772,GN,1.181,1.264171146913597,A,1.264171146913597,2.0,1.264,nan
goods-n-mediumhst_27359,1181,goods-n-mediumhst,27359,1107235,1107234,2023-02-07,189.18595364570396,62.270324763968475,GN,2.369,2.6100615470340056,A,2.6100615470340056,2.0,2.610882,nan
goods-n-mediumjwst_27368,1181,goods-n-mediumjwst,27368,1027368,1027368,2023-05-05,189.17793285629233,62.24630940336707,GN,3.65382,3.5570373989329607,A,3.5570373989329607,2.0,3.564764,-18.255185346451437
goods-n-mediumhst_27376,1181,goods-n-mediumhst,27376,1013395,1013395,2023-02-07,189.10033724659647,62.26993734884386,GN,1.236,1.16378,C,nan,nan,1.16378,nan
goods-n-mediumjwst_27376,1181,goods-n-mediumjwst,27376,1027376,1027376,2023-05-05,189.1826448873677,62.24650995715429,GN,5.59554,5.897407889783239,A,5.897407889783239,3.0,5.90107,-19.497825891178216
goods-n-mediumjwst_27390,1181,goods-n-mediumjwst,27390,1027390,1027390,2023-05-05,189.2278435548204,62.246537714008156,GN,2.50396,2.422393,C,nan,nan,2.422393,nan
goods-n-mediumhst_27395,1181,goods-n-mediumhst,27395,1089416,1089416,2023-02-07,189.16007189259108,62.270487473514734,GN,1.728,1.4866650743163723,A,1.4866650743163723,13.0,1.489837,nan
goods-n-mediumhst_27409,1181,goods-n-mediumhst,27409,1089397,1089397,2023-02-07,189.15123388343736,62.270321040906175,GN,1.977,1.9542378681674195,A,1.9542378681674195,4.0,1.968472,nan
goods-n-mediumhst_27415,1181,goods-n-mediumhst,27415,1089413,1089413,2023-02-07,189.16306620982505,62.27046427544933,GN,1.681,1.675863218316485,A,1.675863218316485,1.0,1.680477,nan
goods-n-mediumhst_27421,1181,goods-n-mediumhst,27421,1013604,1013604,2023-02-07,189.09220656395615,62.27058192861193,GN,1.149,0.97933,D,nan,nan,0.97933,nan
goods-n-mediumhst_27438,1181,goods-n-mediumhst,27438,1013542,1013542,2023-02-07,189.21800816254458,62.27047567148882,GN,0.85,0.84181,D,nan,nan,0.84181,nan
goods-n-mediumjwst_27450,1181,goods-n-mediumjwst,27450,1027450,1027450,2023-05-05,189.17508368252007,62.2469110209335,GN,2.95216,2.959385743613994,A,2.959385743613994,3.0,2.963701,nan
goods-n-mediumjwst_27461,1181,goods-n-mediumjwst,27461,1027461,1027461,2023-05-05,189.22643770372414,62.24714981919786,GN,3.09719,2.910997,C,nan,nan,2.910997,nan
goods-s-mediumjwst_27518,1286,goods-s-mediumjwst,27518,27518,27518,2023-12-11,53.0624369,-27.8793502,GS,1.26802,-1.0,E,nan,nan,nan,nan
goods-n-mediumjwst_27519,1181,goods-n-mediumjwst,27519,1027519,1027519,2023-05-05,189.18459871037354,62.24738375846059,GN,2.64487,2.951436221960063,A,2.951436221960063,12.0,2.947471,nan
goods-n-mediumhst_27523,1181,goods-n-mediumhst,27523,1030352,1030352,2023-02-07,189.19395871915944,62.2709922875243,GN,0.76915,1.0516058119101288,A,1.0516058119101288,1.0,1.053287,nan
goods-n-mediumhst_27530,1181,goods-n-mediumhst,27530,1089450,1089450,2023-02-07,189.1553984924765,62.27083080506818,GN,0.849,0.8513982250871326,A,0.8513982250871326,1.0,0.845718,nan
goods-n-mediumhst_27540,1181,goods-n-mediumhst,27540,1013716,1013716,2023-02-07,189.0854239850314,62.271089409991504,GN,1.821,1.95784,C,nan,nan,1.95784,nan
goods-n-mediumhst_27549,1181,goods-n-mediumhst,27549,1013737,1013737,2023-02-07,189.06334059805263,62.27112085855221,GN,0.46,-1.0,E,nan,nan,nan,nan
goods-n-mediumhst_27568,1181,goods-n-mediumhst,27568,1030441,1030441,2023-02-07,189.0229212048457,62.27110850344873,GN,0.71,2.535133155142808,A,2.535133155142808,2.0,2.533851,nan
goods-n-mediumhst_27590,1181,goods-n-mediumhst,27590,1013773,1013773,2023-02-07,189.064082730559,62.27128882223038,GN,1.874,-1.0,E,nan,nan,nan,nan
goods-n-mediumhst_27609,1181,goods-n-mediumhst,27609,1030526,1030526,2023-02-07,189.14120214398557,62.27144478074579,GN,0.788,0.77841,D,nan,nan,nan,nan
goods-s-mediumjwst_27615,1286,goods-s-mediumjwst,27615,27615,27615,2023-12-11,53.0929158,-27.8793397,GS,6.29495,5.805556929344634,A,5.805556929344634,3.0,5.806671,-18.112318236273154
goods-n-mediumhst_27665,1181,goods-n-mediumhst,27665,1013907,1013907,2023-02-07,189.14601477939482,62.27181249208413,GN,2.852,2.9277889259276737,A,2.9277889259276737,5.0,2.927969,nan
goods-n-mediumhst_27676,1181,goods-n-mediumhst,27676,1030544,1030544,2023-02-07,189.1265676237505,62.27165875570948,GN,3.018,2.9776075504941186,A,2.9776075504941186,5.0,2.981229,nan
goods-n-mediumhst_27695,1181,goods-n-mediumhst,27695,1013883,1013883,2023-02-07,189.20736545333045,62.27190547447532,GN,0.399,0.796,D,nan,nan,0.796,nan
goods-n-mediumjwst_27699,1181,goods-n-mediumjwst,27699,1027699,1027699,2023-05-05,189.09376672726665,62.24823053154742,GN,3.3871,3.2406257857462375,A,3.2406257857462375,3.0,3.237784,-17.75736640183721
goods-n-mediumhst_27706,1181,goods-n-mediumhst,27706,1030555,1030555,2023-02-07,189.21372811063299,62.27180404947326,GN,1.895,1.8112630491118233,A,1.8112630491118233,2.0,1.818452,nan
goods-n-mediumhst_27719,1181,goods-n-mediumhst,27719,1013949,1013949,2023-02-07,189.04259259005724,62.27191227472906,GN,1.732,1.6744222902043278,A,1.6744222902043278,7.0,1.672106,nan
goods-n-mediumjwst_27760,1181,goods-n-mediumjwst,27760,1027760,1027760,2023-05-05,189.17471270403345,62.2490764508289,GN,2.49025,0.8495568809921895,A,0.8495568809921895,4.0,0.849817,nan
goods-n-mediumjwst_27761,1181,goods-n-mediumjwst,27761,1184118,1027761,2023-05-05,189.17410908625664,62.24882648956136,GN,3.25186,2.9540686786196977,A,2.9540686786196977,5.0,2.95881,nan
goods-n-mediumhst_27769,1181,goods-n-mediumhst,27769,-2,1030613,2023-02-07,189.133680608594,62.27234933992132,GN,4.079,3.3619753774016097,A,3.3619753774016097,2.0,3.358976,-17.910186047515026
goods-n-mediumhst_27775,1181,goods-n-mediumhst,27775,1030621,1030621,2023-02-07,189.10901993536936,62.2723519563629,GN,0.783,-1.0,E,nan,nan,nan,nan
goods-n-mediumhst_27792,1181,goods-n-mediumhst,27792,1030602,1030602,2023-02-07,189.09458733667677,62.27224489415523,GN,2.202,1.9970202980500815,A,1.9970202980500815,6.0,2.002812,nan
goods-n-mediumhst_27819,1181,goods-n-mediumhst,27819,1030665,1030665,2023-02-07,189.09275223229264,62.2725510367439,GN,0.967,-1.0,E,nan,nan,nan,nan
goods-n-mediumjwst_27830,1181,goods-n-mediumjwst,27830,1027830,1027830,2023-05-05,189.25445961219617,62.249261255697476,GN,4.33955,3.924133,B,nan,nan,3.924133,-18.342301601894548
goods-n-mediumjwst_27839,1181,goods-n-mediumjwst,27839,1027839,1027839,2023-05-05,189.24453445242028,62.249781752005546,GN,5.56147,1.6858045130703099,A,1.6858045130703099,9.0,1.686818,nan
goods-n-mediumhst_27884,1181,goods-n-mediumhst,27884,1184707,-1,2023-02-07,189.1032384890987,62.272936377887774,GN,2.18,2.4833194700468173,A,2.4833194700468173,4.0,2.486531,nan
goods-n-mediumjwst_27887,1181,goods-n-mediumjwst,27887,1027887,1027887,2023-05-05,189.15027543470862,62.24973351413277,GN,2.32417,2.2311293695745316,A,2.2311293695745316,14.0,2.237185,nan
goods-n-mediumhst_27895,1181,goods-n-mediumhst,27895,1030680,1030680,2023-02-07,189.11675789880124,62.272753478625546,GN,0.788,-1.0,E,nan,nan,nan,nan
goods-n-mediumhst_27917,1181,goods-n-mediumhst,27917,1030660,1030660,2023-02-07,189.09489858175428,62.27292792367233,GN,1.55998,1.9966912587846326,A,1.9966912587846326,12.0,2.003048,nan
goods-n-mediumhst_27932,1181,goods-n-mediumhst,27932,1014331,1014331,2023-02-07,189.2206802980388,62.273208695768254,GN,2.165,2.3188638722437345,A,2.3188638722437345,2.0,2.312853,nan
goods-n-mediumhst_27954,1181,goods-n-mediumhst,27954,1014346,1014346,2023-02-07,189.22347062813856,62.273299519236666,GN,0.155,3.13069,D,nan,nan,3.127395,-18.798477315057685
goods-n-mediumhst_27969,1181,goods-n-mediumhst,27969,1014368,1014368,2023-02-07,189.06418936137945,62.2732909615428,GN,1.41,1.3144408646792904,A,1.3144408646792904,3.0,1.322642,nan
goods-n-mediumhst_27981,1181,goods-n-mediumhst,27981,1237457,-1,2023-02-07,189.15488424278487,62.27343502906742,GN,2.5,1.91368,D,nan,nan,1.91368,nan
goods-n-mediumjwst_27993,1181,goods-n-mediumjwst,27993,1027993,1027993,2023-05-05,189.16930000286385,62.25034014667253,GN,3.77058,-1.0,E,nan,nan,nan,nan
goods-n-mediumhst_28021,1181,goods-n-mediumhst,28021,1014419,1014419,2023-02-07,189.0984221693996,62.273591741331224,GN,1.178,1.264036236105885,A,1.264036236105885,2.0,nan,nan
goods-n-mediumhst_28022,1181,goods-n-mediumhst,28022,1030784,1030784,2023-02-07,189.1176102421886,62.2735644820243,GN,1.832,1.8414556550319219,A,1.8414556550319219,3.0,1.851661,nan
goods-s-mediumjwst_28043,1286,goods-s-mediumjwst,28043,28043,28043,2023-12-11,53.1388153,-27.8790929,GS,6.08355,5.551333571435495,A,5.551333571435495,4.0,5.550045,-19.236365416182338
goods-n-mediumhst_28044,1181,goods-n-mediumhst,28044,1030797,1030797,2023-02-07,189.07014112302335,62.27366459910118,GN,2.72,2.9695097012516367,A,2.9695097012516367,6.0,nan,nan
goods-n-mediumhst_28074,1181,goods-n-mediumhst,28074,1206169,1030801,2023-02-07,189.06457656704686,62.27381997484285,GN,2.459,2.2614377588968066,A,2.2614377588968066,17.0,2.271393,nan
goods-n-mediumhst_28082,1181,goods-n-mediumhst,28082,1030851,1030851,2023-02-07,189.05956604237198,62.27388230747851,GN,1.816,2.0296437857344505,A,2.0296437857344505,9.0,nan,nan
goods-n-mediumhst_28089,1181,goods-n-mediumhst,28089,-2,-1,2023-02-07,189.05934100495253,62.27384031914494,GN,1.772,2.030800708169722,A,2.030800708169722,2.0,2.027948,nan
goods-n-mediumjwst_28099,1181,goods-n-mediumjwst,28099,1028099,1028099,2023-05-05,189.23763480739814,62.25092044237672,GN,2.44401,1.9184908393825393,A,1.9184908393825393,3.0,1.919174,nan
goods-n-mediumhst_28125,1181,goods-n-mediumhst,28125,1031092,1031092,2023-02-07,189.07442988482435,62.274622388219115,GN,0.696,-1.0,E,nan,nan,nan,nan
goods-n-mediumjwst_28139,1181,goods-n-mediumjwst,28139,1028139,1028139,2023-05-05,189.18874141253144,62.25129203721704,GN,1.44375,1.5309660450565972,A,1.5309660450565972,10.0,1.528459,nan
goods-n-mediumhst_28155,1181,goods-n-mediumhst,28155,1031139,1031139,2023-02-07,189.09691038819182,62.27482893077437,GN,2.48453,2.493887,B,nan,nan,2.493887,nan
goods-n-mediumhst_28158,1181,goods-n-mediumhst,28158,1014696,1014696,2023-02-07,189.0601732542926,62.27435430220898,GN,2.251,2.0288805773996534,A,2.0288805773996534,2.0,2.016917,nan
goods-n-mediumhst_28173,1181,goods-n-mediumhst,28173,1254078,-1,2023-02-07,189.17855015024847,62.2745445579701,GN,2.047,5.19777,D,nan,nan,5.19777,-17.788895829856568
goods-n-mediumjwst_28174,1181,goods-n-mediumjwst,28174,1184181,1028174,2023-05-05,189.22770092088334,62.251763938096055,GN,4.54808,4.400747128292265,A,4.400747128292265,12.0,4.400809,-18.44872256902922
goods-n-mediumhst_28187,1181,goods-n-mediumhst,28187,1031128,1031128,2023-02-07,189.1213259839412,62.27465931849906,GN,3.166,3.2054557940729484,A,3.2054557940729484,9.0,3.204491,-19.95358102671807
goods-n-mediumhst_28226,1181,goods-n-mediumhst,28226,1031079,1031079,2023-02-07,189.09141981239648,62.274893295173825,GN,1.138,-1.0,E,nan,nan,nan,nan
goods-n-mediumjwst_28229,1181,goods-n-mediumjwst,28229,1028229,1028229,2023-05-05,189.22584198723877,62.251939809414985,GN,4.49624,4.4025869347019375,A,4.4025869347019375,4.0,4.410187,-19.241937166665593
goods-n-mediumhst_28231,1181,goods-n-mediumhst,28231,1014862,1014862,2023-02-07,189.14810296957452,62.27492658270162,GN,0.709,-1.0,E,nan,nan,nan,nan
goods-n-mediumhst_28269,1181,goods-n-mediumhst,28269,1014950,1014950,2023-02-07,189.1321503285485,62.275211649371165,GN,2.294,2.2752793162332132,A,2.2752793162332132,1.0,2.278393,nan
goods-n-mediumhst_28271,1181,goods-n-mediumhst,28271,1031175,1031175,2023-02-07,189.06792633495314,62.275126850983135,GN,2.097,2.0933223231798914,A,2.0933223231798914,17.0,2.113775,nan
goods-n-mediumjwst_28276,1181,goods-n-mediumjwst,28276,1028274,1028276,2023-05-05,189.25255758858268,62.25299993399015,GN,0.70826,0.69698,C,nan,nan,0.69698,nan
goods-s-mediumjwst_28289,1286,goods-s-mediumjwst,28289,28289,28289,2023-12-11,53.0531342,-27.8789683,GS,5.89349,5.774669,B,nan,nan,5.774669,-18.811022977771305
goods-n-mediumhst_28301,1181,goods-n-mediumhst,28301,1031213,1031213,2023-02-07,189.1599373806248,62.27534183701887,GN,1.75385,1.79784,C,nan,nan,1.79784,nan
goods-n-mediumhst_28313,1181,goods-n-mediumhst,28313,1015035,1015035,2023-02-07,189.15107245511592,62.27545542663584,GN,1.302,1.4887015461605029,A,1.4887015461605029,2.0,nan,nan
goods-s-mediumjwst_28333,1286,goods-s-mediumjwst,28333,28333,28333,2023-12-11,53.0889367,-27.8789375,GS,1.55629,1.586811,C,nan,nan,1.586811,nan
goods-n-mediumhst_28334,1181,goods-n-mediumhst,28334,1031543,1031543,2023-02-07,189.12537404435017,62.27666719989062,GN,1.67165,1.6716667652966746,A,1.6716667652966746,11.0,1.675095,nan
goods-n-mediumhst_28342,1181,goods-n-mediumhst,28342,1031262,1031262,2023-02-07,189.22435943920328,62.27560762952495,GN,2.18,6.733519,B,nan,nan,6.733519,-19.750957811992336
goods-n-mediumhst_28390,1181,goods-n-mediumhst,28390,1031458,1031458,2023-02-07,189.0712059291223,62.27589669246643,GN,1.681,1.677194530138738,A,1.677194530138738,12.0,nan,nan
goods-n-mediumjwst_28428,1181,goods-n-mediumjwst,28428,1028428,1028428,2023-05-05,189.23567867692222,62.2536201896829,GN,7.81742,2.9588503514388935,A,2.9588503514388935,7.0,2.964021,nan
goods-n-mediumhst_28433,1181,goods-n-mediumhst,28433,1031604,1031604,2023-02-07,189.1346821571043,62.27700161418972,GN,1.518,1.5221631261573974,A,1.5221631261573974,11.0,1.522251,nan
goods-n-mediumhst_28461,1181,goods-n-mediumhst,28461,1031184,1031184,2023-02-07,189.0651133835851,62.276271118794426,GN,1.205,2.095015844784019,A,2.095015844784019,2.0,2.100545,nan
goods-n-mediumhst_28465,1181,goods-n-mediumhst,28465,1015349,1015349,2023-02-07,189.08290832557435,62.27630495586113,GN,0.607,-1.0,E,nan,nan,nan,nan
goods-n-mediumhst_28470,1181,goods-n-mediumhst,28470,1089906,1089906,2023-02-07,189.18112900828518,62.276413525350634,GN,3.181,3.36329177222265,A,3.36329177222265,5.0,3.360604,-20.18962243387496
goods-s-mediumjwst_28579,1286,goods-s-mediumjwst,28579,28579,28579,2023-12-11,53.0798596,-27.8787713,GS,0.65107,0.7377586118157542,A,0.7377586118157542,1.0,0.73702,nan
goods-n-mediumhst_28626,1181,goods-n-mediumhst,28626,1031772,1031772,2023-02-07,189.0813226696939,62.27797318161491,GN,1.988,1.9954780573272173,A,1.9954780573272173,10.0,1.990178,nan
goods-n-mediumhst_28640,1181,goods-n-mediumhst,28640,1015597,1015597,2023-02-07,189.06670583459098,62.27717008020306,GN,1.554,2.091642612957516,A,2.091642612957516,6.0,2.107262,nan
goods-n-mediumjwst_28665,1181,goods-n-mediumjwst,28665,1028666,1028665,2023-05-05,189.24667895285418,62.25552801920854,GN,0.99269,0.9627966952988923,A,0.9627966952988923,2.0,0.95467,nan
goods-n-mediumhst_28672,1181,goods-n-mediumhst,28672,1090015,1090015,2023-02-07,189.20755719267342,62.27745486734472,GN,1.438,1.30301,D,nan,nan,1.30301,nan
goods-n-mediumhst_28693,1181,goods-n-mediumhst,28693,1031735,1031735,2023-02-07,189.13717860448074,62.27757249224712,GN,2.512,2.8531382349728798,A,2.8531382349728798,3.0,2.852419,nan
goods-n-mediumhst_28696,1181,goods-n-mediumhst,28696,1015746,1015746,2023-02-07,189.11011766989716,62.2775722658639,GN,0.027,2.4424602062205287,A,2.4424602062205287,1.0,2.436766,nan
goods-n-mediumhst_28707,1181,goods-n-mediumhst,28707,1095015,1095015,2023-02-07,189.17701696213715,62.277702889304365,GN,1.987,2.482576191120196,A,2.482576191120196,3.0,2.491489,nan
goods-n-mediumhst_28730,1181,goods-n-mediumhst,28730,1031802,1031802,2023-02-07,189.15365852269986,62.277998442868466,GN,1.88,1.65,D,nan,nan,nan,nan
goods-s-mediumjwst_28737,1286,goods-s-mediumjwst,28737,191817,191817,2023-01-13,53.1717072,-27.8346233,GS,1.98367,1.927166,C,nan,nan,1.927166,nan
goods-n-mediumjwst_28746,1181,goods-n-mediumjwst,28746,1184276,1028747,2023-05-05,189.17607762006907,62.25632459838476,GN,4.5856,4.412805358423411,A,4.412805358423411,10.0,4.415676,-19.701436846186176
goods-n-mediumhst_28752,1181,goods-n-mediumhst,28752,1031813,1031813,2023-02-07,189.092867997563,62.27821544304611,GN,1.999,2.0939463339906697,A,2.0939463339906697,6.0,2.105007,nan
goods-n-mediumhst_28754,1181,goods-n-mediumhst,28754,1015851,1015851,2023-02-07,189.09674931462578,62.27787916420049,GN,3.635,3.2092511912638924,A,3.2092511912638924,2.0,3.209643,-17.790038594017133
goods-n-mediumhst_28765,1181,goods-n-mediumhst,28765,1103733,1103733,2023-02-07,189.19340081285029,62.27794883239855,GN,3.23,3.22944405219905,A,3.22944405219905,3.0,3.231676,-18.135996271555552
goods-s-deepjwst_28779,1287,goods-s-deepjwst,28779,28779,28779,2024-01-10,53.0586236,-27.8787199,GS,2.7548,2.6740119757991936,A,2.6740119757991936,3.0,2.67185,nan
goods-s-mediumjwst_28786,1286,goods-s-mediumjwst,28786,28786,28786,2023-12-11,53.1444326,-27.8787359,GS,2.47831,2.31734,D,nan,nan,2.31734,nan
goods-n-mediumhst_28854,1181,goods-n-mediumhst,28854,1090091,1090091,2023-02-07,189.2245484008318,62.278645839097415,GN,1.656,1.782564244470567,A,1.782564244470567,5.0,1.788175,nan
goods-s-deepjwst_28871,1287,goods-s-deepjwst,28871,28871,28871,2024-01-10,53.0624622,-27.8786825,GS,1.96441,2.346001767130685,A,2.346001767130685,3.0,2.346731,nan
goods-s-mediumjwst_28871,1286,goods-s-mediumjwst,28871,28871,28871,2023-12-11,53.0624622,-27.8786825,GS,1.96441,-1.0,E,nan,nan,nan,nan
goods-s-mediumjwst_28893,1180,goods-s-mediumjwst,28893,85922,85922,2023-01-28,53.1644936,-27.8344021,GS,-1.0,-1.0,E,nan,nan,nan,nan
goods-n-mediumhst_28902,1181,goods-n-mediumhst,28902,1016135,1016135,2023-02-07,189.08859073592822,62.27886977105239,GN,1.3,0.0,E,nan,nan,nan,nan
goods-n-mediumhst_28939,1181,goods-n-mediumhst,28939,1016205,1016205,2023-02-07,189.1725859480005,62.279207289874726,GN,1.103,1.103,D,nan,nan,1.103,nan
goods-n-mediumhst_28946,1181,goods-n-mediumhst,28946,1016195,1016195,2023-02-07,189.12274051790044,62.279119551683465,GN,2.015,2.0594883932989507,A,2.0594883932989507,2.0,2.062435,nan
goods-n-mediumjwst_28956,1181,goods-n-mediumjwst,28956,1028952,1028952,2023-05-05,189.19575752418396,62.25848464545773,GN,0.53453,1.0575572149280599,A,1.0575572149280599,1.0,1.058,nan
goods-n-mediumhst_28959,1181,goods-n-mediumhst,28959,1031969,1031969,2023-02-07,189.16814764035055,62.279766621852914,GN,1.058,1.060988848921156,A,1.060988848921156,4.0,1.062265,nan
goods-n-mediumhst_28979,1181,goods-n-mediumhst,28979,1016250,1016250,2023-02-07,189.0886818965525,62.27935680066712,GN,0.73,-1.0,E,nan,nan,nan,nan
goods-n-mediumhst_29018,1181,goods-n-mediumhst,29018,1016337,1016337,2023-02-07,189.0826073076829,62.27958421518778,GN,1.931,-1.0,E,nan,nan,nan,nan
goods-n-mediumhst_29023,1181,goods-n-mediumhst,29023,1031992,1031992,2023-02-07,189.09063530163854,62.27998071829351,GN,2.08,2.0917793977778345,A,2.0917793977778345,11.0,2.09433,nan
goods-n-mediumhst_29032,1181,goods-n-mediumhst,29032,1032064,1032064,2023-02-07,189.0989314134077,62.28066422473672,GN,1.98619,2.013359835499302,A,2.013359835499302,7.0,2.012079,nan
goods-n-mediumhst_29034,1181,goods-n-mediumhst,29034,1032027,1032027,2023-02-07,189.09377171497152,62.28021653005786,GN,2.044,2.0924457041620004,A,2.0924457041620004,10.0,2.094538,nan
goods-n-mediumhst_29042,1181,goods-n-mediumhst,29042,1090197,1090197,2023-02-07,189.22005228640614,62.27984722201617,GN,1.798,1.999189931872671,A,1.999189931872671,1.0,1.998,nan
goods-n-mediumhst_29060,1181,goods-n-mediumhst,29060,1032061,1032061,2023-02-07,189.17037810870008,62.28049852903407,GN,0.76473,0.755937,B,nan,nan,0.755937,nan
goods-s-mediumjwst_29091,1180,goods-s-mediumjwst,29091,400523,-1,2023-01-28,53.1566315,-27.8339233,GS,-1.0,-1.0,E,nan,nan,nan,nan
goods-n-mediumhst_29158,1181,goods-n-mediumhst,29158,1016560,1016560,2023-02-07,189.1738695039404,62.280553304027194,GN,1.262,1.262,D,nan,nan,1.262,nan
goods-n-mediumjwst_29164,1181,goods-n-mediumjwst,29164,1029164,1029164,2023-05-05,189.19168929427403,62.26025859977375,GN,3.77251,4.405909588272697,A,4.405909588272697,6.0,4.408952,-19.368528091939098
goods-s-mediumjwst_29180,1286,goods-s-mediumjwst,29180,86474,86474,2023-01-13,53.1795654,-27.8336716,GS,1.36403,-1.0,E,nan,nan,nan,nan
goods-s-mediumjwst_29199,1286,goods-s-mediumjwst,29199,29199,29199,2023-12-11,53.0846285,-27.8785517,GS,3.2204,3.08191,D,nan,nan,3.08191,nan
goods-n-mediumjwst_29209,1181,goods-n-mediumjwst,29209,1029209,1029209,2023-05-05,189.21526779210183,62.26089756537222,GN,2.51513,2.332960552077461,A,2.332960552077461,3.0,2.336543,nan
goods-n-mediumjwst_29224,1181,goods-n-mediumjwst,29224,1029224,1029224,2023-05-05,189.19527364921626,62.26128979367753,GN,0.89394,0.9166642909790792,A,0.9166642909790792,4.0,0.906573,nan
goods-n-mediumjwst_29236,1181,goods-n-mediumjwst,29236,1029236,1029236,2023-05-05,189.20201583891213,62.26127009722538,GN,0.45821,0.5048192360171437,A,0.5048192360171437,4.0,0.502702,nan
goods-n-mediumhst_29262,1181,goods-n-mediumhst,29262,1016796,1016796,2023-02-07,189.1406841406633,62.281306535261535,GN,0.12,0.142322,C,nan,nan,0.142322,nan
goods-n-mediumhst_29269,1181,goods-n-mediumhst,29269,1016751,1016751,2023-02-07,189.17137344140122,62.28122451679285,GN,0.782,0.8484464411918891,A,0.8484464411918891,1.0,0.849,nan
goods-n-mediumhst_29270,1181,goods-n-mediumhst,29270,1032185,1032185,2023-02-07,189.17545786339596,62.2811582440381,GN,0.879,0.747,C,nan,nan,0.747,nan
goods-n-mediumjwst_29298,1181,goods-n-mediumjwst,29298,1029298,1029298,2023-05-05,189.1632136025123,62.26139738449399,GN,3.27343,-1.0,E,nan,nan,nan,nan
goods-n-mediumhst_29323,1181,goods-n-mediumhst,29323,1032368,1032368,2023-02-07,189.12830103080887,62.282058401954735,GN,2.217,2.229434124229268,A,2.229434124229268,1.0,2.235963,nan
goods-n-mediumhst_29345,1181,goods-n-mediumhst,29345,1090309,1090309,2023-02-07,189.22373822385026,62.28158510703063,GN,2.315,2.42858,C,nan,nan,2.42858,nan
goods-n-mediumhst_29346,1181,goods-n-mediumhst,29346,1016858,1016858,2023-02-07,189.09767052738115,62.281474366540294,GN,2.963,3.401400554594767,A,3.401400554594767,3.0,3.400739,-18.801715760707765
goods-n-mediumhst_29349,1181,goods-n-mediumhst,29349,1016884,1016884,2023-02-07,189.101482968204,62.28156212317082,GN,2.95,2.2705262740811127,A,2.2705262740811127,2.0,2.266865,nan
goods-n-mediumjwst_29351,1181,goods-n-mediumjwst,29351,1029351,1029351,2023-05-05,189.17875950030893,62.26198240901812,GN,0.551,-1.0,E,nan,nan,nan,nan
goods-n-mediumhst_29393,1181,goods-n-mediumhst,29393,1090326,1090326,2023-02-07,189.21509735499288,62.2817996899059,GN,1.637,2.0483859282033805,A,2.0483859282033805,3.0,2.042234,nan
goods-n-mediumjwst_29412,1181,goods-n-mediumjwst,29412,1029412,1029412,2023-05-05,189.16374236601197,62.26328190795155,GN,1.83005,1.74195027311133,A,1.74195027311133,3.0,1.756681,nan
goods-n-mediumhst_29438,1181,goods-n-mediumhst,29438,1032486,1032486,2023-02-07,189.08617364900434,62.28266720685483,GN,1.672,1.6764772915528874,A,1.6764772915528874,17.0,1.678532,nan
goods-n-mediumhst_29455,1181,goods-n-mediumhst,29455,1090352,1090352,2023-02-07,189.19121487229688,62.282133281554756,GN,2.478,2.5307591826130134,A,2.5307591826130134,11.0,2.534284,nan
goods-n-mediumhst_29471,1181,goods-n-mediumhst,29471,1032437,1032436,2023-02-07,189.08518844148378,62.2823422476449,GN,0.804,-1.0,E,nan,nan,nan,nan
goods-n-mediumhst_29476,1181,goods-n-mediumhst,29476,1032460,1032460,2023-02-07,189.17004469148426,62.28249669689784,GN,1.747,1.81377,C,nan,nan,1.81377,nan
goods-s-mediumjwst_29518,1286,goods-s-mediumjwst,29518,29518,29518,2023-12-11,53.0922593,-27.8783148,GS,1.75356,1.4505,D,nan,nan,1.4505,nan
goods-n-mediumjwst_29529,1181,goods-n-mediumjwst,29529,1029529,1029529,2023-05-05,189.17225612689936,62.26325390439068,GN,0.57701,-1.0,E,nan,nan,nan,nan
goods-n-mediumhst_29554,1181,goods-n-mediumhst,29554,1017300,1017300,2023-02-07,189.14161373664228,62.28290559115277,GN,3.179,3.205187645540346,A,3.205187645540346,4.0,3.210251,-18.450772260588046
goods-n-mediumhst_29582,1181,goods-n-mediumhst,29582,1032540,1032540,2023-02-07,189.07337340533283,62.28313807963973,GN,1.594,1.6769738126226095,A,1.6769738126226095,6.0,1.677048,nan
goods-s-mediumjwst_29609,1286,goods-s-mediumjwst,29609,29609,29609,2023-12-11,53.0887709,-27.8782939,GS,3.50451,3.4730742806581656,A,3.4730742806581656,2.0,3.479325,-18.696167278963458
goods-n-mediumhst_29618,1181,goods-n-mediumhst,29618,1017413,1017413,2023-02-07,189.10082842942384,62.28328129167095,GN,1.669,2.591,D,nan,nan,2.585336,nan
goods-n-mediumjwst_29648,1181,goods-n-mediumjwst,29648,1029648,1029648,2023-05-05,189.209198615324,62.26426857609074,GN,3.09262,2.9598791683446546,A,2.9598791683446546,17.0,2.96585,nan
goods-s-mediumjwst_29686,1180,goods-s-mediumjwst,29686,87360,87360,2023-01-28,53.1643524,-27.832489,GS,2.925,3.1718949863326067,A,3.1718949863326067,5.0,3.171103,-19.577437266699253
goods-n-mediumjwst_29706,1181,goods-n-mediumjwst,29706,1029706,1029706,2023-05-05,189.2192196717903,62.26442995892577,GN,1.52692,1.75309,D,nan,nan,1.75309,nan
goods-n-mediumhst_29710,1181,goods-n-mediumhst,29710,1017544,1017544,2023-02-07,189.1427751124826,62.28371257397378,GN,2.24,2.365699242043232,A,2.365699242043232,2.0,2.37629,nan
goods-n-mediumhst_29711,1181,goods-n-mediumhst,29711,1032730,1032730,2023-02-07,189.19691009972013,62.28410405185229,GN,2.31864,2.31999892683061,A,2.31999892683061,9.0,2.318969,nan
goods-n-mediumhst_29712,1181,goods-n-mediumhst,29712,1090452,1090452,2023-02-07,189.23130971974126,62.28376776943353,GN,1.79,1.84349,D,nan,nan,1.84349,nan
goods-n-mediumhst_29715,1181,goods-n-mediumhst,29715,1032642,1032642,2023-02-07,189.09153461276142,62.28390094582374,GN,1.858,1.8791792625939157,A,1.8791792625939157,13.0,1.885709,nan
goods-s-mediumjwst_29740,1286,goods-s-mediumjwst,29740,29740,29740,2023-12-11,53.0864985,-27.8782546,GS,4.53466,4.427561055767736,A,4.427561055767736,1.0,4.425471,-15.929460145894701
goods-n-mediumhst_29765,1181,goods-n-mediumhst,29765,1237238,-1,2023-02-07,189.2180383780377,62.2840736630034,GN,1.001,1.001,C,nan,nan,1.001,nan
goods-n-mediumhst_29785,1181,goods-n-mediumhst,29785,1017681,1017681,2023-02-07,189.1181335746037,62.28414622089989,GN,1.29,1.3338846414349315,A,1.3338846414349315,2.0,1.346792,nan
goods-n-mediumhst_29787,1181,goods-n-mediumhst,29787,1017693,1017693,2023-02-07,189.0809205300084,62.28412465743297,GN,1.578,1.67668,D,nan,nan,nan,nan
goods-s-mediumjwst_29807,1180,goods-s-mediumjwst,29807,87532,87532,2023-01-28,53.1689682,-27.832262,GS,-1.0,-1.0,E,nan,nan,nan,nan
goods-n-mediumhst_29815,1181,goods-n-mediumhst,29815,1090497,1090497,2023-02-07,189.22359312149126,62.28453233188568,GN,1.928,2.048889313607335,A,2.048889313607335,9.0,2.049645,nan
goods-n-mediumjwst_29847,1181,goods-n-mediumjwst,29847,1029847,1029847,2023-05-05,189.17881078843683,62.26571113673694,GN,0.83548,0.81418,D,nan,nan,0.81418,nan
goods-n-mediumhst_29849,1181,goods-n-mediumhst,29849,1090501,1090501,2023-02-07,189.2007226975424,62.28470084527266,GN,1.933,1.8140275533991965,A,1.8140275533991965,14.0,1.82162,nan
goods-n-mediumhst_29857,1181,goods-n-mediumhst,29857,1032909,1032909,2023-02-07,189.0856622768071,62.28487440162722,GN,0.877,1.06565,D,nan,nan,1.06565,nan
goods-n-mediumhst_29875,1181,goods-n-mediumhst,29875,1032972,1032972,2023-02-07,189.1057396725567,62.28557513748438,GN,1.787,1.7908145074353725,A,1.7908145074353725,14.0,1.796774,nan
goods-n-mediumjwst_29876,1181,goods-n-mediumjwst,29876,1029875,1029876,2023-05-05,189.1765233492476,62.266718165766974,GN,3.58078,-1.0,E,nan,nan,nan,nan
goods-n-mediumhst_29938,1181,goods-n-mediumhst,29938,1018097,1018097,2023-02-07,189.11893801397568,62.28528325125819,GN,1.828,2.484328582567339,A,2.484328582567339,11.0,2.480973,nan
goods-n-mediumhst_29951,1181,goods-n-mediumhst,29951,1018105,1018105,2023-02-07,189.086973527782,62.285225341377604,GN,0.71,0.6811674768704599,A,0.6811674768704599,1.0,0.68104,nan
goods-n-mediumhst_29965,1181,goods-n-mediumhst,29965,1018216,1018216,2023-02-07,189.14424287313992,62.28565461963954,GN,0.381,-1.0,E,nan,nan,nan,nan
goods-n-mediumjwst_29976,1181,goods-n-mediumjwst,29976,1029977,1029976,2023-05-05,189.18796778868978,62.26691647188103,GN,5.11409,-1.0,E,nan,nan,nan,nan
goods-n-mediumhst_30039,1181,goods-n-mediumhst,30039,1033173,1033173,2023-02-07,189.14499612765323,62.286212611022876,GN,1.629,1.6309759464143752,A,1.6309759464143752,8.0,1.623268,nan
goods-n-mediumhst_30054,1181,goods-n-mediumhst,30054,1018309,1114286,2023-02-07,189.1036245164993,62.28581229340406,GN,1.543,-1.0,E,nan,nan,nan,nan
goods-n-mediumhst_30058,1181,goods-n-mediumhst,30058,1018343,1018343,2023-02-07,189.1880036893043,62.28589276692327,GN,1.82,2.312055,C,nan,nan,2.312055,nan
goods-n-mediumhst_30082,1181,goods-n-mediumhst,30082,1018405,1018405,2023-02-07,189.19918994314511,62.28602904289612,GN,0.033,2.9487212622749706,A,2.9487212622749706,4.0,2.951507,nan
goods-s-mediumjwst_30092,1286,goods-s-mediumjwst,30092,30092,30092,2023-12-11,53.1097197,-27.8780479,GS,2.559,2.79807,C,nan,nan,2.79807,nan
goods-n-mediumhst_30102,1181,goods-n-mediumhst,30102,1033187,1033187,2023-02-07,189.07143920991203,62.2864154457826,GN,0.96,0.9434990017895502,A,0.9434990017895502,2.0,0.945537,nan
goods-n-mediumhst_30112,1181,goods-n-mediumhst,30112,1033179,1033179,2023-02-07,189.13043754189738,62.286189563758086,GN,2.741,-1.0,E,nan,nan,nan,nan
goods-n-mediumjwst_30113,1181,goods-n-mediumjwst,30113,1030113,1030113,2023-05-05,189.2199906347755,62.26822818514528,GN,4.07546,-1.0,E,nan,nan,nan,nan
goods-n-mediumhst_30145,1181,goods-n-mediumhst,30145,1018500,1018500,2023-02-07,189.09165437292899,62.28631411430352,GN,0.69,-1.0,E,nan,nan,nan,nan
goods-n-mediumhst_30170,1181,goods-n-mediumhst,30170,1033221,1033221,2023-02-07,189.1136219267739,62.28686371512727,GN,1.698,1.785017,B,nan,nan,1.785017,nan
goods-n-mediumhst_30190,1181,goods-n-mediumhst,30190,1018590,1018590,2023-02-07,189.10565499165216,62.28663522049038,GN,2.95,2.9761553377932115,A,2.9761553377932115,3.0,2.970475,nan
goods-n-mediumhst_30203,1181,goods-n-mediumhst,30203,1018628,1018628,2023-02-07,189.1932075138195,62.28673448699019,GN,-99.0,2.37877,D,nan,nan,2.38858,nan
goods-n-mediumhst_30206,1181,goods-n-mediumhst,30206,1033260,1033260,2023-02-07,189.07057737830306,62.28726156404733,GN,1.597,1.5866855024807491,A,1.5866855024807491,15.0,nan,nan
goods-n-mediumjwst_30236,1181,goods-n-mediumjwst,30236,1030236,1030236,2023-05-05,189.11997620948574,62.27251387018103,GN,3.73712,1.64633,D,nan,nan,1.64633,nan
goods-n-mediumhst_30245,1181,goods-n-mediumhst,30245,1018696,1018696,2023-02-07,189.10455697102466,62.28695331567887,GN,2.88,2.977215256174356,A,2.977215256174356,2.0,2.978615,nan
goods-n-mediumhst_30263,1181,goods-n-mediumhst,30263,1018791,1018791,2023-02-07,189.09502804620445,62.28730596576221,GN,1.784,2.0134789820156547,A,2.0134789820156547,11.0,2.019788,nan
goods-s-mediumjwst_30283,1286,goods-s-mediumjwst,30283,88269,88269,2023-01-13,53.1785202,-27.8310566,GS,1.66384,1.6163605550066458,A,1.6163605550066458,2.0,1.614898,nan
goods-n-mediumhst_30296,1181,goods-n-mediumhst,30296,1018820,1018820,2023-02-07,189.14021495448176,62.287327005911045,GN,1.529,1.62785,C,nan,nan,1.62785,nan
goods-n-mediumhst_30301,1181,goods-n-mediumhst,30301,1018836,1018836,2023-02-07,189.1455585411807,62.287350657300124,GN,2.764,-1.0,E,nan,nan,nan,nan
goods-n-mediumjwst_30313,1181,goods-n-mediumjwst,30313,1030313,1030313,2023-05-05,189.1258594620524,62.2700114499906,GN,0.78128,0.891996,C,nan,nan,0.891996,nan
goods-n-mediumjwst_30315,1181,goods-n-mediumjwst,30315,1030315,1030315,2023-05-05,189.1378485674693,62.269946106918496,GN,1.53746,1.5231003427580203,A,1.5231003427580203,6.0,1.526783,nan
goods-s-mediumjwst_30347,1180,goods-s-mediumjwst,30347,193080,193080,2023-01-28,53.1676521,-27.8304157,GS,1.85479,1.8973807057028256,A,1.8973807057028256,4.0,1.902177,nan
goods-n-mediumjwst_30362,1181,goods-n-mediumjwst,30362,1030362,1030362,2023-05-05,189.19443862839776,62.2707175247141,GN,4.08921,4.073754304692104,A,4.073754304692104,2.0,4.077448,-18.62280381019826
goods-s-mediumjwst_30393,1286,goods-s-mediumjwst,30393,30393,30393,2023-12-11,53.0804311,-27.8778842,GS,4.91267,-1.0,E,nan,nan,nan,nan
goods-n-mediumjwst_30413,1181,goods-n-mediumjwst,30413,1030413,1030413,2023-05-05,189.10924379824414,62.27106879229761,GN,0.76941,0.77053,D,nan,nan,0.77053,nan
goods-n-mediumhst_30442,1181,goods-n-mediumhst,30442,1019203,1019203,2023-02-07,189.20223900509689,62.288390015309425,GN,2.986,0.4854812384166072,A,0.4854812384166072,6.0,0.490697,nan
goods-n-mediumhst_30496,1181,goods-n-mediumhst,30496,1019260,1019260,2023-02-07,189.1762502560292,62.28860373605772,GN,3.37,3.1992853974372024,A,3.1992853974372024,6.0,3.195772,-18.910923515757386
goods-n-mediumhst_30506,1181,goods-n-mediumhst,30506,1033526,1033526,2023-02-07,189.10927106286695,62.28882714370158,GN,0.92,0.965142046051089,A,0.965142046051089,3.0,0.96814,nan
goods-n-mediumhst_30515,1181,goods-n-mediumhst,30515,1033524,1033524,2023-02-07,189.08914787764382,62.28882246177966,GN,1.606,1.78822,C,nan,nan,1.78822,nan
goods-n-mediumhst_30537,1181,goods-n-mediumhst,30537,1019311,1019311,2023-02-07,189.12062925302845,62.28869138943782,GN,2.179,2.048620705322935,A,2.048620705322935,4.0,2.051798,nan
goods-n-mediumhst_30563,1181,goods-n-mediumhst,30563,1019384,1019384,2023-02-07,189.139205337647,62.28891718828863,GN,1.987,1.980517478998482,A,1.980517478998482,2.0,1.983657,nan
goods-n-mediumhst_30574,1181,goods-n-mediumhst,30574,1019393,1019393,2023-02-07,189.12027129908952,62.28896543292135,GN,2.567,2.51581,B,nan,nan,2.51581,nan
goods-n-mediumhst_30578,1181,goods-n-mediumhst,30578,1019412,1019412,2023-02-07,189.11203241289914,62.2889899746498,GN,1.662,3.12834,C,nan,nan,3.12834,-17.80601445579601
goods-n-mediumhst_30580,1181,goods-n-mediumhst,30580,1019464,1019464,2023-02-07,189.1783406802297,62.289241645538006,GN,0.876,-1.0,E,nan,nan,nan,nan
goods-n-mediumhst_30583,1181,goods-n-mediumhst,30583,1019425,1019425,2023-02-07,189.16190384909373,62.28908071188328,GN,0.725,-1.0,E,nan,nan,nan,nan
goods-n-mediumhst_30586,1181,goods-n-mediumhst,30586,1090779,1090779,2023-02-07,189.22597693324704,62.289544541596605,GN,0.531,-1.0,E,nan,nan,nan,nan
goods-n-mediumjwst_30595,1181,goods-n-mediumjwst,30595,1030595,1030595,2023-05-05,189.13018787006197,62.27211778562408,GN,1.72749,3.24184364826409,A,3.24184364826409,1.0,3.245705,-17.61691045378322
goods-s-mediumjwst_30599,1286,goods-s-mediumjwst,30599,193300,-1,2023-01-13,53.1811333,-27.8302059,GS,3.36564,-1.0,E,nan,nan,nan,nan
goods-n-mediumjwst_30600,1181,goods-n-mediumjwst,30600,1030600,1030600,2023-05-05,189.12601265563077,62.272179510607735,GN,1.85678,0.81273,D,nan,nan,0.81273,nan
goods-s-mediumjwst_30600,1286,goods-s-mediumjwst,30600,193304,193304,2023-01-13,53.1705513,-27.8302383,GS,3.00872,2.728175288085562,A,2.728175288085562,5.0,2.728025,nan
goods-n-mediumhst_30610,1181,goods-n-mediumhst,30610,1033589,1116420,2023-02-07,189.12715719115565,62.289434015838346,GN,2.719,2.853253134590174,A,2.853253134590174,2.0,2.849777,nan
goods-n-mediumhst_30631,1181,goods-n-mediumhst,30631,1019539,1019539,2023-02-07,189.14672729468774,62.28937372848623,GN,1.843,1.5865114064661383,A,1.5865114064661383,11.0,1.587102,nan
goods-n-mediumhst_30634,1181,goods-n-mediumhst,30634,1019535,1019535,2023-02-07,189.20953708978186,62.28933960573309,GN,0.849,0.787,D,nan,nan,0.79616,nan
goods-n-mediumhst_30655,1181,goods-n-mediumhst,30655,1019572,1019572,2023-02-07,189.1227497209252,62.28945930656992,GN,2.9,-1.0,E,nan,nan,nan,nan
goods-n-mediumjwst_30667,1181,goods-n-mediumjwst,30667,1030668,1030668,2023-05-05,189.22101449349265,62.27259354960665,GN,4.91107,-1.0,E,nan,nan,nan,nan
goods-n-mediumjwst_30668,1181,goods-n-mediumjwst,30668,1030668,1030668,2023-05-05,189.22099220995963,62.272669002962964,GN,0.61734,-1.0,E,nan,nan,nan,nan
goods-n-mediumhst_30670,1181,goods-n-mediumhst,30670,1019602,1019602,2023-02-07,189.1385334686832,62.28957528041929,GN,2.364,1.9272338341437825,A,1.9272338341437825,3.0,1.921206,nan
goods-n-mediumhst_30683,1181,goods-n-mediumhst,30683,1019624,1019624,2023-02-07,189.19175126086168,62.28965379583471,GN,1.22,-1.0,E,nan,nan,nan,nan
goods-n-mediumhst_30692,1181,goods-n-mediumhst,30692,1019647,1019647,2023-02-07,189.141247792084,62.2896691093252,GN,2.662,2.441,C,nan,nan,2.441,nan
goods-n-mediumhst_30695,1181,goods-n-mediumhst,30695,1019633,1019633,2023-02-07,189.1056559327494,62.28967344242336,GN,1.7,1.37776,C,nan,nan,1.37776,nan
goods-n-mediumjwst_30696,1181,goods-n-mediumjwst,30696,1030696,1030696,2023-05-05,189.12193166961148,62.272988196466095,GN,1.22595,1.31384,D,nan,nan,1.31384,nan
goods-n-mediumhst_30715,1181,goods-n-mediumhst,30715,1019708,1019708,2023-02-07,189.13221686126528,62.289825712801836,GN,1.697,1.697,C,nan,nan,1.697,nan
goods-n-mediumjwst_30737,1181,goods-n-mediumjwst,30737,1030737,1030737,2023-05-05,189.21818460944212,62.273389281035335,GN,2.04771,1.9899702736410054,A,1.9899702736410054,3.0,1.995838,nan
goods-n-mediumhst_30748,1181,goods-n-mediumhst,30748,1033687,1033687,2023-02-07,189.09001538372817,62.29015250213489,GN,1.673,1.7280640666903617,A,1.7280640666903617,6.0,1.730921,nan
goods-n-mediumjwst_30760,1181,goods-n-mediumjwst,30760,1030760,1030760,2023-05-05,189.2047969093773,62.27364125173337,GN,1.53103,1.4864345270654644,A,1.4864345270654644,3.0,1.474376,nan
goods-n-mediumhst_30773,1181,goods-n-mediumhst,30773,1019801,1019801,2023-02-07,189.11514912705897,62.290203859098945,GN,2.63,2.477149,B,nan,nan,2.477149,nan
goods-n-mediumhst_30803,1181,goods-n-mediumhst,30803,1033771,1033771,2023-02-07,189.15988906369282,62.29047794610395,GN,0.494,-1.0,E,nan,nan,nan,nan
goods-n-mediumhst_30817,1181,goods-n-mediumhst,30817,1033865,1033865,2023-02-07,189.19753940698305,62.29132853840117,GN,2.24521,2.24440683336967,A,2.24440683336967,17.0,2.244271,nan
goods-n-mediumhst_30831,1181,goods-n-mediumhst,30831,1019899,1019899,2023-02-07,189.1066522954844,62.29049543719787,GN,0.515,-1.0,E,nan,nan,nan,nan
goods-n-mediumhst_30850,1181,goods-n-mediumhst,30850,1033871,1033871,2023-02-07,189.13224732811366,62.29132182011931,GN,0.43,-1.0,E,nan,nan,nan,nan
goods-n-mediumhst_30881,1181,goods-n-mediumhst,30881,1020046,1020046,2023-02-07,189.130646029288,62.29091789557268,GN,0.15,-1.0,E,nan,nan,nan,nan
goods-s-deepjwst_30886,1287,goods-s-deepjwst,30886,30886,30886,2024-01-10,53.0612079,-27.8775891,GS,2.51669,2.667,E,nan,nan,nan,nan
goods-n-mediumhst_30892,1181,goods-n-mediumhst,30892,1020042,1020042,2023-02-07,189.1934198439536,62.290951781187424,GN,2.525,2.7528720870527366,A,2.7528720870527366,2.0,2.749009,nan
goods-n-mediumhst_30927,1181,goods-n-mediumhst,30927,1020094,1020094,2023-02-07,189.10628044164062,62.291097505555086,GN,0.76,-1.0,E,nan,nan,nan,nan
goods-n-mediumhst_30933,1181,goods-n-mediumhst,30933,1020134,1020134,2023-02-07,189.16819821177225,62.2912764594954,GN,0.494,-1.0,E,nan,nan,nan,nan
goods-s-deepjwst_30939,1287,goods-s-deepjwst,30939,30939,30939,2024-01-10,53.0623033,-27.8775536,GS,2.99371,1.6451,D,nan,nan,1.6451,nan
goods-n-mediumhst_30942,1181,goods-n-mediumhst,30942,1090854,1090854,2023-02-07,189.2115938962708,62.2912226083165,GN,1.833,2.420207688225182,A,2.420207688225182,2.0,2.425755,nan
goods-n-mediumhst_30987,1181,goods-n-mediumhst,30987,1090866,1090866,2023-02-07,189.2157644330523,62.291497354653686,GN,1.571,1.808,C,nan,nan,1.808,nan
goods-n-mediumhst_30989,1181,goods-n-mediumhst,30989,1020220,1020220,2023-02-07,189.20289006423266,62.29157920559542,GN,2.231,2.3784495060901163,A,2.3784495060901163,12.0,2.376297,nan
goods-n-mediumhst_30996,1181,goods-n-mediumhst,30996,1020215,1020215,2023-02-07,189.100080892925,62.291497941018754,GN,2.233,2.4816287268341854,A,2.4816287268341854,3.0,2.474879,nan
goods-n-mediumhst_30999,1181,goods-n-mediumhst,30999,1033973,1033973,2023-02-07,189.20001689603154,62.29204042784009,GN,2.31,2.01152,D,nan,nan,2.01152,nan
goods-n-mediumhst_31012,1181,goods-n-mediumhst,31012,1033936,1033936,2023-02-07,189.0902239236627,62.29182261050529,GN,3.832,3.6603660049989806,A,3.6603660049989806,4.0,3.649177,-19.645397147481376
goods-s-mediumjwst_31015,1286,goods-s-mediumjwst,31015,31015,31015,2023-12-11,53.0624681,-27.8774897,GS,3.42226,2.161819,B,nan,nan,2.161819,nan
goods-s-mediumjwst_31017,1286,goods-s-mediumjwst,31017,31017,31017,2023-12-11,53.0488123,-27.8775012,GS,6.0206,6.048550472113245,A,6.048550472113245,4.0,6.049998,-18.483024725438796
goods-n-mediumhst_31018,1181,goods-n-mediumhst,31018,1020270,1020270,2023-02-07,189.16945548005236,62.291702408153476,GN,3.304,0.0,E,nan,nan,nan,nan
goods-s-mediumjwst_31034,1286,goods-s-mediumjwst,31034,89594,89594,2023-01-13,53.181488,-27.8292236,GS,4.08086,4.034711,C,nan,nan,4.034711,-17.50817746669336
goods-n-mediumhst_31078,1181,goods-n-mediumhst,31078,1034054,1034054,2023-02-07,189.1798038886401,62.292628797029984,GN,3.208,-1.0,E,nan,nan,nan,nan
goods-n-mediumhst_31097,1181,goods-n-mediumhst,31097,1034060,1034060,2023-02-07,189.19146915662378,62.29264203267493,GN,1.475,1.4473678151164546,A,1.4473678151164546,6.0,1.440813,nan
goods-n-mediumhst_31108,1181,goods-n-mediumhst,31108,1020456,1114457,2023-02-07,189.108511052013,62.29228644626454,GN,1.21,1.21,D,nan,nan,1.21,nan
goods-n-mediumhst_31126,1181,goods-n-mediumhst,31126,1034130,1034130,2023-02-07,189.101221491631,62.29303097830296,GN,0.984,1.03751,C,nan,nan,1.03751,nan
goods-n-mediumhst_31161,1181,goods-n-mediumhst,31161,1034127,1034127,2023-02-07,189.15963077740037,62.29287113790045,GN,1.39,1.3304586784957344,A,1.3304586784957344,4.0,1.327001,nan
goods-n-mediumhst_31166,1181,goods-n-mediumhst,31166,1090935,1090935,2023-02-07,189.21217845351595,62.29281568634381,GN,1.945,2.0486427008732733,A,2.0486427008732733,6.0,2.041601,nan
goods-n-mediumhst_31231,1181,goods-n-mediumhst,31231,1034154,1034154,2023-02-07,189.09467482026977,62.29315741645561,GN,2.61,2.384611457975759,A,2.384611457975759,3.0,2.386877,nan
goods-n-mediumhst_31263,1181,goods-n-mediumhst,31263,1034229,1034228,2023-02-07,189.17089113686816,62.293319432134126,GN,1.734,1.8712344903975469,A,1.8712344903975469,2.0,nan,nan
goods-n-mediumhst_31328,1181,goods-n-mediumhst,31328,1034384,1034384,2023-02-07,189.20465118363418,62.29457430885137,GN,0.123,-1.0,E,nan,nan,nan,nan
goods-n-mediumhst_31342,1181,goods-n-mediumhst,31342,1020896,1020896,2023-02-07,189.1686000612792,62.29387662311779,GN,2.629,3.0146975746499507,A,3.0146975746499507,2.0,3.015568,-16.768119467064654
goods-n-mediumhst_31348,1181,goods-n-mediumhst,31348,1020906,1020906,2023-02-07,189.20484399860223,62.293910247679456,GN,1.945,-1.0,E,nan,nan,nan,nan
goods-n-mediumhst_31372,1181,goods-n-mediumhst,31372,1020976,1020976,2023-02-07,189.12009287916723,62.29412782181312,GN,2.845,2.9408606959585852,A,2.9408606959585852,14.0,2.938494,nan
goods-s-mediumjwst_31382,1286,goods-s-mediumjwst,31382,90178,90178,2023-01-13,53.1694717,-27.8284397,GS,2.81967,-1.0,E,nan,nan,nan,nan
goods-n-mediumhst_31387,1181,goods-n-mediumhst,31387,1021030,1021030,2023-02-07,189.16899625178084,62.29435263191114,GN,3.233,3.215885520534531,A,3.215885520534531,7.0,nan,nan
goods-n-mediumhst_31414,1181,goods-n-mediumhst,31414,1034351,1034351,2023-02-07,189.10006578296623,62.29437615231253,GN,2.557,2.4869652500070702,A,2.4869652500070702,6.0,2.482716,nan
goods-n-mediumhst_31418,1181,goods-n-mediumhst,31418,1021063,1021063,2023-02-07,189.1789813572733,62.29442798244394,GN,2.929,2.947280475207587,A,2.947280475207587,2.0,2.943259,nan
goods-n-mediumhst_31430,1181,goods-n-mediumhst,31430,1034521,1034521,2023-02-07,189.12364362907473,62.29530467508146,GN,0.36,-1.0,E,nan,nan,nan,nan
goods-s-mediumjwst_31439,1286,goods-s-mediumjwst,31439,193879,193879,2023-01-13,53.1404839,-27.8281269,GS,1.77048,1.745407,C,nan,nan,1.745407,nan
goods-n-mediumhst_31459,1181,goods-n-mediumhst,31459,1090996,1090996,2023-02-07,189.20820858125413,62.29461407829058,GN,1.633,1.7025723098790215,A,1.7025723098790215,4.0,1.700812,nan
goods-n-mediumhst_31479,1181,goods-n-mediumhst,31479,1021181,1021181,2023-02-07,189.18897358115808,62.29488336017285,GN,2.725,3.2041943791514997,A,3.2041943791514997,2.0,3.198147,-19.27667366403328
goods-n-mediumhst_31483,1181,goods-n-mediumhst,31483,1034548,1034548,2023-02-07,189.1758513303661,62.295435261364865,GN,2.30756,2.3078040285081682,A,2.3078040285081682,8.0,2.311401,nan
goods-n-mediumjwst_31514,1181,goods-n-mediumjwst,31514,1031514,1031514,2023-05-05,189.13444897139357,62.27636459167362,GN,1.52332,1.4870115624859295,A,1.4870115624859295,18.0,1.485325,nan
goods-n-mediumhst_31526,1181,goods-n-mediumhst,31526,1034490,1034490,2023-02-07,189.10908396102295,62.295019608427495,GN,1.66,1.676885161947279,A,1.676885161947279,6.0,1.682664,nan
goods-n-mediumhst_31590,1181,goods-n-mediumhst,31590,1021349,1021349,2023-02-07,189.18761662424822,62.29549649400012,GN,1.58,-1.0,E,nan,nan,nan,nan
goods-n-mediumhst_31605,1181,goods-n-mediumhst,31605,-7,-1,2023-02-07,189.10232439214792,62.295551090178684,GN,4.118,2.518,D,nan,nan,2.518,nan
goods-n-mediumjwst_31624,1181,goods-n-mediumjwst,31624,1031624,1031624,2023-05-05,189.12348017276966,62.27695607141126,GN,1.33252,1.382130783466701,A,1.382130783466701,2.0,1.38073,nan
goods-n-mediumhst_31638,1181,goods-n-mediumhst,31638,1034649,1034649,2023-02-07,189.09737992408174,62.29577243030534,GN,2.76,-1.0,E,nan,nan,nan,nan
goods-s-mediumjwst_31670,1286,goods-s-mediumjwst,31670,31670,-1,2023-12-11,53.0848807,-27.8771282,GS,4.13446,-1.0,E,nan,nan,nan,nan
goods-n-mediumhst_31715,1181,goods-n-mediumhst,31715,1021568,1021568,2023-02-07,189.1865217295292,62.296218618595546,GN,0.67,-1.0,E,nan,nan,nan,nan
goods-n-mediumhst_31739,1181,goods-n-mediumhst,31739,1021724,1021724,2023-02-07,189.18074132438994,62.296932049945035,GN,0.818,0.8169003809634205,A,0.8169003809634205,2.0,0.810963,nan
goods-n-mediumhst_31774,1181,goods-n-mediumhst,31774,1091100,1091100,2023-02-07,189.21388008334966,62.29747691521717,GN,1.53324,1.869759634774642,A,1.869759634774642,13.0,1.875704,nan
goods-n-mediumhst_31791,1181,goods-n-mediumhst,31791,1021731,1021731,2023-02-07,189.19927530326473,62.29683782701665,GN,1.747,-1.0,E,nan,nan,nan,nan
goods-s-mediumjwst_31803,1180,goods-s-mediumjwst,31803,90864,90864,2023-01-28,53.1660995,-27.8275089,GS,-1.0,7.14425660902054,A,7.14425660902054,2.0,7.145472,-18.272840040477725
goods-s-mediumjwst_31823,1286,goods-s-mediumjwst,31823,90900,90900,2023-01-13,53.1811295,-27.8274059,GS,2.24668,2.1481434589440327,A,2.1481434589440327,6.0,2.129536,nan
goods-n-mediumhst_31824,1181,goods-n-mediumhst,31824,1021793,1021793,2023-02-07,189.12934180347293,62.297099432725226,GN,0.917,0.94361,D,nan,nan,0.94361,nan
goods-n-mediumjwst_31847,1181,goods-n-mediumjwst,31847,1178305,1178305,2023-05-05,189.11979369753342,62.27853951258227,GN,3.38573,3.400771423271361,A,3.400771423271361,3.0,3.389084,-18.095362728853978
goods-n-mediumhst_31860,1181,goods-n-mediumhst,31860,1021918,1021918,2023-02-07,189.12569462488764,62.29779972295486,GN,2.246,2.419977,B,nan,nan,2.419977,nan
goods-n-mediumhst_31862,1181,goods-n-mediumhst,31862,1021862,1021862,2023-02-07,189.133263315257,62.297378196034295,GN,2.378,2.3959,D,nan,nan,2.409403,nan
goods-n-mediumhst_31873,1181,goods-n-mediumhst,31873,1021870,1021870,2023-02-07,189.15941115331967,62.29738648221613,GN,2.665,3.230423966309571,A,3.230423966309571,3.0,3.231031,-17.587169471495862
goods-n-mediumjwst_31896,1181,goods-n-mediumjwst,31896,1031896,1031896,2023-05-05,189.1237369895779,62.279253180094535,GN,2.48273,2.270293700165419,A,2.270293700165419,14.0,2.271534,nan
goods-s-mediumjwst_31929,1180,goods-s-mediumjwst,31929,433044,-1,2023-01-28,53.1669655,-27.8272209,GS,2.99,2.369237506422234,A,2.369237506422234,2.0,2.367428,nan
goods-n-mediumhst_31940,1181,goods-n-mediumhst,31940,1021978,1021978,2023-02-07,189.13510666210516,62.29785210982248,GN,3.025,3.1283569284724617,A,3.1283569284724617,8.0,3.130187,-18.819624086451274
goods-n-mediumhst_31945,1181,goods-n-mediumhst,31945,1021992,1021992,2023-02-07,189.13120624096558,62.29785836596373,GN,2.211,2.095028055021481,A,2.095028055021481,3.0,2.099679,nan
goods-s-mediumjwst_32015,1180,goods-s-mediumjwst,32015,91243,91243,2023-01-28,53.1615372,-27.8269634,GS,1.527,1.440065953114921,A,1.440065953114921,2.0,1.452343,nan
goods-n-mediumhst_32026,1181,goods-n-mediumhst,32026,1022085,1022085,2023-02-07,189.10666272850057,62.29834400998775,GN,1.445,1.6757242761884132,A,1.6757242761884132,3.0,nan,nan
goods-s-mediumjwst_32040,1286,goods-s-mediumjwst,32040,32040,32040,2023-12-11,53.1009727,-27.8768701,GS,2.22658,-1.0,E,nan,nan,nan,nan
goods-n-mediumhst_32052,1181,goods-n-mediumhst,32052,1022128,1022128,2023-02-07,189.1064427945234,62.29863404559112,GN,0.49,-1.0,E,nan,nan,nan,nan
goods-n-mediumhst_32058,1181,goods-n-mediumhst,32058,1022127,1022127,2023-02-07,189.11497972759494,62.29865548773422,GN,1.01,0.9908131708023935,A,0.9908131708023935,3.0,0.988556,nan
goods-n-mediumhst_32065,1181,goods-n-mediumhst,32065,1034924,1034924,2023-02-07,189.1361020307778,62.29869310601869,GN,1.802,1.8382750952493527,A,1.8382750952493527,2.0,1.840337,nan
goods-n-mediumhst_32085,1181,goods-n-mediumhst,32085,1022153,1022153,2023-02-07,189.1606557347374,62.29882650581059,GN,2.956,2.9685960712370543,A,2.9685960712370543,1.0,nan,nan
goods-n-mediumhst_32151,1181,goods-n-mediumhst,32151,1022234,1022234,2023-02-07,189.1672495647825,62.29919810050588,GN,1.931,2.106387158702682,A,2.106387158702682,2.0,2.106075,nan
goods-n-mediumhst_32250,1181,goods-n-mediumhst,32250,1035067,1035067,2023-02-07,189.17141730737572,62.30013589566136,GN,1.988,2.3270704288275317,A,2.3270704288275317,2.0,2.335212,nan
goods-n-mediumhst_32301,1181,goods-n-mediumhst,32301,1022448,1022448,2023-02-07,189.1903884156963,62.30030466344261,GN,2.789,3.214777271114035,A,3.214777271114035,2.0,nan,nan
goods-n-mediumhst_32320,1181,goods-n-mediumhst,32320,1022470,1022470,2023-02-07,189.17369064182463,62.30041976728568,GN,0.902,-1.0,E,nan,nan,nan,nan
goods-n-mediumjwst_32332,1181,goods-n-mediumjwst,32332,1032332,1032332,2023-05-05,189.14957887438692,62.282954240590726,GN,2.56073,2.4838792498806646,A,2.4838792498806646,9.0,2.483883,nan
goods-s-mediumjwst_32385,1286,goods-s-mediumjwst,32385,32385,32385,2023-12-11,53.1435817,-27.8766397,GS,3.77226,3.77226,D,nan,nan,3.77226,-17.02676572585687
goods-s-mediumjwst_32426,1286,goods-s-mediumjwst,32426,194629,194629,2023-01-13,53.1413841,-27.8257713,GS,1.82624,1.8072152457075532,A,1.8072152457075532,5.0,1.813198,nan
goods-n-mediumhst_32453,1181,goods-n-mediumhst,32453,1022632,1022632,2023-02-07,189.12481360944662,62.301284035286976,GN,2.591,3.1816527754662447,A,3.1816527754662447,3.0,3.174187,-18.94874772036116
goods-n-mediumhst_32481,1181,goods-n-mediumhst,32481,1035172,1035172,2023-02-07,189.16314599895023,62.30203257674274,GN,1.885,1.790465636457049,A,1.790465636457049,3.0,nan,nan
goods-s-mediumjwst_32504,1286,goods-s-mediumjwst,32504,32504,32504,2023-12-11,53.0833529,-27.8765296,GS,0.67692,-1.0,E,nan,nan,nan,nan
goods-s-mediumjwst_32523,1286,goods-s-mediumjwst,32523,32523,32523,2023-12-11,53.0658701,-27.8764724,GS,1.52233,1.5418489786122973,A,1.5418489786122973,4.0,1.547386,nan
goods-n-mediumhst_32556,1181,goods-n-mediumhst,32556,1035188,1035188,2023-02-07,189.10874409543823,62.30202514257247,GN,4.685,4.532571383559764,A,4.532571383559764,4.0,4.527446,-19.636890215974567
goods-n-mediumhst_32585,1181,goods-n-mediumhst,32585,1091291,1091291,2023-02-07,189.19830691225079,62.302363294270414,GN,3.017,3.2103992651578803,A,3.2103992651578803,2.0,3.212849,-18.33725574321918
goods-s-mediumjwst_32622,1286,goods-s-mediumjwst,32622,32622,32622,2023-12-11,53.0803306,-27.8764495,GS,0.9628,1.24135,D,nan,nan,1.24135,nan
goods-s-mediumjwst_32628,1286,goods-s-mediumjwst,32628,92339,92339,2023-01-13,53.1374512,-27.8255749,GS,3.62682,3.568,D,nan,nan,3.562578,-17.10133412126112
goods-s-mediumjwst_32653,1286,goods-s-mediumjwst,32653,92375,92375,2023-01-13,53.1796532,-27.825552,GS,5.76684,-1.0,E,nan,nan,nan,nan
goods-n-mediumhst_32665,1181,goods-n-mediumhst,32665,1022968,1022968,2023-02-07,189.17743994614585,62.303314732860755,GN,2.173,2.0367757618847566,A,2.0367757618847566,9.0,2.040192,nan
goods-n-mediumhst_32673,1181,goods-n-mediumhst,32673,1225004,-1,2023-02-07,189.08486577933002,62.30291577205126,GN,1.56,1.3330914467864141,A,1.3330914467864141,3.0,1.320921,nan
goods-n-mediumhst_32686,1181,goods-n-mediumhst,32686,1227082,-1,2023-02-07,189.09505690855855,62.30298910980367,GN,1.518,1.414,D,nan,nan,1.414,nan
goods-n-mediumhst_32704,1181,goods-n-mediumhst,32704,1022962,1022962,2023-02-07,189.1084374075497,62.30313924407327,GN,0.39,-1.0,E,nan,nan,nan,nan
goods-n-mediumhst_32770,1181,goods-n-mediumhst,32770,1035293,1035293,2023-02-07,189.16476969451554,62.303707592637046,GN,1.564,1.8814579561991236,A,1.8814579561991236,2.0,nan,nan
goods-s-mediumjwst_32779,1180,goods-s-mediumjwst,32779,92597,92597,2023-01-28,53.1594887,-27.825304,GS,4.33,4.495589378295062,A,4.495589378295062,1.0,4.497401,-16.61126248120753
goods-n-mediumhst_32819,1181,goods-n-mediumhst,32819,1023081,1023081,2023-02-07,189.116876556434,62.30389074594852,GN,1.268,1.6748186664011744,A,1.6748186664011744,2.0,1.680128,nan
goods-n-mediumhst_32851,1181,goods-n-mediumhst,32851,1023119,1023119,2023-02-07,189.1096568490162,62.304136237012706,GN,1.01,0.993,D,nan,nan,nan,nan
goods-n-mediumhst_32856,1181,goods-n-mediumhst,32856,1091365,1091365,2023-02-07,189.20777351196332,62.304213808225235,GN,3.532,-1.0,E,nan,nan,nan,nan
goods-n-mediumhst_32874,1181,goods-n-mediumhst,32874,1218433,-1,2023-02-07,189.0836070614939,62.304266953229096,GN,2.081,1.9887593527896708,A,1.9887593527896708,3.0,nan,nan
goods-n-mediumhst_32878,1181,goods-n-mediumhst,32878,1218586,-1,2023-02-07,189.09794064042663,62.3043400195828,GN,0.84,0.789423,C,nan,nan,0.789423,nan
goods-s-mediumjwst_32880,1286,goods-s-mediumjwst,32880,92792,92792,2023-01-13,53.1734962,-27.8250675,GS,5.69015,5.60927253746074,A,5.60927253746074,3.0,5.606508,-18.43027263328374
goods-n-mediumhst_32904,1181,goods-n-mediumhst,32904,1217612,-1,2023-02-07,189.10176215504214,62.30466179271271,GN,1.624,2.1244453257087033,A,2.1244453257087033,3.0,2.125662,nan
goods-n-mediumjwst_32937,1181,goods-n-mediumjwst,32937,1185243,-1,2023-05-05,189.11665826318665,62.28533974255516,GN,0.54889,0.5616771415902329,A,0.5616771415902329,4.0,0.5737,nan
goods-n-mediumhst_32944,1181,goods-n-mediumhst,32944,1216054,-1,2023-02-07,189.08967791310693,62.304887600906305,GN,4.62,4.279685649443307,A,4.279685649443307,6.0,4.281159,-18.858830337192266
goods-n-mediumhst_32962,1181,goods-n-mediumhst,32962,1023251,1023251,2023-02-07,189.13846925106384,62.30502541350511,GN,0.53,-1.0,E,nan,nan,nan,nan
goods-n-mediumhst_32985,1181,goods-n-mediumhst,32985,1217942,-1,2023-02-07,189.10349957244824,62.30539973279347,GN,0.69,0.7468589299396826,A,0.7468589299396826,3.0,0.73683,nan
goods-n-mediumhst_33001,1181,goods-n-mediumhst,33001,1035417,1035417,2023-02-07,189.12372075113493,62.30534840388618,GN,2.272,-1.0,E,nan,nan,nan,nan
goods-s-mediumjwst_33053,1286,goods-s-mediumjwst,33053,33053,33053,2023-12-11,53.1053982,-27.8762505,GS,3.36481,-1.0,E,nan,nan,nan,nan
goods-n-mediumhst_33136,1181,goods-n-mediumhst,33136,1023451,1023451,2023-02-07,189.12497819925542,62.3063533948988,GN,1.36,1.105,D,nan,nan,1.105,nan
goods-s-mediumjwst_33151,1180,goods-s-mediumjwst,33151,195280,195280,2023-01-28,53.1698647,-27.823988,GS,2.021,2.1291891437229227,A,2.1291891437229227,10.0,2.139366,nan
goods-n-mediumhst_33159,1181,goods-n-mediumhst,33159,1091473,1091473,2023-02-07,189.19470602962534,62.307221885539256,GN,1.82215,2.05,C,nan,nan,2.05,nan
goods-s-mediumjwst_33212,1286,goods-s-mediumjwst,33212,33212,33212,2023-12-11,53.0647266,-27.8760592,GS,3.42119,3.4739073740153037,A,3.4739073740153037,2.0,3.476524,-16.239566737310447
goods-n-mediumhst_33244,1181,goods-n-mediumhst,33244,1211993,-1,2023-02-07,189.08508317486374,62.307341081160565,GN,1.809,1.7398,D,nan,nan,nan,nan
goods-s-mediumjwst_33299,1180,goods-s-mediumjwst,33299,195444,195444,2023-01-28,53.1610298,-27.8241119,GS,4.617,4.495836031007183,A,4.495836031007183,2.0,4.481904,-17.686256083595467
goods-n-mediumjwst_33332,1181,goods-n-mediumjwst,33332,1033332,1033332,2023-05-05,189.1276323455928,62.28773376157505,GN,1.57679,1.6438871524425829,A,1.6438871524425829,13.0,1.642122,nan
goods-n-mediumhst_33350,1181,goods-n-mediumhst,33350,3302418,-1,2023-02-07,189.08937886762578,62.308070853090165,GN,1.349,-1.0,E,nan,nan,nan,nan
goods-n-mediumhst_33391,1181,goods-n-mediumhst,33391,1218853,-1,2023-02-07,189.09827792394177,62.308361291309716,GN,2.542,2.902351579415754,A,2.902351579415754,15.0,2.903091,nan
goods-s-mediumjwst_33409,1286,goods-s-mediumjwst,33409,93850,93850,2023-01-13,53.1278114,-27.8239689,GS,3.64987,-1.0,E,nan,nan,nan,nan
goods-n-mediumhst_33432,1181,goods-n-mediumhst,33432,1206180,-1,2023-02-07,189.10263552099852,62.30876103500967,GN,2.643,2.5915423673189313,A,2.5915423673189313,8.0,2.593414,nan
goods-n-mediumhst_33436,1181,goods-n-mediumhst,33436,1215585,-1,2023-02-07,189.0884079941873,62.30881897135338,GN,1.933,2.012945085287705,A,2.012945085287705,10.0,2.008813,nan
goods-s-mediumjwst_33499,1286,goods-s-mediumjwst,33499,33499,33499,2023-12-11,53.0889327,-27.8758493,GS,3.63469,3.699553180042158,A,3.699553180042158,4.0,3.702404,-19.484104619508045
goods-n-mediumhst_33514,1181,goods-n-mediumhst,33514,1218150,-1,2023-02-07,189.10163963963316,62.30949215368219,GN,1.731,-1.0,E,nan,nan,nan,nan
goods-n-mediumhst_33552,1181,goods-n-mediumhst,33552,1023837,1023837,2023-02-07,189.16398748435537,62.30975008543086,GN,3.26,3.2145645157543754,A,3.2145645157543754,2.0,3.217983,-18.623017381672245
goods-n-mediumhst_33555,1181,goods-n-mediumhst,33555,1035646,1178664,2023-02-07,189.16514861830456,62.309776011171046,GN,4.531,-1.0,E,nan,nan,nan,nan
goods-s-mediumjwst_33575,1286,goods-s-mediumjwst,33575,94202,94202,2023-01-13,53.1824684,-27.8235817,GS,2.60128,-1.0,E,nan,nan,nan,nan
goods-s-mediumjwst_33618,1286,goods-s-mediumjwst,33618,94295,94295,2023-01-13,53.1363106,-27.8235302,GS,0.60341,-1.0,E,nan,nan,nan,nan
goods-s-mediumjwst_33619,1286,goods-s-mediumjwst,33619,33619,33619,2023-12-11,53.101047,-27.8758145,GS,7.41614,7.4714295161938455,A,7.4714295161938455,1.0,7.470855,-18.494754318499602
goods-s-mediumjwst_33656,1286,goods-s-mediumjwst,33656,94384,94384,2023-01-13,53.1766319,-27.8233681,GS,3.40803,-1.0,E,nan,nan,nan,nan
goods-s-mediumjwst_33663,1180,goods-s-mediumjwst,33663,195734,195734,2023-01-28,53.1748543,-27.8232956,GS,3.14,-1.0,E,nan,nan,nan,nan
goods-n-mediumhst_33693,1181,goods-n-mediumhst,33693,1116632,1116632,2023-02-07,189.16601906304965,62.31090503657286,GN,4.71,3.8576,D,nan,nan,nan,nan
goods-n-mediumhst_33797,1181,goods-n-mediumhst,33797,1217226,-1,2023-02-07,189.09956612520438,62.31178345695848,GN,1.127,1.405899,B,nan,nan,1.405899,nan
goods-n-mediumjwst_33827,1181,goods-n-mediumjwst,33827,1033827,1033827,2023-05-05,189.14945065784917,62.290983183010255,GN,1.73675,1.7385716697531728,A,1.7385716697531728,3.0,1.745184,nan
goods-s-mediumjwst_33828,1286,goods-s-mediumjwst,33828,94723,94723,2023-01-13,53.1425018,-27.823019,GS,4.34045,4.146136124848724,A,4.146136124848724,7.0,4.137058,-19.903193240307942
goods-s-mediumjwst_33840,1286,goods-s-mediumjwst,33840,33840,33840,2023-12-11,53.0973912,-27.8756326,GS,-1.0,-1.0,E,nan,nan,nan,nan
goods-s-mediumjwst_33853,1286,goods-s-mediumjwst,33853,33853,33853,2023-12-11,53.1345967,-27.875644,GS,3.19676,3.2441234877614407,A,3.2441234877614407,2.0,3.245483,-16.361176057730532
goods-n-mediumhst_33911,1181,goods-n-mediumhst,33911,1215395,-1,2023-02-07,189.10897641438714,62.3126459033774,GN,2.67,-1.0,E,nan,nan,nan,nan
goods-n-mediumhst_33991,1181,goods-n-mediumhst,33991,1208378,-1,2023-02-07,189.09843855345645,62.31355866054495,GN,1.66,1.73665179202998,A,1.73665179202998,13.0,1.746438,nan
goods-s-mediumjwst_34032,1180,goods-s-mediumjwst,34032,95184,95184,2023-01-28,53.1337051,-27.82267,GS,-1.0,3.8038,C,nan,nan,3.8038,-17.452555754566745
goods-n-mediumhst_34045,1181,goods-n-mediumhst,34045,1215116,-1,2023-02-07,189.11219512581624,62.31381277771419,GN,0.82,-1.0,E,nan,nan,nan,nan
goods-n-mediumhst_34067,1181,goods-n-mediumhst,34067,1208333,-1,2023-02-07,189.10051796659317,62.31416256843014,GN,1.671,1.737078797083289,A,1.737078797083289,10.0,1.722341,nan
goods-s-mediumjwst_34104,1286,goods-s-mediumjwst,34104,95322,95322,2023-01-13,53.1806374,-27.8223934,GS,5.82294,5.606894410272903,A,5.606894410272903,7.0,5.603458,-20.098415550340906
goods-n-mediumhst_34145,1181,goods-n-mediumhst,34145,1207464,-1,2023-02-07,189.1212463,62.3149847,GN,1.51,1.777686189930732,A,1.777686189930732,11.0,1.784118,nan
goods-n-mediumhst_34155,1181,goods-n-mediumhst,34155,1213330,-1,2023-02-07,189.09990308631427,62.314763652636636,GN,1.695,1.7387197465721131,A,1.7387197465721131,7.0,nan,nan
goods-n-mediumhst_34210,1181,goods-n-mediumhst,34210,1223362,-1,2023-02-07,189.1067828955167,62.314964216505956,GN,1.12,1.1358661350581902,A,1.1358661350581902,4.0,1.129651,nan
goods-s-mediumjwst_34373,1180,goods-s-mediumjwst,34373,95880,95880,2023-01-28,53.1587906,-27.8218689,GS,3.31,3.064305216716499,A,3.064305216716499,2.0,3.071755,-15.640131358197088
goods-n-mediumhst_34391,1181,goods-n-mediumhst,34391,1224614,-1,2023-02-07,189.1077914471891,62.316389254542045,GN,0.924,0.99905,B,nan,nan,0.99905,nan
goods-n-mediumhst_34491,1181,goods-n-mediumhst,34491,1208412,-1,2023-02-07,189.09479238321157,62.317509188083385,GN,1.871,1.7855599828304114,A,1.7855599828304114,12.0,1.784978,nan
goods-n-mediumhst_34643,1181,goods-n-mediumhst,34643,1217863,-1,2023-02-07,189.10356471735884,62.318738703168314,GN,2.025,2.0485092621420646,A,2.0485092621420646,7.0,2.040433,nan
goods-s-mediumjwst_34735,1286,goods-s-mediumjwst,34735,196455,196455,2023-01-13,53.1421967,-27.8201122,GS,2.01982,-1.0,E,nan,nan,nan,nan
goods-s-mediumjwst_34836,1286,goods-s-mediumjwst,34836,196562,196562,2023-01-13,53.1793556,-27.8208561,GS,1.9811,-1.0,E,nan,nan,nan,nan
goods-s-mediumjwst_34887,1180,goods-s-mediumjwst,34887,329522,-1,2023-01-28,53.1326256,-27.8207855,GS,-1.0,-1.0,E,nan,nan,nan,nan
goods-n-mediumhst_34958,1181,goods-n-mediumhst,34958,1210943,-1,2023-02-07,189.10657205794033,62.32200574482619,GN,1.258,2.3184940430533727,A,2.3184940430533727,15.0,2.317663,nan
goods-s-mediumjwst_34972,1180,goods-s-mediumjwst,34972,97198,97198,2023-01-28,53.1357689,-27.8206043,GS,-1.0,-1.0,E,nan,nan,nan,nan
goods-s-mediumjwst_34997,1286,goods-s-mediumjwst,34997,34997,34997,2023-12-11,53.0641615,-27.8747348,GS,1.73018,1.22823,D,nan,nan,1.22823,nan
goods-s-mediumjwst_35045,1180,goods-s-mediumjwst,35045,333100,-1,2023-01-28,53.1332054,-27.8204269,GS,3.36,2.7405,C,nan,nan,2.7405,nan
goods-s-mediumjwst_35101,1180,goods-s-mediumjwst,35101,196752,196752,2023-01-28,53.1720848,-27.8201466,GS,1.724,1.5215877692355453,A,1.5215877692355453,2.0,1.521927,nan
goods-s-mediumjwst_35152,1286,goods-s-mediumjwst,35152,97522,97522,2023-01-13,53.1372337,-27.8200512,GS,2.30068,2.021673386762499,A,2.021673386762499,10.0,2.018272,nan
goods-s-mediumjwst_35274,1286,goods-s-mediumjwst,35274,97787,97787,2023-01-13,53.1327324,-27.8199005,GS,3.59515,3.600561854717731,A,3.600561854717731,3.0,3.591957,-18.430239193943184
goods-s-mediumjwst_35293,1286,goods-s-mediumjwst,35293,35293,35293,2023-12-11,53.1435248,-27.8745516,GS,6.6472,6.5122986078547545,A,6.5122986078547545,3.0,6.51161,-17.87855223854684
goods-s-mediumjwst_35299,1286,goods-s-mediumjwst,35299,35299,35299,2023-12-11,53.0643821,-27.8744896,GS,3.21806,3.217859735884778,A,3.217859735884778,3.0,3.221681,-18.729368340189662
goods-s-mediumjwst_35472,1180,goods-s-mediumjwst,35472,196979,196979,2023-01-28,53.124897,-27.819294,GS,4.767,4.66079175314806,A,4.66079175314806,9.0,4.660356,-19.015141885109625
goods-s-mediumhst_35570,1180,goods-s-mediumhst,35570,439618,-1,2022-10-05,53.2179287,-27.8127217,GS,3.17,3.0633747392441073,A,3.0633747392441073,15.0,3.068281,-19.81443073348204
goods-s-mediumjwst_35613,1286,goods-s-mediumjwst,35613,35613,35613,2023-12-11,53.1000487,-27.8742855,GS,2.92985,2.92985,D,nan,nan,2.92985,nan
goods-s-mediumhst_35663,1180,goods-s-mediumhst,35663,414853,-1,2022-10-05,53.2189055,-27.811475,GS,1.718,-1.0,E,nan,nan,nan,nan
goods-s-mediumjwst_35715,1180,goods-s-mediumjwst,35715,197148,197148,2023-01-28,53.1728134,-27.8189144,GS,3.03,3.0334726456231795,A,3.0334726456231795,4.0,3.017091,-18.073941461769387
goods-s-mediumjwst_35730,1286,goods-s-mediumjwst,35730,35730,35730,2023-12-11,53.1064949,-27.8741064,GS,2.47082,2.47082,C,nan,nan,2.47082,nan
goods-s-mediumhst_35867,1180,goods-s-mediumhst,35867,393648,-1,2022-10-05,53.2130826,-27.8098323,GS,2.427,0.6442448256268355,A,0.6442448256268355,4.0,0.64286,nan
goods-s-mediumjwst_35867,1286,goods-s-mediumjwst,35867,35867,35867,2023-12-11,53.0982644,-27.8740388,GS,6.2794,5.983043021635856,A,5.983043021635856,3.0,5.984483,-19.84592493766255
goods-s-mediumjwst_35868,1286,goods-s-mediumjwst,35868,35868,35868,2023-12-11,53.0848703,-27.8740327,GS,6.58541,6.190778189698898,A,6.190778189698898,2.0,6.190812,-18.178703512995266
goods-s-mediumjwst_35963,1180,goods-s-mediumjwst,35963,197269,197269,2023-01-28,53.1733818,-27.8183155,GS,4.43,4.513933,C,nan,nan,4.513933,-19.61528688856039
goods-s-mediumjwst_35983,1180,goods-s-mediumjwst,35983,99167,99167,2023-01-28,53.1777306,-27.8183556,GS,-1.0,-1.0,E,nan,nan,nan,nan
goods-s-mediumhst_36019,1180,goods-s-mediumhst,36019,107184,107184,2022-10-05,53.1136441,-27.8077059,GS,2.31,-1.0,E,nan,nan,nan,nan
goods-s-mediumhst_36104,1180,goods-s-mediumhst,36104,107063,107063,2022-10-05,53.1146359,-27.8078228,GS,3.24,3.0225460390394314,A,3.0225460390394314,3.0,3.021194,-18.089421875626112
goods-s-mediumjwst_36106,1286,goods-s-mediumjwst,36106,99389,99389,2023-01-13,53.1852951,-27.8181019,GS,2.67894,3.0598375513807214,A,3.0598375513807214,1.0,3.063934,nan
goods-s-mediumjwst_36130,1286,goods-s-mediumjwst,36130,197361,197361,2023-01-13,53.1388474,-27.817955,GS,2.64227,2.636099,C,nan,nan,2.636099,nan
goods-s-mediumjwst_36216,1180,goods-s-mediumjwst,36216,197407,197407,2023-01-28,53.178997,-27.8178329,GS,-1.0,-1.0,E,nan,nan,nan,nan
goods-s-mediumjwst_36234,1286,goods-s-mediumjwst,36234,99607,99607,2023-01-13,53.1750641,-27.8178215,GS,4.22111,-1.0,E,nan,nan,nan,nan
goods-s-mediumjwst_36243,1286,goods-s-mediumjwst,36243,99621,99621,2023-01-13,53.1189194,-27.8178101,GS,0.83711,-1.0,E,nan,nan,nan,nan
goods-s-mediumjwst_36262,1286,goods-s-mediumjwst,36262,99648,99648,2023-01-13,53.1348,-27.8177052,GS,2.617,2.675832107243555,A,2.675832107243555,6.0,2.682255,nan
goods-s-mediumjwst_36323,1286,goods-s-mediumjwst,36323,36323,36323,2023-12-11,53.1056173,-27.8735326,GS,2.69834,2.6717592304589366,A,2.6717592304589366,10.0,2.664736,nan
goods-s-mediumjwst_36394,1286,goods-s-mediumjwst,36394,99860,99860,2023-01-13,53.140789,-27.8174782,GS,3.18849,2.951778771728585,A,2.951778771728585,2.0,2.948907,nan
goods-s-mediumjwst_36414,1180,goods-s-mediumjwst,36414,99898,99898,2023-01-28,53.1324959,-27.8174114,GS,-1.0,2.6284134529445007,A,2.6284134529445007,1.0,2.6265,nan
goods-s-mediumjwst_36424,1286,goods-s-mediumjwst,36424,99915,99915,2023-01-13,53.1760292,-27.8173943,GS,10.95729,8.676754215451215,A,8.676754215451215,1.0,8.677074,-17.94847142556167
goods-s-mediumjwst_36428,1180,goods-s-mediumjwst,36428,197508,197508,2023-01-28,53.1664772,-27.8173294,GS,3.12,3.0682479813166426,A,3.0682479813166426,3.0,3.06584,-18.60175730891543
goods-s-mediumjwst_36452,1180,goods-s-mediumjwst,36452,197527,197527,2023-01-28,53.1704369,-27.8172207,GS,2.619,2.280563235554639,A,2.280563235554639,7.0,2.281166,nan
goods-s-mediumjwst_36566,1286,goods-s-mediumjwst,36566,100173,100173,2023-01-13,53.1775131,-27.8170834,GS,8.24979,7.91,D,nan,nan,7.898521,-17.478783628787923
goods-s-mediumjwst_36679,1286,goods-s-mediumjwst,36679,197646,197646,2023-01-13,53.1384163,-27.8163948,GS,2.4206,2.6176605744408046,A,2.6176605744408046,11.0,2.621355,nan
goods-s-mediumhst_36743,1180,goods-s-mediumhst,36743,308998,-1,2022-10-05,53.2102069,-27.8004941,GS,1.458,1.5694666511498965,A,1.5694666511498965,7.0,1.570433,nan
goods-s-mediumhst_36806,1180,goods-s-mediumhst,36806,202409,202409,2022-10-05,53.1167713,-27.7997004,GS,2.86,3.0184188957859632,A,3.0184188957859632,8.0,3.018969,-18.597555682545007
goods-s-mediumjwst_36826,1286,goods-s-mediumjwst,36826,100644,100644,2023-01-13,53.1177521,-27.8165264,GS,5.99213,5.760782977667651,A,5.760782977667651,2.0,5.764765,-17.679072204085326
goods-s-mediumjwst_36846,1180,goods-s-mediumjwst,36846,100681,100681,2023-01-28,53.1337929,-27.8164673,GS,-1.0,2.8718537110504574,A,2.8718537110504574,2.0,2.8801,nan
goods-s-mediumhst_36930,1180,goods-s-mediumhst,36930,113325,113325,2022-10-05,53.1154655,-27.7980967,GS,2.51,2.484757605976163,A,2.484757605976163,5.0,2.493052,nan
goods-n-mediumjwst_37034,1181,goods-n-mediumjwst,37034,1037034,1037034,2024-05-19,189.30463963434855,62.14252236496614,GN,2.58032,2.982507,C,nan,nan,2.982507,nan
goods-s-mediumhst_37039,1180,goods-s-mediumhst,37039,309703,-1,2022-10-05,53.2165916,-27.7969927,GS,1.5,2.432877030119454,A,2.432877030119454,2.0,2.428852,nan
goods-s-mediumjwst_37046,1286,goods-s-mediumjwst,37046,101027,101027,2023-01-13,53.1838417,-27.8158875,GS,2.9507,2.6927425129640135,A,2.6927425129640135,3.0,2.695846,nan
goods-n-mediumjwst_37050,1181,goods-n-mediumjwst,37050,1037050,1037050,2024-05-19,189.28841767678603,62.142585274489576,GN,4.88366,0.0,E,nan,nan,nan,nan
goods-n-mediumjwst_37098,1181,goods-n-mediumjwst,37098,1215152,-1,2024-05-19,189.2989567810918,62.14288985060609,GN,6.74114,-1.0,E,nan,nan,nan,nan
goods-s-mediumjwst_37134,1180,goods-s-mediumjwst,37134,101182,101182,2023-01-28,53.1354828,-27.8158703,GS,-1.0,2.7040880397287794,A,2.7040880397287794,2.0,2.705965,nan
goods-s-mediumhst_37170,1180,goods-s-mediumhst,37170,309998,-1,2022-10-05,53.2175464,-27.795478,GS,1.245,2.1981069456311735,A,2.1981069456311735,4.0,2.203884,nan
goods-s-mediumhst_37208,1180,goods-s-mediumhst,37208,310053,-1,2022-10-05,53.2123504,-27.7951371,GS,1.561,1.762724772142212,A,1.762724772142212,1.0,1.762,nan
goods-n-mediumjwst_37222,1181,goods-n-mediumjwst,37222,1037222,1037222,2024-05-19,189.31071521403345,62.14370980539684,GN,3.73235,4.528407221977998,A,4.528407221977998,3.0,4.538394,-18.598744995694382
goods-s-mediumhst_37224,1180,goods-s-mediumhst,37224,310119,-1,2022-10-05,53.2140911,-27.7948671,GS,1.552,1.3000703440777972,A,1.3000703440777972,2.0,1.282627,nan
goods-s-mediumhst_37266,1180,goods-s-mediumhst,37266,310196,-1,2022-10-05,53.2149589,-27.7945072,GS,1.23,1.238455537233762,A,1.238455537233762,2.0,1.238797,nan
goods-s-mediumjwst_37272,1286,goods-s-mediumjwst,37272,101431,101431,2023-01-13,53.1183395,-27.8154259,GS,2.16464,1.996852122658137,A,1.996852122658137,5.0,1.983167,nan
goods-n-mediumjwst_37282,1181,goods-n-mediumjwst,37282,1037282,1037282,2024-05-19,189.22229155945382,62.1441285775304,GN,6.48492,-1.0,E,nan,nan,nan,nan
goods-s-mediumjwst_37284,1180,goods-s-mediumjwst,37284,101447,101447,2023-01-28,53.1189919,-27.8154182,GS,-1.0,3.587435,C,nan,nan,3.587435,-17.197968016761102
goods-s-mediumjwst_37297,1180,goods-s-mediumjwst,37297,101468,101468,2023-01-28,53.124958,-27.8154469,GS,3.18,2.718848,B,nan,nan,2.718848,nan
goods-n-mediumjwst_37310,1181,goods-n-mediumjwst,37310,1037310,1037310,2024-05-19,189.230856455075,62.14429878159142,GN,2.05112,2.089062074234711,A,2.089062074234711,5.0,2.085504,nan
goods-n-mediumjwst_37319,1181,goods-n-mediumjwst,37319,1037319,1037319,2024-05-19,189.2715529063514,62.144339590543986,GN,3.69039,4.423727349828644,A,4.423727349828644,2.0,4.428376,-18.47689253475077
goods-s-mediumhst_37324,1180,goods-s-mediumhst,37324,115808,115808,2022-10-05,53.112782,-27.7938705,GS,1.96,1.9061934516886385,A,1.9061934516886385,2.0,1.909625,nan
goods-n-mediumjwst_37341,1181,goods-n-mediumjwst,37341,1037341,1037341,2024-05-19,189.23951861057023,62.1444182563436,GN,6.23544,6.495859876352803,A,6.495859876352803,1.0,6.499864,-16.241216731455474
goods-n-mediumjwst_37365,1181,goods-n-mediumjwst,37365,1037365,1037365,2024-05-19,189.21315525926244,62.1445788242838,GN,1.61084,2.03617,D,nan,nan,2.03617,nan
goods-s-mediumjwst_37375,1180,goods-s-mediumjwst,37375,101602,101602,2023-01-28,53.1718674,-27.8152542,GS,4.06,-1.0,E,nan,nan,nan,nan
goods-n-mediumjwst_37389,1181,goods-n-mediumjwst,37389,1037389,1037389,2024-05-19,189.30031741367938,62.14470298100217,GN,2.70703,2.7057694049899395,A,2.7057694049899395,8.0,2.712894,nan
goods-n-mediumjwst_37393,1181,goods-n-mediumjwst,37393,1037393,1037393,2024-05-19,189.27482160954887,62.144755322153195,GN,3.98332,3.9304852061257023,A,3.9304852061257023,9.0,3.933015,-20.110175677333864
goods-s-mediumjwst_37396,1286,goods-s-mediumjwst,37396,37396,37396,2023-12-11,53.0987137,-27.8727322,GS,3.5754,-1.0,E,nan,nan,nan,nan
goods-s-mediumjwst_37463,1286,goods-s-mediumjwst,37463,37463,37463,2023-12-11,53.0603359,-27.8726908,GS,-1.0,-1.0,E,nan,nan,nan,nan
goods-n-mediumjwst_37466,1181,goods-n-mediumjwst,37466,1037466,1037466,2024-05-19,189.27132449217248,62.14516781618384,GN,1.60592,-1.0,E,nan,nan,nan,nan
goods-n-mediumjwst_37480,1181,goods-n-mediumjwst,37480,1037480,1037480,2024-05-19,189.31274817114203,62.14515771058064,GN,1.60275,1.60275,D,nan,nan,1.60275,nan
goods-s-mediumjwst_37488,1180,goods-s-mediumjwst,37488,198274,198274,2023-01-28,53.1763611,-27.8148251,GS,2.4403,2.4342736979881625,A,2.4342736979881625,12.0,2.440254,nan
goods-s-mediumjwst_37500,1286,goods-s-mediumjwst,37500,37500,37500,2023-12-11,53.0366547,-27.8726781,GS,2.22309,-1.0,E,nan,nan,nan,nan
goods-n-mediumjwst_37535,1181,goods-n-mediumjwst,37535,1037535,1037535,2024-05-19,189.2333975094817,62.14546434243611,GN,5.78059,2.17301,D,nan,nan,2.17301,nan
goods-n-mediumjwst_37559,1181,goods-n-mediumjwst,37559,1037559,1037559,2024-05-19,189.22720248147857,62.14567003062258,GN,0.73676,0.79136284632447,A,0.79136284632447,2.0,0.798528,nan
goods-s-mediumjwst_37596,1180,goods-s-mediumjwst,37596,101977,101977,2023-01-28,53.1819992,-27.814764,GS,-1.0,5.591305094373167,A,5.591305094373167,2.0,5.586489,-16.866355065692645
goods-s-mediumjwst_37619,1180,goods-s-mediumjwst,37619,102029,102029,2023-01-28,53.133625,-27.8147602,GS,-1.0,-1.0,E,nan,nan,nan,nan
goods-n-mediumjwst_37621,1181,goods-n-mediumjwst,37621,1037621,1037621,2024-05-19,189.28581361039062,62.14583998434003,GN,4.32281,6.063296512071845,A,6.063296512071845,1.0,6.061953,-17.642043650429688
goods-n-mediumjwst_37642,1181,goods-n-mediumjwst,37642,1037642,1037642,2024-05-19,189.28907382204218,62.145947808455986,GN,0.90636,0.90177,C,nan,nan,0.90177,nan
goods-s-mediumjwst_37657,1180,goods-s-mediumjwst,37657,102099,102099,2023-01-28,53.119133,-27.8146496,GS,-1.0,5.292045620925228,A,5.292045620925228,2.0,5.29335,-15.428730241335785
goods-n-mediumjwst_37715,1181,goods-n-mediumjwst,37715,1037715,1037715,2024-05-19,189.2259261488129,62.14637127493783,GN,0.95632,0.78298,D,nan,nan,0.78298,nan
goods-n-mediumjwst_37716,1181,goods-n-mediumjwst,37716,1037716,1037716,2024-05-19,189.29191250671485,62.146446885055134,GN,0.44683,-1.0,E,nan,nan,nan,nan
goods-s-mediumjwst_37740,1180,goods-s-mediumjwst,37740,102267,102267,2023-01-28,53.131115,-27.8143768,GS,1.415,1.887698299619343,A,1.887698299619343,2.0,1.893196,nan
goods-s-mediumjwst_37746,1286,goods-s-mediumjwst,37746,198451,198451,2023-01-13,53.182003,-27.8141823,GS,6.19967,2.6148487863372862,A,2.6148487863372862,9.0,2.61617,nan
goods-s-mediumhst_37763,1180,goods-s-mediumhst,37763,119114,119114,2022-10-05,53.2088389,-27.7888953,GS,0.039,2.7077,D,nan,nan,2.7077,nan
goods-s-mediumjwst_37843,1180,goods-s-mediumjwst,37843,102465,102465,2023-01-28,53.1282578,-27.8141689,GS,-1.0,-1.0,E,nan,nan,nan,nan
goods-s-mediumjwst_37846,1286,goods-s-mediumjwst,37846,102469,102469,2023-01-13,53.1692276,-27.8141499,GS,3.16545,-1.0,E,nan,nan,nan,nan
goods-n-mediumjwst_37858,1181,goods-n-mediumjwst,37858,1037858,1037858,2024-05-19,189.21219736072584,62.14707227230841,GN,3.32863,3.4207601578494122,A,3.4207601578494122,8.0,3.418832,-19.144783398840545
goods-s-mediumjwst_37881,1286,goods-s-mediumjwst,37881,198504,198504,2023-01-13,53.1421547,-27.8138371,GS,2.36135,2.3459570305646222,A,2.3459570305646222,14.0,2.346177,nan
goods-s-mediumjwst_37947,1286,goods-s-mediumjwst,37947,198613,198613,2023-01-13,53.1770325,-27.8138161,GS,2.99009,2.693301003472885,A,2.693301003472885,3.0,nan,nan
goods-s-mediumhst_37960,1180,goods-s-mediumhst,37960,120672,120672,2022-10-05,53.0928205,-27.7872208,GS,3.08,4.053277168314684,A,4.053277168314684,3.0,4.053,-19.43508201209682
goods-n-mediumjwst_37974,1181,goods-n-mediumjwst,37974,1037974,1037974,2024-05-19,189.2345573844948,62.147491696903735,GN,7.98936,7.239,D,nan,nan,7.228193,-17.75037607122809
goods-s-mediumjwst_37980,1286,goods-s-mediumjwst,37980,820522,-1,2023-01-13,53.1195641,-27.8139095,GS,5.91832,-1.0,E,nan,nan,nan,nan
goods-s-mediumjwst_37990,1286,goods-s-mediumjwst,37990,102732,102732,2023-01-13,53.1336479,-27.8137722,GS,2.56108,2.3078244534078447,A,2.3078244534078447,1.0,2.321168,nan
goods-n-mediumjwst_38028,1181,goods-n-mediumjwst,38028,1038028,1038028,2024-05-19,189.27769893770292,62.14778443829418,GN,2.84218,-1.0,E,nan,nan,nan,nan
goods-s-mediumjwst_38057,1286,goods-s-mediumjwst,38057,38057,38057,2023-12-11,53.0424022,-27.8720979,GS,4.11144,5.943115811291636,A,5.943115811291636,3.0,5.943781,-18.7656323861463
goods-s-mediumhst_38099,1180,goods-s-mediumhst,38099,121830,121830,2022-10-05,53.0809547,-27.786067,GS,2.68,2.4995337569814278,A,2.4995337569814278,13.0,2.509647,nan
goods-n-mediumjwst_38147,1181,goods-n-mediumjwst,38147,1038147,1038147,2024-05-19,189.27067632123956,62.14841846860489,GN,5.64361,5.8671617855922875,A,5.8671617855922875,9.0,5.872723,-19.69734980245898
goods-s-mediumjwst_38168,1180,goods-s-mediumjwst,38168,103063,103063,2023-01-28,53.1350441,-27.8133907,GS,-1.0,-1.0,E,nan,nan,nan,nan
goods-n-mediumjwst_38174,1181,goods-n-mediumjwst,38174,1038174,1038174,2024-05-19,189.22711664616966,62.14851365035477,GN,4.23249,4.138051689143456,A,4.138051689143456,2.0,4.136548,-17.95246122722278
goods-s-mediumjwst_38175,1180,goods-s-mediumjwst,38175,198745,198745,2023-01-28,53.1114082,-27.813324,GS,-1.0,3.718436,C,nan,nan,3.718436,-17.203223298929537
goods-n-mediumjwst_38184,1181,goods-n-mediumjwst,38184,1038184,1038184,2024-05-19,189.21280619442462,62.148636521306294,GN,5.07004,5.037343458701956,A,5.037343458701956,4.0,5.03902,-19.111867311671638
goods-s-mediumhst_38213,1180,goods-s-mediumhst,38213,122756,122756,2022-10-05,53.0839612,-27.7851762,GS,3.65718,-1.0,E,nan,nan,nan,nan
goods-s-mediumhst_38243,1180,goods-s-mediumhst,38243,123079,123079,2022-10-05,53.0981155,-27.7847992,GS,0.755,-1.0,E,nan,nan,nan,nan
goods-s-mediumhst_38252,1180,goods-s-mediumhst,38252,123202,123202,2022-10-05,53.1056871,-27.7846552,GS,2.49,2.2337827931018257,A,2.2337827931018257,2.0,2.237756,nan
goods-n-mediumhst_38298,1181,goods-n-mediumhst,38298,1190208,1094972,2023-02-07,189.17919787054444,62.27663959727719,GN,4.06,3.3617466460874574,A,3.3617466460874574,4.0,3.364471,-19.186378043691946
goods-s-mediumhst_38301,1180,goods-s-mediumhst,38301,206195,206195,2022-10-05,53.0861438,-27.7858051,GS,2.32676,2.304039791384713,A,2.304039791384713,3.0,2.300479,nan
goods-n-mediumhst_38315,1181,goods-n-mediumhst,38315,1031192,1031192,2023-02-07,189.06625475335397,62.276693420475254,GN,4.11,-1.0,E,nan,nan,nan,nan
goods-s-mediumjwst_38339,1286,goods-s-mediumjwst,38339,38339,38339,2023-12-11,53.037896,-27.8719053,GS,3.01272,-1.0,E,nan,nan,nan,nan
goods-s-mediumjwst_38364,1180,goods-s-mediumjwst,38364,103433,103433,2023-01-28,53.1115761,-27.8128529,GS,2.99,2.871082,B,nan,nan,2.871082,nan
goods-n-mediumhst_38385,1181,goods-n-mediumhst,38385,1014444,1014444,2023-02-07,189.12302346115425,62.27359922469244,GN,5.69,5.313513502042882,A,5.313513502042882,1.0,5.317101,nan
goods-s-mediumjwst_38398,1180,goods-s-mediumjwst,38398,103485,103485,2023-01-28,53.1834869,-27.8128395,GS,3.34,3.0618671345876187,A,3.0618671345876187,2.0,3.053281,nan
goods-s-mediumhst_38405,1180,goods-s-mediumhst,38405,124317,124317,2022-10-05,53.0890532,-27.7831646,GS,3.289,1.899160153428486,A,1.899160153428486,2.0,1.902351,nan
goods-n-mediumhst_38420,1181,goods-n-mediumhst,38420,1032419,1032419,2023-02-07,189.1751400311718,62.282263364871895,GN,6.32,6.73201836778428,A,6.73201836778428,5.0,6.731529,-20.026715979149728
goods-n-mediumhst_38423,1181,goods-n-mediumhst,38423,1012114,1012114,2023-02-07,189.17686009075737,62.264542712858905,GN,6.84,6.71324524904343,A,6.71324524904343,1.0,6.713335,-18.634529343098112
goods-n-mediumhst_38428,1181,goods-n-mediumhst,38428,1089858,1089858,2023-02-07,189.1792746635849,62.27589552759374,GN,6.84,6.7104065384433556,A,6.7104065384433556,5.0,6.708933,-20.386864355580173
goods-n-mediumhst_38432,1181,goods-n-mediumhst,38432,1089452,1089452,2023-02-07,189.18617000457152,62.27086361455187,GN,7.16,6.7170105817648125,A,6.7170105817648125,8.0,6.721544,-20.36069315775971
goods-n-mediumhst_38442,1181,goods-n-mediumhst,38442,1031925,1031925,2023-02-07,189.06920083370068,62.279237436700846,GN,3.75,3.760311,B,nan,nan,3.760311,-17.45458273130892
goods-s-mediumjwst_38450,1286,goods-s-mediumjwst,38450,103560,103560,2023-01-13,53.1194115,-27.8127346,GS,4.15537,3.9584641059499215,A,3.9584641059499215,2.0,3.961853,-16.472413616348035
goods-s-mediumhst_38452,1180,goods-s-mediumhst,38452,124178,124178,2022-10-05,53.1063179,-27.7832655,GS,2.55,2.22243396957178,A,2.22243396957178,4.0,2.22074,nan
goods-n-mediumjwst_38459,1181,goods-n-mediumjwst,38459,1038459,1038459,2024-05-19,189.2865336883083,62.14980720462356,GN,4.91344,-1.0,E,nan,nan,nan,nan
goods-s-mediumjwst_38466,1180,goods-s-mediumjwst,38466,198935,198935,2023-01-28,53.1306381,-27.8125744,GS,3.0,2.8215427907317627,A,2.8215427907317627,2.0,2.82084,nan
goods-n-mediumhst_38474,1181,goods-n-mediumhst,38474,1017270,1017270,2023-02-07,189.09029232142439,62.28279928563003,GN,4.54,4.08387,B,nan,nan,4.08387,-18.229179368187122
goods-s-mediumhst_38482,1180,goods-s-mediumhst,38482,124787,124787,2022-10-05,53.0820305,-27.7825057,GS,0.739,0.7357717637355048,A,0.7357717637355048,1.0,0.736,nan
goods-s-mediumhst_38484,1180,goods-s-mediumhst,38484,265340,265340,2022-10-05,53.0955669,-27.7824187,GS,0.999,-1.0,E,nan,nan,nan,nan
goods-n-mediumhst_38493,1181,goods-n-mediumhst,38493,1102319,1102319,2023-02-07,189.02753159906544,62.25374111337851,GN,4.77,5.015294323270109,A,5.015294323270109,4.0,5.015611,-18.866019341629098
goods-n-mediumhst_38502,1181,goods-n-mediumhst,38502,1021248,1021248,2023-02-07,189.10967613453985,62.295060004644334,GN,5.28,5.480016285958754,A,5.480016285958754,1.0,5.47899,-19.193669497118613
goods-n-mediumhst_38509,1181,goods-n-mediumhst,38509,1001830,1001830,2023-02-07,189.09145062295752,62.228103475281074,GN,5.76,6.674640260972616,A,6.674640260972616,2.0,6.673315,-19.17024053924623
goods-s-mediumjwst_38562,1286,goods-s-mediumjwst,38562,38562,38562,2023-12-11,53.1358639,-27.871645,GS,4.79051,4.820300360980687,A,4.820300360980687,8.0,4.821618,-18.695364490644504
goods-s-mediumjwst_38580,1286,goods-s-mediumjwst,38580,38580,38580,2023-12-11,53.1324632,-27.8716169,GS,1.92272,1.9631075456254237,A,1.9631075456254237,2.0,1.969392,nan
goods-s-mediumhst_38583,1180,goods-s-mediumhst,38583,312416,-1,2022-10-05,53.0956239,-27.7816298,GS,2.625,2.068,D,nan,nan,2.068,nan
goods-s-mediumjwst_38592,1286,goods-s-mediumjwst,38592,38592,-1,2023-12-11,53.0888932,-27.8716539,GS,4.48586,4.46293,D,nan,nan,4.46293,-14.102576146848534
goods-n-mediumhst_38648,1181,goods-n-mediumhst,38648,1088898,1088898,2023-02-07,189.14568238731377,62.26425884794046,GN,5.43,5.266736531437905,A,5.266736531437905,5.0,5.269098,-19.37545128532527
goods-n-mediumhst_38649,1181,goods-n-mediumhst,38649,1018348,-1,2023-02-07,189.1174413748356,62.28588367355792,GN,5.43,-1.0,E,nan,nan,nan,nan
goods-s-mediumjwst_38665,1286,goods-s-mediumjwst,38665,38665,38665,2023-12-11,53.1043591,-27.8715546,GS,2.98944,2.918759126081407,A,2.918759126081407,4.0,2.921642,nan
goods-s-mediumhst_38672,1180,goods-s-mediumhst,38672,125889,125889,2022-10-05,53.1030795,-27.780911,GS,2.57,2.294819025485948,A,2.294819025485948,3.0,2.283263,nan
goods-n-mediumhst_38681,1181,goods-n-mediumhst,38681,1088876,1088876,2023-02-07,189.13562510818446,62.26387751139445,GN,7.08,6.797364697274791,A,6.797364697274791,1.0,6.80193,-19.183822856960873
goods-n-mediumhst_38684,1181,goods-n-mediumhst,38684,1015825,1015825,2023-02-07,189.12108645620418,62.27780772276914,GN,7.84,7.44091,C,nan,nan,7.44091,-18.87856424255935
goods-s-mediumjwst_38688,1286,goods-s-mediumjwst,38688,199030,199030,2023-01-13,53.1411247,-27.8121014,GS,6.63556,6.72204,D,nan,nan,6.72204,-17.902846095203863
goods-n-mediumjwst_38703,1181,goods-n-mediumjwst,38703,1038703,1038703,2024-05-19,189.30693307903354,62.15062198708077,GN,11.78859,3.13085,D,nan,nan,3.13085,nan
goods-n-mediumhst_38762,1181,goods-n-mediumhst,38762,1011601,1011601,2023-02-07,189.07810812521814,62.262859404194366,GN,4.06,4.021880174968125,A,4.021880174968125,2.0,4.025428,-13.147476393756222
goods-n-mediumjwst_38796,1181,goods-n-mediumjwst,38796,1038796,1038796,2024-05-19,189.21498839292752,62.15107532796898,GN,0.49267,-1.0,D,nan,nan,nan,nan
goods-n-mediumhst_38835,1181,goods-n-mediumhst,38835,1022851,1022851,2023-02-07,189.16692095716937,62.30251368586818,GN,1.582,1.0128849844225494,A,1.0128849844225494,2.0,1.007113,nan
goods-s-mediumhst_38842,1180,goods-s-mediumhst,38842,312732,-1,2022-10-05,53.0913586,-27.7789504,GS,4.131,1.0,D,nan,nan,1.0,nan
goods-n-mediumhst_38849,1181,goods-n-mediumhst,38849,1010677,1010677,2023-02-07,189.15506595373654,62.25900074325667,GN,3.99,4.40653047713163,A,4.40653047713163,2.0,4.412777,-18.38942432923836
goods-n-mediumjwst_38892,1181,goods-n-mediumjwst,38892,1038892,1038892,2024-05-19,189.30921186380112,62.15142074554166,GN,0.97876,0.44607,D,nan,nan,0.44607,nan
goods-n-mediumjwst_38900,1181,goods-n-mediumjwst,38900,1038900,1038900,2024-05-19,189.2068616883809,62.15137749994419,GN,0.80277,0.79032,D,nan,nan,0.79032,nan
goods-s-mediumhst_38904,1180,goods-s-mediumhst,38904,208314,208314,2022-10-05,53.0796009,-27.7792923,GS,1.03709,1.0371358104707147,A,1.0371358104707147,1.0,1.03495,nan
goods-s-mediumhst_38914,1180,goods-s-mediumhst,38914,127599,127599,2022-10-05,53.1016777,-27.7782305,GS,3.07,2.996902857138047,A,2.996902857138047,4.0,3.006164,-17.801571914950976
goods-s-mediumjwst_38925,1286,goods-s-mediumjwst,38925,38925,38925,2023-12-11,53.0526678,-27.8713315,GS,3.32737,3.39554,D,nan,nan,3.391879,-17.287766474269453
goods-n-mediumjwst_38944,1181,goods-n-mediumjwst,38944,1038944,1038944,2024-05-19,189.2063854634483,62.151528317572044,GN,0.53286,-1.0,E,nan,nan,nan,nan
goods-s-mediumhst_38945,1180,goods-s-mediumhst,38945,127693,127693,2022-10-05,53.0944391,-27.7780725,GS,3.14,2.996779925086342,A,2.996779925086342,2.0,3.014304,-17.365266525463397
goods-s-mediumhst_38973,1180,goods-s-mediumhst,38973,208845,208845,2022-10-05,53.100002,-27.7777286,GS,3.15,2.9968763100487354,A,2.9968763100487354,4.0,2.997199,nan
goods-s-mediumjwst_38987,1180,goods-s-mediumjwst,38987,104501,104501,2023-01-28,53.1365776,-27.8113308,GS,2.71,2.693816773415426,A,2.693816773415426,2.0,2.696527,nan
goods-n-mediumhst_39019,1181,goods-n-mediumhst,39019,1088884,1088884,2023-02-07,189.15082491828719,62.264029471954785,GN,5.14,-1.0,E,nan,nan,nan,nan
goods-s-deepjwst_39029,1287,goods-s-deepjwst,39029,39029,39029,2024-01-10,53.1092817,-27.8712975,GS,4.1811,4.646,D,nan,nan,4.646,-14.797408477683547
goods-s-mediumhst_39032,1180,goods-s-mediumhst,39032,427622,-1,2022-10-05,53.0923554,-27.7770277,GS,1.247,1.7301741902762102,A,1.7301741902762102,2.0,1.734886,nan
goods-s-mediumjwst_39042,1286,goods-s-mediumjwst,39042,39042,39042,2023-12-11,53.0646475,-27.8712412,GS,4.07789,-1.0,E,nan,nan,nan,nan
goods-n-mediumjwst_39064,1181,goods-n-mediumjwst,39064,1039064,1039064,2024-05-19,189.28484561589755,62.15199749076646,GN,3.87293,3.9386807001412567,A,3.9386807001412567,2.0,3.93756,-17.968854787754374
goods-n-mediumjwst_39092,1181,goods-n-mediumjwst,39092,1039092,1039092,2024-05-19,189.27679344431587,62.15210017036903,GN,4.6297,4.526645644296647,A,4.526645644296647,3.0,4.524462,-18.98012022930945
goods-s-mediumhst_39095,1180,goods-s-mediumhst,39095,128632,128632,2022-10-05,53.104658,-27.7766588,GS,2.451,-1.0,E,nan,nan,nan,nan
goods-n-mediumhst_39107,1181,goods-n-mediumhst,39107,1234259,-1,2023-02-07,189.17203903421714,62.26972749535442,GN,5.97,-1.0,E,nan,nan,nan,nan
goods-n-mediumjwst_39120,1181,goods-n-mediumjwst,39120,1039120,1039120,2024-05-19,189.3081747114649,62.15216622379501,GN,3.60058,3.5154952793473733,A,3.5154952793473733,2.0,3.525628,-16.73750120506149
goods-s-mediumhst_39161,1180,goods-s-mediumhst,39161,129022,129022,2022-10-05,53.0991881,-27.7761729,GS,1.72943,1.7290021508857032,A,1.7290021508857032,2.0,1.744366,nan
goods-s-mediumhst_39177,1180,goods-s-mediumhst,39177,265734,265734,2022-10-05,53.0863685,-27.775799,GS,0.088,-1.0,E,nan,nan,nan,nan
goods-s-mediumjwst_39215,1286,goods-s-mediumjwst,39215,39215,39215,2023-12-11,53.1195581,-27.8710672,GS,-99.0,1.93857761857101,A,1.93857761857101,4.0,1.941201,nan
goods-s-mediumhst_39228,1180,goods-s-mediumhst,39228,451433,-1,2022-10-05,53.0843169,-27.7747892,GS,5.07,-1.0,E,nan,nan,nan,nan
goods-s-mediumjwst_39271,1286,goods-s-mediumjwst,39271,199420,199420,2023-01-13,53.1462631,-27.8106556,GS,3.13372,4.362366442185399,A,4.362366442185399,1.0,4.361851,-17.91402936942194
goods-s-mediumhst_39297,1180,goods-s-mediumhst,39297,209534,209534,2022-10-05,53.0986242,-27.7751121,GS,2.23976,2.03976,C,nan,nan,2.03976,nan
goods-s-mediumjwst_39302,1180,goods-s-mediumjwst,39302,333299,-1,2023-01-28,53.1284103,-27.8105659,GS,2.74,2.6170493839470055,A,2.6170493839470055,14.0,2.625115,nan
goods-n-mediumhst_39304,1181,goods-n-mediumhst,39304,1002858,1002858,2023-02-07,189.08121982245365,62.23264829592214,GN,-99.0,-1.0,E,nan,nan,nan,nan
goods-s-mediumhst_39317,1180,goods-s-mediumhst,39317,130687,130687,2022-10-05,53.0990351,-27.7739573,GS,1.02,1.1531634310130023,A,1.1531634310130023,2.0,1.150376,nan
goods-n-mediumjwst_39353,1181,goods-n-mediumjwst,39353,1039353,1039353,2024-05-19,189.29395221785109,62.15309114027339,GN,4.96224,4.846227702523537,A,4.846227702523537,3.0,4.849099,-18.609627443005923
goods-s-mediumhst_39354,1180,goods-s-mediumhst,39354,130915,130915,2022-10-05,53.09977,-27.7736883,GS,1.593,-1.0,E,nan,nan,nan,nan
goods-n-mediumjwst_39365,1181,goods-n-mediumjwst,39365,1039365,1039365,2024-05-19,189.2782147265101,62.153123598155055,GN,7.62688,1.3226,D,nan,nan,1.3226,nan
goods-n-mediumjwst_39368,1181,goods-n-mediumjwst,39368,1039368,1039368,2023-05-05,189.28070452612948,62.15309265689431,GN,2.96319,-1.0,E,nan,nan,nan,nan
goods-n-mediumhst_39378,1181,goods-n-mediumhst,39378,1020638,1020638,2023-02-07,189.10611220668162,62.292908356695634,GN,-99.0,-1.0,E,nan,nan,nan,nan
goods-s-mediumhst_39380,1180,goods-s-mediumhst,39380,130350,130350,2022-10-05,53.1037642,-27.7743272,GS,2.58,2.584,D,nan,nan,2.584,nan
goods-n-mediumjwst_39392,1181,goods-n-mediumjwst,39392,1039392,1039392,2024-05-19,189.218171174207,62.15332845002671,GN,3.03896,2.9865672826831955,A,2.9865672826831955,14.0,2.991996,nan
goods-s-mediumjwst_39411,1180,goods-s-mediumjwst,39411,199491,199491,2023-01-28,53.1362877,-27.8103886,GS,4.01,4.036508224363418,A,4.036508224363418,4.0,4.032662,-19.423876881439405
goods-s-mediumjwst_39435,1180,goods-s-mediumjwst,39435,199505,199505,2023-01-28,53.1858475,-27.8100343,GS,2.53778,2.5914041764416327,A,2.5914041764416327,11.0,2.58776,nan
goods-s-mediumhst_39439,1180,goods-s-mediumhst,39439,131630,131630,2022-10-05,53.0899558,-27.7728015,GS,2.79,-1.0,E,nan,nan,nan,nan
goods-n-mediumjwst_39502,1181,goods-n-mediumjwst,39502,1039502,1039502,2024-05-19,189.27208833832702,62.15363266864535,GN,3.64712,4.403583887504029,A,4.403583887504029,1.0,4.409614,-18.911475928880684
goods-s-mediumhst_39502,1180,goods-s-mediumhst,39502,132177,132177,2022-10-05,53.1117367,-27.7722166,GS,0.943,-1.0,E,nan,nan,nan,nan
goods-n-mediumjwst_39544,1181,goods-n-mediumjwst,39544,1039544,1039544,2024-05-19,189.30305372783704,62.15374161390245,GN,7.45028,7.265966954497351,A,7.265966954497351,2.0,7.267835,-18.850575015126932
goods-s-mediumjwst_39617,1180,goods-s-mediumjwst,39617,105533,105533,2023-01-28,53.1315651,-27.8099003,GS,5.06,4.942658847562204,A,4.942658847562204,7.0,4.946736,-19.401213661533177
goods-s-mediumhst_39620,1180,goods-s-mediumhst,39620,210835,210835,2022-10-05,53.0931672,-27.7714868,GS,2.79,2.616742,C,nan,nan,2.616742,nan
goods-s-mediumhst_39631,1180,goods-s-mediumhst,39631,471245,-1,2022-10-05,53.0829741,-27.7711528,GS,2.926,-1.0,E,nan,nan,nan,nan
goods-n-mediumjwst_39638,1181,goods-n-mediumjwst,39638,1039638,1039638,2023-05-05,189.26856030746322,62.15409378378618,GN,4.886,-1.0,E,nan,nan,nan,nan
goods-s-mediumhst_39678,1180,goods-s-mediumhst,39678,266046,266046,2022-10-05,53.0980382,-27.7705939,GS,1.397,-1.0,E,nan,nan,nan,nan
goods-s-mediumhst_39679,1180,goods-s-mediumhst,39679,133890,133890,2022-10-05,53.1000678,-27.7705929,GS,3.15,2.3045881600525995,A,2.3045881600525995,6.0,2.302638,nan
goods-s-mediumjwst_39701,1180,goods-s-mediumjwst,39701,105669,105669,2023-01-28,53.1802979,-27.8097801,GS,2.946,-1.0,E,nan,nan,nan,nan
goods-s-mediumhst_39706,1180,goods-s-mediumhst,39706,211316,211316,2022-10-05,53.0977503,-27.770283,GS,1.78,1.7298226346881336,A,1.7298226346881336,3.0,1.735822,nan
goods-s-mediumhst_39723,1180,goods-s-mediumhst,39723,448504,-1,2022-10-05,53.0881061,-27.770213,GS,1.185,-1.0,E,nan,nan,nan,nan
goods-n-mediumjwst_39738,1181,goods-n-mediumjwst,39738,1039738,1039738,2023-05-05,189.26882687693666,62.15455760445574,GN,3.26001,3.0691424501899935,A,3.0691424501899935,1.0,3.0706,-15.281802528794309
goods-s-mediumhst_39740,1180,goods-s-mediumhst,39740,134291,134291,2022-10-05,53.1120586,-27.770252,GS,2.0,2.0,C,nan,nan,2.0,nan
goods-n-mediumjwst_39771,1181,goods-n-mediumjwst,39771,1039771,1039771,2023-05-05,189.27547395166195,62.15468763796228,GN,3.47825,3.6786025247696488,A,3.6786025247696488,2.0,3.678834,-18.048251382008743
goods-s-mediumjwst_39782,1286,goods-s-mediumjwst,39782,105817,105817,2023-01-13,53.1445961,-27.8094788,GS,3.28668,3.191534044397778,A,3.191534044397778,3.0,3.189968,-18.67692520050508
goods-n-mediumjwst_39799,1181,goods-n-mediumjwst,39799,1039799,1039799,2023-05-05,189.26351579368847,62.15479059557762,GN,6.66323,6.695659221320287,A,6.695659221320287,3.0,6.698129,-18.843402133303
goods-s-mediumhst_39807,1180,goods-s-mediumhst,39807,211697,211697,2022-10-05,53.1157139,-27.7693281,GS,2.82,2.625047210482292,A,2.625047210482292,3.0,2.628213,nan
goods-s-mediumhst_39823,1180,goods-s-mediumhst,39823,134939,134939,2022-10-05,53.0858745,-27.7696611,GS,0.704,0.6635,D,nan,nan,0.6635,nan
goods-n-mediumjwst_39844,1181,goods-n-mediumjwst,39844,1039844,1039844,2023-05-05,189.27341822250622,62.15488193027029,GN,3.6958,-1.0,E,nan,nan,nan,nan
goods-s-mediumhst_39855,1180,goods-s-mediumhst,39855,135398,135398,2022-10-05,53.0940339,-27.7692282,GS,1.81,1.9947,D,nan,nan,1.9947,nan
goods-s-mediumhst_39883,1180,goods-s-mediumhst,39883,321358,-1,2022-10-05,53.1144441,-27.7685193,GS,2.72,2.231257,B,nan,nan,2.231257,nan
goods-s-mediumjwst_39898,1286,goods-s-mediumjwst,39898,199787,199787,2023-01-13,53.1324005,-27.8091354,GS,3.1282,3.169746544285073,A,3.169746544285073,12.0,3.17091,-19.329882661248604
goods-s-mediumhst_39931,1180,goods-s-mediumhst,39931,136706,136706,2022-10-05,53.1108128,-27.7680994,GS,1.111,1.1203527605424166,A,1.1203527605424166,2.0,1.132025,nan
goods-s-mediumhst_39932,1180,goods-s-mediumhst,39932,136729,136729,2022-10-05,53.1092031,-27.7680704,GS,4.832,4.118071780278186,A,4.118071780278186,3.0,4.124019,-17.753081922279677
goods-s-mediumhst_39942,1180,goods-s-mediumhst,39942,266204,266204,2022-10-05,53.0800165,-27.7680024,GS,1.83,-1.0,E,nan,nan,nan,nan
goods-n-mediumhst_39952,1181,goods-n-mediumhst,39952,1023529,1023529,2023-02-07,189.18692501618548,62.30697470875274,GN,3.45,3.755784444347574,A,3.755784444347574,1.0,3.743264,-17.402519814127853
goods-s-mediumhst_39961,1180,goods-s-mediumhst,39961,211963,211963,2022-10-05,53.10446,-27.7679764,GS,2.44,1.9017720526788202,A,1.9017720526788202,2.0,1.908582,nan
goods-n-mediumhst_40010,1181,goods-n-mediumhst,40010,1032643,1032643,2023-02-07,189.13870927909136,62.28393135137074,GN,3.32,2.851763804525018,A,2.851763804525018,3.0,2.850793,nan
goods-s-mediumhst_40012,1180,goods-s-mediumhst,40012,136857,136857,2022-10-05,53.0965734,-27.7678494,GS,1.72,1.7264897382827933,A,1.7264897382827933,3.0,1.731458,nan
goods-n-mediumhst_40013,1181,goods-n-mediumhst,40013,1185225,-1,2023-02-07,189.09508263190844,62.28457853610671,GN,3.54,3.654705,C,nan,nan,3.654705,-16.91194021639358
goods-s-mediumhst_40019,1180,goods-s-mediumhst,40019,40019,-1,2022-10-05,53.2120729,-27.7674033,GS,1.504,-1.0,E,nan,nan,nan,nan
goods-s-mediumjwst_40041,1286,goods-s-mediumjwst,40041,40041,40041,2023-12-11,53.0920081,-27.870407,GS,2.76649,2.36519,D,nan,nan,2.36519,nan
goods-s-mediumjwst_40045,1180,goods-s-mediumjwst,40045,297081,297081,2023-01-28,53.1276016,-27.80896,GS,5.36,5.128989062494096,A,5.128989062494096,5.0,5.125518,-19.1943321389249
goods-s-mediumhst_40046,1180,goods-s-mediumhst,40046,137541,137541,2022-10-05,53.0914824,-27.7672926,GS,2.05,1.7286171774328558,A,1.7286171774328558,2.0,1.732753,nan
goods-s-mediumjwst_40069,1180,goods-s-mediumjwst,40069,199877,199877,2023-01-28,53.134819,-27.8088417,GS,4.133,4.03650777729581,A,4.03650777729581,9.0,4.0428,-18.896106640220104
goods-s-mediumhst_40111,1180,goods-s-mediumhst,40111,138078,138078,2022-10-05,53.082895,-27.7667167,GS,2.9,-1.0,E,nan,nan,nan,nan
goods-n-mediumhst_40175,1181,goods-n-mediumhst,40175,-3,-1,2023-02-07,189.13294726273082,62.234244339899234,GN,4.76,-1.0,E,nan,nan,nan,nan
goods-n-mediumhst_40193,1181,goods-n-mediumhst,40193,1030786,1030786,2023-02-07,189.1152475871606,62.27371493970929,GN,5.18,-1.0,E,nan,nan,nan,nan
goods-s-mediumhst_40199,1180,goods-s-mediumhst,40199,212677,212677,2022-10-05,53.0902646,-27.7661618,GS,1.05,-1.0,E,nan,nan,nan,nan
goods-n-mediumjwst_40232,1181,goods-n-mediumjwst,40232,1040232,1040232,2023-05-05,189.27830541058376,62.15611733723051,GN,1.3401,1.3432606201533508,A,1.3432606201533508,4.0,1.344959,nan
goods-n-mediumhst_40244,1181,goods-n-mediumhst,40244,1021611,1021611,2023-02-07,189.17292196871398,62.29653428602333,GN,5.49,5.44825,D,nan,nan,5.44825,-18.80465697709254
goods-s-mediumjwst_40297,1180,goods-s-mediumjwst,40297,106655,106655,2023-01-28,53.10941,-27.8084952,GS,5.96,-1.0,E,nan,nan,nan,nan
goods-n-mediumhst_40307,1181,goods-n-mediumhst,40307,-3,-1,2023-02-07,189.04290591998014,62.251620535265864,GN,7.0,6.934,D,nan,nan,6.934,-16.55457395020879
goods-s-mediumhst_40323,1180,goods-s-mediumhst,40323,213080,213080,2022-10-05,53.2151632,-27.7649768,GS,0.298,0.41849290488118995,A,0.41849290488118995,2.0,0.411133,nan
goods-n-mediumjwst_40337,1181,goods-n-mediumjwst,40337,1040337,1040337,2024-05-19,189.23704582653286,62.15638219741202,GN,4.18994,3.9471684879683675,A,3.9471684879683675,2.0,3.939404,nan
goods-s-mediumhst_40343,1180,goods-s-mediumhst,40343,213113,213113,2022-10-05,53.1139191,-27.764893,GS,2.43,2.1317017456419465,A,2.1317017456419465,3.0,2.131863,nan
goods-s-mediumjwst_40382,1286,goods-s-mediumjwst,40382,40382,40382,2023-12-11,53.1015154,-27.869959,GS,9.25525,3.201949,B,nan,nan,3.201949,nan
goods-s-mediumjwst_40396,1180,goods-s-mediumjwst,40396,106817,106817,2023-01-28,53.179863,-27.8082771,GS,5.96,5.833173944487466,A,5.833173944487466,3.0,5.828435,-17.81723737251489
goods-s-mediumjwst_40415,1286,goods-s-mediumjwst,40415,40415,40415,2023-12-11,53.1050503,-27.8701013,GS,1.23698,2.05778,D,nan,nan,2.05778,nan
goods-s-mediumjwst_40439,1286,goods-s-mediumjwst,40439,40439,40439,2023-12-11,53.0884932,-27.8700076,GS,3.64408,3.6991316765775526,A,3.6991316765775526,3.0,3.69978,-18.21934592497832
goods-s-mediumhst_40450,1180,goods-s-mediumhst,40450,266477,266477,2022-10-05,53.1070994,-27.7636132,GS,2.56,2.4847880971424745,A,2.4847880971424745,6.0,2.497006,nan
goods-s-mediumjwst_40484,1286,goods-s-mediumjwst,40484,106962,106962,2023-01-13,53.1253777,-27.8080902,GS,1.07618,-1.0,E,nan,nan,nan,nan
goods-s-mediumhst_40502,1180,goods-s-mediumhst,40502,464847,-1,2022-10-05,53.0963094,-27.7630923,GS,1.976,-1.0,E,nan,nan,nan,nan
goods-n-mediumjwst_40561,1181,goods-n-mediumjwst,40561,1040561,1040561,2024-05-19,189.30197367897145,62.157058532470884,GN,3.20505,3.1136812632664768,A,3.1136812632664768,2.0,3.10872,-16.45470776673097
goods-n-mediumjwst_40572,1181,goods-n-mediumjwst,40572,1040572,1040572,2024-05-19,189.28703619086795,62.15707343036656,GN,3.38611,-1.0,E,nan,nan,nan,nan
goods-n-mediumjwst_40592,1181,goods-n-mediumjwst,40592,1040592,1040592,2023-05-05,189.2618741677916,62.157172631216554,GN,1.60467,-1.0,E,nan,nan,nan,nan
goods-n-mediumjwst_40607,1181,goods-n-mediumjwst,40607,1040607,1040607,2023-05-05,189.27394977509667,62.15722690563871,GN,1.70644,-1.0,E,nan,nan,nan,nan
goods-n-mediumjwst_40618,1181,goods-n-mediumjwst,40618,1040618,1040618,2024-05-19,189.2689739485625,62.157289172367484,GN,2.50895,2.20895,D,nan,nan,2.20895,nan
goods-n-mediumjwst_40623,1181,goods-n-mediumjwst,40623,1040623,1040623,2023-05-05,189.2511363977863,62.157226981583904,GN,4.9746,5.036410995277693,A,5.036410995277693,1.0,5.035797,-17.266032333492014
goods-s-mediumjwst_40646,1180,goods-s-mediumjwst,40646,107236,107236,2023-01-28,53.1347504,-27.8076534,GS,-1.0,-1.0,E,nan,nan,nan,nan
goods-s-mediumjwst_40649,1180,goods-s-mediumjwst,40649,107239,107239,2023-01-28,53.1839294,-27.8075886,GS,5.96,5.864952050589251,A,5.864952050589251,2.0,5.85738,-18.268161657059096
goods-n-mediumjwst_40668,1181,goods-n-mediumjwst,40668,1040668,1040668,2023-05-05,189.2699198613431,62.1573746487283,GN,2.94368,3.6452168159247957,A,3.6452168159247957,3.0,3.653012,-14.892230728521334
goods-n-mediumjwst_40764,1181,goods-n-mediumjwst,40764,1040764,1040764,2023-05-05,189.28127407290341,62.1576724419226,GN,1.58889,-1.0,E,nan,nan,nan,nan
goods-s-mediumhst_40775,1180,goods-s-mediumhst,40775,142813,142813,2022-10-05,53.2156271,-27.7602837,GS,2.849,-1.0,E,nan,nan,nan,nan
goods-s-mediumjwst_40784,1180,goods-s-mediumjwst,40784,107433,107433,2023-01-28,53.1110268,-27.8073101,GS,1.59,3.3269104782653365,A,3.3269104782653365,5.0,3.328969,-17.830913316676614
goods-s-mediumhst_40847,1180,goods-s-mediumhst,40847,143239,143239,2022-10-05,53.2101131,-27.7596048,GS,1.516,1.5849439868068578,A,1.5849439868068578,10.0,1.589159,nan
goods-s-mediumjwst_40883,1286,goods-s-mediumjwst,40883,40883,40883,2023-12-11,53.0582109,-27.869723,GS,3.66183,3.702872636959105,A,3.702872636959105,3.0,3.709122,-17.434356560946135
goods-s-mediumjwst_40902,1180,goods-s-mediumjwst,40902,107603,107603,2023-01-28,53.1755753,-27.8069668,GS,-99.0,2.0748829754653437,A,2.0748829754653437,4.0,2.069694,nan
goods-s-mediumjwst_40920,1286,goods-s-mediumjwst,40920,107632,107632,2023-01-13,53.1306877,-27.807085,GS,2.9729,3.437,D,nan,nan,3.45097,-17.059668182628798
goods-s-mediumhst_40921,1180,goods-s-mediumhst,40921,144054,144054,2022-10-05,53.2123036,-27.758415,GS,2.325,-1.0,E,nan,nan,nan,nan
goods-s-mediumjwst_40932,1286,goods-s-mediumjwst,40932,40932,40932,2023-12-11,53.0457986,-27.8696691,GS,1.45643,1.78249,C,nan,nan,1.78249,nan
goods-s-mediumhst_40963,1180,goods-s-mediumhst,40963,144400,144400,2022-10-05,53.1015573,-27.7580193,GS,0.067,3.091509551603858,A,3.091509551603858,3.0,3.09959,-18.849788408736714
goods-n-mediumjwst_40992,1181,goods-n-mediumjwst,40992,1040992,1040992,2024-05-19,189.28915498737652,62.15834530783545,GN,2.11482,2.24197,D,nan,nan,2.24197,nan
goods-s-mediumjwst_41002,1180,goods-s-mediumjwst,41002,107767,107767,2023-01-28,53.1422729,-27.8068371,GS,5.686,5.982091,B,nan,nan,5.982091,-18.468153210355695
goods-s-mediumhst_41031,1180,goods-s-mediumhst,41031,282047,-1,2022-10-05,53.0993557,-27.7572045,GS,0.578,-1.0,E,nan,nan,nan,nan
goods-s-mediumjwst_41052,1180,goods-s-mediumjwst,41052,107836,107836,2023-01-28,53.1364746,-27.8066311,GS,1.79,1.965810016813729,A,1.965810016813729,8.0,1.966383,nan
goods-s-mediumhst_41055,1180,goods-s-mediumhst,41055,232751,232751,2022-10-05,53.0927939,-27.7570275,GS,0.826,-1.0,E,nan,nan,nan,nan
goods-n-mediumjwst_41152,1181,goods-n-mediumjwst,41152,1041152,1041152,2024-05-19,189.29091919867867,62.158773460851585,GN,8.353,-1.0,E,nan,nan,nan,nan
goods-n-mediumjwst_41155,1181,goods-n-mediumjwst,41155,1041155,1041155,2024-05-19,189.31143820573286,62.15874288671042,GN,5.16868,5.09519,C,nan,nan,5.09519,-17.168997016917803
goods-n-mediumjwst_41217,1181,goods-n-mediumjwst,41217,1041217,1041217,2024-05-19,189.29939108118273,62.15893774351929,GN,5.01478,2.19278,D,nan,nan,2.19278,nan
goods-s-mediumjwst_41222,1180,goods-s-mediumjwst,41222,406810,-1,2023-01-28,53.1168823,-27.8063221,GS,-1.0,-1.0,E,nan,nan,nan,nan
goods-s-mediumhst_41241,1180,goods-s-mediumhst,41241,146354,146354,2022-10-05,53.1022261,-27.7553158,GS,3.02,2.6182917460912916,A,2.6182917460912916,15.0,2.621012,nan
goods-s-mediumhst_41247,1180,goods-s-mediumhst,41247,293884,293884,2022-10-05,53.1167334,-27.7550088,GS,4.372,2.851917910765999,A,2.851917910765999,2.0,2.856416,nan
goods-s-mediumhst_41269,1180,goods-s-mediumhst,41269,146670,146670,2022-10-05,53.108293,-27.7549299,GS,2.59,2.725464923737462,A,2.725464923737462,2.0,2.725,nan
goods-s-mediumjwst_41334,1180,goods-s-mediumjwst,41334,108249,108249,2023-01-28,53.1877327,-27.8060627,GS,4.2,-1.0,E,nan,nan,nan,nan
goods-s-mediumhst_41346,1180,goods-s-mediumhst,41346,315770,-1,2022-10-05,53.1119743,-27.754192,GS,0.458,0.40193,D,nan,nan,0.40193,nan
goods-s-mediumjwst_41360,1180,goods-s-mediumjwst,41360,200781,200781,2023-01-28,53.1416245,-27.8058643,GS,3.47296,3.4690652257427645,A,3.4690652257427645,4.0,3.478917,-18.12330498174398
goods-s-mediumhst_41372,1180,goods-s-mediumhst,41372,215888,215888,2022-10-05,53.1128211,-27.75398,GS,2.5,2.5012420971586087,A,2.5012420971586087,6.0,2.505399,nan
goods-s-mediumjwst_41377,1286,goods-s-mediumjwst,41377,41377,41377,2023-12-11,53.0850969,-27.8693511,GS,4.81733,-1.0,E,nan,nan,nan,nan
goods-s-mediumhst_41387,1180,goods-s-mediumhst,41387,410444,-1,2022-10-05,53.1094238,-27.7538181,GS,5.44,-1.0,E,nan,nan,nan,nan
goods-n-mediumjwst_41431,1181,goods-n-mediumjwst,41431,1041431,1041431,2024-05-19,189.29329909217,62.159452405256786,GN,0.81726,0.9977730895948145,A,0.9977730895948145,2.0,1.00244,nan
goods-s-mediumjwst_41447,1286,goods-s-mediumjwst,41447,41447,41447,2023-12-11,53.0570575,-27.8692784,GS,-1.0,-1.0,E,nan,nan,nan,nan
goods-s-mediumjwst_41457,1180,goods-s-mediumjwst,41457,108445,108445,2023-01-28,53.1128845,-27.8057156,GS,3.45,3.3256511860106546,A,3.3256511860106546,8.0,3.327957,-18.80251539752875
goods-n-mediumjwst_41469,1181,goods-n-mediumjwst,41469,1041469,1041469,2024-05-19,189.288698886917,62.159519644713875,GN,2.64675,-1.0,E,nan,nan,nan,nan
goods-n-mediumjwst_41496,1181,goods-n-mediumjwst,41496,1041496,1041496,2023-05-05,189.2588650493472,62.15966171606327,GN,3.15604,2.9833630472630164,A,2.9833630472630164,3.0,2.990214,nan
goods-s-mediumjwst_41503,1286,goods-s-mediumjwst,41503,41503,41503,2023-12-11,53.0596031,-27.869139,GS,3.12852,2.8049063258979317,A,2.8049063258979317,14.0,2.804643,nan
goods-s-mediumhst_41508,1180,goods-s-mediumhst,41508,148350,148350,2022-10-05,53.1108725,-27.7526793,GS,1.646,1.3080059281779974,A,1.3080059281779974,4.0,1.358401,nan
goods-s-mediumhst_41516,1180,goods-s-mediumhst,41516,216319,216319,2022-10-05,53.1148457,-27.7526513,GS,0.887,-1.0,D,nan,nan,nan,nan
goods-s-mediumhst_41519,1180,goods-s-mediumhst,41519,148429,148429,2022-10-05,53.0979309,-27.7525453,GS,2.82,2.5701274844210538,A,2.5701274844210538,3.0,2.560684,nan
goods-s-deepjwst_41544,1287,goods-s-deepjwst,41544,41544,41544,2024-01-10,53.1088366,-27.8691262,GS,14.58446,3.7473571627808413,A,3.7473571627808413,4.0,3.749004,-14.792209674221255
goods-n-mediumjwst_41589,1181,goods-n-mediumjwst,41589,1041589,1041589,2023-05-05,189.26900829788812,62.15989536899817,GN,1.97571,-1.0,E,nan,nan,nan,nan
goods-s-mediumhst_41672,1180,goods-s-mediumhst,41672,149071,149071,2022-10-05,53.1297419,-27.7515305,GS,1.256,1.3677244197602059,A,1.3677244197602059,2.0,1.367,nan
goods-s-mediumhst_41675,1180,goods-s-mediumhst,41675,149139,149139,2022-10-05,53.1100946,-27.7513196,GS,2.601,2.5727336437819357,A,2.5727336437819357,3.0,2.581249,nan
goods-n-mediumjwst_41684,1181,goods-n-mediumjwst,41684,1041684,1041684,2023-05-05,189.26878490654036,62.16014948837092,GN,1.2068,-1.0,E,nan,nan,nan,nan
goods-s-mediumhst_41684,1180,goods-s-mediumhst,41684,216566,216566,2022-10-05,53.1588335,-27.7514475,GS,4.885,-1.0,E,nan,nan,nan,nan
goods-s-mediumhst_41694,1180,goods-s-mediumhst,41694,149157,149157,2022-10-05,53.1308767,-27.7513915,GS,1.695,1.508,D,nan,nan,1.508,nan
goods-s-mediumhst_41724,1180,goods-s-mediumhst,41724,149275,149275,2022-10-05,53.1245919,-27.7512086,GS,1.49,2.022,D,nan,nan,2.022,nan
goods-n-mediumjwst_41761,1181,goods-n-mediumjwst,41761,1041761,1041761,2023-05-05,189.2563363941404,62.16038904568994,GN,1.22086,-1.0,E,nan,nan,nan,nan
goods-s-mediumjwst_41785,1286,goods-s-mediumjwst,41785,41785,41785,2023-12-11,53.0614053,-27.869015,GS,4.12194,4.12194,C,nan,nan,4.12194,-16.712438668272544
goods-s-mediumjwst_41833,1180,goods-s-mediumjwst,41833,109013,109013,2023-01-28,53.1790924,-27.8047771,GS,3.95,3.737684055808181,A,3.737684055808181,1.0,3.72713,-17.391460926835087
goods-s-mediumjwst_41862,1286,goods-s-mediumjwst,41862,41862,41862,2023-12-11,53.1423644,-27.8688836,GS,2.01024,1.8370554208561187,A,1.8370554208561187,11.0,1.837657,nan
goods-s-mediumhst_41881,1180,goods-s-mediumhst,41881,316199,-1,2022-10-05,53.1194758,-27.7504197,GS,3.192,-1.0,D,nan,nan,nan,nan
goods-s-mediumjwst_41934,1286,goods-s-mediumjwst,41934,41934,41934,2023-12-11,53.0405002,-27.8688722,GS,2.46789,2.35817,C,nan,nan,2.35817,nan
goods-s-mediumhst_41949,1180,goods-s-mediumhst,41949,322010,-1,2022-10-05,53.1332862,-27.7500018,GS,5.265,-1.0,E,nan,nan,nan,nan
goods-s-mediumhst_41998,1180,goods-s-mediumhst,41998,316252,-1,2022-10-05,53.1356948,-27.7498208,GS,2.933,3.1893418934998623,A,3.1893418934998623,1.0,3.184226,-15.94100873991492
goods-s-mediumhst_42055,1180,goods-s-mediumhst,42055,42055,-1,2022-10-05,53.1528925,-27.7493229,GS,3.092,3.085282111800806,A,3.085282111800806,15.0,3.079664,-19.947824138176273
goods-s-mediumjwst_42074,1286,goods-s-mediumjwst,42074,42074,42074,2023-12-11,53.0462155,-27.8687333,GS,2.27773,2.320575,B,nan,nan,2.320575,nan
goods-s-mediumhst_42100,1180,goods-s-mediumhst,42100,42100,-1,2022-10-05,53.1383503,-27.7492879,GS,5.055,1.3542478482307132,A,1.3542478482307132,2.0,1.353809,nan
goods-s-mediumjwst_42154,1180,goods-s-mediumjwst,42154,201233,201233,2023-01-28,53.114151,-27.8040409,GS,-1.0,5.912818386824817,A,5.912818386824817,1.0,5.914014,-17.845230359671202
goods-s-mediumjwst_42156,1180,goods-s-mediumjwst,42156,201234,201234,2023-01-28,53.1813278,-27.8040009,GS,4.94,4.514565508932151,A,4.514565508932151,2.0,4.51516,-18.427172761523636
goods-s-mediumhst_42162,1180,goods-s-mediumhst,42162,334821,-1,2022-10-05,53.1525816,-27.7489999,GS,1.31,-1.0,E,nan,nan,nan,nan
goods-s-mediumjwst_42176,1180,goods-s-mediumjwst,42176,201259,201259,2023-01-28,53.1850128,-27.8039761,GS,-1.0,-1.0,E,nan,nan,nan,nan
goods-n-mediumjwst_42181,1181,goods-n-mediumjwst,42181,1042181,1042181,2023-05-05,189.26166568271398,62.161757708960195,GN,7.94597,-1.0,E,nan,nan,nan,nan
goods-s-mediumhst_42189,1180,goods-s-mediumhst,42189,150419,150419,2022-10-05,53.1438772,-27.748839,GS,1.211,-1.0,E,nan,nan,nan,nan
goods-s-mediumhst_42202,1180,goods-s-mediumhst,42202,217137,217137,2022-10-05,53.1455009,-27.748722,GS,2.034,2.316033742585189,A,2.316033742585189,2.0,2.319592,nan
goods-s-mediumjwst_42252,1286,goods-s-mediumjwst,42252,109691,109691,2023-01-13,53.1248436,-27.803791,GS,3.53019,3.5412702069374493,A,3.5412702069374493,2.0,3.551337,-15.826719066555796
goods-s-mediumjwst_42267,1180,goods-s-mediumjwst,42267,109712,109712,2023-01-28,53.1400795,-27.8037758,GS,3.14,3.110647520280957,A,3.110647520280957,2.0,3.108852,-17.47108169160643
goods-n-mediumjwst_42299,1181,goods-n-mediumjwst,42299,1042299,1042299,2023-05-05,189.2673495107146,62.16210513988645,GN,4.65031,4.7172921459120865,A,4.7172921459120865,3.0,4.715285,-19.433507420106373
goods-s-mediumjwst_42315,1286,goods-s-mediumjwst,42315,201364,201364,2023-01-13,53.1884499,-27.8036919,GS,0.57885,-1.0,E,nan,nan,nan,nan
goods-s-mediumjwst_42346,1286,goods-s-mediumjwst,42346,42346,42346,2023-12-11,53.1408364,-27.8685506,GS,0.47552,-1.0,E,nan,nan,nan,nan
goods-n-mediumjwst_42355,1181,goods-n-mediumjwst,42355,1042355,1042355,2023-05-05,189.28185764543022,62.16226002951149,GN,3.72357,4.543511917977568,A,4.543511917977568,1.0,4.55571,-17.471670106534038
goods-s-mediumjwst_42355,1286,goods-s-mediumjwst,42355,109857,109857,2023-01-13,53.1885452,-27.8035278,GS,4.83266,4.788096330556764,A,4.788096330556764,4.0,4.801506,-19.00439410248372
goods-s-mediumhst_42366,1180,goods-s-mediumhst,42366,217365,217365,2022-10-05,53.1509599,-27.7479701,GS,3.651,-1.0,E,nan,nan,nan,nan
goods-s-mediumhst_42398,1180,goods-s-mediumhst,42398,234434,234434,2022-10-05,53.0795262,-27.7477303,GS,1.42,1.71494,C,nan,nan,1.71494,nan
goods-s-mediumjwst_42453,1180,goods-s-mediumjwst,42453,110023,110023,2023-01-28,53.1173859,-27.8033791,GS,4.812,4.454394533101557,A,4.454394533101557,3.0,4.455077,-17.31626632358097
goods-s-mediumhst_42460,1180,goods-s-mediumhst,42460,267487,267487,2022-10-05,53.1374154,-27.7473763,GS,4.744,2.016,C,nan,nan,2.016,nan
goods-s-mediumhst_42464,1180,goods-s-mediumhst,42464,151085,151085,2022-10-05,53.1445251,-27.7473393,GS,4.28,-1.0,E,nan,nan,nan,nan
goods-s-mediumhst_42557,1180,goods-s-mediumhst,42557,151388,151388,2022-10-05,53.1388811,-27.7467394,GS,3.078,-1.0,E,nan,nan,nan,nan
goods-s-mediumjwst_42573,1180,goods-s-mediumjwst,42573,201567,201567,2023-01-28,53.1787033,-27.802702,GS,4.45,2.6937102833077065,A,2.6937102833077065,5.0,2.69124,nan
goods-s-mediumhst_42600,1180,goods-s-mediumhst,42600,217540,217540,2022-10-05,53.1367025,-27.7465884,GS,0.606,-1.0,E,nan,nan,nan,nan
goods-s-mediumjwst_42613,1180,goods-s-mediumjwst,42613,110294,110294,2023-01-28,53.184845,-27.8028965,GS,4.47,4.517532,C,nan,nan,4.517532,-16.50493082376014
goods-s-mediumjwst_42645,1180,goods-s-mediumjwst,42645,201604,201604,2023-01-28,53.1739388,-27.8027649,GS,2.704,2.522192597132392,A,2.522192597132392,1.0,2.531008,nan
goods-n-mediumjwst_42692,1181,goods-n-mediumjwst,42692,1042692,1042692,2023-05-05,189.2430297889264,62.163143798684715,GN,4.7736,-1.0,E,nan,nan,nan,nan
goods-s-mediumhst_42692,1180,goods-s-mediumhst,42692,217597,217597,2022-10-05,53.1546651,-27.7461215,GS,0.996,-1.0,E,nan,nan,nan,nan
goods-s-mediumhst_42711,1180,goods-s-mediumhst,42711,234754,-1,2022-10-05,53.0953492,-27.7459676,GS,1.526,0.0,E,nan,nan,nan,nan
goods-n-mediumjwst_42722,1181,goods-n-mediumjwst,42722,1042722,1042722,2023-05-05,189.2106274523228,62.163296948711135,GN,6.63019,6.5409511765399,A,6.5409511765399,2.0,6.54097,-18.007123988501434
goods-s-mediumjwst_42728,1180,goods-s-mediumjwst,42728,110474,110474,2023-01-28,53.1474915,-27.8026161,GS,4.37,4.225081871369061,A,4.225081871369061,2.0,4.221815,-18.111712736448695
goods-s-mediumhst_42736,1180,goods-s-mediumhst,42736,287042,-1,2022-10-05,53.0813298,-27.7458047,GS,2.39,2.036198516516711,A,2.036198516516711,3.0,2.052056,nan
goods-n-mediumjwst_42740,1181,goods-n-mediumjwst,42740,1042740,1042740,2023-05-05,189.2568153899246,62.163455996601094,GN,2.08608,2.0275273488081518,A,2.0275273488081518,4.0,2.023525,nan
goods-s-mediumjwst_42763,1180,goods-s-mediumjwst,42763,110525,110525,2023-01-28,53.178215,-27.802557,GS,-1.0,-1.0,E,nan,nan,nan,nan
goods-s-mediumjwst_42779,1180,goods-s-mediumjwst,42779,110561,110561,2023-01-28,53.1131172,-27.8025017,GS,-1.0,-1.0,E,nan,nan,nan,nan
goods-s-mediumhst_42782,1180,goods-s-mediumhst,42782,234828,-1,2022-10-05,53.080178,-27.7455007,GS,0.238,-1.0,E,nan,nan,nan,nan
goods-s-mediumjwst_42789,1286,goods-s-mediumjwst,42789,201710,201710,2023-01-13,53.1860695,-27.8022461,GS,3.23226,2.8069778009044564,A,2.8069778009044564,17.0,2.813631,nan
goods-s-mediumhst_42820,1180,goods-s-mediumhst,42820,234917,234917,2022-10-05,53.0920598,-27.7451218,GS,0.921,1.593156,C,nan,nan,1.593156,nan
goods-s-mediumhst_42827,1180,goods-s-mediumhst,42827,234939,-1,2022-10-05,53.0787193,-27.7450348,GS,1.565,2.0775863488106503,A,2.0775863488106503,3.0,2.089874,nan
goods-s-mediumjwst_42829,1286,goods-s-mediumjwst,42829,110638,110638,2023-01-13,53.1227112,-27.8023777,GS,0.57601,-1.0,E,nan,nan,nan,nan
goods-s-mediumjwst_42831,1286,goods-s-mediumjwst,42831,42831,42831,2023-12-11,53.0470038,-27.868135,GS,4.04964,4.145780925460382,A,4.145780925460382,4.0,4.150151,-18.664800502059357
goods-s-mediumhst_42865,1180,goods-s-mediumhst,42865,245720,245720,2022-10-05,53.0799851,-27.7446519,GS,0.538,0.5208374689061297,A,0.5208374689061297,4.0,0.523114,nan
goods-s-mediumjwst_42878,1180,goods-s-mediumjwst,42878,110701,110701,2023-01-28,53.1420288,-27.8021755,GS,2.97,2.805393764063815,A,2.805393764063815,3.0,2.801193,nan
goods-s-mediumhst_42892,1180,goods-s-mediumhst,42892,235014,-1,2022-10-05,53.0997314,-27.7446778,GS,1.83,1.89792806420097,A,1.89792806420097,2.0,1.90025,nan
goods-s-mediumjwst_42905,1180,goods-s-mediumjwst,42905,110739,110739,2023-01-28,53.1407738,-27.8021774,GS,5.9219,5.9161402316302425,A,5.9161402316302425,4.0,5.911561,-19.352644961367062
goods-n-mediumjwst_42939,1181,goods-n-mediumjwst,42939,1042939,1042939,2023-05-05,189.20953524327444,62.16395193247277,GN,3.30723,3.4658830580162903,A,3.4658830580162903,11.0,3.468956,-19.61156130783276
goods-s-mediumhst_42953,1180,goods-s-mediumhst,42953,245868,245868,2022-10-05,53.0818427,-27.7430932,GS,0.86825,0.9544782380968303,A,0.9544782380968303,1.0,0.954618,nan
goods-s-mediumhst_42987,1180,goods-s-mediumhst,42987,235087,235087,2022-10-05,53.0861039,-27.7442629,GS,2.78,2.689045218301651,A,2.689045218301651,4.0,2.689547,nan
goods-s-mediumhst_42988,1180,goods-s-mediumhst,42988,235107,235107,2022-10-05,53.0906811,-27.7442159,GS,5.017,6.261968693638122,A,6.261968693638122,3.0,6.264719,-18.83096890581226
goods-s-mediumhst_43037,1180,goods-s-mediumhst,43037,235129,235129,2022-10-05,53.0918968,-27.744033,GS,1.13,1.340866765618232,A,1.340866765618232,1.0,1.355912,nan
goods-s-mediumhst_43110,1180,goods-s-mediumhst,43110,245855,-1,2022-10-05,53.1011931,-27.7435161,GS,0.979,-1.0,E,nan,nan,nan,nan
goods-s-mediumhst_43118,1180,goods-s-mediumhst,43118,245849,245849,2022-10-05,53.0805319,-27.7435381,GS,2.81,2.68307,B,nan,nan,2.68307,nan
goods-s-mediumhst_43142,1180,goods-s-mediumhst,43142,235249,235249,2022-10-05,53.0852471,-27.7434041,GS,2.5,2.235329793454241,A,2.235329793454241,3.0,2.233992,nan
goods-s-mediumjwst_43152,1286,goods-s-mediumjwst,43152,43152,43152,2023-12-11,53.141192,-27.8678889,GS,3.37438,3.1927283571201563,A,3.1927283571201563,2.0,3.192946,-18.61228157419256
goods-s-mediumhst_43205,1180,goods-s-mediumhst,43205,235332,-1,2022-10-05,53.0958781,-27.7430002,GS,1.022,-1.0,E,nan,nan,nan,nan
goods-n-mediumjwst_43208,1181,goods-n-mediumjwst,43208,1043208,1043208,2023-05-05,189.20500624051795,62.16473154119706,GN,2.1087,2.178,D,nan,nan,2.178,nan
goods-s-mediumjwst_43252,1286,goods-s-mediumjwst,43252,111304,111304,2023-01-13,53.1871414,-27.8012867,GS,7.42616,7.265675280927011,A,7.265675280927011,1.0,7.264115,-18.602412917897695
goods-s-mediumhst_43261,1180,goods-s-mediumhst,43261,235405,-1,2022-10-05,53.0778564,-27.7426593,GS,4.809,-1.0,E,nan,nan,nan,nan
goods-s-mediumjwst_43308,1286,goods-s-mediumjwst,43308,43308,43308,2023-12-11,53.0405702,-27.8677891,GS,2.43035,2.344277,C,nan,nan,2.344277,nan
goods-s-mediumjwst_43337,1180,goods-s-mediumjwst,43337,111412,111412,2023-01-28,53.1879997,-27.801075,GS,-1.0,5.826157,C,nan,nan,5.826157,-16.758301139816442
goods-s-mediumhst_43391,1180,goods-s-mediumhst,43391,235573,235573,2022-10-05,53.0769896,-27.7419324,GS,1.552,-1.0,E,nan,nan,nan,nan
goods-s-mediumjwst_43415,1180,goods-s-mediumjwst,43415,202121,202121,2023-01-28,53.1790161,-27.8008347,GS,3.13,2.8906786393258432,A,2.8906786393258432,8.0,2.899428,nan
goods-s-mediumhst_43418,1180,goods-s-mediumhst,43418,245964,-1,2022-10-05,53.0901731,-27.7417134,GS,0.711,-1.0,E,nan,nan,nan,nan
goods-s-mediumjwst_43457,1180,goods-s-mediumjwst,43457,202169,202169,2023-01-28,53.1147499,-27.8007317,GS,1.72,1.7689271416391943,A,1.7689271416391943,8.0,1.799979,nan
goods-s-mediumjwst_43481,1286,goods-s-mediumjwst,43481,43481,43481,2023-12-11,53.1032348,-27.8677026,GS,4.54707,4.422714380584626,A,4.422714380584626,3.0,4.423607,-17.694098845011098
goods-n-mediumjwst_43486,1181,goods-n-mediumjwst,43486,1043486,1043486,2023-05-05,189.25903294775856,62.16563205663017,GN,2.88945,2.9767261257070734,A,2.9767261257070734,2.0,2.977794,nan
goods-s-mediumjwst_43538,1286,goods-s-mediumjwst,43538,43538,43538,2023-12-11,53.0531297,-27.8676281,GS,3.25226,3.364320446905616,A,3.364320446905616,1.0,3.3729,-17.414872469880684
goods-s-mediumhst_43565,1180,goods-s-mediumhst,43565,246055,-1,2022-10-05,53.0894002,-27.7408026,GS,5.361,-1.0,E,nan,nan,nan,nan
goods-s-mediumhst_43609,1180,goods-s-mediumhst,43609,235866,-1,2022-10-05,53.0826695,-27.7405327,GS,3.235,-1.0,E,nan,nan,nan,nan
goods-s-mediumhst_43622,1180,goods-s-mediumhst,43622,235847,235847,2022-10-05,53.0927826,-27.7406096,GS,4.56,-1.0,E,nan,nan,nan,nan
goods-s-mediumhst_43623,1180,goods-s-mediumhst,43623,153828,153828,2022-10-05,53.1147235,-27.7407516,GS,3.3,2.852367762091633,A,2.852367762091633,5.0,2.851875,nan
goods-s-mediumhst_43646,1180,goods-s-mediumhst,43646,246077,246077,2022-10-05,53.0963139,-27.7405066,GS,1.574,1.6106924822688864,A,1.6106924822688864,4.0,1.598802,nan
goods-s-mediumjwst_43697,1180,goods-s-mediumjwst,43697,202322,202322,2023-01-28,53.1189537,-27.8001003,GS,3.1,2.5742013087666096,A,2.5742013087666096,6.0,2.571015,nan
goods-s-mediumhst_43741,1180,goods-s-mediumhst,43741,154209,154209,2022-10-05,53.1207893,-27.7397557,GS,1.777,1.599773,C,nan,nan,1.599773,nan
goods-s-mediumjwst_43819,1180,goods-s-mediumjwst,43819,112156,112156,2023-01-28,53.126194,-27.7996254,GS,1.815,1.8846329567237383,A,1.8846329567237383,11.0,1.889115,nan
goods-s-mediumhst_43869,1180,goods-s-mediumhst,43869,500120,-1,2022-10-05,53.1285249,-27.7388449,GS,3.851,4.746676,C,nan,nan,4.746676,-18.352794794055775
goods-s-mediumhst_43903,1180,goods-s-mediumhst,43903,154553,154553,2022-10-05,53.1215082,-27.7387259,GS,1.58,1.44,C,nan,nan,1.44,nan
goods-s-mediumhst_43933,1180,goods-s-mediumhst,43933,246197,246197,2022-10-05,53.0909789,-27.738785,GS,2.33,2.325448067482367,A,2.325448067482367,2.0,2.332254,nan
goods-s-mediumhst_43958,1180,goods-s-mediumhst,43958,236322,236322,2022-10-05,53.0937424,-27.7382691,GS,1.61,2.0652,C,nan,nan,2.0652,nan
goods-s-mediumhst_43966,1180,goods-s-mediumhst,43966,236337,-1,2022-10-05,53.1018508,-27.7381971,GS,1.537,-1.0,E,nan,nan,nan,nan
goods-s-mediumjwst_44028,1286,goods-s-mediumjwst,44028,44028,44028,2023-12-11,53.1352743,-27.867264,GS,2.31503,2.0085886556473804,A,2.0085886556473804,2.0,1.998536,nan
goods-s-mediumhst_44036,1180,goods-s-mediumhst,44036,250439,-1,2022-10-05,53.1013909,-27.7377461,GS,2.66,2.4310410962801408,A,2.4310410962801408,2.0,2.442907,nan
goods-s-mediumhst_44068,1180,goods-s-mediumhst,44068,454346,-1,2022-10-05,53.1353206,-27.7375531,GS,1.119,1.519,D,nan,nan,1.519,nan
goods-s-mediumjwst_44069,1286,goods-s-mediumjwst,44069,112553,112553,2023-01-13,53.170311,-27.7992535,GS,4.39608,4.3669096790563255,A,4.3669096790563255,2.0,4.374948,-17.19535514957962
goods-n-mediumjwst_44099,1181,goods-n-mediumjwst,44099,1044099,1044099,2023-05-05,189.2570688815497,62.16735109088329,GN,6.03508,5.85898862725173,A,5.85898862725173,6.0,5.860153,-19.83095853645612
goods-n-mediumjwst_44124,1181,goods-n-mediumjwst,44124,1044124,1044124,2023-05-05,189.27269925214208,62.16740926923668,GN,6.64397,6.684087015094555,A,6.684087015094555,4.0,6.687533,-19.034534645809316
goods-s-mediumjwst_44125,1180,goods-s-mediumjwst,44125,202491,202491,2023-01-28,53.173214,-27.7990646,GS,-1.0,-1.0,E,nan,nan,nan,nan
goods-s-mediumhst_44173,1180,goods-s-mediumhst,44173,154906,154906,2022-10-05,53.095431,-27.7377112,GS,1.90955,1.904649492113775,A,1.904649492113775,11.0,1.912942,nan
goods-s-deepjwst_44202,1287,goods-s-deepjwst,44202,44202,44202,2024-01-10,53.126358,-27.8670936,GS,0.96784,0.9795498846410451,A,0.9795498846410451,3.0,0.987013,nan
goods-s-mediumjwst_44214,1286,goods-s-mediumjwst,44214,112797,112797,2023-01-13,53.1708794,-27.7988167,GS,2.61495,-1.0,E,nan,nan,nan,nan
goods-s-mediumjwst_44229,1180,goods-s-mediumjwst,44229,379280,-1,2023-01-28,53.1777,-27.7987156,GS,2.37,2.692032557531297,A,2.692032557531297,1.0,2.693738,nan
goods-s-mediumhst_44255,1180,goods-s-mediumhst,44255,219117,219117,2022-10-05,53.0983835,-27.7366754,GS,1.043,1.643,C,nan,nan,1.643,nan
goods-s-mediumhst_44271,1180,goods-s-mediumhst,44271,219077,219077,2022-10-05,53.1216521,-27.7370872,GS,1.533,1.4701471779570316,A,1.4701471779570316,9.0,1.473643,nan
goods-s-mediumhst_44274,1180,goods-s-mediumhst,44274,236620,-1,2022-10-05,53.0838952,-27.7364404,GS,4.934,-1.0,E,nan,nan,nan,nan
goods-s-mediumhst_44315,1180,goods-s-mediumhst,44315,155258,155258,2022-10-05,53.1152313,-27.7364174,GS,1.642,-1.0,E,nan,nan,nan,nan
goods-s-deepjwst_44330,1287,goods-s-deepjwst,44330,44330,44330,2024-01-10,53.1257008,-27.8671065,GS,6.58732,6.344701428204383,A,6.344701428204383,2.0,6.333774,-17.858654568735624
goods-s-mediumhst_44362,1180,goods-s-mediumhst,44362,155383,155383,2022-10-05,53.1270031,-27.7359614,GS,2.531,1.756,C,nan,nan,1.756,nan
goods-s-deepjwst_44363,1287,goods-s-deepjwst,44363,44363,44363,2024-01-10,53.1226755,-27.8670706,GS,1.83663,1.83663,D,nan,nan,1.83663,nan
goods-s-mediumhst_44373,1180,goods-s-mediumhst,44373,236732,236732,2022-10-05,53.084566,-27.7358855,GS,1.158,-1.0,E,nan,nan,nan,nan
goods-s-mediumhst_44483,1180,goods-s-mediumhst,44483,236851,236851,2022-10-05,53.0988323,-27.7352826,GS,1.596,-1.0,E,nan,nan,nan,nan
goods-n-mediumjwst_44493,1181,goods-n-mediumjwst,44493,1044493,1044493,2023-05-05,189.24451049768393,62.168542175830225,GN,1.13156,1.14,D,nan,nan,1.12628,nan
goods-s-mediumjwst_44500,1286,goods-s-mediumjwst,44500,44500,44500,2023-12-11,53.1044444,-27.8669365,GS,1.08163,2.4862555971220766,A,2.4862555971220766,4.0,2.498076,nan
goods-s-mediumhst_44521,1180,goods-s-mediumhst,44521,236877,236877,2022-10-05,53.0828873,-27.7351127,GS,2.12,2.83938,D,nan,nan,2.83938,nan
goods-s-mediumhst_44537,1180,goods-s-mediumhst,44537,236904,236904,2022-10-05,53.0785451,-27.7349737,GS,2.266,3.1149956229570175,A,3.1149956229570175,2.0,3.110802,-16.569473308628197
goods-s-mediumjwst_44571,1180,goods-s-mediumjwst,44571,202964,202964,2023-01-28,53.140316,-27.797596,GS,1.77736,1.7634597835876225,A,1.7634597835876225,2.0,1.771973,nan
goods-s-mediumhst_44572,1180,goods-s-mediumhst,44572,287600,-1,2022-10-05,53.0909358,-27.7347337,GS,1.234,-1.0,E,nan,nan,nan,nan
goods-s-mediumjwst_44578,1180,goods-s-mediumjwst,44578,113394,113394,2023-01-28,53.1690903,-27.7979527,GS,2.95,3.0626316180718094,A,3.0626316180718094,4.0,3.061534,-18.703640871385584
goods-n-mediumjwst_44603,1181,goods-n-mediumjwst,44603,1044603,1044603,2023-05-05,189.2711374605383,62.16878180075229,GN,1.75977,1.5996850125105073,A,1.5996850125105073,2.0,1.59887,nan
goods-s-mediumhst_44607,1180,goods-s-mediumhst,44607,155736,155736,2022-10-05,53.1414354,-27.7345987,GS,1.935,2.1944065785441396,A,2.1944065785441396,3.0,2.189759,nan
goods-s-mediumhst_44632,1180,goods-s-mediumhst,44632,246495,-1,2022-10-05,53.0804228,-27.7343578,GS,1.55,-1.0,E,nan,nan,nan,nan
goods-s-mediumhst_44634,1180,goods-s-mediumhst,44634,155802,155802,2022-10-05,53.1395447,-27.7343737,GS,1.244,-1.0,E,nan,nan,nan,nan
goods-s-mediumjwst_44684,1286,goods-s-mediumjwst,44684,44684,44684,2023-12-11,53.0702234,-27.8668513,GS,3.46142,3.7699850389474854,A,3.7699850389474854,2.0,3.766733,-16.669618348379437
goods-n-mediumjwst_44699,1181,goods-n-mediumjwst,44699,1044699,1044699,2023-05-05,189.24725461713788,62.168972665249086,GN,5.07527,5.034409401252793,A,5.034409401252793,1.0,5.032604,-14.480688590575568
goods-s-mediumjwst_44713,1180,goods-s-mediumjwst,44713,113582,113582,2023-01-28,53.1729279,-27.7976723,GS,-1.0,7.479910081668921,A,7.479910081668921,1.0,7.481754,-18.01647179378796
goods-n-mediumjwst_44722,1181,goods-n-mediumjwst,44722,1044722,1044722,2023-05-05,189.19020540101644,62.169049985183484,GN,4.0776,-1.0,E,nan,nan,nan,nan
goods-s-deepjwst_44731,1287,goods-s-deepjwst,44731,44731,44731,2024-01-10,53.1129935,-27.8667458,GS,1.94637,1.999658,B,nan,nan,1.999658,nan
goods-s-mediumjwst_44734,1180,goods-s-mediumjwst,44734,113611,113611,2023-01-28,53.147831,-27.7975979,GS,4.88,-1.0,E,nan,nan,nan,nan
goods-s-mediumhst_44786,1180,goods-s-mediumhst,44786,219570,219570,2022-10-05,53.1204293,-27.7338758,GS,2.071,1.362578,C,nan,nan,1.362578,nan
goods-s-mediumhst_44815,1180,goods-s-mediumhst,44815,237149,237149,2022-10-05,53.0820624,-27.733455,GS,3.06,2.835037,B,nan,nan,2.835037,nan
goods-s-mediumhst_44832,1180,goods-s-mediumhst,44832,156224,156224,2022-10-05,53.132648,-27.7323831,GS,1.55,1.5482113779478672,A,1.5482113779478672,11.0,1.541766,nan
goods-s-mediumjwst_44874,1180,goods-s-mediumjwst,44874,203195,203195,2023-01-28,53.1485443,-27.7969704,GS,1.76646,1.765018370940684,A,1.765018370940684,3.0,1.759311,nan
goods-s-mediumhst_44878,1180,goods-s-mediumhst,44878,473045,-1,2022-10-05,53.1305304,-27.733042,GS,4.545,-1.0,E,nan,nan,nan,nan
goods-s-mediumhst_44921,1180,goods-s-mediumhst,44921,156086,156086,2022-10-05,53.0992212,-27.733194,GS,0.949,-1.0,E,nan,nan,nan,nan
goods-s-mediumhst_44930,1180,goods-s-mediumhst,44930,156116,156116,2022-10-05,53.1050741,-27.733,GS,2.37,2.3038509409488617,A,2.3038509409488617,8.0,2.31099,nan
goods-s-deepjwst_44938,1287,goods-s-deepjwst,44938,44938,44938,2024-01-10,53.1207072,-27.8666452,GS,2.91158,5.113651440635267,A,5.113651440635267,6.0,5.115976,-18.602163566443583
goods-s-mediumjwst_44991,1286,goods-s-mediumjwst,44991,44991,44991,2023-12-11,53.0510419,-27.8666251,GS,2.06814,3.41617,D,nan,nan,3.41617,-17.60284104892989
goods-s-mediumhst_45007,1180,goods-s-mediumhst,45007,0,-1,2022-10-05,53.1099462,-27.7323622,GS,1.723,3.2372008326321,A,3.2372008326321,2.0,3.234032,-18.158954965857262
goods-s-mediumhst_45015,1180,goods-s-mediumhst,45015,156272,156272,2022-10-05,53.1086624,-27.7323552,GS,2.779,3.2468444825889353,A,3.2468444825889353,2.0,3.249886,-17.419468540564413
goods-s-mediumhst_45052,1180,goods-s-mediumhst,45052,156340,156340,2022-10-05,53.1250634,-27.7319982,GS,3.18,2.7725411719245523,A,2.7725411719245523,1.0,2.748567,nan
goods-s-deepjwst_45072,1287,goods-s-deepjwst,45072,45072,45072,2024-01-10,53.1250505,-27.8665981,GS,0.73778,-1.0,E,nan,nan,nan,nan
goods-s-mediumhst_45083,1180,goods-s-mediumhst,45083,237368,-1,2022-10-05,53.095128,-27.7318303,GS,0.695,-1.0,E,nan,nan,nan,nan
goods-n-mediumjwst_45085,1181,goods-n-mediumjwst,45085,1045085,1045085,2023-05-05,189.24834606205582,62.170161736625865,GN,3.39791,3.6673598613723106,A,3.6673598613723106,4.0,3.663129,-18.65714463072259
goods-s-mediumhst_45086,1180,goods-s-mediumhst,45086,237371,237371,2022-10-05,53.0921695,-27.7318033,GS,3.171,4.366963786140483,A,4.366963786140483,3.0,4.364087,-18.38133055019985
goods-s-mediumhst_45101,1180,goods-s-mediumhst,45101,237379,-1,2022-10-05,53.0969456,-27.7316793,GS,2.761,-1.0,E,nan,nan,nan,nan
goods-s-mediumhst_45111,1180,goods-s-mediumhst,45111,156409,156409,2022-10-05,53.1362363,-27.7316332,GS,1.512,1.512,D,nan,nan,1.512,nan
goods-n-mediumjwst_45131,1181,goods-n-mediumjwst,45131,1045131,1045131,2023-05-05,189.21139986453835,62.17030361479848,GN,8.27768,8.367372131528686,A,8.367372131528686,2.0,8.365653,-19.27926826867055
goods-s-mediumjwst_45162,1286,goods-s-mediumjwst,45162,114293,114293,2023-01-13,53.1819687,-27.796442,GS,3.40744,-1.0,E,nan,nan,nan,nan
goods-n-mediumjwst_45170,1181,goods-n-mediumjwst,45170,1045170,1045170,2023-05-05,189.20715546708593,62.17039430209749,GN,8.3726,8.366679424373864,A,8.366679424373864,2.0,8.367743,-18.833220029021298
goods-s-mediumjwst_45208,1180,goods-s-mediumjwst,45208,114367,114367,2023-01-28,53.133564,-27.7963524,GS,0.48535,3.542523,C,nan,nan,3.542523,-15.681972078996743
goods-s-mediumjwst_45263,1286,goods-s-mediumjwst,45263,203410,203410,2023-01-13,53.1749382,-27.7961617,GS,2.10478,2.627288244279768,A,2.627288244279768,2.0,2.629286,nan
goods-n-mediumjwst_45265,1181,goods-n-mediumjwst,45265,1045265,1045265,2023-05-05,189.19429272220287,62.1706946884832,GN,3.0109,5.27772,D,nan,nan,5.27772,-17.519293183860103
goods-s-mediumjwst_45267,1180,goods-s-mediumjwst,45267,114456,114456,2023-01-28,53.1214409,-27.7961636,GS,-1.0,5.017993963012501,A,5.017993963012501,1.0,5.021659,-16.153774517946474
goods-s-mediumhst_45275,1180,goods-s-mediumhst,45275,246624,246624,2022-10-05,53.0912047,-27.7307585,GS,3.0,2.865408843807759,A,2.865408843807759,5.0,2.873314,nan
goods-s-mediumhst_45276,1180,goods-s-mediumhst,45276,237471,237471,2022-10-05,53.0961138,-27.7309674,GS,1.707,1.6843261803289462,A,1.6843261803289462,3.0,1.67322,nan
goods-s-mediumhst_45279,1180,goods-s-mediumhst,45279,246582,246582,2022-10-05,53.0929074,-27.7316833,GS,1.878,1.869,D,nan,nan,1.891167,nan
goods-s-mediumhst_45284,1180,goods-s-mediumhst,45284,156540,156540,2022-10-05,53.1274999,-27.7308764,GS,2.2,2.3,D,nan,nan,2.299593,nan
goods-s-mediumjwst_45288,1286,goods-s-mediumjwst,45288,45288,45288,2023-12-11,53.1432345,-27.8664184,GS,7.32984,7.44514134424634,A,7.44514134424634,2.0,7.442098,-19.084568818799568
goods-s-mediumhst_45330,1180,goods-s-mediumhst,45330,237531,237531,2022-10-05,53.078669,-27.7305226,GS,1.489,-1.0,E,nan,nan,nan,nan
goods-s-mediumhst_45352,1180,goods-s-mediumhst,45352,219821,219821,2022-10-05,53.1313822,-27.7308814,GS,2.19391,2.187538,B,nan,nan,2.187538,nan
goods-s-mediumjwst_45402,1180,goods-s-mediumjwst,45402,203488,203488,2023-01-28,53.1806412,-27.795517,GS,-1.0,1.611,C,nan,nan,1.611,nan
goods-s-mediumhst_45470,1180,goods-s-mediumhst,45470,523941,-1,2022-10-05,53.1041182,-27.7298026,GS,2.89,2.86103,C,nan,nan,2.86103,nan
goods-s-mediumhst_45474,1180,goods-s-mediumhst,45474,237602,-1,2022-10-05,53.094714,-27.7295117,GS,2.83,2.852318736965711,A,2.852318736965711,5.0,2.865311,nan
goods-s-mediumhst_45486,1180,goods-s-mediumhst,45486,503772,-1,2022-10-05,53.1022956,-27.7294187,GS,0.51,0.8924133085075985,A,0.8924133085075985,1.0,0.89309,nan
goods-s-mediumjwst_45490,1180,goods-s-mediumjwst,45490,114786,114786,2023-01-28,53.1780014,-27.7955341,GS,3.00097,2.992313142751382,A,2.992313142751382,5.0,2.982901,nan
goods-s-mediumjwst_45494,1286,goods-s-mediumjwst,45494,203573,203573,2023-01-13,53.174633,-27.7954502,GS,2.93213,2.6898146335534525,A,2.6898146335534525,7.0,2.690511,nan
goods-s-mediumhst_45532,1180,goods-s-mediumhst,45532,453677,-1,2022-10-05,53.1152871,-27.7292217,GS,1.51,1.5119467869133976,A,1.5119467869133976,4.0,1.505235,nan
goods-n-mediumjwst_45534,1181,goods-n-mediumjwst,45534,1045534,1045534,2023-05-05,189.19557945409707,62.17151246292257,GN,2.59961,2.76969,D,nan,nan,2.76969,nan
goods-s-mediumhst_45548,1180,goods-s-mediumhst,45548,458351,-1,2022-10-05,53.1286307,-27.7291117,GS,4.815,1.4245871157435155,A,1.4245871157435155,1.0,1.416373,nan
goods-s-mediumjwst_45559,1180,goods-s-mediumjwst,45559,114907,114907,2023-01-28,53.1246643,-27.7953873,GS,3.45,3.27502,C,nan,nan,3.27502,nan
goods-n-mediumjwst_45567,1181,goods-n-mediumjwst,45567,1045567,1045567,2023-05-05,189.27280526442172,62.17157623518613,GN,3.64731,3.4902664331600235,A,3.4902664331600235,1.0,3.481937,-17.676541568380948
goods-s-mediumhst_45599,1180,goods-s-mediumhst,45599,472949,-1,2022-10-05,53.1228827,-27.7287818,GS,0.948,-1.0,E,nan,nan,nan,nan
goods-s-mediumhst_45615,1180,goods-s-mediumhst,45615,45615,-1,2022-10-05,53.1022226,-27.7289868,GS,4.96,-1.0,E,nan,nan,nan,nan
goods-s-mediumjwst_45629,1180,goods-s-mediumjwst,45629,203663,203663,2023-01-28,53.1259193,-27.7951698,GS,1.94,1.9049347046632408,A,1.9049347046632408,3.0,1.916463,nan
goods-s-mediumhst_45637,1180,goods-s-mediumhst,45637,246683,-1,2022-10-05,53.0909017,-27.7287659,GS,1.47,1.6112325947847335,A,1.6112325947847335,2.0,1.609185,nan
goods-n-mediumhst_45651,1181,goods-n-mediumhst,45651,-4,-1,2023-02-07,188.9926194,62.2572598,GN,-99.0,2.221539999390808,A,2.221539999390808,14.0,2.228924,nan
goods-s-mediumhst_45656,1180,goods-s-mediumhst,45656,237682,-1,2022-10-05,53.0938001,-27.7284949,GS,4.628,-1.0,E,nan,nan,nan,nan
goods-n-mediumjwst_45669,1181,goods-n-mediumjwst,45669,1045669,1045669,2023-05-05,189.18263732792423,62.17184550611708,GN,1.25832,1.4612666755323966,A,1.4612666755323966,3.0,1.462105,nan
goods-s-mediumhst_45672,1180,goods-s-mediumhst,45672,45672,-1,2022-10-05,53.099989,-27.7283849,GS,1.829,1.831,D,nan,nan,1.831,nan
goods-s-mediumhst_45674,1180,goods-s-mediumhst,45674,453482,-1,2022-10-05,53.1238055,-27.7283669,GS,4.493,-1.0,E,nan,nan,nan,nan
goods-n-mediumjwst_45678,1181,goods-n-mediumjwst,45678,1045678,1045678,2023-05-05,189.2714353454296,62.171955174233226,GN,1.77637,1.6741716925544483,A,1.6741716925544483,3.0,1.675324,nan
goods-s-mediumhst_45682,1180,goods-s-mediumhst,45682,237699,-1,2022-10-05,53.0968046,-27.7283219,GS,3.134,3.203775171290485,A,3.203775171290485,3.0,3.221303,-18.48954233563327
goods-n-mediumhst_45700,1181,goods-n-mediumhst,45700,-4,-1,2023-02-07,188.9977601,62.2584964,GN,-99.0,-1.0,E,nan,nan,nan,nan
goods-s-mediumhst_45701,1180,goods-s-mediumhst,45701,246697,-1,2022-10-05,53.089405,-27.728184,GS,4.821,4.74882159534075,A,4.74882159534075,1.0,4.754267,-18.235064402378498
goods-s-mediumhst_45736,1180,goods-s-mediumhst,45736,444240,-1,2022-10-05,53.1218509,-27.728055,GS,2.501,3.4605483375061192,A,3.4605483375061192,2.0,3.461015,-19.27443386601884
goods-s-mediumhst_45737,1180,goods-s-mediumhst,45737,246667,-1,2022-10-05,53.0808166,-27.7289189,GS,2.32,2.0613621565364557,A,2.0613621565364557,4.0,2.065484,nan
goods-s-mediumjwst_45741,1286,goods-s-mediumjwst,45741,45741,45741,2023-12-11,53.1212064,-27.8661355,GS,3.31524,3.59117,C,nan,nan,3.59117,-17.653291751774518
goods-s-mediumhst_45775,1180,goods-s-mediumhst,45775,470588,-1,2022-10-05,53.1291315,-27.727822,GS,4.12,4.051089567923795,A,4.051089567923795,1.0,4.066997,-16.72855481931907
goods-s-mediumhst_45784,1180,goods-s-mediumhst,45784,445654,-1,2022-10-05,53.0769153,-27.7277541,GS,1.003,-1.0,E,nan,nan,nan,nan
goods-s-mediumhst_45788,1180,goods-s-mediumhst,45788,447165,-1,2022-10-05,53.1230417,-27.727786,GS,2.4,2.3682733108111265,A,2.3682733108111265,5.0,2.370049,nan
goods-n-mediumjwst_45793,1181,goods-n-mediumjwst,45793,1045793,1045793,2023-05-05,189.2560961262193,62.17217221145551,GN,0.76138,0.75123,C,nan,nan,0.75123,nan
goods-s-mediumjwst_45796,1180,goods-s-mediumjwst,45796,203815,203815,2023-01-28,53.1835823,-27.7944794,GS,4.22,3.7752729654899095,A,3.7752729654899095,6.0,3.778689,-18.28053848894492
goods-s-mediumhst_45806,1180,goods-s-mediumhst,45806,465476,-1,2022-10-05,53.1276638,-27.727668,GS,2.23,1.9650893512029532,A,1.9650893512029532,2.0,1.971196,nan
goods-s-mediumhst_45831,1180,goods-s-mediumhst,45831,455275,-1,2022-10-05,53.1357413,-27.727539,GS,1.291,2.079291686916338,A,2.079291686916338,2.0,2.108815,nan
goods-s-mediumhst_45836,1180,goods-s-mediumhst,45836,246724,-1,2022-10-05,53.0883331,-27.7275141,GS,1.62,-1.0,E,nan,nan,nan,nan
goods-n-mediumjwst_45886,1181,goods-n-mediumjwst,45886,1045886,1045886,2023-05-05,189.21135044658172,62.17251141988148,GN,3.22193,2.983296,B,nan,nan,2.983296,nan
goods-s-mediumhst_45900,1180,goods-s-mediumhst,45900,45900,-1,2022-10-05,53.1119627,-27.7272611,GS,4.62,1.7046953196919143,A,1.7046953196919143,1.0,1.721839,nan
goods-s-mediumhst_45903,1180,goods-s-mediumhst,45903,428774,-1,2022-10-05,53.1369011,-27.727416,GS,5.17,-1.0,E,nan,nan,nan,nan
goods-n-mediumjwst_45907,1181,goods-n-mediumjwst,45907,1045907,1045907,2023-05-05,189.27364257335987,62.17253483501943,GN,2.56587,2.5870745737609617,A,2.5870745737609617,3.0,2.595048,nan
goods-s-deepjwst_45917,1287,goods-s-deepjwst,45917,45917,45917,2024-01-10,53.0640081,-27.8659779,GS,3.17729,3.211516,C,nan,nan,3.211516,-17.25425652934485
goods-s-mediumhst_45921,1180,goods-s-mediumhst,45921,246727,-1,2022-10-05,53.0901728,-27.7271372,GS,1.567,-1.0,E,nan,nan,nan,nan
goods-n-mediumhst_45922,1181,goods-n-mediumhst,45922,3302416,-1,2023-02-07,189.0160697,62.2551764,GN,-99.0,1.448063138926244,A,1.448063138926244,2.0,1.445579,nan
goods-n-mediumhst_45942,1181,goods-n-mediumhst,45942,1245122,-1,2023-02-07,189.016842,62.2487748,GN,-99.0,4.152868846910952,A,4.152868846910952,2.0,4.154544,-18.633199139310033
goods-n-mediumjwst_45964,1181,goods-n-mediumjwst,45964,1045964,1045964,2023-05-05,189.19087656444955,62.17256840270575,GN,3.00835,-1.0,E,nan,nan,nan,nan
goods-s-mediumjwst_45967,1286,goods-s-mediumjwst,45967,115589,115589,2023-01-13,53.145298,-27.7941704,GS,2.90674,2.642528370521326,A,2.642528370521326,3.0,nan,nan
goods-s-mediumjwst_45976,1180,goods-s-mediumjwst,45976,203899,203899,2023-01-28,53.1526146,-27.7939205,GS,3.11505,3.0821748980969934,A,3.0821748980969934,13.0,3.07791,-20.58373372273366
goods-n-mediumhst_45978,1181,goods-n-mediumhst,45978,1087721,1087721,2023-02-07,189.0192183,62.251101,GN,1.86,2.393627,C,nan,nan,2.393627,nan
goods-n-mediumhst_45979,1181,goods-n-mediumhst,45979,1255097,-1,2023-02-07,189.0193019,62.2515078,GN,-99.0,2.583383593419494,A,2.583383593419494,4.0,2.580696,nan
goods-s-mediumhst_46002,1180,goods-s-mediumhst,46002,470177,-1,2022-10-05,53.1342776,-27.7267502,GS,2.9,2.9794476771559797,A,2.9794476771559797,3.0,2.979636,nan
goods-s-mediumhst_46026,1180,goods-s-mediumhst,46026,474047,-1,2022-10-05,53.1375979,-27.7266312,GS,3.689,-1.0,E,nan,nan,nan,nan
goods-s-mediumjwst_46050,1286,goods-s-mediumjwst,46050,46050,46050,2023-12-11,53.1305824,-27.8659009,GS,3.5494,3.589138700175047,A,3.589138700175047,3.0,3.591599,-18.064585576570416
goods-s-mediumhst_46051,1180,goods-s-mediumhst,46051,415393,-1,2022-10-05,53.1255312,-27.7265012,GS,1.55,2.366486250009842,A,2.366486250009842,5.0,2.373933,nan
goods-s-mediumjwst_46101,1180,goods-s-mediumjwst,46101,115813,115813,2023-01-28,53.1200714,-27.793829,GS,3.4,3.468650669654938,A,3.468650669654938,3.0,3.467602,-18.607675453675206
goods-s-mediumjwst_46102,1286,goods-s-mediumjwst,46102,115814,115814,2023-01-13,53.1808701,-27.7938442,GS,2.016,-1.0,E,nan,nan,nan,nan
goods-s-mediumhst_46129,1180,goods-s-mediumhst,46129,471583,-1,2022-10-05,53.1269639,-27.7261343,GS,1.415,1.42912,C,nan,nan,1.42912,nan
goods-s-mediumhst_46214,1180,goods-s-mediumhst,46214,469512,-1,2022-10-05,53.1400904,-27.7256784,GS,5.102,5.329995,B,nan,nan,5.329995,-17.43241843014547
goods-s-mediumhst_46215,1180,goods-s-mediumhst,46215,434991,-1,2022-10-05,53.1399455,-27.7263202,GS,1.054,1.0247112252898565,A,1.0247112252898565,4.0,1.029924,nan
goods-n-mediumhst_46235,1181,goods-n-mediumhst,46235,-3,-1,2023-02-07,189.0334148,62.2665071,GN,-99.0,-1.0,E,nan,nan,nan,nan
goods-n-mediumjwst_46239,1181,goods-n-mediumjwst,46239,1046239,1046239,2023-05-05,189.20722390779983,62.17340045778666,GN,3.35325,3.7277010308570713,A,3.7277010308570713,3.0,3.723055,-18.065008022589712
goods-s-mediumhst_46243,1180,goods-s-mediumhst,46243,455837,-1,2022-10-05,53.1452815,-27.7255724,GS,4.53,4.519,D,nan,nan,4.519,-18.100261956559947
goods-s-mediumjwst_46246,1286,goods-s-mediumjwst,46246,46246,46246,2023-12-11,53.1263904,-27.8658143,GS,1.03623,-1.0,E,nan,nan,nan,nan
goods-s-mediumjwst_46249,1286,goods-s-mediumjwst,46249,116068,116068,2023-01-13,53.1913185,-27.7934666,GS,3.2746,-1.0,E,nan,nan,nan,nan
goods-s-mediumjwst_46274,1180,goods-s-mediumjwst,46274,204096,204096,2023-01-28,53.1707954,-27.7933598,GS,2.67623,2.6769328435383706,A,2.6769328435383706,9.0,2.687683,nan
goods-s-mediumjwst_46315,1180,goods-s-mediumjwst,46315,116170,116170,2023-01-28,53.1230583,-27.7933083,GS,3.553,3.467911979822136,A,3.467911979822136,3.0,3.465662,-17.092482054930734
goods-s-mediumhst_46344,1180,goods-s-mediumhst,46344,477555,-1,2022-10-05,53.1088853,-27.7255105,GS,1.629,1.6136457303066556,A,1.6136457303066556,3.0,1.61948,nan
goods-n-mediumjwst_46349,1181,goods-n-mediumjwst,46349,1046349,1046349,2023-05-05,189.26060406845448,62.17372650265963,GN,0.574,-1.0,E,nan,nan,nan,nan
goods-s-mediumjwst_46350,1180,goods-s-mediumjwst,46350,204153,204153,2023-01-28,53.1713524,-27.7930126,GS,0.9906,0.9910438863431174,A,0.9910438863431174,8.0,0.998296,nan
goods-s-mediumhst_46359,1180,goods-s-mediumhst,46359,454350,-1,2022-10-05,53.1440287,-27.7250265,GS,1.425,1.007,D,nan,nan,1.007,nan
goods-s-mediumhst_46362,1180,goods-s-mediumhst,46362,451367,-1,2022-10-05,53.1355423,-27.7249975,GS,0.972,1.0246562895190667,A,1.0246562895190667,1.0,1.03934,nan
goods-s-mediumjwst_46404,1286,goods-s-mediumjwst,46404,116335,116335,2023-01-13,53.1476326,-27.793066,GS,0.5273,-1.0,E,nan,nan,nan,nan
goods-s-mediumjwst_46406,1286,goods-s-mediumjwst,46406,46406,46406,2023-12-11,53.1035937,-27.8657222,GS,-1.0,-1.0,E,nan,nan,nan,nan
goods-n-mediumjwst_46571,1181,goods-n-mediumjwst,46571,1046571,1046571,2024-05-19,189.22457999139155,62.17438024339944,GN,0.85752,-1.0,E,nan,nan,nan,nan
goods-s-mediumjwst_46593,1286,goods-s-mediumjwst,46593,46593,46593,2023-12-11,53.0339317,-27.8655885,GS,3.5699,-1.0,E,nan,nan,nan,nan
goods-n-mediumjwst_46597,1181,goods-n-mediumjwst,46597,1046597,1046597,2023-05-05,189.18314294470042,62.17449081942231,GN,0.68637,0.7625834643269349,A,0.7625834643269349,1.0,0.76319,nan
goods-s-mediumjwst_46634,1180,goods-s-mediumjwst,46634,116757,116757,2023-01-28,53.1185341,-27.7924461,GS,-1.0,-1.0,E,nan,nan,nan,nan
goods-n-mediumjwst_46645,1181,goods-n-mediumjwst,46645,1046645,1046645,2024-05-19,189.2240498301225,62.17461924734676,GN,0.47852,0.363,D,nan,nan,0.363,nan
goods-s-mediumjwst_46646,1286,goods-s-mediumjwst,46646,116777,116777,2023-01-13,53.1459503,-27.7923279,GS,0.9873,-1.0,E,nan,nan,nan,nan
goods-s-mediumhst_46674,1180,goods-s-mediumhst,46674,420250,-1,2022-10-05,53.1143952,-27.7240837,GS,2.7,2.570364,B,nan,nan,2.570364,nan
goods-n-mediumjwst_46733,1181,goods-n-mediumjwst,46733,1046733,1046733,2024-05-19,189.2422967195442,62.17481269364145,GN,1.60966,-1.0,E,nan,nan,nan,nan
goods-n-mediumhst_46736,1181,goods-n-mediumhst,46736,1030675,1030675,2023-02-07,189.0610216,62.272879,GN,-99.0,0.952,D,nan,nan,nan,nan
goods-n-mediumjwst_46764,1181,goods-n-mediumjwst,46764,1046764,1046764,2024-05-19,189.199065940172,62.174928785670815,GN,2.23191,2.3099868018916103,A,2.3099868018916103,2.0,2.30357,nan
goods-n-mediumhst_46778,1181,goods-n-mediumhst,46778,1114124,1114124,2023-02-07,189.0631389,62.2791378,GN,3.92,3.965236790210009,A,3.965236790210009,3.0,3.964083,-19.98552459274803
goods-s-mediumhst_46846,1180,goods-s-mediumhst,46846,238159,-1,2022-10-05,53.0907176,-27.7224691,GS,2.87,-1.0,E,nan,nan,nan,nan
goods-n-mediumhst_46903,1181,goods-n-mediumhst,46903,1015920,1015920,2023-02-07,189.0696081,62.2780773,GN,-99.0,5.116448938693258,A,5.116448938693258,3.0,nan,nan
goods-n-mediumhst_46909,1181,goods-n-mediumhst,46909,1017882,1017882,2023-02-07,189.0699097,62.284578,GN,-99.0,4.89535864000288,A,4.89535864000288,2.0,nan,nan
goods-s-mediumhst_46959,1180,goods-s-mediumhst,46959,453021,-1,2022-10-05,53.1133394,-27.7219921,GS,2.086,-1.0,E,nan,nan,nan,nan
goods-s-mediumjwst_46963,1180,goods-s-mediumjwst,46963,117339,117339,2023-01-28,53.1263657,-27.7914658,GS,4.81721,4.81721,D,nan,nan,4.81721,nan
goods-s-mediumhst_46971,1180,goods-s-mediumhst,46971,406304,-1,2022-10-05,53.1310421,-27.7218171,GS,4.74,-1.0,E,nan,nan,nan,nan
goods-n-mediumhst_46982,1181,goods-n-mediumhst,46982,1019253,1019253,2023-02-07,189.0736146,62.2884525,GN,-99.0,4.68139647013944,A,4.68139647013944,2.0,nan,nan
goods-s-mediumhst_47034,1180,goods-s-mediumhst,47034,0,-1,2022-10-05,53.1008847,-27.7214962,GS,1.901,-1.0,E,nan,nan,nan,nan
goods-s-mediumhst_47038,1180,goods-s-mediumhst,47038,524607,-1,2022-10-05,53.1027863,-27.7215632,GS,2.55,2.5638105561027427,A,2.5638105561027427,4.0,2.571576,nan
goods-n-mediumjwst_47048,1181,goods-n-mediumjwst,47048,1047048,1047048,2023-05-05,189.2528842274016,62.17563692258143,GN,1.14258,-1.0,E,nan,nan,nan,nan
goods-s-mediumhst_47077,1180,goods-s-mediumhst,47077,553876,-1,2022-10-05,53.0999868,-27.7212593,GS,5.33,-1.0,E,nan,nan,nan,nan
goods-s-mediumjwst_47100,1286,goods-s-mediumjwst,47100,117602,117602,2023-01-13,53.1834335,-27.7909718,GS,7.481,7.429305440300233,A,7.429305440300233,3.0,nan,nan
goods-n-mediumjwst_47115,1181,goods-n-mediumjwst,47115,1047115,1047115,2024-05-19,189.2049165556346,62.17589298922348,GN,3.16365,2.9910881836267986,A,2.9910881836267986,2.0,2.98136,nan
goods-s-mediumhst_47148,1180,goods-s-mediumhst,47148,469931,-1,2022-10-05,53.1327867,-27.7209373,GS,1.857,1.0262196783039492,A,1.0262196783039492,1.0,1.027,nan
goods-s-deepjwst_47159,1287,goods-s-deepjwst,47159,47159,47159,2024-01-10,53.1283556,-27.865284,GS,2.67864,2.792416,B,nan,nan,2.792416,nan
goods-s-mediumjwst_47184,1286,goods-s-mediumjwst,47184,-7,-1,2023-01-13,53.1299591,-27.7908154,GS,3.69982,-1.0,E,nan,nan,nan,nan
goods-n-mediumjwst_47196,1181,goods-n-mediumjwst,47196,1047196,1047196,2023-05-05,189.18711774220375,62.176161240648504,GN,3.70276,-1.0,E,nan,nan,nan,nan
goods-s-mediumhst_47206,1180,goods-s-mediumhst,47206,464039,-1,2022-10-05,53.1318969,-27.7206143,GS,5.87,5.793,D,nan,nan,5.793,-18.38904041327846
goods-s-mediumhst_47222,1180,goods-s-mediumhst,47222,534889,-1,2022-10-05,53.1067966,-27.7205584,GS,1.69,1.610862610374053,A,1.610862610374053,3.0,1.61008,nan
goods-n-mediumjwst_47225,1181,goods-n-mediumjwst,47225,1047225,1047225,2023-05-05,189.21675056740995,62.17627885435191,GN,3.1183,2.973936,C,nan,nan,2.973936,nan
goods-n-mediumjwst_47284,1181,goods-n-mediumjwst,47284,1047284,1047284,2024-05-19,189.21595572145665,62.17637789126909,GN,0.42286,-1.0,E,nan,nan,nan,nan
goods-s-mediumhst_47288,1180,goods-s-mediumhst,47288,410015,-1,2022-10-05,53.0973333,-27.7204514,GS,3.126,2.5641715356077848,A,2.5641715356077848,5.0,2.57493,nan
goods-s-mediumjwst_47297,1286,goods-s-mediumjwst,47297,117960,117960,2023-01-13,53.1444931,-27.7904263,GS,2.69067,2.4454028315169447,A,2.4454028315169447,2.0,nan,nan
goods-s-mediumjwst_47317,1286,goods-s-mediumjwst,47317,204860,204860,2023-01-13,53.1468773,-27.7903252,GS,3.41124,3.3637609983660726,A,3.3637609983660726,2.0,3.360442,-18.324523579525085
goods-s-mediumhst_47323,1180,goods-s-mediumhst,47323,481247,-1,2022-10-05,53.0932831,-27.7199255,GS,2.642,-1.0,E,nan,nan,nan,nan
goods-n-mediumhst_47331,1181,goods-n-mediumhst,47331,1223690,-1,2023-02-07,189.097963,62.3203508,GN,2.68,3.2339908869229133,A,3.2339908869229133,5.0,nan,nan
goods-n-mediumhst_47346,1181,goods-n-mediumhst,47346,1019585,1019585,2023-02-07,189.0993898,62.2894778,GN,-99.0,-1.0,E,nan,nan,nan,nan
goods-n-mediumjwst_47369,1181,goods-n-mediumjwst,47369,1047369,1047369,2024-05-19,189.2111452652086,62.176619023833325,GN,3.69527,4.194643,C,nan,nan,4.194643,nan
goods-s-mediumhst_47412,1180,goods-s-mediumhst,47412,438572,-1,2022-10-05,53.1359701,-27.7200904,GS,2.14,1.9659700694003805,A,1.9659700694003805,3.0,1.961427,nan
goods-s-mediumjwst_47436,1180,goods-s-mediumjwst,47436,118234,118234,2023-01-28,53.1871109,-27.7900124,GS,3.04,2.8606358299008825,A,2.8606358299008825,8.0,2.865505,nan
goods-n-mediumjwst_47468,1181,goods-n-mediumjwst,47468,1047468,1047468,2024-05-19,189.19797812036626,62.17701667619287,GN,7.1374,7.135531006385087,A,7.135531006385087,7.0,7.137938,-18.474512699768255
goods-s-mediumjwst_47475,1286,goods-s-mediumjwst,47475,118303,118303,2023-01-13,53.174469,-27.7899628,GS,2.50285,-1.0,E,nan,nan,nan,nan
goods-n-mediumhst_47500,1181,goods-n-mediumhst,47500,1031852,1031852,2023-02-07,189.1095826,62.2785579,GN,-99.0,0.912034,C,nan,nan,0.912034,nan
goods-n-mediumjwst_47530,1181,goods-n-mediumjwst,47530,1047530,1047530,2024-05-19,189.22133010412898,62.17734916621201,GN,9.34015,2.299550065047577,A,2.299550065047577,10.0,2.302949,nan
goods-n-mediumhst_47545,1181,goods-n-mediumhst,47545,2028697,-1,2023-02-07,189.1125655,62.3186139,GN,-99.0,-1.0,E,nan,nan,nan,nan
goods-s-mediumjwst_47547,1180,goods-s-mediumjwst,47547,118458,118458,2023-01-28,53.171299,-27.7897282,GS,3.4,3.20945,D,nan,nan,3.20945,-16.714937133174697
goods-s-mediumhst_47568,1180,goods-s-mediumhst,47568,423307,-1,2022-10-05,53.1429628,-27.7194435,GS,2.58,2.4498668832155617,A,2.4498668832155617,4.0,2.449356,nan
goods-n-mediumhst_47577,1181,goods-n-mediumhst,47577,1031552,1031552,2023-02-07,189.1148077,62.2765102,GN,-99.0,-1.0,E,nan,nan,nan,nan
goods-s-mediumjwst_47609,1286,goods-s-mediumjwst,47609,205113,205113,2023-01-13,53.1924133,-27.7895794,GS,2.87192,-1.0,E,nan,nan,nan,nan
goods-s-mediumhst_47615,1180,goods-s-mediumhst,47615,480103,-1,2022-10-05,53.0944488,-27.7183928,GS,3.979,-1.0,E,nan,nan,nan,nan
goods-n-mediumjwst_47650,1181,goods-n-mediumjwst,47650,1047650,1047650,2024-05-19,189.292648949009,62.177443582102434,GN,1.17848,-1.0,E,nan,nan,nan,nan
goods-n-mediumhst_47658,1181,goods-n-mediumhst,47658,1184612,-1,2023-02-07,189.1218927,62.2712679,GN,-99.0,-1.0,E,nan,nan,nan,nan
goods-s-mediumhst_47670,1180,goods-s-mediumhst,47670,451275,-1,2022-10-05,53.1298122,-27.7182108,GS,5.346,-1.0,E,nan,nan,nan,nan
goods-s-mediumhst_47713,1180,goods-s-mediumhst,47713,508345,-1,2022-10-05,53.1060696,-27.7180159,GS,0.708,0.607,D,nan,nan,0.607,nan
goods-n-mediumjwst_47736,1181,goods-n-mediumjwst,47736,1047736,1047736,2024-05-19,189.24180657216812,62.17764219899708,GN,1.20431,7.2592,D,nan,nan,7.2592,-18.251949920827865
goods-s-mediumjwst_47758,1286,goods-s-mediumjwst,47758,47758,47758,2023-12-11,53.0569626,-27.8649201,GS,1.64271,1.99486,D,nan,nan,1.99486,nan
goods-s-mediumhst_47806,1180,goods-s-mediumhst,47806,449568,-1,2022-10-05,53.1368519,-27.7184078,GS,3.903,4.240823,B,nan,nan,4.240823,-16.380830152719078
goods-n-mediumjwst_47855,1181,goods-n-mediumjwst,47855,1047855,1047855,2024-05-19,189.28305415765,62.17794537349883,GN,4.09874,-1.0,E,nan,nan,nan,nan
goods-s-mediumhst_47859,1180,goods-s-mediumhst,47859,485902,-1,2022-10-05,53.1411741,-27.717226,GS,2.456,-1.0,E,nan,nan,nan,nan
goods-n-mediumjwst_47864,1181,goods-n-mediumjwst,47864,1047864,1047864,2024-05-19,189.2226659904823,62.17797419937886,GN,3.7387,4.2172661783927445,A,4.2172661783927445,1.0,4.219757,-16.293478137638566
goods-s-mediumjwst_47870,1286,goods-s-mediumjwst,47870,205311,205311,2023-01-13,53.1493073,-27.788599,GS,1.88379,1.9067901529837135,A,1.9067901529837135,17.0,1.908363,nan
goods-n-mediumjwst_47911,1181,goods-n-mediumjwst,47911,1047911,1047911,2023-05-05,189.2209552249875,62.1780656355787,GN,2.76072,3.659175787865059,A,3.659175787865059,2.0,3.654791,-15.923768970762566
goods-s-mediumjwst_47916,1180,goods-s-mediumjwst,47916,119236,119236,2023-01-28,53.1801949,-27.7888527,GS,3.07,2.8253993356353133,A,2.8253993356353133,1.0,2.8261,nan
goods-n-mediumjwst_47918,1181,goods-n-mediumjwst,47918,1047918,1047918,2023-05-05,189.20825143748235,62.178094738815005,GN,6.00335,5.778116625945981,A,5.778116625945981,2.0,5.778538,-17.628837071434955
goods-s-mediumhst_47936,1180,goods-s-mediumhst,47936,436310,-1,2022-10-05,53.1457292,-27.7174519,GS,0.738,0.445,D,nan,nan,0.445,nan
goods-s-mediumjwst_47948,1286,goods-s-mediumjwst,47948,205341,205341,2023-01-13,53.1447754,-27.7886696,GS,2.33424,-1.0,E,nan,nan,nan,nan
goods-n-mediumjwst_47964,1181,goods-n-mediumjwst,47964,1047964,1047964,2023-05-05,189.22084312295317,62.17823910613526,GN,0.39297,-1.0,E,nan,nan,nan,nan
goods-s-mediumhst_47972,1180,goods-s-mediumhst,47972,465533,-1,2022-10-05,53.141715,-27.7166951,GS,3.986,0.863567,C,nan,nan,0.863567,nan
goods-n-mediumjwst_48008,1181,goods-n-mediumjwst,48008,1048008,1048008,2023-05-05,189.18836718536966,62.17836949045331,GN,1.56637,1.5870329161112235,A,1.5870329161112235,6.0,1.581828,nan
goods-s-mediumhst_48010,1180,goods-s-mediumhst,48010,435137,-1,2022-10-05,53.1462801,-27.7165571,GS,2.87,2.861602178846865,A,2.861602178846865,2.0,2.853251,nan
goods-n-mediumjwst_48011,1181,goods-n-mediumjwst,48011,1048011,1048011,2023-05-05,189.19560189664512,62.178366291784414,GN,3.8485,-1.0,E,nan,nan,nan,nan
goods-s-mediumjwst_48016,1286,goods-s-mediumjwst,48016,48016,48016,2023-12-11,53.1195493,-27.8647406,GS,3.28951,3.133911480240196,A,3.133911480240196,2.0,3.116454,-18.916085457496386
goods-s-mediumhst_48043,1180,goods-s-mediumhst,48043,434819,-1,2022-10-05,53.1401013,-27.7174609,GS,2.514,2.368139,C,nan,nan,2.368139,nan
goods-s-mediumhst_48049,1180,goods-s-mediumhst,48049,474507,-1,2022-10-05,53.0896357,-27.7163452,GS,2.71,2.561892723735225,A,2.561892723735225,4.0,2.562709,nan
goods-s-mediumhst_48069,1180,goods-s-mediumhst,48069,465330,-1,2022-10-05,53.0952986,-27.7162272,GS,3.816,-1.0,E,nan,nan,nan,nan
goods-s-mediumjwst_48087,1180,goods-s-mediumjwst,48087,333820,-1,2023-01-28,53.173584,-27.7883511,GS,-1.0,-1.0,E,nan,nan,nan,nan
goods-s-mediumhst_48113,1180,goods-s-mediumhst,48113,48113,-1,2022-10-05,53.103939,-27.7160373,GS,2.17,2.249072773404893,A,2.249072773404893,3.0,2.26474,nan
goods-n-mediumjwst_48132,1181,goods-n-mediumjwst,48132,1048132,1048132,2024-05-19,189.30233736508646,62.17864640633832,GN,5.96291,6.0465,D,nan,nan,6.038421,-17.267885981227018
goods-s-deepjwst_48138,1287,goods-s-deepjwst,48138,48138,48138,2024-01-10,53.1172113,-27.8647205,GS,6.22068,6.22068,D,nan,nan,6.22068,-17.718233870051385
goods-s-mediumjwst_48138,1286,goods-s-mediumjwst,48138,48138,48138,2023-12-11,53.1172113,-27.8647205,GS,6.22068,-1.0,E,nan,nan,nan,nan
goods-s-mediumhst_48155,1180,goods-s-mediumhst,48155,470473,-1,2022-10-05,53.0960375,-27.7157793,GS,3.513,2.567889108106314,A,2.567889108106314,2.0,2.563666,nan
goods-s-mediumhst_48205,1180,goods-s-mediumhst,48205,505604,-1,2022-10-05,53.109319,-27.7155623,GS,2.95,2.6182743244073987,A,2.6182743244073987,3.0,2.616621,nan
goods-s-mediumhst_48214,1180,goods-s-mediumhst,48214,48214,-1,2022-10-05,53.098416,-27.7154554,GS,1.988,-1.0,E,nan,nan,nan,nan
goods-n-mediumhst_48228,1181,goods-n-mediumhst,48228,1007211,1007211,2023-02-07,189.1548052,62.2467584,GN,4.144,4.333251894949473,A,4.333251894949473,2.0,4.335986,-18.16857476150692
goods-n-mediumhst_48242,1181,goods-n-mediumhst,48242,1089273,1089273,2023-02-07,189.1554602,62.2686119,GN,0.674,0.83155,D,nan,nan,0.83155,nan
goods-s-mediumjwst_48242,1286,goods-s-mediumjwst,48242,120005,120005,2023-01-13,53.1928406,-27.7879276,GS,1.8997,1.7638941590618318,A,1.7638941590618318,3.0,nan,nan
goods-s-mediumjwst_48269,1286,goods-s-mediumjwst,48269,120075,120075,2023-01-13,53.1515999,-27.7879143,GS,6.67654,6.626517,B,nan,nan,6.626517,-18.528736905049414
goods-s-mediumhst_48270,1180,goods-s-mediumhst,48270,48270,-1,2022-10-05,53.1015984,-27.7151974,GS,1.006,-1.0,E,nan,nan,nan,nan
goods-s-mediumhst_48272,1180,goods-s-mediumhst,48272,447447,-1,2022-10-05,53.1337684,-27.7152094,GS,3.018,3.258,D,nan,nan,3.258,-15.972435822299069
goods-s-mediumjwst_48275,1286,goods-s-mediumjwst,48275,205597,205597,2023-01-13,53.1480255,-27.7877445,GS,1.98511,1.8831500401756107,A,1.8831500401756107,7.0,1.875609,nan
goods-n-mediumjwst_48302,1181,goods-n-mediumjwst,48302,1048302,1048302,2023-05-05,189.19368958554875,62.17915317895877,GN,3.28964,3.207590042022892,A,3.207590042022892,2.0,3.200239,-17.702217393923664
goods-s-mediumjwst_48314,1180,goods-s-mediumjwst,48314,311515,-1,2023-01-28,53.1896782,-27.7878056,GS,-1.0,-1.0,E,nan,nan,nan,nan
goods-s-mediumjwst_48362,1286,goods-s-mediumjwst,48362,48362,48362,2023-12-11,53.1437485,-27.864497,GS,4.79982,4.815741103694682,A,4.815741103694682,4.0,4.817148,-18.697505694923656
goods-s-mediumjwst_48386,1286,goods-s-mediumjwst,48386,48386,48386,2023-12-11,53.0590738,-27.8645468,GS,3.4273,3.4273,C,nan,nan,3.4273,-17.098441634565898
goods-n-mediumjwst_48392,1181,goods-n-mediumjwst,48392,1048392,1048392,2023-05-05,189.1735619708955,62.17935582735976,GN,0.30708,-1.0,E,nan,nan,nan,nan
goods-s-mediumhst_48430,1180,goods-s-mediumhst,48430,467894,-1,2022-10-05,53.1276245,-27.7145245,GS,0.135,-1.0,E,nan,nan,nan,nan
goods-s-mediumhst_48436,1180,goods-s-mediumhst,48436,459339,-1,2022-10-05,53.1495724,-27.7144325,GS,2.222,2.974,D,nan,nan,2.96796,nan
goods-s-mediumjwst_48436,1286,goods-s-mediumjwst,48436,48436,48436,2023-12-11,53.1225232,-27.8645263,GS,3.14938,3.01783,D,nan,nan,3.01783,nan
goods-s-mediumjwst_48452,1286,goods-s-mediumjwst,48452,120532,120532,2023-01-13,53.1942139,-27.7874031,GS,3.25784,-1.0,E,nan,nan,nan,nan
goods-s-mediumjwst_48489,1180,goods-s-mediumjwst,48489,205757,205757,2023-01-28,53.1949654,-27.7871399,GS,4.27,3.644669965901471,A,3.644669965901471,9.0,3.63451,-18.734760061531205
goods-n-mediumjwst_48513,1181,goods-n-mediumjwst,48513,1048513,1048513,2024-05-19,189.2684103180417,62.17966596730213,GN,1.35082,-1.0,E,nan,nan,nan,nan
goods-s-mediumjwst_48528,1286,goods-s-mediumjwst,48528,48528,-1,2023-01-13,53.1870537,-27.7872105,GS,8.27338,-1.0,E,nan,nan,nan,nan
goods-n-mediumjwst_48532,1181,goods-n-mediumjwst,48532,1048532,1048532,2024-05-19,189.27948910345935,62.17973779015765,GN,6.89576,6.823731082802523,A,6.823731082802523,1.0,6.829889,-19.033236925119077
goods-s-mediumjwst_48548,1180,goods-s-mediumjwst,48548,205808,205808,2023-01-28,53.1542282,-27.7871075,GS,1.79,1.7665031993622053,A,1.7665031993622053,3.0,1.760603,nan
goods-s-mediumhst_48553,1180,goods-s-mediumhst,48553,429573,-1,2022-10-05,53.1438415,-27.7138746,GS,2.66,2.5715744204769972,A,2.5715744204769972,2.0,2.573139,nan
goods-n-mediumjwst_48568,1181,goods-n-mediumjwst,48568,1048568,1048568,2024-05-19,189.2709068606178,62.17979228368943,GN,1.54294,-1.0,E,nan,nan,nan,nan
goods-s-mediumhst_48576,1180,goods-s-mediumhst,48576,437778,-1,2022-10-05,53.146851,-27.7139738,GS,1.065,1.0206290119151473,A,1.0206290119151473,2.0,1.002844,nan
goods-s-mediumhst_48602,1180,goods-s-mediumhst,48602,48602,-1,2022-10-05,53.152026,-27.7136196,GS,2.814,-1.0,E,nan,nan,nan,nan
goods-s-mediumjwst_48636,1286,goods-s-mediumjwst,48636,48636,48636,2023-12-11,53.1124684,-27.8643873,GS,0.75269,-1.0,E,nan,nan,nan,nan
goods-n-mediumjwst_48672,1181,goods-n-mediumjwst,48672,1048672,1048672,2023-05-05,189.18406685720404,62.18011952506235,GN,3.14471,3.2422012568466645,A,3.2422012568466645,4.0,3.240082,-18.487211317352717
goods-n-mediumjwst_48760,1181,goods-n-mediumjwst,48760,1048760,1048760,2024-05-19,189.27600383927899,62.1804054928936,GN,2.46561,1.707839614321014,A,1.707839614321014,1.0,1.705815,nan
goods-s-mediumjwst_48768,1286,goods-s-mediumjwst,48768,205999,205999,2023-01-13,53.1257439,-27.7866135,GS,4.47724,-1.0,E,nan,nan,nan,nan
goods-s-mediumjwst_48769,1286,goods-s-mediumjwst,48769,48769,48769,2023-12-11,53.0511989,-27.864218,GS,1.88677,1.853821228157548,A,1.853821228157548,13.0,1.855717,nan
goods-s-mediumhst_48826,1180,goods-s-mediumhst,48826,429683,-1,2022-10-05,53.1488186,-27.7130488,GS,1.66,1.7603013339963693,A,1.7603013339963693,14.0,1.761828,nan
goods-n-mediumjwst_48827,1181,goods-n-mediumjwst,48827,1048827,1048827,2024-05-19,189.3061425869317,62.180581835460345,GN,6.43216,1.35987,D,nan,nan,1.35987,nan
goods-s-mediumjwst_48837,1286,goods-s-mediumjwst,48837,48837,48837,2023-12-11,53.050054,-27.8642135,GS,1.29012,-1.0,E,nan,nan,nan,nan
goods-s-mediumjwst_48839,1286,goods-s-mediumjwst,48839,48839,48839,2023-12-11,53.0385232,-27.8641341,GS,1.61706,1.6114816339887013,A,1.6114816339887013,9.0,1.612996,nan
goods-s-mediumhst_48859,1180,goods-s-mediumhst,48859,431094,-1,2022-10-05,53.1370298,-27.7129378,GS,2.054,2.06696,B,nan,nan,2.06696,nan
goods-s-mediumjwst_48912,1286,goods-s-mediumjwst,48912,206144,206144,2023-01-13,53.1922455,-27.7860813,GS,2.69983,2.4530183323039925,A,2.4530183323039925,15.0,2.456064,nan
goods-s-mediumjwst_48915,1180,goods-s-mediumjwst,48915,206146,206146,2023-01-28,53.1466827,-27.7861996,GS,5.56,5.5198745620789,A,5.5198745620789,4.0,5.512472,-19.703945525647477
goods-n-mediumjwst_48939,1181,goods-n-mediumjwst,48939,1048939,1048939,2024-05-19,189.2101132581541,62.18091718658886,GN,1.60545,2.4360027202155248,A,2.4360027202155248,1.0,2.423773,nan
goods-s-deepjwst_49019,1287,goods-s-deepjwst,49019,49019,49019,2024-01-10,53.1089318,-27.8640839,GS,1.77691,1.602,D,nan,nan,1.620864,nan
goods-n-mediumjwst_49095,1181,goods-n-mediumjwst,49095,1049095,1049095,2023-05-05,189.18804943073013,62.18125409255593,GN,4.31263,-1.0,E,nan,nan,nan,nan
goods-s-mediumjwst_49104,1286,goods-s-mediumjwst,49104,122080,122080,2023-01-13,53.1289787,-27.7857704,GS,1.83268,1.932,D,nan,nan,1.932,nan
goods-s-mediumjwst_49116,1180,goods-s-mediumjwst,49116,206345,206345,2023-01-28,53.1317406,-27.7856312,GS,1.748,1.7327418544089421,A,1.7327418544089421,6.0,1.733109,nan
goods-s-mediumjwst_49222,1286,goods-s-mediumjwst,49222,122364,122364,2023-01-13,53.1747475,-27.785553,GS,4.24397,-1.0,E,nan,nan,nan,nan
goods-s-mediumjwst_49246,1286,goods-s-mediumjwst,49246,122416,122416,2023-01-13,53.1515694,-27.7854118,GS,3.76034,3.6052557726179657,A,3.6052557726179657,4.0,3.603914,-19.291413250379044
goods-n-mediumjwst_49288,1181,goods-n-mediumjwst,49288,1049288,1049288,2024-05-19,189.31400246196142,62.18181486889836,GN,1.91687,2.034961788264626,A,2.034961788264626,2.0,2.039548,nan
goods-n-mediumjwst_49294,1181,goods-n-mediumjwst,49294,1049294,1049294,2024-05-19,189.27079155106506,62.18185867708063,GN,0.68822,-1.0,E,nan,nan,nan,nan
goods-n-mediumjwst_49298,1181,goods-n-mediumjwst,49298,1049298,1049298,2024-05-19,189.31139289599307,62.181912109447,GN,3.65183,4.417642159204114,A,4.417642159204114,3.0,4.41743,-18.602168366289796
goods-s-mediumjwst_49303,1286,goods-s-mediumjwst,49303,49303,49303,2023-12-11,53.0483469,-27.8638781,GS,3.09834,2.8809316812982955,A,2.8809316812982955,7.0,2.886508,nan
goods-s-mediumjwst_49310,1180,goods-s-mediumjwst,49310,122559,122559,2023-01-28,53.1374664,-27.785305,GS,3.19,3.0179649345443407,A,3.0179649345443407,7.0,3.013655,-18.703059936967037
goods-s-mediumjwst_49344,1180,goods-s-mediumjwst,49344,122643,122643,2023-01-28,53.1490707,-27.7851238,GS,1.56708,2.0704688749520335,A,2.0704688749520335,8.0,2.075746,nan
goods-n-mediumhst_49372,1181,goods-n-mediumhst,49372,1103807,1103807,2023-02-07,189.2252564,62.2794747,GN,3.07,3.2407442547255263,A,3.2407442547255263,2.0,3.234055,-18.390124437707684
goods-s-mediumjwst_49406,1286,goods-s-mediumjwst,49406,403723,-1,2023-01-13,53.1913757,-27.7851257,GS,6.37028,-1.0,E,nan,nan,nan,nan
goods-s-mediumjwst_49480,1180,goods-s-mediumjwst,49480,49480,-1,2023-01-28,53.1967545,-27.7848339,GS,2.909,2.8312832204846607,A,2.8312832204846607,3.0,2.831394,nan
goods-s-mediumjwst_49502,1180,goods-s-mediumjwst,49502,206697,206697,2023-01-28,53.1459198,-27.7847557,GS,0.80801,1.56181,D,nan,nan,1.56181,nan
goods-n-mediumjwst_49509,1181,goods-n-mediumjwst,49509,1049509,1049509,2024-05-19,189.21905753941658,62.18259392835841,GN,2.86003,2.206963995886933,A,2.206963995886933,2.0,2.197224,nan
goods-n-mediumjwst_49543,1181,goods-n-mediumjwst,49543,1049543,1049543,2024-05-19,189.2364322012008,62.18258206490345,GN,5.04893,5.213664715267127,A,5.213664715267127,1.0,5.212098,-17.399322984570162
goods-s-mediumjwst_49549,1286,goods-s-mediumjwst,49549,206737,206737,2023-01-13,53.192173,-27.7846127,GS,1.63188,-1.0,E,nan,nan,nan,nan
goods-n-mediumjwst_49583,1181,goods-n-mediumjwst,49583,1049583,1049583,2024-05-19,189.30535821945233,62.18267367746398,GN,2.93619,-1.0,E,nan,nan,nan,nan
goods-n-mediumjwst_49599,1181,goods-n-mediumjwst,49599,1049599,1049599,2024-05-19,189.21753088814603,62.18275424372939,GN,7.1312,7.131194,B,nan,nan,7.131194,-19.048587290128808
goods-s-mediumjwst_49607,1180,goods-s-mediumjwst,49607,123157,123157,2023-01-28,53.1417007,-27.7846451,GS,3.32706,3.3241020741685032,A,3.3241020741685032,7.0,3.316589,-17.478178643134587
goods-s-mediumjwst_49649,1286,goods-s-mediumjwst,49649,49649,49649,2023-12-11,53.117742,-27.86372,GS,3.71926,4.7760123633734,A,4.7760123633734,2.0,4.784742,-18.49652181195406
goods-n-mediumjwst_49651,1181,goods-n-mediumjwst,49651,1049651,1049651,2024-05-19,189.29044252321947,62.18288233766609,GN,3.72624,3.665397193951482,A,3.665397193951482,2.0,3.663357,-17.475228597614358
goods-s-mediumjwst_49688,1286,goods-s-mediumjwst,49688,123321,123321,2023-01-13,53.1503143,-27.7844601,GS,5.26893,5.258496169223848,A,5.258496169223848,1.0,5.259372,-18.43661598763302
goods-s-mediumjwst_49729,1180,goods-s-mediumjwst,49729,206907,206907,2023-01-28,53.1785028,-27.7841066,GS,3.18816,3.1863400667450863,A,3.1863400667450863,12.0,3.182744,-21.457286699893658
goods-s-mediumjwst_49733,1286,goods-s-mediumjwst,49733,206916,206916,2023-01-13,53.1298218,-27.7841625,GS,1.74116,1.609400659486794,A,1.609400659486794,12.0,1.618425,nan
goods-s-mediumjwst_49738,1180,goods-s-mediumjwst,49738,206924,206924,2023-01-28,53.1860466,-27.7840691,GS,2.06,2.392840353060847,A,2.392840353060847,13.0,2.393733,nan
goods-n-mediumjwst_49832,1181,goods-n-mediumjwst,49832,1049832,1049832,2024-05-19,189.2202418274359,62.183416233442344,GN,2.36678,2.258904586509808,A,2.258904586509808,6.0,2.255331,nan
goods-s-mediumjwst_49834,1180,goods-s-mediumjwst,49834,206978,206978,2023-01-28,53.201889,-27.7839813,GS,-1.0,4.839590847010266,A,4.839590847010266,2.0,4.835001,-18.703327028422052
goods-n-mediumjwst_49841,1181,goods-n-mediumjwst,49841,1049841,1049841,2024-05-19,189.27838656517386,62.18334381216309,GN,0.75364,0.79909,D,nan,nan,0.79909,nan
goods-s-mediumjwst_49853,1180,goods-s-mediumjwst,49853,123678,123678,2023-01-28,53.1307869,-27.7840672,GS,3.51,3.326964819939443,A,3.326964819939443,3.0,3.330821,-17.04160165142718
goods-s-mediumjwst_49883,1180,goods-s-mediumjwst,49883,123732,123732,2023-01-28,53.1961441,-27.7839699,GS,-1.0,3.641470700396447,A,3.641470700396447,2.0,3.640652,nan
goods-s-mediumjwst_49888,1286,goods-s-mediumjwst,49888,123742,123742,2023-01-13,53.1329842,-27.7839756,GS,3.77411,-1.0,E,nan,nan,nan,nan
goods-n-mediumjwst_49990,1181,goods-n-mediumjwst,49990,1049990,1049990,2024-05-19,189.29042771282903,62.18373090973647,GN,4.42975,4.432529406515383,A,4.432529406515383,2.0,4.42962,-18.63422803417337
goods-n-mediumjwst_50010,1181,goods-n-mediumjwst,50010,1050010,1050010,2024-05-19,189.2881530842954,62.183780446061114,GN,5.98491,6.02931852524791,A,6.02931852524791,3.0,6.034351,-18.766107725459776
goods-s-mediumjwst_50059,1286,goods-s-mediumjwst,50059,124094,124094,2023-01-13,53.195713,-27.7834339,GS,4.32486,-1.0,E,nan,nan,nan,nan
goods-n-mediumjwst_50209,1181,goods-n-mediumjwst,50209,1050209,1050209,2024-05-19,189.2755461631716,62.1843159513566,GN,1.45926,1.52043,D,nan,nan,1.52043,nan
goods-s-mediumjwst_50225,1286,goods-s-mediumjwst,50225,124431,124431,2023-01-13,53.1501617,-27.7829666,GS,3.67872,-1.0,E,nan,nan,nan,nan
goods-s-mediumjwst_50234,1286,goods-s-mediumjwst,50234,50234,50234,2023-12-11,53.1029615,-27.8632354,GS,3.62884,3.7003625216274236,A,3.7003625216274236,9.0,3.699319,-18.787798239506788
goods-s-mediumjwst_50248,1180,goods-s-mediumjwst,50248,124489,124489,2023-01-28,53.195755,-27.7827873,GS,3.32601,3.3229471622174764,A,3.3229471622174764,4.0,3.322224,-19.35181112142033
goods-n-mediumjwst_50290,1181,goods-n-mediumjwst,50290,1050290,1050290,2024-05-19,189.27440711335464,62.184595370361365,GN,6.54293,1.94293,D,nan,nan,1.94293,nan
goods-s-mediumjwst_50413,1180,goods-s-mediumjwst,50413,124820,124820,2023-01-28,53.1298866,-27.7823296,GS,2.13251,2.132790005211347,A,2.132790005211347,11.0,2.136319,nan
goods-n-mediumjwst_50433,1181,goods-n-mediumjwst,50433,1050433,1050433,2024-05-19,189.28680515488517,62.18505299098756,GN,0.55984,-1.0,E,nan,nan,nan,nan
goods-s-mediumjwst_50440,1286,goods-s-mediumjwst,50440,50440,50440,2023-12-11,53.0925276,-27.8631916,GS,3.42636,-1.0,E,nan,nan,nan,nan
goods-s-deepjwst_50457,1287,goods-s-deepjwst,50457,50457,50457,2024-01-10,53.0657381,-27.863143,GS,1.68672,-1.0,E,nan,nan,nan,nan
goods-s-mediumjwst_50575,1286,goods-s-mediumjwst,50575,125133,125133,2023-01-13,53.14851,-27.7819748,GS,3.68884,3.6067605425477143,A,3.6067605425477143,5.0,3.60512,-18.00368946548759
goods-n-mediumjwst_50578,1181,goods-n-mediumjwst,50578,1050578,1050578,2024-05-19,189.22888680031022,62.18544003080009,GN,4.11306,3.8547328230858984,A,3.8547328230858984,3.0,3.854879,-17.139116841583334
goods-n-mediumjwst_50581,1181,goods-n-mediumjwst,50581,1050581,1050581,2024-05-19,189.20158341765682,62.185441043378006,GN,1.70609,7.42542,D,nan,nan,7.41546,-18.993312304767976
goods-s-mediumjwst_50676,1286,goods-s-mediumjwst,50676,-6,-1,2023-01-13,53.1322823,-27.7817135,GS,2.2403,-1.0,E,nan,nan,nan,nan
goods-s-deepjwst_50711,1287,goods-s-deepjwst,50711,50711,50711,2024-01-10,53.0617983,-27.8630324,GS,2.69924,2.81491002758656,A,2.81491002758656,1.0,2.820585,nan
goods-s-mediumjwst_50760,1180,goods-s-mediumjwst,50760,50760,-1,2023-01-28,53.1481438,-27.7815056,GS,5.36,-1.0,E,nan,nan,nan,nan
goods-s-deepjwst_50769,1287,goods-s-deepjwst,50769,50769,50769,2024-01-10,53.1117932,-27.8628314,GS,2.41099,2.014028,B,nan,nan,2.014028,nan
goods-s-mediumjwst_50774,1180,goods-s-mediumjwst,50774,125523,125523,2023-01-28,53.127182,-27.7814846,GS,-1.0,5.247830286421184,A,5.247830286421184,3.0,5.26348,-17.696867360459912
goods-s-mediumjwst_50827,1180,goods-s-mediumjwst,50827,125610,125610,2023-01-28,53.147644,-27.7813263,GS,2.8,-1.0,E,nan,nan,nan,nan
goods-n-mediumjwst_50853,1181,goods-n-mediumjwst,50853,1050853,1050853,2024-05-19,189.27825833547314,62.18623807481201,GN,3.39497,3.4281756980994365,A,3.4281756980994365,4.0,3.431008,-18.206213496892865
goods-s-mediumjwst_50865,1180,goods-s-mediumjwst,50865,125677,125677,2023-01-28,53.175251,-27.7812538,GS,-1.0,-1.0,E,nan,nan,nan,nan
goods-s-mediumjwst_50880,1286,goods-s-mediumjwst,50880,50880,50880,2023-12-11,53.0608694,-27.8629103,GS,2.21323,-1.0,E,nan,nan,nan,nan
goods-n-mediumjwst_50914,1181,goods-n-mediumjwst,50914,1050914,1050914,2024-05-19,189.2355383843711,62.18638999950776,GN,1.45677,1.45677,D,nan,nan,1.45677,nan
goods-s-mediumjwst_50939,1180,goods-s-mediumjwst,50939,125797,125797,2023-01-28,53.1410446,-27.7810268,GS,2.68,-1.0,E,nan,nan,nan,nan
goods-s-deepjwst_50962,1287,goods-s-deepjwst,50962,50962,50962,2024-01-10,53.1151298,-27.8628494,GS,5.34113,5.987314,B,nan,nan,5.987314,-18.475858349222626
goods-n-mediumjwst_50989,1181,goods-n-mediumjwst,50989,1050989,1050989,2024-05-19,189.21085176413678,62.186611007336026,GN,5.421,5.419479,B,nan,nan,5.419479,-16.792668892465986
goods-s-mediumjwst_51068,1286,goods-s-mediumjwst,51068,126036,126036,2023-01-13,53.1490173,-27.7807045,GS,6.01591,5.954036948639622,A,5.954036948639622,2.0,5.953242,-16.980046799880014
goods-s-mediumjwst_51102,1180,goods-s-mediumjwst,51102,126096,126096,2023-01-28,53.1994705,-27.7805176,GS,4.32,4.229121232363157,A,4.229121232363157,5.0,4.227926,-19.087034087937333
goods-s-mediumjwst_51130,1180,goods-s-mediumjwst,51130,207945,207945,2023-01-28,53.1408348,-27.7804966,GS,3.04204,3.0390594159105593,A,3.0390594159105593,2.0,3.033058,-16.86734158024662
goods-s-mediumjwst_51204,1286,goods-s-mediumjwst,51204,126242,-1,2023-01-13,53.133297,-27.7803726,GS,3.56564,3.4726314896484736,A,3.4726314896484736,5.0,3.477517,-16.76214868094338
goods-s-mediumjwst_51209,1286,goods-s-mediumjwst,51209,207975,207975,2023-01-13,53.1528854,-27.7801762,GS,2.00567,1.8625433257424813,A,1.8625433257424813,4.0,1.86279,nan
goods-s-mediumjwst_51236,1180,goods-s-mediumjwst,51236,208000,208000,2023-01-28,53.1461716,-27.7799587,GS,2.49733,2.5819484767928254,A,2.5819484767928254,11.0,2.580053,nan
goods-s-mediumjwst_51256,1286,goods-s-mediumjwst,51256,126348,126348,2023-01-13,53.1297455,-27.7801723,GS,2.07134,2.0263274643748153,A,2.0263274643748153,5.0,nan,nan
goods-s-mediumjwst_51300,1286,goods-s-mediumjwst,51300,208067,208067,2023-01-13,53.142868,-27.7799873,GS,2.81985,2.5441449288716327,A,2.5441449288716327,7.0,2.553212,nan
goods-s-mediumjwst_51318,1180,goods-s-mediumjwst,51318,208077,208077,2023-01-28,53.1332626,-27.7798729,GS,3.51,3.4688265540125944,A,3.4688265540125944,4.0,3.474559,-19.614399784522536
goods-n-mediumjwst_51328,1181,goods-n-mediumjwst,51328,1051328,1051328,2024-05-19,189.2677869552851,62.18756998250405,GN,2.65356,2.24813,D,nan,nan,2.24813,nan
goods-s-mediumjwst_51489,1286,goods-s-mediumjwst,51489,208229,208229,2023-01-13,53.1795158,-27.7795334,GS,2.48187,2.457065925418436,A,2.457065925418436,8.0,2.456,nan
goods-n-mediumjwst_51518,1181,goods-n-mediumjwst,51518,1051518,1051518,2024-05-19,189.24281719322087,62.188167614351755,GN,3.63355,3.7302663701846237,A,3.7302663701846237,2.0,3.730557,-18.447767979738078
goods-n-mediumjwst_51528,1181,goods-n-mediumjwst,51528,1051528,1051528,2023-05-05,189.30189812325412,62.18809874314692,GN,6.52154,-1.0,E,nan,nan,nan,nan
goods-s-mediumjwst_51698,1180,goods-s-mediumjwst,51698,-6,-1,2023-01-28,53.1335793,-27.7790756,GS,-1.0,-1.0,E,nan,nan,nan,nan
goods-n-mediumjwst_51743,1181,goods-n-mediumjwst,51743,1051743,1051743,2024-05-19,189.3133065715288,62.188850195553556,GN,4.87983,4.859434865103184,A,4.859434865103184,4.0,4.859449,-19.070551766742746
goods-s-mediumjwst_51778,1180,goods-s-mediumjwst,51778,127233,127233,2023-01-28,53.1383629,-27.77878,GS,5.93841,5.934535174713851,A,5.934535174713851,4.0,5.934566,-18.676275833976582
goods-s-mediumjwst_51812,1180,goods-s-mediumjwst,51812,208576,208576,2023-01-28,53.1284904,-27.7784595,GS,2.08,1.9029856957930673,A,1.9029856957930673,16.0,1.90955,nan
goods-n-mediumjwst_51817,1181,goods-n-mediumjwst,51817,1051817,1051817,2023-05-05,189.30433219644655,62.18894883565289,GN,3.66436,3.66436,D,nan,nan,3.66436,-17.51288096972147
goods-s-mediumjwst_51834,1180,goods-s-mediumjwst,51834,208613,208613,2023-01-28,53.1483498,-27.7784767,GS,4.0,3.330016584922765,A,3.330016584922765,3.0,3.32178,-18.13604101918085
goods-n-mediumjwst_51871,1181,goods-n-mediumjwst,51871,1051871,1051871,2023-05-05,189.29380325235178,62.18905628989251,GN,1.44924,-1.0,E,nan,nan,nan,nan
goods-s-mediumjwst_51871,1286,goods-s-mediumjwst,51871,394066,-1,2023-01-13,53.1338501,-27.7785816,GS,6.07197,5.778966349846589,A,5.778966349846589,3.0,nan,nan
goods-n-mediumjwst_51883,1181,goods-n-mediumjwst,51883,1051883,1051883,2024-05-19,189.23296861874906,62.189103903525215,GN,8.26362,8.63253001037146,A,8.63253001037146,1.0,8.632513,-19.642648934796448
goods-s-mediumjwst_51925,1286,goods-s-mediumjwst,51925,127467,127467,2023-01-13,53.1521797,-27.7784023,GS,6.01104,5.92686425160492,A,5.92686425160492,2.0,nan,nan
goods-s-mediumjwst_51941,1180,goods-s-mediumjwst,51941,127497,127497,2023-01-28,53.1354408,-27.7783871,GS,2.98,-1.0,E,nan,nan,nan,nan
goods-s-mediumjwst_52069,1180,goods-s-mediumjwst,52069,127696,127696,2023-01-28,53.1820374,-27.7780476,GS,7.6,7.241,D,nan,nan,7.248719,-17.9980680091343
goods-s-mediumjwst_52078,1180,goods-s-mediumjwst,52078,127717,127717,2023-01-28,53.2021332,-27.7779922,GS,-1.0,-1.0,E,nan,nan,nan,nan
goods-s-mediumjwst_52091,1180,goods-s-mediumjwst,52091,208784,208784,2023-01-28,53.1999588,-27.7776814,GS,2.8297,2.8312238318129217,A,2.8312238318129217,3.0,2.833778,nan
goods-s-mediumjwst_52199,1180,goods-s-mediumjwst,52199,208878,208878,2023-01-28,53.1885223,-27.7776203,GS,4.47167,2.690805262072212,A,2.690805262072212,3.0,2.68911,nan
goods-n-mediumjwst_52277,1181,goods-n-mediumjwst,52277,1052277,1052277,2024-05-19,189.3079901185577,62.19023123101263,GN,2.76216,2.9329827138087143,A,2.9329827138087143,2.0,2.931535,nan
goods-s-mediumjwst_52358,1180,goods-s-mediumjwst,52358,128265,128265,2023-01-28,53.2037964,-27.7772083,GS,-1.0,-1.0,E,nan,nan,nan,nan
goods-n-mediumjwst_52456,1181,goods-n-mediumjwst,52456,1052456,1052456,2024-05-19,189.2429800792502,62.19074277115021,GN,6.58396,4.619727416257904,A,4.619727416257904,2.0,4.624234,-18.037154864836403
goods-s-mediumjwst_52486,1180,goods-s-mediumjwst,52486,128502,128502,2023-01-28,53.1954575,-27.7768326,GS,-1.0,6.125799405985085,A,6.125799405985085,1.0,6.12625,-17.797377237888952
goods-s-mediumjwst_52500,1286,goods-s-mediumjwst,52500,52500,52500,2023-12-11,53.041676,-27.861877,GS,3.65567,3.6482756820053908,A,3.6482756820053908,4.0,3.64933,-18.882997151879252
goods-s-mediumjwst_52515,1286,goods-s-mediumjwst,52515,249769,249769,2023-12-11,53.1211416,-27.8619379,GS,5.49968,3.588774,C,nan,nan,3.588774,-16.427754516962786
goods-s-deepjwst_52538,1287,goods-s-deepjwst,52538,52538,52538,2024-01-10,53.1208708,-27.8617989,GS,2.85752,2.806294636748643,A,2.806294636748643,11.0,2.812369,nan
goods-s-mediumjwst_52571,1286,goods-s-mediumjwst,52571,209137,209137,2023-01-13,53.1538429,-27.7764111,GS,1.68336,1.55464,D,nan,nan,1.55464,nan
goods-s-mediumjwst_52618,1286,goods-s-mediumjwst,52618,128747,128747,2023-01-13,53.1361465,-27.7764225,GS,2.28703,2.083120420021495,A,2.083120420021495,6.0,2.095334,nan
goods-s-mediumjwst_52699,1286,goods-s-mediumjwst,52699,52699,52699,2023-12-11,53.0563975,-27.8616835,GS,2.13907,2.3074865612607196,A,2.3074865612607196,3.0,2.304424,nan
goods-s-mediumjwst_52721,1180,goods-s-mediumjwst,52721,209200,209200,2023-01-28,53.2029839,-27.7761307,GS,6.21,5.887523941644762,A,5.887523941644762,4.0,5.892827,-19.31098737914366
goods-s-mediumjwst_52750,1286,goods-s-mediumjwst,52750,129003,129003,2023-01-13,53.129303,-27.7761898,GS,1.65714,-1.0,E,nan,nan,nan,nan
goods-s-mediumjwst_52754,1286,goods-s-mediumjwst,52754,52754,52754,2023-12-11,53.0839735,-27.8617171,GS,3.61689,3.476826,B,nan,nan,3.476826,-18.55863068154552
goods-n-mediumjwst_52797,1181,goods-n-mediumjwst,52797,1052797,1052797,2023-05-05,189.28969767152716,62.191635446348926,GN,4.43223,1.61827,D,nan,nan,1.61827,nan
goods-s-mediumjwst_52803,1180,goods-s-mediumjwst,52803,129100,129100,2023-01-28,53.1323357,-27.7760448,GS,-1.0,3.4678825774448616,A,3.4678825774448616,3.0,3.460355,-18.41632939501858
goods-n-mediumjwst_52923,1181,goods-n-mediumjwst,52923,1052923,1052923,2023-05-05,189.28601350216346,62.19204378139595,GN,4.37932,4.020108338056371,A,4.020108338056371,3.0,4.017966,-17.865022746231688
goods-s-mediumjwst_53001,1180,goods-s-mediumjwst,53001,209440,209440,2023-01-28,53.2049713,-27.7754745,GS,-1.0,-1.0,E,nan,nan,nan,nan
goods-n-mediumjwst_53168,1181,goods-n-mediumjwst,53168,1053168,1053168,2024-05-19,189.22595094472592,62.19277542877001,GN,2.54059,2.34102,D,nan,nan,2.34102,nan
goods-s-mediumjwst_53219,1286,goods-s-mediumjwst,53219,399846,-1,2023-01-13,53.1542625,-27.7749977,GS,4.64822,4.766120511353582,A,4.766120511353582,1.0,4.768548,-16.44892208521741
goods-s-mediumjwst_53237,1286,goods-s-mediumjwst,53237,53237,53237,2023-12-11,53.0418774,-27.8613419,GS,3.16664,2.9712749723163183,A,2.9712749723163183,16.0,2.970934,nan
goods-s-mediumjwst_53312,1286,goods-s-mediumjwst,53312,53312,53312,2023-12-11,53.0661394,-27.861413,GS,3.28571,-1.0,E,nan,nan,nan,nan
goods-s-mediumjwst_53419,1180,goods-s-mediumjwst,53419,53419,-1,2023-01-28,53.1854897,-27.7744236,GS,-1.0,5.3933,C,nan,nan,5.3933,-16.64153031242838
goods-n-mediumjwst_53501,1181,goods-n-mediumjwst,53501,1053501,1053501,2024-05-19,189.29505639625035,62.193572244151454,GN,2.78285,3.4297324924712616,A,3.4297324924712616,9.0,3.427647,-18.65136781537187
goods-s-mediumjwst_53611,1286,goods-s-mediumjwst,53611,-6,-1,2023-01-13,53.1294365,-27.7739029,GS,3.70703,-1.0,E,nan,nan,nan,nan
goods-n-mediumjwst_53640,1181,goods-n-mediumjwst,53640,1053640,1053640,2024-05-19,189.20829407837192,62.193984834210795,GN,0.88708,-1.0,E,nan,nan,nan,nan
goods-s-mediumjwst_53648,1180,goods-s-mediumjwst,53648,210003,210003,2023-01-28,53.1318092,-27.773798,GS,6.0,5.779428184845941,A,5.779428184845941,3.0,5.782452,-18.65683860113855
goods-n-mediumjwst_53708,1181,goods-n-mediumjwst,53708,1053708,1053708,2023-05-05,189.27280689144771,62.19407488627969,GN,0.35235,-1.0,E,nan,nan,nan,nan
goods-n-mediumjwst_53748,1181,goods-n-mediumjwst,53748,1053748,1053748,2024-05-19,189.27767673204215,62.19416158898166,GN,3.14349,3.142521,C,nan,nan,3.142521,-18.66270746524528
goods-n-mediumjwst_53757,1181,goods-n-mediumjwst,53757,1053757,1053757,2023-05-05,189.2697780530334,62.194208144088975,GN,4.84851,4.446762163948195,A,4.446762163948195,4.0,4.444251,-18.846600268527535
goods-s-mediumjwst_53770,1180,goods-s-mediumjwst,53770,210082,210082,2023-01-28,53.1464767,-27.7734108,GS,4.14161,4.1364886328118455,A,4.1364886328118455,2.0,4.140316,-18.968652803480083
goods-s-mediumjwst_53841,1180,goods-s-mediumjwst,53841,281755,281755,2023-01-28,53.1544394,-27.7733223,GS,5.475,5.922,C,nan,nan,5.922,-17.39743775564629
goods-n-mediumjwst_53869,1181,goods-n-mediumjwst,53869,1053869,1053869,2024-05-19,189.21387937021393,62.19453166115085,GN,0.97435,-1.0,E,nan,nan,nan,nan
goods-n-mediumjwst_53908,1181,goods-n-mediumjwst,53908,1053908,1053908,2024-05-19,189.29757947798402,62.19452836578226,GN,2.60226,2.275079888163292,A,2.275079888163292,2.0,2.274077,nan
goods-s-mediumjwst_53915,1180,goods-s-mediumjwst,53915,210233,210233,2023-01-28,53.1487389,-27.7730255,GS,3.33214,3.3256904986868667,A,3.3256904986868667,7.0,3.326477,-19.465177020092625
goods-n-mediumjwst_53927,1181,goods-n-mediumjwst,53927,1053927,1053927,2023-05-05,189.27735286725903,62.19460865705834,GN,5.99175,5.871277969255385,A,5.871277969255385,6.0,5.86922,-19.13706908310681
goods-s-mediumjwst_53948,1180,goods-s-mediumjwst,53948,131430,131430,2023-01-28,53.1853256,-27.7730236,GS,2.781,3.2449,C,nan,nan,3.2449,nan
goods-s-mediumjwst_53961,1286,goods-s-mediumjwst,53961,210233,210233,2023-01-13,53.1485481,-27.7730255,GS,3.07626,-1.0,E,nan,nan,nan,nan
goods-s-mediumjwst_53979,1180,goods-s-mediumjwst,53979,210277,210277,2023-01-28,53.2011223,-27.7729034,GS,4.22,4.028959871417296,A,4.028959871417296,5.0,4.027885,-19.276860524733202
goods-n-mediumjwst_54000,1181,goods-n-mediumjwst,54000,1054000,1054000,2024-05-19,189.2972856587397,62.19479319083048,GN,2.42626,2.274237450026974,A,2.274237450026974,2.0,2.282322,nan
goods-s-mediumjwst_54041,1286,goods-s-mediumjwst,54041,131666,131666,2023-01-13,53.1370926,-27.7727737,GS,3.62933,-1.0,E,nan,nan,nan,nan
goods-s-mediumjwst_54058,1180,goods-s-mediumjwst,54058,131701,131701,2023-01-28,53.1570549,-27.7727184,GS,5.97748,5.971267924216061,A,5.971267924216061,1.0,5.968824,-17.288955939514935
goods-s-mediumjwst_54097,1180,goods-s-mediumjwst,54097,210384,210384,2023-01-28,53.1916962,-27.7724552,GS,3.77,3.6684666449489423,A,3.6684666449489423,7.0,3.670053,-17.594051166481186
goods-s-mediumjwst_54144,1286,goods-s-mediumjwst,54144,54144,54144,2023-12-11,53.123328,-27.8609282,GS,3.55072,3.587335585907854,A,3.587335585907854,2.0,3.580446,-18.476369638189993
goods-n-mediumjwst_54165,1181,goods-n-mediumjwst,54165,1054165,1054165,2023-05-05,189.27183981495497,62.19517848504753,GN,8.94888,8.654284759597168,A,8.654284759597168,1.0,8.655932,-19.78474693935769
goods-n-mediumjwst_54170,1181,goods-n-mediumjwst,54170,1054170,1054170,2023-05-05,189.26309537170243,62.195203049406686,GN,0.82986,-1.0,E,nan,nan,nan,nan
goods-s-mediumjwst_54205,1180,goods-s-mediumjwst,54205,210465,210465,2023-01-28,53.1962166,-27.7722988,GS,-1.0,2.796025,C,nan,nan,2.796025,nan
goods-s-mediumjwst_54239,1286,goods-s-mediumjwst,54239,407193,-1,2023-01-13,53.1305885,-27.7722549,GS,3.27464,-1.0,E,nan,nan,nan,nan
goods-s-mediumjwst_54249,1180,goods-s-mediumjwst,54249,54249,-1,2023-01-28,53.1345558,-27.7722435,GS,-1.0,-1.0,E,nan,nan,nan,nan
goods-n-mediumjwst_54257,1181,goods-n-mediumjwst,54257,1054257,1054257,2024-05-19,189.30181470742025,62.195447183055286,GN,3.98362,-1.0,E,nan,nan,nan,nan
goods-s-mediumjwst_54273,1180,goods-s-mediumjwst,54273,132229,132229,2023-01-28,53.2039948,-27.7720985,GS,-1.0,7.247,D,nan,nan,7.258816,nan
goods-s-mediumjwst_54274,1180,goods-s-mediumjwst,54274,210553,210553,2023-01-28,53.1451187,-27.772089,GS,2.591,2.5569709924511455,A,2.5569709924511455,4.0,2.558052,nan
goods-n-mediumjwst_54294,1181,goods-n-mediumjwst,54294,1054294,1054294,2024-05-19,189.23716218782076,62.19555086315354,GN,2.28875,2.3313490999831896,A,2.3313490999831896,4.0,2.333409,nan
goods-n-mediumjwst_54345,1181,goods-n-mediumjwst,54345,1054345,1054345,2023-05-05,189.27600756070174,62.19578154398156,GN,6.05598,5.87755,D,nan,nan,5.869013,-18.53683189979955
goods-s-mediumjwst_54361,1180,goods-s-mediumjwst,54361,210663,210663,2023-01-28,53.1864433,-27.7719421,GS,-1.0,-1.0,E,nan,nan,nan,nan
goods-n-mediumjwst_54373,1181,goods-n-mediumjwst,54373,1054373,1054373,2023-05-05,189.2357632425452,62.195765749849336,GN,0.32419,-1.0,E,nan,nan,nan,nan
goods-s-mediumjwst_54381,1180,goods-s-mediumjwst,54381,132506,132506,2023-01-28,53.2021523,-27.7719078,GS,-1.0,5.813,D,nan,nan,5.813,-14.263807215799616
goods-s-mediumjwst_54383,1180,goods-s-mediumjwst,54383,132508,132508,2023-01-28,53.131134,-27.7719135,GS,-1.0,-1.0,E,nan,nan,nan,nan
goods-s-mediumjwst_54393,1286,goods-s-mediumjwst,54393,54393,54393,2023-12-11,53.0543819,-27.860744,GS,2.3449,2.834232042500669,A,2.834232042500669,5.0,2.829656,nan
goods-n-mediumjwst_54396,1181,goods-n-mediumjwst,54396,1054396,-1,2023-05-05,189.29678182787174,62.195778653038275,GN,6.39686,-1.0,E,nan,nan,nan,nan
goods-s-mediumjwst_54418,1180,goods-s-mediumjwst,54418,132595,132595,2023-01-28,53.1487923,-27.7717781,GS,2.94636,2.942285051181991,A,2.942285051181991,5.0,2.94411,nan
goods-n-mediumjwst_54422,1181,goods-n-mediumjwst,54422,1054422,1054422,2023-05-05,189.27966099599124,62.19588781926669,GN,2.78717,1.7454840728355596,A,1.7454840728355596,1.0,1.7444,nan
goods-n-mediumjwst_54456,1181,goods-n-mediumjwst,54456,1054456,1054456,2024-05-19,189.2310901788376,62.19601268950005,GN,2.60939,2.333151234136007,A,2.333151234136007,3.0,2.330489,nan
goods-s-mediumjwst_54461,1180,goods-s-mediumjwst,54461,210751,210751,2023-01-28,53.1880684,-27.7715931,GS,3.4219,3.421788081016524,A,3.421788081016524,3.0,3.425301,-19.41879476888236
goods-s-mediumjwst_54468,1180,goods-s-mediumjwst,54468,132698,132698,2023-01-28,53.1579361,-27.7717018,GS,0.56,-1.0,E,nan,nan,nan,nan
goods-s-mediumjwst_54503,1180,goods-s-mediumjwst,54503,132785,132785,2023-01-28,53.1613083,-27.771637,GS,-1.0,-1.0,E,nan,nan,nan,nan
goods-s-mediumjwst_54558,1180,goods-s-mediumjwst,54558,132909,132909,2023-01-28,53.1557961,-27.7715187,GS,2.786,-1.0,E,nan,nan,nan,nan
goods-s-mediumjwst_54599,1180,goods-s-mediumjwst,54599,-7,-1,2023-01-28,53.2065277,-27.7713757,GS,-1.0,-1.0,E,nan,nan,nan,nan
goods-s-deepjwst_54611,1287,goods-s-deepjwst,54611,54611,54611,2024-01-10,53.1236213,-27.860518,GS,2.58013,2.522871169457807,A,2.522871169457807,13.0,2.52706,nan
goods-s-mediumjwst_54612,1286,goods-s-mediumjwst,54612,210885,210885,2023-01-13,53.14468,-27.771185,GS,3.31538,3.082589728302418,A,3.082589728302418,15.0,3.081454,-20.505703887375905
goods-s-mediumjwst_54659,1180,goods-s-mediumjwst,54659,210938,210938,2023-01-28,53.1560745,-27.7710266,GS,1.84793,1.8469124516942834,A,1.8469124516942834,3.0,1.886257,nan
goods-n-mediumjwst_54681,1181,goods-n-mediumjwst,54681,1054681,1054681,2024-05-19,189.29156428322344,62.196574902376184,GN,2.3113,-1.0,E,nan,nan,nan,nan
goods-s-mediumjwst_54687,1180,goods-s-mediumjwst,54687,133227,133227,2023-01-28,53.1401138,-27.7711678,GS,-1.0,2.8584,C,nan,nan,2.8584,nan
goods-s-mediumjwst_54732,1180,goods-s-mediumjwst,54732,415652,-1,2023-01-28,53.1351318,-27.7710915,GS,-1.0,-1.0,E,nan,nan,nan,nan
goods-n-mediumjwst_54794,1181,goods-n-mediumjwst,54794,1054794,1054794,2023-05-05,189.22876607351708,62.196912560975434,GN,0.22628,-1.0,E,nan,nan,nan,nan
goods-n-mediumjwst_54802,1181,goods-n-mediumjwst,54802,1188108,-1,2024-05-19,189.28847538144055,62.19690038583998,GN,0.71376,-1.0,E,nan,nan,nan,nan
goods-n-mediumjwst_54834,1181,goods-n-mediumjwst,54834,1054834,1054834,2023-05-05,189.22123775405686,62.19704678634447,GN,6.01486,5.77722428850978,A,5.77722428850978,3.0,5.774714,-18.62447938407462
goods-s-mediumjwst_54860,1180,goods-s-mediumjwst,54860,211078,211078,2023-01-28,53.2073517,-27.7707596,GS,-1.0,2.12974,D,nan,nan,2.12974,nan
goods-n-mediumjwst_54885,1181,goods-n-mediumjwst,54885,1054885,1054885,2023-05-05,189.23178303507672,62.197303790111135,GN,4.58897,4.446331,C,nan,nan,4.446331,-19.577254712324542
goods-n-mediumjwst_54892,1181,goods-n-mediumjwst,54892,1054892,1054892,2024-05-19,189.30683978554688,62.19721872632457,GN,6.0154,1.24779,D,nan,nan,1.24779,nan
goods-n-mediumjwst_54942,1181,goods-n-mediumjwst,54942,1054942,1054942,2023-05-05,189.29269422372712,62.19734571746461,GN,1.80609,1.777730059038812,A,1.777730059038812,2.0,1.77919,nan
goods-n-mediumjwst_54969,1181,goods-n-mediumjwst,54969,1054969,1054969,2023-05-05,189.31119345853404,62.19741418338665,GN,2.60178,2.5935426564840185,A,2.5935426564840185,3.0,2.595761,nan
goods-s-mediumjwst_54970,1286,goods-s-mediumjwst,54970,54970,54970,2023-12-11,53.1150325,-27.8604103,GS,3.62104,3.701461058346416,A,3.701461058346416,3.0,3.703822,-19.226850510178817
goods-s-deepjwst_55115,1287,goods-s-deepjwst,55115,55115,55115,2024-01-10,53.0638015,-27.8604404,GS,2.61803,-1.0,E,nan,nan,nan,nan
goods-n-mediumjwst_55145,1181,goods-n-mediumjwst,55145,1055145,1055145,2023-05-05,189.2713157706809,62.197879270842904,GN,4.6581,-1.0,E,nan,nan,nan,nan
goods-n-mediumjwst_55149,1181,goods-n-mediumjwst,55149,1055149,1055149,2024-05-19,189.31003452854765,62.19794090408472,GN,3.76585,-1.0,E,nan,nan,nan,nan
goods-s-mediumjwst_55170,1180,goods-s-mediumjwst,55170,134455,134455,2023-01-28,53.1892891,-27.7701244,GS,-1.0,3.7095323681601826,A,3.7095323681601826,2.0,3.706061,nan
goods-n-mediumjwst_55186,1181,goods-n-mediumjwst,55186,1055186,1055186,2023-05-05,189.26266845978472,62.197962130377995,GN,2.67121,-1.0,E,nan,nan,nan,nan
goods-n-mediumjwst_55222,1181,goods-n-mediumjwst,55222,1055222,1055222,2023-05-05,189.2371841577529,62.1980786342571,GN,1.01951,-1.0,E,nan,nan,nan,nan
goods-n-mediumjwst_55233,1181,goods-n-mediumjwst,55233,1055233,1055233,2024-05-19,189.2884611549907,62.19815943397151,GN,2.6497,2.980278769352656,A,2.980278769352656,2.0,2.971938,nan
goods-n-mediumjwst_55290,1181,goods-n-mediumjwst,55290,1055290,1055290,2024-05-19,189.21434729968624,62.198273303905985,GN,2.05662,2.064449310501413,A,2.064449310501413,5.0,2.0661,nan
goods-n-mediumjwst_55307,1181,goods-n-mediumjwst,55307,1055307,1055307,2024-05-19,189.30123763911357,62.198221277174156,GN,5.46608,-1.0,E,nan,nan,nan,nan
goods-n-mediumhst_55353,1181,goods-n-mediumhst,55353,-6,-1,2023-02-07,189.1618939,62.24745652,GN,-99.0,-1.0,E,nan,nan,nan,nan
goods-n-mediumjwst_55450,1181,goods-n-mediumjwst,55450,1055450,1055450,2023-05-05,189.20844417836864,62.19864069819659,GN,2.67636,2.95946,D,nan,nan,2.954081,nan
goods-n-mediumjwst_55483,1181,goods-n-mediumjwst,55483,1055483,1055483,2024-05-19,189.2914468338465,62.198736215391236,GN,0.83343,-1.0,E,nan,nan,nan,nan
goods-n-mediumjwst_55648,1181,goods-n-mediumjwst,55648,1055648,1055648,2024-05-19,189.24168614339584,62.19922620361526,GN,1.26373,1.352156566056629,A,1.352156566056629,1.0,1.346562,nan
goods-n-mediumjwst_55720,1181,goods-n-mediumjwst,55720,1055720,1055720,2024-05-19,189.21015757300103,62.1993962507471,GN,1.39126,1.3414926171896258,A,1.3414926171896258,5.0,1.34757,nan
goods-n-mediumjwst_55727,1181,goods-n-mediumjwst,55727,1055727,1055727,2024-05-19,189.293744247697,62.19942516357453,GN,3.68251,3.6893836946636442,A,3.6893836946636442,2.0,3.696551,-17.95975228946585
goods-s-deepjwst_55750,1287,goods-s-deepjwst,55750,55750,55750,2024-01-10,53.1267697,-27.8601465,GS,3.45735,-1.0,E,nan,nan,nan,nan
goods-n-mediumjwst_55757,1181,goods-n-mediumjwst,55757,1055757,1055757,2023-05-05,189.2176869487307,62.199491958871064,GN,10.33852,9.742106687253385,A,9.742106687253385,3.0,9.745889,-19.798703982849613
goods-n-mediumjwst_55766,1181,goods-n-mediumjwst,55766,1055766,1055766,2023-05-05,189.23291808582934,62.199555212006686,GN,2.45651,2.008334,B,nan,nan,2.008334,nan
goods-n-mediumjwst_55804,1181,goods-n-mediumjwst,55804,1055804,1055804,2024-05-19,189.19786959317335,62.19960419104729,GN,3.30792,3.774102,C,nan,nan,3.774102,-16.57612177861219
goods-n-mediumjwst_55814,1181,goods-n-mediumjwst,55814,1055814,1055814,2024-05-19,189.19680135863442,62.19969740499043,GN,0.46128,-1.0,E,nan,nan,nan,nan
goods-s-mediumjwst_55822,1180,goods-s-mediumjwst,55822,136208,136208,2023-01-28,53.161396,-27.7685585,GS,6.0,-1.0,E,nan,nan,nan,nan
goods-s-mediumjwst_55866,1180,goods-s-mediumjwst,55866,281841,281841,2023-01-28,53.1893806,-27.7684193,GS,-1.0,-1.0,E,nan,nan,nan,nan
goods-n-mediumjwst_55934,1181,goods-n-mediumjwst,55934,1055934,1055934,2024-05-19,189.2420751818724,62.200024523679254,GN,2.60882,2.34276,C,nan,nan,2.34276,nan
goods-n-mediumjwst_55943,1181,goods-n-mediumjwst,55943,1055943,1055943,2024-05-19,189.23034797257458,62.20003327213424,GN,3.6782,-1.0,E,nan,nan,nan,nan
goods-n-mediumjwst_55967,1181,goods-n-mediumjwst,55967,1055967,1055967,2023-05-05,189.2212694316401,62.200199814786345,GN,2.13714,2.0861247296289402,A,2.0861247296289402,15.0,2.083538,nan
goods-n-mediumjwst_55971,1181,goods-n-mediumjwst,55971,1055971,1055971,2023-05-05,189.27290422551147,62.20006869456918,GN,4.64668,-1.0,E,nan,nan,nan,nan
goods-s-mediumjwst_55977,1180,goods-s-mediumjwst,55977,136609,136609,2023-01-28,53.1521683,-27.7681713,GS,5.49,5.930212026893922,A,5.930212026893922,2.0,5.922384,-16.292206647765873
goods-n-mediumjwst_55988,1181,goods-n-mediumjwst,55988,1055988,1055988,2024-05-19,189.23848216519252,62.200219640839855,GN,5.18,5.178126743411791,A,5.178126743411791,5.0,5.180218,-18.76385884779165
goods-s-mediumjwst_56007,1180,goods-s-mediumjwst,56007,212117,212117,2023-01-28,53.1577072,-27.7679577,GS,2.57,2.308346582891991,A,2.308346582891991,9.0,2.322392,nan
goods-n-mediumjwst_56098,1181,goods-n-mediumjwst,56098,1056098,1056098,2024-05-19,189.22779494101363,62.20047345816965,GN,0.57907,-1.0,E,nan,nan,nan,nan
goods-n-mediumjwst_56120,1181,goods-n-mediumjwst,56120,1056120,1056120,2023-05-05,189.31186292554386,62.20056575939251,GN,5.10682,5.228646236484931,A,5.228646236484931,2.0,5.231263,-18.170119392792664
goods-s-mediumjwst_56127,1286,goods-s-mediumjwst,56127,56127,56127,2023-12-11,53.0992548,-27.8599042,GS,-1.0,-1.0,E,nan,nan,nan,nan
goods-n-mediumjwst_56236,1181,goods-n-mediumjwst,56236,1056236,1056236,2023-05-05,189.2034444836324,62.20091166413038,GN,1.47226,1.778179073995394,A,1.778179073995394,1.0,1.77794,nan
goods-n-mediumjwst_56410,1181,goods-n-mediumjwst,56410,1056410,1056410,2023-05-05,189.22781717868324,62.20133689143126,GN,4.07414,-1.0,E,nan,nan,nan,nan
goods-s-mediumjwst_56452,1180,goods-s-mediumjwst,56452,137914,137914,2023-01-28,53.1646767,-27.7666893,GS,1.84,1.8486452570143994,A,1.8486452570143994,3.0,1.84968,nan
goods-n-mediumjwst_56455,1181,goods-n-mediumjwst,56455,1056455,1056455,2023-05-05,189.19941468535745,62.201502662050274,GN,0.76052,-1.0,E,nan,nan,nan,nan
goods-s-mediumjwst_56675,1180,goods-s-mediumjwst,56675,-6,-1,2023-01-28,53.1386299,-27.7662678,GS,-1.0,-1.0,E,nan,nan,nan,nan
goods-n-mediumjwst_56766,1181,goods-n-mediumjwst,56766,1056766,1056766,2023-05-05,189.18572640222922,62.20231403258516,GN,4.26417,-1.0,E,nan,nan,nan,nan
goods-n-mediumjwst_56785,1181,goods-n-mediumjwst,56785,1056785,1118035,2023-05-05,189.3147108660292,62.202385647863586,GN,3.25677,3.436077769250497,A,3.436077769250497,6.0,3.426458,-18.890984566850058
goods-s-deepjwst_56812,1287,goods-s-deepjwst,56812,56812,56812,2024-01-10,53.0830216,-27.8595295,GS,2.15525,2.10422,C,nan,nan,2.10422,nan
goods-s-mediumjwst_56812,1180,goods-s-mediumjwst,56812,138765,138765,2023-01-28,53.1358032,-27.7659111,GS,-1.0,5.760471984789451,A,5.760471984789451,3.0,5.760828,-15.027895617465546
goods-s-mediumhst_56853,1180,goods-s-mediumhst,56853,293569,293569,2022-10-05,53.0817615,-27.7876605,GS,6.17,5.224841944362426,A,5.224841944362426,2.0,5.231642,-17.78367705464036
goods-n-mediumjwst_56864,1181,goods-n-mediumjwst,56864,1056864,1056864,2023-05-05,189.22848778408775,62.20255501584756,GN,5.83755,-1.0,E,nan,nan,nan,nan
goods-s-mediumjwst_56886,1180,goods-s-mediumjwst,56886,138933,138933,2023-01-28,53.1355743,-27.7656918,GS,-1.0,5.777023654069671,A,5.777023654069671,2.0,5.761276,-17.687863217522697
goods-s-mediumjwst_56896,1180,goods-s-mediumjwst,56896,212876,212876,2023-01-28,53.16119,-27.7656689,GS,2.51,-1.0,E,nan,nan,nan,nan
goods-n-mediumjwst_56903,1181,goods-n-mediumjwst,56903,1056903,1056903,2023-05-05,189.21001312691106,62.20270082448215,GN,2.92322,3.188802891550842,A,3.188802891550842,3.0,3.178931,-18.5895784130983
goods-s-mediumjwst_56910,1180,goods-s-mediumjwst,56910,138989,138989,2023-01-28,53.1886101,-27.7656364,GS,-1.0,-1.0,E,nan,nan,nan,nan
goods-s-mediumjwst_57067,1180,goods-s-mediumjwst,57067,266375,266375,2023-01-28,53.1402702,-27.7652206,GS,-1.0,-1.0,E,nan,nan,nan,nan
goods-s-mediumhst_57107,1180,goods-s-mediumhst,57107,316012,-1,2022-10-05,53.1273121,-27.752081,GS,4.0,3.921,D,nan,nan,3.921,-16.188027090886315
goods-n-mediumjwst_57110,1181,goods-n-mediumjwst,57110,1057110,1057110,2023-05-05,189.20353319162822,62.203334777876485,GN,6.85054,7.19012,D,nan,nan,7.19012,-17.763028258818345
goods-s-mediumjwst_57131,1180,goods-s-mediumjwst,57131,213094,213094,2023-01-28,53.1927147,-27.7650223,GS,-1.0,-1.0,E,nan,nan,nan,nan
goods-s-mediumjwst_57152,1180,goods-s-mediumjwst,57152,213100,213100,2023-01-28,53.1880836,-27.7647572,GS,2.503,2.6229224220292604,A,2.6229224220292604,3.0,2.623822,nan
goods-s-mediumjwst_57179,1180,goods-s-mediumjwst,57179,139560,139560,2023-01-28,53.1398239,-27.7649174,GS,-1.0,1.63204,D,nan,nan,1.63204,nan
goods-n-mediumjwst_57249,1181,goods-n-mediumjwst,57249,1057249,1057249,2023-05-05,189.23509901505648,62.203762706219244,GN,4.15928,4.212604500280531,A,4.212604500280531,3.0,4.211838,-17.985667885813154
goods-n-mediumjwst_57330,1181,goods-n-mediumjwst,57330,1057330,1057330,2023-05-05,189.2288420400501,62.203998723392345,GN,6.59196,6.544838,B,nan,nan,6.544838,-20.115981174870758
goods-s-mediumhst_57471,1180,goods-s-mediumhst,57471,116930,116930,2022-10-05,53.1143839,-27.7921009,GS,6.0,5.445699635020348,A,5.445699635020348,2.0,5.441112,-18.92417272452962
goods-s-mediumhst_57486,1180,goods-s-mediumhst,57486,446402,265560,2022-10-05,53.0895552,-27.7788901,GS,6.0,-1.0,E,nan,nan,nan,nan
goods-n-mediumjwst_57488,1181,goods-n-mediumjwst,57488,1057488,1057488,2023-05-05,189.19333080338475,62.204399652650935,GN,0.45959,-1.0,E,nan,nan,nan,nan
goods-s-mediumhst_57491,1180,goods-s-mediumhst,57491,265760,265760,2022-10-05,53.1043017,-27.7751425,GS,6.0,5.768641427161539,A,5.768641427161539,1.0,5.77881,-18.771773430928345
goods-s-mediumhst_57492,1180,goods-s-mediumhst,57492,313420,-1,2022-10-05,53.1126429,-27.7726224,GS,6.0,-1.0,E,nan,nan,nan,nan
goods-n-mediumjwst_57498,1181,goods-n-mediumjwst,57498,1057498,1057498,2023-05-05,189.2716166295476,62.2044139993231,GN,0.4121,-1.0,E,nan,nan,nan,nan
goods-n-mediumjwst_57512,1181,goods-n-mediumjwst,57512,1057512,1057512,2023-05-05,189.27307170753838,62.204421624637305,GN,4.8342,4.415465567402347,A,4.415465567402347,1.0,4.416289,-16.525036573236036
goods-n-mediumjwst_57536,1181,goods-n-mediumjwst,57536,1057536,1057536,2023-05-05,189.19556729450824,62.20451053657762,GN,4.9889,-1.0,E,nan,nan,nan,nan
goods-s-mediumjwst_57578,1180,goods-s-mediumjwst,57578,213389,213389,2023-01-28,53.1397362,-27.7632732,GS,1.95205,2.2263093562976355,A,2.2263093562976355,10.0,2.227745,nan
goods-s-mediumhst_57591,1180,goods-s-mediumhst,57591,312191,-1,2022-10-05,53.0871201,-27.7832965,GS,7.0,-1.0,E,nan,nan,nan,nan
goods-s-mediumhst_57603,1180,goods-s-mediumhst,57603,146333,146333,2022-10-05,53.1169827,-27.7554229,GS,7.0,5.441741980400458,A,5.441741980400458,1.0,5.448866,-18.631479898569648
goods-n-mediumjwst_57605,1181,goods-n-mediumjwst,57605,1057605,1057605,2023-05-05,189.2183999958938,62.20469549824179,GN,2.60245,2.5765354917200973,A,2.5765354917200973,4.0,2.574523,nan
goods-s-mediumjwst_57887,1180,goods-s-mediumjwst,57887,140941,140941,2023-01-28,53.1896553,-27.7628574,GS,1.832,2.8635630428110526,A,2.8635630428110526,2.0,2.868165,nan
goods-s-mediumjwst_57895,1180,goods-s-mediumjwst,57895,213599,213599,2023-01-28,53.1450386,-27.7628231,GS,5.82,5.929994770599743,A,5.929994770599743,3.0,5.934624,-19.77983368901066
goods-n-mediumjwst_58011,1181,goods-n-mediumjwst,58011,1058011,1058011,2023-05-05,189.2289152338429,62.20593663272623,GN,1.76207,-1.0,E,nan,nan,nan,nan
goods-s-mediumjwst_58018,1286,goods-s-mediumjwst,58018,58018,58018,2023-12-11,53.051374,-27.8588603,GS,1.85727,1.85623,C,nan,nan,1.85623,nan
goods-s-mediumjwst_58049,1286,goods-s-mediumjwst,58049,58049,58049,2023-12-11,53.0990001,-27.8587854,GS,0.59846,-1.0,E,nan,nan,nan,nan
goods-s-mediumjwst_58055,1286,goods-s-mediumjwst,58055,58055,-1,2023-12-11,53.0788064,-27.8588446,GS,0.88297,-1.0,E,nan,nan,nan,nan
goods-s-mediumhst_58063,1180,goods-s-mediumhst,58063,58063,-1,2022-10-05,53.104342,-27.785608,GS,4.22,-1.0,E,nan,nan,nan,nan
goods-n-mediumjwst_58077,1181,goods-n-mediumjwst,58077,1058077,1058077,2023-05-05,189.20995136577497,62.205935041985185,GN,3.28891,-1.0,E,nan,nan,nan,nan
goods-s-mediumhst_58093,1180,goods-s-mediumhst,58093,231908,231908,2022-10-05,53.092537,-27.762472,GS,3.72,3.544571717215394,A,3.544571717215394,2.0,3.547332,-18.025532202778415
goods-s-mediumjwst_58104,1286,goods-s-mediumjwst,58104,58104,58104,2023-12-11,53.0757456,-27.8588165,GS,3.55779,-1.0,E,nan,nan,nan,nan
goods-s-mediumjwst_58112,1180,goods-s-mediumjwst,58112,213799,213799,2023-01-28,53.1411018,-27.7618999,GS,1.621,1.622073294579633,A,1.622073294579633,13.0,1.626571,nan
goods-n-mediumjwst_58114,1181,goods-n-mediumjwst,58114,1058114,1058114,2023-05-05,189.2878670957591,62.20607290565734,GN,1.5083,-1.0,E,nan,nan,nan,nan
goods-s-mediumjwst_58159,1180,goods-s-mediumjwst,58159,213847,213847,2023-01-28,53.1674194,-27.7620449,GS,5.24,4.774248692272963,A,4.774248692272963,4.0,4.766835,-18.51559170903368
goods-n-mediumjwst_58164,1181,goods-n-mediumjwst,58164,1058164,1058164,2023-05-05,189.20614144248262,62.206250222433745,GN,2.15024,2.242358361506531,A,2.242358361506531,2.0,2.219715,nan
goods-s-mediumhst_58236,1180,goods-s-mediumhst,58236,235904,235904,2022-10-05,53.097098,-27.740327,GS,4.27,-1.0,E,nan,nan,nan,nan
goods-s-mediumhst_58260,1180,goods-s-mediumhst,58260,443314,-1,2022-10-05,53.116528,-27.727576,GS,3.63,3.6951382635264904,A,3.6951382635264904,4.0,3.694313,-19.860573239401596
goods-n-mediumjwst_58327,1181,goods-n-mediumjwst,58327,1058327,1058327,2023-05-05,189.31937483261444,62.20674630552308,GN,2.46788,2.0514523802534868,A,2.0514523802534868,3.0,2.04384,nan
goods-s-mediumjwst_58363,1180,goods-s-mediumjwst,58363,141986,141986,2023-01-28,53.1436195,-27.761467,GS,-1.0,-1.0,E,nan,nan,nan,nan
goods-n-mediumjwst_58441,1181,goods-n-mediumjwst,58441,1058441,1118129,2023-05-05,189.28642116251103,62.20701727996561,GN,5.966,5.966401258331361,A,5.966401258331361,8.0,5.963918,-20.944209062277693
goods-n-mediumjwst_58458,1181,goods-n-mediumjwst,58458,1058458,1058458,2023-05-05,189.19901465874847,62.20702454663444,GN,5.15508,4.955838204364426,A,4.955838204364426,2.0,4.950616,-17.19373569731823
goods-n-mediumjwst_58561,1181,goods-n-mediumjwst,58561,1058561,1058561,2023-05-05,189.221830211203,62.20735742924894,GN,6.6031,6.547082610528778,A,6.547082610528778,4.0,6.545391,-19.025525322290473
goods-s-mediumjwst_58585,1286,goods-s-mediumjwst,58585,58585,58585,2023-12-11,53.0570493,-27.8585211,GS,2.49831,2.49831,D,nan,nan,2.49831,nan
goods-n-mediumjwst_58636,1181,goods-n-mediumjwst,58636,-1,1078123,2023-05-05,189.29443195502753,62.20755027153623,GN,3.33407,-1.0,E,nan,nan,nan,nan
goods-s-mediumhst_58639,1180,goods-s-mediumhst,58639,117469,117469,2022-10-05,53.111589,-27.79127,GS,4.37,4.036211352600658,A,4.036211352600658,3.0,4.038311,-18.412721515258216
goods-n-mediumjwst_58642,1181,goods-n-mediumjwst,58642,1058642,1058642,2023-05-05,189.30150176972822,62.20760770524368,GN,2.58923,2.3100007316221403,A,2.3100007316221403,3.0,2.314581,nan
goods-n-mediumjwst_58643,1181,goods-n-mediumjwst,58643,1058643,1058643,2023-05-05,189.28144224199454,62.20763300813912,GN,2.42581,1.89269,D,nan,nan,1.89269,nan
goods-s-mediumhst_58656,1180,goods-s-mediumhst,58656,143350,143350,2022-10-05,53.112367,-27.7596,GS,4.78351,4.778036857777899,A,4.778036857777899,8.0,4.776479,-18.886339698097956
goods-s-mediumhst_58658,1180,goods-s-mediumhst,58658,146236,146236,2022-10-05,53.109972,-27.755517,GS,4.82,5.382421015956073,A,5.382421015956073,3.0,5.379291,-18.069875483035382
goods-s-mediumhst_58677,1180,goods-s-mediumhst,58677,457211,-1,2022-10-05,53.135451,-27.729819,GS,4.37,4.496443005038275,A,4.496443005038275,2.0,4.493755,-18.95349492693098
goods-n-mediumjwst_58711,1181,goods-n-mediumjwst,58711,1058711,1058711,2023-05-05,189.30646706348674,62.20775528790954,GN,6.2067,5.219717629645045,A,5.219717629645045,2.0,5.223681,-18.528865927429152
goods-s-mediumhst_58711,1180,goods-s-mediumhst,58711,246640,-1,2022-10-05,53.079383,-27.730153,GS,4.27,4.311004247043039,A,4.311004247043039,3.0,4.311273,-17.625876688706786
goods-n-mediumjwst_58736,1181,goods-n-mediumjwst,58736,1058736,1058736,2023-05-05,189.28582194514945,62.20793211502434,GN,0.51227,0.6418844366640557,A,0.6418844366640557,3.0,0.644554,nan
goods-n-mediumjwst_58745,1181,goods-n-mediumjwst,58745,1058745,1058745,2023-05-05,189.30674838104943,62.207967817138694,GN,2.48066,-1.0,E,nan,nan,nan,nan
goods-s-mediumjwst_58815,1180,goods-s-mediumjwst,58815,214234,214234,2023-01-28,53.14645,-27.7600422,GS,3.178,4.925779696487398,A,4.925779696487398,7.0,4.922075,-19.678288224972796
goods-n-mediumjwst_58825,1181,goods-n-mediumjwst,58825,1058825,1058825,2023-05-05,189.31348900652273,62.208182021914936,GN,2.72339,2.588810131870363,A,2.588810131870363,3.0,2.591558,nan
goods-s-mediumhst_58842,1180,goods-s-mediumhst,58842,276855,276855,2022-10-05,53.113494,-27.789696,GS,5.89,-1.0,E,nan,nan,nan,nan
goods-s-mediumhst_58850,1180,goods-s-mediumhst,58850,232178,232178,2022-10-05,53.095171,-27.760609,GS,6.1,6.261474202666864,A,6.261474202666864,5.0,6.262718,-19.684570138017754
goods-s-mediumhst_58930,1180,goods-s-mediumhst,58930,-3,-1,2022-10-05,53.105382,-27.723466,GS,6.84,6.626646025416856,A,6.626646025416856,4.0,6.629358,-20.285590086541145
goods-s-mediumjwst_58959,1180,goods-s-mediumjwst,58959,143296,143296,2023-01-28,53.166935,-27.7596703,GS,4.79,4.7748,D,nan,nan,4.7748,-17.927636663291842
goods-n-mediumjwst_59047,1181,goods-n-mediumjwst,59047,1059047,1059047,2023-05-05,189.24462716060714,62.20882786973297,GN,5.15454,-1.0,E,nan,nan,nan,nan
goods-s-mediumhst_59068,1180,goods-s-mediumhst,59068,337078,-1,2022-10-05,53.2090302,-27.7676823,GS,4.44,-1.0,E,nan,nan,nan,nan
goods-n-mediumjwst_59156,1181,goods-n-mediumjwst,59156,1059156,1059156,2023-05-05,189.3061692765683,62.20920468218798,GN,5.10949,5.218475824512369,A,5.218475824512369,6.0,5.224388,-18.779626147824768
goods-s-mediumhst_59169,1180,goods-s-mediumhst,59169,438520,-1,2022-10-05,53.0796266,-27.7676832,GS,5.03,-1.0,E,nan,nan,nan,nan
goods-s-mediumjwst_59206,1180,goods-s-mediumjwst,59206,143808,143808,2023-01-28,53.1456757,-27.7588348,GS,1.585,2.451672956552128,A,2.451672956552128,2.0,2.462336,nan
goods-s-mediumjwst_59210,1180,goods-s-mediumjwst,59210,143814,143814,2023-01-28,53.1412392,-27.7588425,GS,-1.0,-1.0,E,nan,nan,nan,nan
goods-n-mediumjwst_59226,1181,goods-n-mediumjwst,59226,1059226,1059226,2023-05-05,189.14422657623965,62.20933434062913,GN,3.73453,-1.0,E,nan,nan,nan,nan
goods-s-mediumjwst_59282,1180,goods-s-mediumjwst,59282,143954,143954,2023-01-28,53.1680756,-27.7586632,GS,2.92,3.03667,D,nan,nan,3.03667,nan
goods-n-mediumjwst_59319,1181,goods-n-mediumjwst,59319,1059319,1059319,2023-05-05,189.15385164682448,62.20963738968469,GN,1.69522,1.69522,D,nan,nan,1.69522,nan
goods-n-mediumjwst_59350,1181,goods-n-mediumjwst,59350,1059350,1059350,2023-05-05,189.2065170579258,62.21000760334682,GN,2.0582,2.015202748239578,A,2.015202748239578,12.0,2.020671,nan
goods-s-mediumhst_59405,1180,goods-s-mediumhst,59405,212327,212327,2022-10-05,53.0819692,-27.7672756,GS,2.41,2.3015753627617634,A,2.3015753627617634,7.0,2.306382,nan
goods-n-mediumjwst_59412,1181,goods-n-mediumjwst,59412,1059412,1059412,2023-05-05,189.15632178349725,62.21000215898184,GN,5.183,5.18134137803135,A,5.18134137803135,8.0,5.182159,-20.122601242730674
goods-n-mediumjwst_59470,1181,goods-n-mediumjwst,59470,1059470,1059470,2023-05-05,189.21822175647657,62.210137212148986,GN,2.52645,2.398618233870218,A,2.398618233870218,4.0,2.407368,nan
goods-n-mediumjwst_59489,1181,goods-n-mediumjwst,59489,1059489,1059489,2023-05-05,189.30206064473546,62.21026596262045,GN,1.0489,1.1,D,nan,nan,1.1,nan
goods-n-mediumjwst_59520,1181,goods-n-mediumjwst,59520,1059520,1059520,2023-05-05,189.2972583253565,62.21028434350165,GN,0.59201,-1.0,E,nan,nan,nan,nan
goods-s-mediumjwst_59560,1180,goods-s-mediumjwst,59560,214749,214749,2023-01-28,53.1500435,-27.75774,GS,1.48,1.6125,D,nan,nan,1.6122,nan
goods-s-mediumjwst_59671,1180,goods-s-mediumjwst,59671,144702,144702,2023-01-28,53.1466866,-27.7575588,GS,-1.0,-1.0,E,nan,nan,nan,nan
goods-n-mediumjwst_59720,1181,goods-n-mediumjwst,59720,1059720,1059720,2023-05-05,189.2397959655134,62.21082960409861,GN,10.43631,9.633349,C,nan,nan,9.633349,-19.570520292981378
goods-n-mediumjwst_59725,1181,goods-n-mediumjwst,59725,1059725,1059725,2023-05-05,189.28646863213854,62.21087268521868,GN,3.993,6.29303,D,nan,nan,6.29303,-19.306921554255858
goods-s-deepjwst_59733,1287,goods-s-deepjwst,59733,59733,59733,2024-01-10,53.0875895,-27.8578811,GS,2.08727,2.06766,C,nan,nan,2.06766,nan
goods-n-mediumjwst_59734,1181,goods-n-mediumjwst,59734,1059734,1059734,2023-05-05,189.28069527525673,62.21082721664087,GN,6.42821,6.547631225072902,A,6.547631225072902,2.0,6.544665,nan
goods-n-mediumjwst_59788,1181,goods-n-mediumjwst,59788,1059788,1059788,2023-05-05,189.24171075214426,62.21099066456801,GN,5.41966,5.380911358121471,A,5.380911358121471,2.0,5.379499,-18.148582809149154
goods-s-mediumjwst_59789,1180,goods-s-mediumjwst,59789,144947,144947,2023-01-28,53.1438713,-27.7572441,GS,-1.0,-1.0,E,nan,nan,nan,nan
goods-n-mediumjwst_59878,1181,goods-n-mediumjwst,59878,1059878,1059878,2023-05-05,189.30018050136218,62.21121406438937,GN,4.16456,3.91423354773448,A,3.91423354773448,1.0,3.922671,-16.96148732898358
goods-s-deepjwst_59942,1287,goods-s-deepjwst,59942,59942,59942,2024-01-10,53.0872936,-27.857747,GS,2.60068,2.671,C,nan,nan,2.671,nan
goods-s-mediumjwst_59943,1180,goods-s-mediumjwst,59943,215081,215081,2023-01-28,53.1684494,-27.756588,GS,0.138,2.575777930371993,A,2.575777930371993,2.0,2.578053,nan
goods-s-mediumjwst_59998,1180,goods-s-mediumjwst,59998,145431,145431,2023-01-28,53.1543045,-27.7565861,GS,-1.0,5.88791488189836,A,5.88791488189836,1.0,5.88885,-17.41419240451787
goods-n-mediumjwst_60127,1181,goods-n-mediumjwst,60127,1060127,1060127,2023-05-05,189.1628538944893,62.21190544375392,GN,3.20238,3.6780487418013066,A,3.6780487418013066,1.0,3.662592,-16.434256843431797
goods-n-mediumjwst_60176,1181,goods-n-mediumjwst,60176,1060176,1060176,2023-05-05,189.2270778129873,62.212056624075466,GN,0.4304,-1.0,E,nan,nan,nan,nan
goods-n-mediumjwst_60202,1181,goods-n-mediumjwst,60202,1060202,1060202,2023-05-05,189.1536136908517,62.21210680388292,GN,0.52183,-1.0,E,nan,nan,nan,nan
goods-s-mediumjwst_60257,1180,goods-s-mediumjwst,60257,215366,215366,2023-01-28,53.149765,-27.7558918,GS,-1.0,3.665708,C,nan,nan,3.665708,-15.503174288731579
goods-s-mediumjwst_60280,1180,goods-s-mediumjwst,60280,215396,215396,2023-01-28,53.1503487,-27.755579,GS,2.302,2.3136165633348726,A,2.3136165633348726,13.0,2.314372,nan
goods-n-mediumjwst_60331,1181,goods-n-mediumjwst,60331,1060331,1060331,2023-05-05,189.275236697665,62.212440937670344,GN,7.59056,7.430927615926128,A,7.430927615926128,1.0,7.430084,-19.527359364077377
goods-n-mediumjwst_60348,1181,goods-n-mediumjwst,60348,1060348,1060348,2023-05-05,189.2215107609337,62.21253481495623,GN,2.81668,2.6897346894008636,A,2.6897346894008636,3.0,2.686413,nan
goods-n-mediumjwst_60370,1181,goods-n-mediumjwst,60370,1060370,1060370,2023-05-05,189.24307348115892,62.212646042238546,GN,0.66213,-1.0,E,nan,nan,nan,nan
goods-n-mediumjwst_60436,1181,goods-n-mediumjwst,60436,1060436,1060436,2023-05-05,189.2014714184845,62.212757141784074,GN,3.54548,4.617635110921672,A,4.617635110921672,2.0,4.614479,-18.72773981119765
goods-n-mediumjwst_60588,1181,goods-n-mediumjwst,60588,1060588,1060588,2023-05-05,189.22780068158954,62.213219404814794,GN,0.79569,0.89414,D,nan,nan,0.89414,nan
goods-n-mediumjwst_60622,1181,goods-n-mediumjwst,60622,1060622,1060622,2023-05-05,189.19762082687245,62.213260243896386,GN,2.36646,-1.0,E,nan,nan,nan,nan
goods-s-mediumjwst_60729,1180,goods-s-mediumjwst,60729,215796,215796,2023-01-28,53.1566086,-27.754282,GS,-1.0,7.556066090514609,A,7.556066090514609,1.0,7.556368,-18.82399152623345
goods-s-mediumjwst_60735,1180,goods-s-mediumjwst,60735,215805,215805,2023-01-28,53.1472473,-27.7542782,GS,4.32,3.7350165400570887,A,3.7350165400570887,5.0,3.728455,-17.949978529581617
goods-n-mediumjwst_60800,1181,goods-n-mediumjwst,60800,1060800,1060800,2023-05-05,189.2176824942948,62.213724073525434,GN,0.81947,0.9058221750723889,A,0.9058221750723889,2.0,0.906917,nan
goods-n-mediumjwst_60834,1181,goods-n-mediumjwst,60834,1060834,1060834,2023-05-05,189.2255963332609,62.21370341588064,GN,7.54326,-1.0,E,nan,nan,nan,nan
goods-n-mediumjwst_60835,1181,goods-n-mediumjwst,60835,1060835,1060835,2023-05-05,189.20520733895856,62.21375492219828,GN,1.07523,2.2113711737007575,A,2.2113711737007575,3.0,2.202889,nan
goods-n-mediumjwst_60897,1181,goods-n-mediumjwst,60897,1060897,1060897,2023-05-05,189.2336085197183,62.21395188073819,GN,2.22928,2.4577,C,nan,nan,2.4577,nan
goods-s-deepjwst_60931,1287,goods-s-deepjwst,60931,60931,60931,2024-01-10,53.1133189,-27.857254,GS,1.62749,-1.0,E,nan,nan,nan,nan
goods-n-mediumjwst_61017,1181,goods-n-mediumjwst,61017,1061017,1061017,2023-05-05,189.1420981877851,62.2142547147718,GN,5.0108,-1.0,E,nan,nan,nan,nan
goods-s-mediumjwst_61029,1180,goods-s-mediumjwst,61029,216125,216125,2023-01-28,53.1489029,-27.753376,GS,-1.0,6.60372,D,nan,nan,6.595542,-17.061656945772594
goods-n-mediumjwst_61118,1181,goods-n-mediumjwst,61118,1061118,1061118,2023-05-05,189.2403453326925,62.214573077529145,GN,2.62201,-1.0,D,nan,nan,nan,nan
goods-n-mediumjwst_61137,1181,goods-n-mediumjwst,61137,1061137,1061137,2023-05-05,189.2777149153272,62.21461716183589,GN,0.99212,-1.0,E,nan,nan,nan,nan
goods-n-mediumjwst_61174,1181,goods-n-mediumjwst,61174,1061174,1061174,2023-05-05,189.1946962286244,62.21474432889577,GN,0.66147,-1.0,E,nan,nan,nan,nan
goods-s-mediumjwst_61276,1180,goods-s-mediumjwst,61276,148326,148326,2023-01-28,53.1455612,-27.7526283,GS,-1.0,-1.0,E,nan,nan,nan,nan
goods-s-mediumjwst_61321,1180,goods-s-mediumjwst,61321,216351,216351,2023-01-28,53.154274,-27.7524204,GS,4.61,4.842382870975946,A,4.842382870975946,7.0,4.835089,-18.19523371376887
goods-s-mediumjwst_61360,1180,goods-s-mediumjwst,61360,148517,148517,2023-01-28,53.1660233,-27.7523594,GS,2.255,2.6170245399675673,A,2.6170245399675673,8.0,2.609957,nan
goods-s-mediumjwst_61570,1180,goods-s-mediumjwst,61570,148958,148958,2023-01-28,53.1658936,-27.7516594,GS,-1.0,5.480242904408861,A,5.480242904408861,2.0,5.480608,-18.037382243500446
goods-n-mediumjwst_61595,1181,goods-n-mediumjwst,61595,1061595,1061595,2023-05-05,189.21194065256836,62.21610622350774,GN,3.32078,0.99938,D,nan,nan,0.99938,nan
goods-s-mediumjwst_61631,1286,goods-s-mediumjwst,61631,61631,61631,2023-12-11,53.031153,-27.8568535,GS,1.41433,3.4668812623264538,A,3.4668812623264538,2.0,3.461924,-16.460450161798782
goods-s-mediumjwst_61634,1180,goods-s-mediumjwst,61634,149091,149091,2023-01-28,53.1489906,-27.7515087,GS,-1.0,-1.0,E,nan,nan,nan,nan
goods-s-mediumjwst_61645,1286,goods-s-mediumjwst,61645,61645,61645,2023-12-11,53.0312893,-27.8568445,GS,-1.0,-1.0,E,nan,nan,nan,nan
goods-s-deepjwst_61653,1287,goods-s-deepjwst,61653,61653,61653,2024-01-10,53.1090704,-27.856835,GS,1.44022,1.44022,D,nan,nan,1.44022,nan
goods-s-mediumjwst_61700,1286,goods-s-mediumjwst,61700,61700,61700,2023-12-11,53.1210714,-27.8568066,GS,2.13854,2.2445487498097005,A,2.2445487498097005,4.0,2.253996,nan
goods-n-mediumjwst_61712,1181,goods-n-mediumjwst,61712,1061712,1061712,2023-05-05,189.22120778045925,62.21652383697219,GN,5.187,5.182907785473938,A,5.182907785473938,4.0,5.181203,-19.51006638153381
goods-n-mediumjwst_61759,1181,goods-n-mediumjwst,61759,1061759,1061759,2023-05-05,189.25032109052998,62.216599671882044,GN,3.54993,3.6839081103759046,A,3.6839081103759046,2.0,3.687291,-18.122175390568195
goods-s-mediumjwst_61787,1180,goods-s-mediumjwst,61787,216706,216706,2023-01-28,53.1594238,-27.7507477,GS,2.35,2.2164755214520726,A,2.2164755214520726,1.0,2.231118,nan
goods-n-mediumjwst_61888,1181,goods-n-mediumjwst,61888,1061888,1061888,2023-05-05,189.16801573338063,62.21701309223349,GN,5.874,5.874337110035512,A,5.874337110035512,4.0,5.872423,-18.80123767172549
goods-n-mediumjwst_61907,1181,goods-n-mediumjwst,61907,1061907,1061907,2023-05-05,189.220892467644,62.21704273309032,GN,4.08182,4.355,D,nan,nan,4.352435,nan
goods-n-mediumjwst_62004,1181,goods-n-mediumjwst,62004,1062004,1062004,2023-05-05,189.22761286534129,62.21734031259253,GN,1.59866,-1.0,E,nan,nan,nan,nan
goods-n-mediumjwst_62008,1181,goods-n-mediumjwst,62008,1062008,1062008,2023-05-05,189.20693516404364,62.217413500389114,GN,1.6052,1.684910857996662,A,1.684910857996662,2.0,1.703886,nan
goods-n-mediumjwst_62208,1181,goods-n-mediumjwst,62208,1062208,1062208,2023-05-05,189.20949598698164,62.218005214454514,GN,1.8418,-1.0,E,nan,nan,nan,nan
goods-n-mediumjwst_62309,1181,goods-n-mediumjwst,62309,1062309,1062309,2023-05-05,189.24897722273775,62.218350165921265,GN,5.175,5.171738671099638,A,5.171738671099638,6.0,5.167278,-18.79202508534128
goods-s-mediumjwst_62328,1180,goods-s-mediumjwst,62328,217157,217157,2023-01-28,53.14925,-27.7486706,GS,2.52366,2.5724085315521883,A,2.5724085315521883,17.0,2.55217,nan
goods-n-mediumjwst_62336,1181,goods-n-mediumjwst,62336,1062336,1062336,2023-05-05,189.1652388991188,62.21837300644856,GN,3.2366,2.99088,C,nan,nan,2.99088,nan
goods-n-mediumjwst_62502,1181,goods-n-mediumjwst,62502,1062502,1062502,2023-05-05,189.250736927531,62.21889134965563,GN,4.10719,4.2106649180413,A,4.2106649180413,2.0,4.214288,-18.311754845211844
goods-s-mediumjwst_62846,1180,goods-s-mediumjwst,62846,151423,151423,2023-01-28,53.1483688,-27.7466164,GS,-1.0,5.289347185066716,A,5.289347185066716,3.0,5.288179,-18.550084962286668
goods-n-mediumjwst_62955,1181,goods-n-mediumjwst,62955,1062955,1062955,2023-05-05,189.23544903462533,62.22042985596663,GN,5.186,5.184480078385098,A,5.184480078385098,6.0,5.178756,-19.58790248507161
goods-n-mediumjwst_63089,1181,goods-n-mediumjwst,63089,1063089,1063089,2023-05-05,189.2301458016039,62.220804344354725,GN,5.49851,5.399178270857785,A,5.399178270857785,3.0,5.395893,-18.570978267704803
goods-n-mediumjwst_63174,1181,goods-n-mediumjwst,63174,1063174,1063174,2023-05-05,189.2222115105639,62.2211325215503,GN,3.19629,-1.0,E,nan,nan,nan,nan
goods-s-mediumjwst_63182,1286,goods-s-mediumjwst,63182,63182,63182,2023-12-11,53.0989932,-27.8560262,GS,3.69984,-1.0,E,nan,nan,nan,nan
goods-s-mediumjwst_63284,1286,goods-s-mediumjwst,63284,63284,63284,2023-12-11,53.039503,-27.855893,GS,1.84773,1.7122176675514718,A,1.7122176675514718,4.0,1.711319,nan
goods-n-mediumjwst_63295,1181,goods-n-mediumjwst,63295,1063295,1063295,2023-05-05,189.22824547854867,62.22153974458277,GN,10.07627,-1.0,E,nan,nan,nan,nan
goods-n-mediumjwst_63322,1181,goods-n-mediumjwst,63322,1063322,1063322,2023-05-05,189.22684810213482,62.22164481592575,GN,2.09402,3.03463,C,nan,nan,3.03463,nan
goods-s-mediumjwst_63458,1286,goods-s-mediumjwst,63458,63458,63458,2023-12-11,53.0749593,-27.8558216,GS,0.36842,-1.0,E,nan,nan,nan,nan
goods-n-mediumjwst_63553,1181,goods-n-mediumjwst,63553,1063553,1063553,2023-05-05,189.22485806649723,62.222524719579965,GN,2.22653,2.0499830770176435,A,2.0499830770176435,4.0,2.031884,nan
goods-n-mediumjwst_63682,1181,goods-n-mediumjwst,63682,1063682,1063682,2023-05-05,189.220352716963,62.223076727526184,GN,0.46837,-1.0,E,nan,nan,nan,nan
goods-s-deepjwst_63685,1287,goods-s-deepjwst,63685,63685,63685,2024-01-10,53.1231451,-27.8556932,GS,3.5908,3.5878631781193375,A,3.5878631781193375,10.0,3.586176,-19.31323006807863
goods-s-mediumjwst_63722,1286,goods-s-mediumjwst,63722,63722,63722,2023-12-11,53.1016417,-27.8556249,GS,2.66483,3.059328106214534,A,3.059328106214534,13.0,3.063339,-18.373777374640433
goods-s-mediumjwst_63829,1286,goods-s-mediumjwst,63829,63829,63829,2023-12-11,53.0543401,-27.855525,GS,2.61147,2.6481746937380253,A,2.6481746937380253,11.0,2.654798,nan
goods-n-mediumjwst_63901,1181,goods-n-mediumjwst,63901,1063901,1063901,2023-05-05,189.2189064476783,62.2237766766673,GN,2.54474,-1.0,E,nan,nan,nan,nan
goods-s-mediumjwst_63942,1286,goods-s-mediumjwst,63942,63942,63942,2023-12-11,53.0737333,-27.8554889,GS,2.21045,2.044704,C,nan,nan,2.044704,nan
goods-n-mediumjwst_64177,1181,goods-n-mediumjwst,64177,1064177,1064177,2023-05-05,189.21663559910436,62.22480042424503,GN,4.16282,-1.0,E,nan,nan,nan,nan
goods-n-mediumjwst_64471,1181,goods-n-mediumjwst,64471,1064471,1064471,2023-05-05,189.206481907802,62.225998196047875,GN,0.69864,-1.0,E,nan,nan,nan,nan
goods-n-mediumjwst_64521,1181,goods-n-mediumjwst,64521,1064521,1064521,2023-05-05,189.18331100620463,62.226160072251716,GN,3.3737,-1.0,E,nan,nan,nan,nan
goods-n-mediumhst_64585,1181,goods-n-mediumhst,64585,1019841,1019841,2023-02-07,189.01189,62.290219,GN,-99.0,0.367,D,nan,nan,0.363405,nan
goods-n-mediumhst_64638,1181,goods-n-mediumhst,64638,1033775,1033775,2023-02-07,189.01588,62.290734,GN,-99.0,0.766424,B,nan,nan,0.766424,nan
goods-n-mediumhst_64649,1181,goods-n-mediumhst,64649,1019461,1019461,2023-02-07,189.01633,62.289091,GN,-99.0,1.36782,D,nan,nan,1.353332,nan
goods-n-mediumhst_64653,1181,goods-n-mediumhst,64653,1033500,1033500,2023-02-07,189.01667,62.288629,GN,-99.0,0.847467048817051,A,0.847467048817051,1.0,0.84785,nan
goods-n-mediumhst_64676,1181,goods-n-mediumhst,64676,1033669,1033669,2023-02-07,189.01808,62.289782,GN,-99.0,0.5211664682551085,A,0.5211664682551085,10.0,0.527805,nan
goods-n-mediumhst_64677,1181,goods-n-mediumhst,64677,1033184,1033184,2023-02-07,189.01808,62.286169,GN,-99.0,0.6097,D,nan,nan,0.6097,nan
goods-s-mediumjwst_64679,1286,goods-s-mediumjwst,64679,64679,64679,2023-12-11,53.1116211,-27.8551172,GS,7.8032,7.2831,D,nan,nan,7.2831,-18.356148095515422
goods-n-mediumhst_64685,1181,goods-n-mediumhst,64685,1020761,1020761,2023-02-07,189.01864,62.293321,GN,-99.0,2.210438931685376,A,2.210438931685376,14.0,2.219558,nan
goods-n-mediumhst_64734,1181,goods-n-mediumhst,64734,1034707,1034707,2023-02-07,189.0217729,62.2965892,GN,1.51,1.39199,B,nan,nan,1.39199,nan
goods-n-mediumhst_64774,1181,goods-n-mediumhst,64774,1034946,1034946,2023-02-07,189.02376,62.298819,GN,-99.0,2.2696118161201984,A,2.2696118161201984,1.0,2.268625,nan
goods-n-mediumhst_64775,1181,goods-n-mediumhst,64775,1034825,1034825,2023-02-07,189.0238,62.298163,GN,-99.0,0.4381549116848966,A,0.4381549116848966,1.0,0.437397,nan
goods-n-mediumhst_64787,1181,goods-n-mediumhst,64787,1022624,1022624,2023-02-07,189.02444,62.301217,GN,-99.0,-1.0,E,nan,nan,nan,nan
goods-n-mediumhst_64791,1181,goods-n-mediumhst,64791,1019696,1019696,2023-02-07,189.02485,62.289728,GN,-99.0,0.3896435373937258,A,0.3896435373937258,6.0,0.388854,nan
goods-n-mediumhst_64818,1181,goods-n-mediumhst,64818,1033651,1033651,2023-02-07,189.02677,62.289835,GN,-99.0,1.3595206650931315,A,1.3595206650931315,15.0,1.365033,nan
goods-n-mediumhst_64841,1181,goods-n-mediumhst,64841,1033002,1033002,2023-02-07,189.02815,62.285436,GN,-99.0,-1.0,E,nan,nan,nan,nan
goods-n-mediumhst_64843,1181,goods-n-mediumhst,64843,1034219,1034219,2023-02-07,189.02822,62.293245,GN,-99.0,-1.0,E,nan,nan,nan,nan
goods-n-mediumhst_64857,1181,goods-n-mediumhst,64857,1015519,1015519,2023-02-07,189.02941,62.276769,GN,-99.0,0.342924,B,nan,nan,0.342924,nan
goods-n-mediumhst_64872,1181,goods-n-mediumhst,64872,1022428,1022428,2023-02-07,189.03027,62.300368,GN,-99.0,1.3835904909300996,A,1.3835904909300996,7.0,1.366026,nan
goods-n-mediumhst_64896,1181,goods-n-mediumhst,64896,1033764,1033764,2023-02-07,189.03183,62.29057,GN,-99.0,2.0516101618027798,A,2.0516101618027798,3.0,2.051504,nan
goods-n-mediumhst_64926,1181,goods-n-mediumhst,64926,1031171,1031171,2023-02-07,189.03405,62.275079,GN,-99.0,-1.0,E,nan,nan,nan,nan
goods-n-mediumhst_64930,1181,goods-n-mediumhst,64930,1035459,1035459,2023-02-07,189.03425,62.305926,GN,-99.0,-1.0,E,nan,nan,nan,nan
goods-n-mediumhst_64954,1181,goods-n-mediumhst,64954,1019922,1019922,2023-02-07,189.03573,62.290505,GN,-99.0,0.672185,C,nan,nan,0.672185,nan
goods-n-mediumhst_64975,1181,goods-n-mediumhst,64975,1016389,1016389,2023-02-07,189.03709,62.279768,GN,-99.0,2.270799081299768,A,2.270799081299768,4.0,2.273343,nan
goods-n-mediumhst_64977,1181,goods-n-mediumhst,64977,1022063,1022063,2023-02-07,189.03731,62.29827,GN,-99.0,0.5707785911625326,A,0.5707785911625326,2.0,0.583597,nan
goods-n-mediumhst_64984,1181,goods-n-mediumhst,64984,1016291,1016291,2023-02-07,189.03784,62.279502,GN,-99.0,1.3370813863623698,A,1.3370813863623698,10.0,1.3288,nan
goods-n-mediumhst_64995,1181,goods-n-mediumhst,64995,1035058,1035058,2023-02-07,189.03815,62.300018,GN,-99.0,0.4199855494895016,A,0.4199855494895016,5.0,0.422756,nan
goods-n-mediumhst_64997,1181,goods-n-mediumhst,64997,1031131,1031131,2023-02-07,189.03842,62.27466,GN,-99.0,1.63048,C,nan,nan,1.63048,nan
goods-n-mediumhst_64999,1181,goods-n-mediumhst,64999,1035214,1035214,2023-02-07,189.03854,62.302469,GN,-99.0,0.6799867760290442,A,0.6799867760290442,2.0,0.678376,nan
goods-n-mediumhst_65020,1181,goods-n-mediumhst,65020,1019053,1019053,2023-02-07,189.03957,62.287806,GN,-99.0,2.38102,C,nan,nan,2.38102,nan
goods-n-mediumhst_65026,1181,goods-n-mediumhst,65026,1219011,-1,2023-02-07,189.03988,62.307322,GN,-99.0,0.8691680772061676,A,0.8691680772061676,2.0,0.87552,nan
goods-n-mediumhst_65032,1181,goods-n-mediumhst,65032,1016745,1016745,2023-02-07,189.04048,62.281142,GN,-99.0,1.7932468909076007,A,1.7932468909076007,8.0,1.804854,nan
goods-n-mediumhst_65045,1181,goods-n-mediumhst,65045,1033204,1033204,2023-02-07,189.04114,62.286567,GN,-99.0,0.7972,D,nan,nan,0.798593,nan
goods-n-mediumhst_65053,1181,goods-n-mediumhst,65053,1022898,1022898,2023-02-07,189.04186,62.302723,GN,-99.0,2.44228779064682,A,2.44228779064682,9.0,2.450062,nan
goods-n-mediumhst_65061,1181,goods-n-mediumhst,65061,1034189,1034189,2023-02-07,189.04216,62.293162,GN,-99.0,-1.0,E,nan,nan,nan,nan
goods-n-mediumhst_65062,1181,goods-n-mediumhst,65062,1034727,1034727,2023-02-07,189.04227,62.29676,GN,-99.0,1.4838002998811302,A,1.4838002998811302,15.0,1.484277,nan
goods-n-mediumhst_65081,1181,goods-n-mediumhst,65081,1016243,1016243,2023-02-07,189.04307,62.279347,GN,-99.0,1.6734352291161927,A,1.6734352291161927,3.0,1.677411,nan
goods-n-mediumhst_65099,1181,goods-n-mediumhst,65099,1022648,1022648,2023-02-07,189.0444,62.301395,GN,-99.0,2.8107602139031327,A,2.8107602139031327,12.0,2.810863,nan
goods-n-mediumhst_65114,1181,goods-n-mediumhst,65114,1016685,1016685,2023-02-07,189.04612,62.280909,GN,-99.0,1.6760260772552447,A,1.6760260772552447,8.0,1.692222,nan
goods-n-mediumhst_65126,1181,goods-n-mediumhst,65126,1016319,1016319,2023-02-07,189.04673,62.279597,GN,-99.0,3.867399255488993,A,3.867399255488993,3.0,3.859809,-18.957974428042665
goods-n-mediumhst_65128,1181,goods-n-mediumhst,65128,1016636,1016636,2023-02-07,189.04684,62.280822,GN,-99.0,1.8114578078501844,A,1.8114578078501844,9.0,1.804459,nan
goods-n-mediumhst_65136,1181,goods-n-mediumhst,65136,1018140,1018140,2023-02-07,189.04747,62.285637,GN,-99.0,1.9272557463160842,A,1.9272557463160842,2.0,1.933459,nan
goods-n-mediumhst_65144,1181,goods-n-mediumhst,65144,1021647,1021647,2023-02-07,189.04784,62.296502,GN,-99.0,0.57719,D,nan,nan,0.573349,nan
goods-n-mediumhst_65156,1181,goods-n-mediumhst,65156,1020218,1114431,2023-02-07,189.04914,62.291388,GN,-99.0,-1.0,E,nan,nan,nan,nan
goods-s-mediumjwst_65160,1286,goods-s-mediumjwst,65160,65160,65160,2023-12-11,53.048925,-27.8548145,GS,3.78446,-1.0,E,nan,nan,nan,nan
goods-n-mediumhst_65163,1181,goods-n-mediumhst,65163,1034927,1034927,2023-02-07,189.04969,62.2987,GN,-99.0,0.679,D,nan,nan,0.679,nan
goods-n-mediumhst_65228,1181,goods-n-mediumhst,65228,1032390,1032390,2023-02-07,189.05371,62.282446,GN,-99.0,0.338,D,nan,nan,0.345885,nan
goods-n-mediumhst_65232,1181,goods-n-mediumhst,65232,1032397,1032397,2023-02-07,189.05404,62.283057,GN,-99.0,0.68089,D,nan,nan,0.682714,nan
goods-n-mediumhst_65271,1181,goods-n-mediumhst,65271,1032183,1032183,2023-02-07,189.057,62.281125,GN,2.388,0.45905281627476524,A,0.45905281627476524,1.0,0.465583,nan
goods-n-mediumhst_65299,1181,goods-n-mediumhst,65299,1032231,1032231,2023-02-07,189.05866,62.28155,GN,-99.0,1.136980155737703,A,1.136980155737703,8.0,1.144838,nan
goods-n-mediumjwst_65621,1181,goods-n-mediumjwst,65621,1065621,1065621,2023-05-05,189.24951758333006,62.23125453303798,GN,3.04266,-1.0,E,nan,nan,nan,nan
goods-n-mediumjwst_65707,1181,goods-n-mediumjwst,65707,1065707,1065707,2023-05-05,189.2490034318028,62.2317337687225,GN,4.60101,-1.0,E,nan,nan,nan,nan
goods-n-mediumjwst_65889,1181,goods-n-mediumjwst,65889,1065889,1065889,2023-05-05,189.16265217537327,62.232836624600836,GN,2.89867,-1.0,E,nan,nan,nan,nan
goods-n-mediumjwst_65891,1181,goods-n-mediumjwst,65891,1065891,1065891,2023-05-05,189.24855494108886,62.232913173428955,GN,3.05026,2.9219453023629325,A,2.9219453023629325,6.0,2.922625,nan
goods-n-mediumjwst_65970,1181,goods-n-mediumjwst,65970,1065970,1065970,2023-05-05,189.25575573296283,62.2334634563305,GN,0.67741,0.690872,B,nan,nan,0.690872,nan
goods-n-mediumjwst_65972,1181,goods-n-mediumjwst,65972,1065972,1065972,2023-05-05,189.23610516401158,62.23344338237552,GN,0.74734,0.8390193786755094,A,0.8390193786755094,1.0,0.839,nan
goods-n-mediumjwst_66099,1181,goods-n-mediumjwst,66099,1066099,1066099,2023-05-05,189.23527915736904,62.23412129904664,GN,6.50065,-1.0,E,nan,nan,nan,nan
goods-s-mediumjwst_66127,1286,goods-s-mediumjwst,66127,66127,66127,2023-12-11,53.0771028,-27.8540969,GS,1.71887,-1.0,E,nan,nan,nan,nan
goods-s-deepjwst_66140,1287,goods-s-deepjwst,66140,66140,66140,2024-01-10,53.1100223,-27.8541568,GS,6.01485,5.77247494790592,A,5.77247494790592,2.0,5.77596,-17.73186124659101
goods-n-mediumjwst_66181,1181,goods-n-mediumjwst,66181,1066181,1066181,2023-05-05,189.23332240833378,62.234573656997625,GN,0.73777,-1.0,E,nan,nan,nan,nan
goods-n-mediumjwst_66238,1181,goods-n-mediumjwst,66238,1066238,1066238,2023-05-05,189.23031296550116,62.23486769620541,GN,4.81089,-1.0,E,nan,nan,nan,nan
goods-n-mediumjwst_66249,1181,goods-n-mediumjwst,66249,1066249,1066249,2023-05-05,189.226124046925,62.234986370397465,GN,2.47201,2.416642097990355,A,2.416642097990355,6.0,2.412587,nan
goods-n-mediumjwst_66253,1181,goods-n-mediumjwst,66253,1066253,1066253,2023-05-05,189.2242087701415,62.23495845046173,GN,1.38163,-1.0,E,nan,nan,nan,nan
goods-n-mediumjwst_66336,1181,goods-n-mediumjwst,66336,1066336,1066336,2023-05-05,189.25929368242478,62.23546084528019,GN,7.1392,7.138649047312444,A,7.138649047312444,4.0,7.141298,-19.379904132138975
goods-s-mediumjwst_66521,1286,goods-s-mediumjwst,66521,66521,66521,2023-12-11,53.1144472,-27.8538852,GS,2.80997,2.840251,B,nan,nan,2.840251,nan
goods-n-mediumjwst_66585,1181,goods-n-mediumjwst,66585,1066585,1066585,2023-05-05,189.25889023689777,62.23744604161774,GN,7.1412,7.13798,C,nan,nan,7.13798,-18.607144678488837
goods-s-deepjwst_66957,1287,goods-s-deepjwst,66957,66957,66957,2024-01-10,53.0662785,-27.8536343,GS,6.23134,-1.0,E,nan,nan,nan,nan
goods-s-mediumjwst_66978,1286,goods-s-mediumjwst,66978,66978,66978,2023-12-11,53.1305543,-27.8536216,GS,3.56414,3.60368180564548,A,3.60368180564548,3.0,3.59514,-18.16189271285476
goods-n-mediumjwst_67006,1181,goods-n-mediumjwst,67006,1067006,1067006,2023-05-05,189.24982267791444,62.2412207190672,GN,7.146,7.145964,B,nan,nan,7.145964,-20.095882498945024
goods-n-mediumjwst_67323,1181,goods-n-mediumjwst,67323,1067323,1067323,2023-05-05,189.26442114184687,62.24660828346517,GN,0.49879,0.25329950504302645,A,0.25329950504302645,2.0,0.259039,nan
goods-s-mediumjwst_67776,1286,goods-s-mediumjwst,67776,67776,67776,2023-12-11,53.1053687,-27.8530074,GS,2.8814,2.8066331021371953,A,2.8066331021371953,7.0,2.806365,nan
goods-s-deepjwst_68111,1287,goods-s-deepjwst,68111,68111,68111,2024-01-10,53.0648901,-27.8528515,GS,2.3432,2.348131,C,nan,nan,2.348131,nan
goods-n-mediumjwst_68409,1181,goods-n-mediumjwst,68409,1068409,1068409,2024-05-19,189.28251757896606,62.140595195784265,GN,7.7979,7.7979,D,nan,nan,7.7979,-18.511612867866326
goods-n-mediumjwst_68433,1181,goods-n-mediumjwst,68433,1068433,1068433,2024-05-19,189.2698504924113,62.14107898157342,GN,3.73206,-1.0,E,nan,nan,nan,nan
goods-n-mediumjwst_68434,1181,goods-n-mediumjwst,68434,1068434,1068434,2024-05-19,189.28562130105541,62.14100960735218,GN,0.51951,-1.0,E,nan,nan,nan,nan
goods-n-mediumjwst_68438,1181,goods-n-mediumjwst,68438,1068438,1068438,2024-05-19,189.23575622287234,62.14118780865289,GN,6.83714,6.730021239259084,A,6.730021239259084,3.0,6.732293,-18.995340810461144
goods-n-mediumjwst_68450,1181,goods-n-mediumjwst,68450,1185929,-1,2024-05-19,189.27960896858838,62.141900809901436,GN,2.43114,2.030630579479544,A,2.030630579479544,3.0,2.028521,nan
goods-n-mediumjwst_68487,1181,goods-n-mediumjwst,68487,1068487,1068487,2024-05-19,189.26568425085142,62.14187784382365,GN,9.06979,-1.0,E,nan,nan,nan,nan
goods-n-mediumjwst_68490,1181,goods-n-mediumjwst,68490,1068490,1068490,2024-05-19,189.2911108877403,62.142670246343684,GN,3.75823,0.9030145983119611,A,0.9030145983119611,3.0,0.900859,nan
goods-n-mediumjwst_68503,1181,goods-n-mediumjwst,68503,1185973,-1,2024-05-19,189.29373820436706,62.14426343316879,GN,2.25616,2.179903,C,nan,nan,2.179903,nan
goods-n-mediumjwst_68536,1181,goods-n-mediumjwst,68536,1068536,1068536,2024-05-19,189.28107900269012,62.14273465957795,GN,5.55731,1.6744564123044783,A,1.6744564123044783,4.0,1.674825,nan
goods-n-mediumjwst_68548,1181,goods-n-mediumjwst,68548,1068548,1068548,2024-05-19,189.22461219119157,62.14352073873468,GN,6.12174,2.059334037146345,A,2.059334037146345,4.0,2.060796,nan
goods-n-mediumjwst_68705,1181,goods-n-mediumjwst,68705,1068705,1068705,2024-05-19,189.31297206010726,62.144564141280526,GN,2.65805,2.8165403118729215,A,2.8165403118729215,5.0,2.817566,nan
goods-n-mediumjwst_68716,1181,goods-n-mediumjwst,68716,1068716,1068716,2024-05-19,189.23440730309952,62.144955230613014,GN,2.53267,2.519875,C,nan,nan,2.519875,nan
goods-s-deepjwst_68727,1287,goods-s-deepjwst,68727,68727,68727,2024-01-10,53.0829698,-27.8524556,GS,2.79194,2.6760589631600236,A,2.6760589631600236,2.0,2.682057,nan
goods-n-mediumjwst_68779,1181,goods-n-mediumjwst,68779,1068779,1068779,2024-05-19,189.27364966028932,62.14574731350845,GN,1.44563,1.412606,B,nan,nan,1.412606,nan
goods-n-mediumjwst_68797,1181,goods-n-mediumjwst,68797,1068797,1068797,2024-05-19,189.22913706485062,62.14618980665186,GN,5.06391,5.041260808157533,A,5.041260808157533,11.0,5.038482,-19.514430779884055
goods-s-mediumjwst_68806,1286,goods-s-mediumjwst,68806,68806,68806,2023-12-11,53.0948136,-27.8524339,GS,3.87857,3.15811,D,nan,nan,3.15811,-17.208184537615224
goods-n-mediumjwst_68824,1181,goods-n-mediumjwst,68824,1068824,1068824,2024-05-19,189.21924739186505,62.14625602057628,GN,4.93502,5.260429130703651,A,5.260429130703651,3.0,5.272081,-16.76770079911907
goods-n-mediumjwst_68837,1181,goods-n-mediumjwst,68837,1068837,1068837,2024-05-19,189.28692369274353,62.1464063164265,GN,1.58589,1.08589,D,nan,nan,1.08589,nan
goods-s-deepjwst_68846,1287,goods-s-deepjwst,68846,68846,68846,2024-01-10,53.1118777,-27.8523453,GS,2.6484,2.6761866224109765,A,2.6761866224109765,3.0,2.68388,nan
goods-n-mediumjwst_68913,1181,goods-n-mediumjwst,68913,1068913,1068913,2024-05-19,189.21073390402026,62.147085157134924,GN,5.08028,5.03954,C,nan,nan,5.03954,-18.50837776014992
goods-n-mediumhst_69250,1181,goods-n-mediumhst,69250,1211513,-1,2023-02-07,189.03994,62.30599,GN,-99.0,-1.0,E,nan,nan,nan,nan
goods-s-mediumjwst_69251,1286,goods-s-mediumjwst,69251,69251,69251,2023-12-11,53.1163574,-27.8520211,GS,2.94393,2.698496364480665,A,2.698496364480665,8.0,2.7044,nan
goods-s-deepjwst_69252,1287,goods-s-deepjwst,69252,69252,69252,2024-01-10,53.1100134,-27.8520929,GS,1.32658,-1.0,E,nan,nan,nan,nan
goods-n-mediumjwst_69256,1181,goods-n-mediumjwst,69256,1069256,1069256,2024-05-19,189.26751097085577,62.149708032874464,GN,2.13145,1.9913292178861273,A,1.9913292178861273,2.0,1.999332,nan
goods-n-mediumhst_69275,1181,goods-n-mediumhst,69275,1017530,1017530,2023-02-07,189.04421,62.28371,GN,-99.0,-1.0,E,nan,nan,nan,nan
goods-n-mediumjwst_69309,1181,goods-n-mediumjwst,69309,1069309,1069309,2024-05-19,189.31030020743276,62.15021329516006,GN,4.13799,3.9803693192780827,A,3.9803693192780827,13.0,3.98559,-19.911073184895308
goods-n-mediumhst_69348,1181,goods-n-mediumhst,69348,1018226,1018226,2023-02-07,189.05893,62.28556,GN,-99.0,1.791928996312828,A,1.791928996312828,5.0,1.802013,nan
goods-n-mediumjwst_69400,1181,goods-n-mediumjwst,69400,1069400,1069400,2024-05-19,189.23813460423858,62.150963108647424,GN,4.01113,3.9803704460423646,A,3.9803704460423646,5.0,3.990793,-19.212421819425497
goods-n-mediumjwst_69404,1181,goods-n-mediumjwst,69404,1069404,1069404,2024-05-19,189.23845387085498,62.1511862099402,GN,1.57767,1.3701547442980524,A,1.3701547442980524,5.0,1.377048,nan
goods-s-deepjwst_69416,1287,goods-s-deepjwst,69416,69416,69416,2024-01-10,53.0632631,-27.8518811,GS,0.90661,1.21,C,nan,nan,1.21,nan
goods-n-mediumjwst_69453,1181,goods-n-mediumjwst,69453,1069453,1069453,2024-05-19,189.20988300415306,62.151608151883075,GN,4.22276,3.980396911344858,A,3.980396911344858,2.0,3.972789,nan
goods-s-mediumjwst_69477,1286,goods-s-mediumjwst,69477,69477,69477,2023-12-11,53.1290659,-27.851861,GS,2.93029,2.822429,B,nan,nan,2.822429,nan
goods-s-deepjwst_69635,1287,goods-s-deepjwst,69635,69635,69635,2024-01-10,53.0784312,-27.8517605,GS,2.29868,3.4849550908423517,A,3.4849550908423517,3.0,3.479919,-17.52976384118914
goods-n-mediumjwst_69640,1181,goods-n-mediumjwst,69640,1069640,1069640,2024-05-19,189.28368154619548,62.152619708459135,GN,3.01319,2.713726,C,nan,nan,2.713726,nan
goods-n-mediumjwst_69654,1181,goods-n-mediumjwst,69654,1069654,1069654,2024-05-19,189.29777486444803,62.15283556519032,GN,2.71649,2.985247270138786,A,2.985247270138786,2.0,2.991463,nan
goods-n-mediumjwst_69693,1181,goods-n-mediumjwst,69693,1069693,1069693,2023-05-05,189.27729346680664,62.153003386033454,GN,5.99024,4.411803523701441,A,4.411803523701441,2.0,4.411857,-17.941299386656823
goods-n-mediumjwst_69736,1181,goods-n-mediumjwst,69736,1069736,1069736,2023-05-05,189.2778841366073,62.153349798767636,GN,1.5884,1.6106903018637608,A,1.6106903018637608,11.0,1.605744,nan
goods-n-mediumjwst_69739,1181,goods-n-mediumjwst,69739,1069739,1069739,2024-05-19,189.2153021304957,62.15335647430786,GN,1.55633,1.474422,C,nan,nan,1.474422,nan
goods-s-mediumjwst_69932,1286,goods-s-mediumjwst,69932,69932,69932,2023-12-11,53.0356632,-27.8515937,GS,6.65814,6.308446660227673,A,6.308446660227673,2.0,6.311006,-18.4250720514848
goods-s-deepjwst_69936,1287,goods-s-deepjwst,69936,69936,69936,2024-01-10,53.0667594,-27.8515534,GS,2.32134,-1.0,E,nan,nan,nan,nan
goods-n-mediumjwst_70011,1181,goods-n-mediumjwst,70011,1070011,1070011,2023-05-05,189.28069777302917,62.15595982930563,GN,0.83369,-1.0,E,nan,nan,nan,nan
goods-n-mediumjwst_70015,1181,goods-n-mediumjwst,70015,1070015,1070015,2024-05-19,189.29571150402816,62.15520087188174,GN,2.89275,2.978251111879014,A,2.978251111879014,14.0,2.984292,nan
goods-n-mediumjwst_70173,1181,goods-n-mediumjwst,70173,1070173,1070173,2023-05-05,189.24737084480867,62.15869745513688,GN,3.21312,2.996273165414248,A,2.996273165414248,10.0,2.998375,nan
goods-n-mediumjwst_70193,1181,goods-n-mediumjwst,70193,-6,-1,2023-05-05,189.24195369126525,62.1601067216803,GN,0.37571,-1.0,E,nan,nan,nan,nan
goods-s-mediumjwst_70218,1286,goods-s-mediumjwst,70218,70218,70218,2023-12-11,53.120973,-27.8513887,GS,5.84278,5.548190684947331,A,5.548190684947331,2.0,5.545865,-18.35359760635968
goods-n-mediumhst_70340,1181,goods-n-mediumhst,70340,1030891,1030891,2023-02-07,189.00801,62.27413,GN,-99.0,1.3797271359346928,A,1.3797271359346928,2.0,1.37125,nan
goods-n-mediumjwst_70366,1181,goods-n-mediumjwst,70366,1070366,1070366,2023-05-05,189.27434705095843,62.15685339460909,GN,1.76782,1.6330260108235517,A,1.6330260108235517,6.0,1.644568,nan
goods-n-mediumhst_70375,1181,goods-n-mediumhst,70375,1033982,1033983,2023-02-07,189.01594,62.29202,GN,-99.0,-1.0,E,nan,nan,nan,nan
goods-n-mediumjwst_70417,1181,goods-n-mediumjwst,70417,1070417,1070417,2024-05-19,189.28171452460504,62.157226518736834,GN,2.37013,2.2623900764214895,A,2.2623900764214895,8.0,2.271759,nan
goods-n-mediumhst_70437,1181,goods-n-mediumhst,70437,1019964,1019964,2023-02-07,189.02734,62.29073,GN,-99.0,-1.0,E,nan,nan,nan,nan
goods-n-mediumjwst_70456,1181,goods-n-mediumjwst,70456,1070456,1070456,2023-05-05,189.25396203783222,62.15762644039888,GN,0.82559,-1.0,E,nan,nan,nan,nan
goods-n-mediumhst_70463,1181,goods-n-mediumhst,70463,1020903,1020903,2023-02-07,189.03082,62.29395,GN,-99.0,2.9781521797787374,A,2.9781521797787374,1.0,2.982325,nan
goods-n-mediumhst_70468,1181,goods-n-mediumhst,70468,1033763,1033763,2023-02-07,189.03151,62.29047,GN,-99.0,2.0526410129173005,A,2.0526410129173005,4.0,2.058359,nan
goods-s-mediumjwst_70472,1286,goods-s-mediumjwst,70472,70472,70472,2023-12-11,53.1156423,-27.851176,GS,3.60402,-1.0,E,nan,nan,nan,nan
goods-n-mediumjwst_70480,1181,goods-n-mediumjwst,70480,1070480,1070480,2024-05-19,189.313125674348,62.15909217757382,GN,9.35183,3.002767347951867,A,3.002767347951867,3.0,3.004549,-17.930379237877858
goods-n-mediumhst_70502,1181,goods-n-mediumhst,70502,1114496,1114496,2023-02-07,189.03903,62.29451,GN,-99.0,-1.0,E,nan,nan,nan,nan
goods-n-mediumhst_70545,1181,goods-n-mediumhst,70545,1033213,1033213,2023-02-07,189.04704,62.28664,GN,-99.0,1.459,D,nan,nan,1.459,nan
goods-n-mediumhst_70551,1181,goods-n-mediumhst,70551,1032444,1017103,2023-02-07,189.04771,62.2823,GN,-99.0,-1.0,E,nan,nan,nan,nan
goods-s-mediumjwst_70600,1286,goods-s-mediumjwst,70600,70600,70600,2023-12-11,53.0299806,-27.8510898,GS,3.6876,4.39751,C,nan,nan,4.39751,-16.04841769877131
goods-n-mediumhst_70601,1181,goods-n-mediumhst,70601,1033263,1033263,2023-02-07,189.05597,62.28738,GN,-99.0,1.787081708321541,A,1.787081708321541,2.0,1.776488,nan
goods-n-mediumjwst_70650,1181,goods-n-mediumjwst,70650,1070650,1070650,2024-05-19,189.30468505553893,62.15879180174923,GN,0.90499,-1.0,E,nan,nan,nan,nan
goods-n-mediumhst_70659,1181,goods-n-mediumhst,70659,1016809,1016809,2023-02-07,189.06609,62.28128,GN,1.6,1.45,D,nan,nan,1.449533,nan
goods-n-mediumjwst_70676,1181,goods-n-mediumjwst,70676,1070676,1070676,2023-05-05,189.26058951747723,62.158800690753885,GN,2.69877,-1.0,E,nan,nan,nan,nan
goods-n-mediumjwst_70684,1181,goods-n-mediumjwst,70684,1070684,1070684,2024-05-19,189.28340881690477,62.15885583896276,GN,2.52158,2.0819,D,nan,nan,2.080129,nan
goods-n-mediumjwst_70700,1181,goods-n-mediumjwst,70700,1070700,1070700,2023-05-05,189.26223766068426,62.15916934267261,GN,1.54322,1.4462433389912877,A,1.4462433389912877,2.0,1.441497,nan
goods-n-mediumjwst_70797,1181,goods-n-mediumjwst,70797,1070797,1070797,2024-05-19,189.31033649885111,62.15964787681591,GN,2.95922,2.998475856318384,A,2.998475856318384,5.0,2.998466,nan
goods-n-mediumhst_70823,1181,goods-n-mediumhst,70823,1213330,-1,2023-02-07,189.09993,62.31494,GN,-99.0,-1.0,E,nan,nan,nan,nan
goods-n-mediumjwst_70920,1181,goods-n-mediumjwst,70920,1070920,1070920,2023-05-05,189.2509623613701,62.160381532822065,GN,5.06138,5.034463946458712,A,5.034463946458712,8.0,5.038028,-19.54026494393248
goods-n-mediumhst_70932,1181,goods-n-mediumhst,70932,-3,1033869,2023-02-07,189.12087,62.29111,GN,-99.0,-1.0,E,nan,nan,nan,nan
goods-s-mediumjwst_70994,1286,goods-s-mediumjwst,70994,70994,-1,2023-12-11,53.0978042,-27.8508209,GS,4.63626,-1.0,E,nan,nan,nan,nan
goods-n-mediumjwst_71093,1181,goods-n-mediumjwst,71093,1071093,1180417,2023-05-05,189.27572133569063,62.161689005143515,GN,5.07136,5.033691817042543,A,5.033691817042543,5.0,5.037981,-18.96026088121634
goods-s-mediumjwst_71196,1286,goods-s-mediumjwst,71196,71196,71196,2023-12-11,53.120442,-27.8506423,GS,3.82754,-1.0,E,nan,nan,nan,nan
goods-n-mediumjwst_71469,1181,goods-n-mediumjwst,71469,1071469,1071469,2023-05-05,189.2494299293447,62.164490609079316,GN,9.18136,2.029638,B,nan,nan,2.029638,nan
goods-s-mediumjwst_71587,1286,goods-s-mediumjwst,71587,71587,71587,2023-12-11,53.1348308,-27.8502055,GS,-1.0,0.72227,D,nan,nan,0.72227,nan
goods-n-mediumjwst_71692,1181,goods-n-mediumjwst,71692,1209525,1119434,2023-05-05,189.28955413176368,62.165459137148765,GN,3.71793,4.626661776444206,A,4.626661776444206,2.0,4.630999,-19.205188502515547
goods-n-mediumjwst_71723,1181,goods-n-mediumjwst,71723,1071723,1071723,2023-05-05,189.28108971774157,62.165824659533335,GN,2.59308,2.4597969373802795,A,2.4597969373802795,15.0,2.464173,nan
goods-n-mediumjwst_71890,1181,goods-n-mediumjwst,71890,1071890,1071890,2023-05-05,189.27551537141665,62.16667188696512,GN,3.33342,3.4138963267900295,A,3.4138963267900295,11.0,3.414266,-19.713460195525844
goods-n-mediumjwst_71914,1181,goods-n-mediumjwst,71914,1071914,1071914,2023-05-05,189.25377946456737,62.16701122040707,GN,2.45685,2.458581927326149,A,2.458581927326149,14.0,2.458162,nan
goods-n-mediumjwst_71983,1181,goods-n-mediumjwst,71983,1071983,1071983,2023-05-05,189.197193552079,62.16706228290997,GN,6.57964,6.54043271439179,A,6.54043271439179,1.0,6.540903,-19.264213014042706
goods-n-mediumjwst_72127,1181,goods-n-mediumjwst,72127,1072127,1072127,2023-05-05,189.26571836457276,62.16839331645808,GN,3.7558,4.128049614281961,A,4.128049614281961,4.0,4.135302,-18.99450995900884
goods-n-mediumjwst_72136,1181,goods-n-mediumjwst,72136,1072136,1072136,2023-05-05,189.29037310629874,62.168793130167735,GN,3.03131,2.996,C,nan,nan,2.996,nan
goods-n-mediumjwst_72208,1181,goods-n-mediumjwst,72208,1072208,1072208,2023-05-05,189.25096347173164,62.1689941992959,GN,4.20255,3.9283993425760446,A,3.9283993425760446,6.0,3.9348,-19.262817744972295
goods-n-mediumjwst_72254,1181,goods-n-mediumjwst,72254,1072254,1072254,2023-05-05,189.21688735101773,62.16932696327893,GN,2.23585,2.301952161479586,A,2.301952161479586,3.0,2.298363,nan
goods-n-mediumjwst_72321,1181,goods-n-mediumjwst,72321,1072321,1072321,2023-05-05,189.20084401235144,62.169773350901195,GN,2.91515,2.7602026954374876,A,2.7602026954374876,8.0,2.762859,nan
goods-n-mediumjwst_72340,1181,goods-n-mediumjwst,72340,1072340,1072340,2023-05-05,189.2658848439664,62.16971271916997,GN,4.10341,4.127533784311562,A,4.127533784311562,3.0,4.129196,-18.018867419828663
goods-n-mediumjwst_72369,1181,goods-n-mediumjwst,72369,1119489,1119489,2023-05-05,189.28608530060282,62.169879190690175,GN,11.66286,11.167,D,nan,nan,11.167,-18.247714626318974
goods-n-mediumjwst_72370,1181,goods-n-mediumjwst,72370,1072370,1119490,2023-05-05,189.24414242153242,62.16993456004292,GN,4.72607,4.715071492756062,A,4.715071492756062,2.0,4.705631,-18.440424833493978
goods-n-mediumjwst_72396,1181,goods-n-mediumjwst,72396,1072396,1072396,2023-05-05,189.26304806499655,62.170384740403314,GN,9.45148,2.75531,C,nan,nan,2.75531,nan
goods-n-mediumjwst_72426,1181,goods-n-mediumjwst,72426,1072426,1072426,2023-05-05,189.24954946475023,62.17019422317456,GN,4.40115,-1.0,E,nan,nan,nan,nan
goods-n-mediumjwst_72558,1181,goods-n-mediumjwst,72558,1072560,1072560,2023-05-05,189.29056719637512,62.17121104300687,GN,3.4259,3.3797678072384496,A,3.3797678072384496,9.0,3.391281,-20.026246687841763
goods-s-deepjwst_72574,1287,goods-s-deepjwst,72574,72574,72574,2024-01-10,53.0824999,-27.8494591,GS,5.00176,4.890878862693441,A,4.890878862693441,2.0,4.894187,-17.37571418016389
goods-n-mediumjwst_72631,1181,goods-n-mediumjwst,72631,1072631,1072631,2023-05-05,189.2050167328146,62.17208648443175,GN,1.00099,0.9619610340889369,A,0.9619610340889369,3.0,0.961879,nan
goods-n-mediumjwst_72719,1181,goods-n-mediumjwst,72719,1072719,1072719,2023-05-05,189.1996971610406,62.172290411440834,GN,6.72405,1.7350588069239197,A,1.7350588069239197,8.0,1.733608,nan
goods-n-mediumjwst_72842,1181,goods-n-mediumjwst,72842,1072842,1072842,2023-05-05,189.27869654625172,62.17290800435185,GN,3.00215,3.645983409545937,A,3.645983409545937,2.0,3.65688,-16.435166523078635
goods-n-mediumjwst_72942,1181,goods-n-mediumjwst,72942,1072942,1072942,2023-05-05,189.18926047407746,62.17357097466515,GN,2.57146,-1.0,E,nan,nan,nan,nan
goods-s-deepjwst_72975,1287,goods-s-deepjwst,72975,72975,72975,2024-01-10,53.065117,-27.8490469,GS,0.97722,5.587044379579053,A,5.587044379579053,1.0,5.588725,-16.64171086686231
goods-n-mediumjwst_72987,1181,goods-n-mediumjwst,72987,1072987,1072987,2023-05-05,189.18909847952307,62.17421483711497,GN,0.78273,0.8901987047460831,A,0.8901987047460831,1.0,0.884753,nan
goods-s-deepjwst_73071,1287,goods-s-deepjwst,73071,73071,73071,2024-01-10,53.064192,-27.8489369,GS,4.16188,4.208167580756713,A,4.208167580756713,4.0,4.204476,-16.00846821021031
goods-n-mediumjwst_73111,1181,goods-n-mediumjwst,73111,1073111,1073111,2023-05-05,189.25968793360337,62.17482935731149,GN,2.21255,-1.0,E,nan,nan,nan,nan
goods-n-mediumjwst_73302,1181,goods-n-mediumjwst,73302,1073302,1073302,2023-05-05,189.2013634816586,62.17618510208496,GN,1.97378,1.917361,B,nan,nan,1.917361,nan
goods-n-mediumjwst_73357,1181,goods-n-mediumjwst,73357,1073357,1073357,2023-05-05,189.22213448891617,62.17662417073006,GN,2.17488,1.9784570462003743,A,1.9784570462003743,14.0,1.978397,nan
goods-n-mediumjwst_73402,1181,goods-n-mediumjwst,73402,1073402,1073402,2024-05-19,189.30765103491092,62.17745984915343,GN,3.30962,3.362815,C,nan,nan,3.362815,-17.944491444995666
goods-n-mediumjwst_73404,1181,goods-n-mediumjwst,73404,1073404,1073404,2024-05-19,189.23014077253188,62.17683048545504,GN,4.35704,4.2471865604864085,A,4.2471865604864085,2.0,4.247646,-17.276593235996284
goods-n-mediumjwst_73438,1181,goods-n-mediumjwst,73438,1073438,1073438,2024-05-19,189.2128094554202,62.17706580741802,GN,2.96523,2.973367,C,nan,nan,2.973367,nan
goods-n-mediumjwst_73440,1181,goods-n-mediumjwst,73440,1073440,1073440,2024-05-19,189.2127445658417,62.17728890798617,GN,1.37278,1.6456269626699145,A,1.6456269626699145,2.0,1.645805,nan
goods-n-mediumjwst_73449,1181,goods-n-mediumjwst,73449,1185720,-1,2024-05-19,189.2064091526391,62.1771420391114,GN,5.97155,5.78639535794006,A,5.78639535794006,2.0,5.783446,-18.02178067612917
goods-n-mediumjwst_73488,1181,goods-n-mediumjwst,73488,1073488,1073488,2023-05-05,189.19739593879788,62.17723312736484,GN,4.133,4.132547054224411,A,4.132547054224411,9.0,4.129937,-18.602997560279988
goods-n-mediumjwst_73499,1181,goods-n-mediumjwst,73499,1073499,1073499,2024-05-19,189.2197253927839,62.17745033290424,GN,1.53619,1.490751607891331,A,1.490751607891331,10.0,1.495946,nan
goods-n-mediumjwst_73511,1181,goods-n-mediumjwst,73511,1073511,1073511,2024-05-19,189.28339063435592,62.17752912340789,GN,3.0946,2.9327830390279193,A,2.9327830390279193,5.0,2.934836,nan
goods-n-mediumjwst_73584,1181,goods-n-mediumjwst,73584,1073584,1073584,2023-05-05,189.19036418224516,62.17794239196137,GN,3.58253,3.2364327521638776,A,3.2364327521638776,2.0,3.232538,-18.545420902701487
goods-n-mediumjwst_73616,1181,goods-n-mediumjwst,73616,1186997,-1,2024-05-19,189.21476887237674,62.17823496949269,GN,3.12053,2.9762937281695807,A,2.9762937281695807,2.0,2.976968,nan
goods-n-mediumjwst_73637,1181,goods-n-mediumjwst,73637,1073637,1073637,2024-05-19,189.30893473636803,62.17899505904411,GN,0.81827,0.8209762644215146,A,0.8209762644215146,12.0,0.81742,nan
goods-n-mediumjwst_73656,1181,goods-n-mediumjwst,73656,1073656,1073656,2023-05-05,189.18118422616556,62.1780716470372,GN,3.59216,-1.0,E,nan,nan,nan,nan
goods-s-mediumjwst_73678,1286,goods-s-mediumjwst,73678,73678,73678,2023-12-11,53.0444291,-27.8483777,GS,3.36247,3.1627050721299192,A,3.1627050721299192,8.0,3.165341,-18.696434722412125
goods-s-mediumjwst_73690,1286,goods-s-mediumjwst,73690,73690,73690,2023-12-11,53.0605468,-27.8484025,GS,5.50847,5.496665985279408,A,5.496665985279408,4.0,5.501456,-18.207456185229145
goods-s-mediumjwst_73692,1286,goods-s-mediumjwst,73692,73692,73692,2023-12-11,53.1377872,-27.8483924,GS,2.94818,3.23083,D,nan,nan,3.237638,-18.266153606276646
goods-s-mediumjwst_73716,1286,goods-s-mediumjwst,73716,73716,73716,2023-12-11,53.1198569,-27.8483882,GS,-1.0,7.12025,C,nan,nan,7.12025,-18.491499157349196
goods-s-mediumjwst_73753,1286,goods-s-mediumjwst,73753,73753,73753,2023-12-11,53.0556525,-27.8483636,GS,2.55889,3.886783,C,nan,nan,3.886783,-17.40244771978267
goods-n-mediumjwst_73755,1181,goods-n-mediumjwst,73755,1073755,1073755,2024-05-19,189.23638059544234,62.17865215345416,GN,0.91798,0.9489607079816011,A,0.9489607079816011,1.0,0.943534,nan
goods-n-mediumjwst_73765,1181,goods-n-mediumjwst,73765,1180660,1180660,2024-05-19,189.26918258090538,62.1786117044901,GN,1.55742,1.541189,C,nan,nan,1.541189,nan
goods-s-mediumjwst_73812,1286,goods-s-mediumjwst,73812,73812,73812,2023-12-11,53.0536803,-27.8482665,GS,-1.0,2.8269553699516825,A,2.8269553699516825,1.0,2.822184,nan
goods-n-mediumjwst_73839,1181,goods-n-mediumjwst,73839,1073839,1073839,2024-05-19,189.28526301523308,62.17903405981586,GN,2.51716,2.460444892736405,A,2.460444892736405,2.0,2.461275,nan
goods-n-mediumjwst_73849,1181,goods-n-mediumjwst,73849,1073849,1073849,2024-05-19,189.20451737228473,62.17913912034558,GN,4.77283,4.676778718726486,A,4.676778718726486,3.0,4.674199,-19.12027024896232
goods-n-mediumjwst_73977,1181,goods-n-mediumjwst,73977,1073977,1073977,2023-05-05,189.1854988611722,62.179808194320955,GN,6.78735,6.764163461607952,A,6.764163461607952,3.0,6.764337,-19.334284639473925
goods-n-mediumjwst_74046,1181,goods-n-mediumjwst,74046,1187114,-1,2024-05-19,189.2940857695172,62.1805405562213,GN,2.61697,2.2757069914944337,A,2.2757069914944337,2.0,2.291379,nan
goods-n-mediumjwst_74058,1181,goods-n-mediumjwst,74058,1074058,1074058,2024-05-19,189.3093808405994,62.18052224744427,GN,0.17522,-1.0,E,nan,nan,nan,nan
goods-n-mediumjwst_74085,1181,goods-n-mediumjwst,74085,1074085,1074085,2024-05-19,189.3002437862884,62.180791254028904,GN,1.5749,1.581082992835864,A,1.581082992835864,3.0,1.569864,nan
goods-n-mediumjwst_74111,1181,goods-n-mediumjwst,74111,1074111,1074111,2023-05-05,189.18051174278185,62.18046542112819,GN,9.50354,8.60253,C,nan,nan,8.60253,-19.72534848280094
goods-n-mediumjwst_74226,1181,goods-n-mediumjwst,74226,1074226,1074226,2024-05-19,189.19994432350796,62.18121733090918,GN,2.67715,2.946392962518696,A,2.946392962518696,6.0,2.941434,nan
goods-n-mediumjwst_74298,1181,goods-n-mediumjwst,74298,1074298,1074298,2024-05-19,189.19468185059083,62.181720457854354,GN,5.16149,5.184194120404376,A,5.184194120404376,4.0,5.183932,-19.200893874743734
goods-n-mediumjwst_74306,1181,goods-n-mediumjwst,74306,1074306,1074306,2024-05-19,189.29563672997253,62.1818852869047,GN,3.41693,3.3585718776175213,A,3.3585718776175213,5.0,3.358386,-18.826809186817876
goods-s-mediumjwst_74308,1286,goods-s-mediumjwst,74308,74308,74308,2023-12-11,53.0936417,-27.8476857,GS,2.13271,1.9879042576441037,A,1.9879042576441037,2.0,1.993378,nan
goods-n-mediumjwst_74401,1181,goods-n-mediumjwst,74401,1074401,1074401,2024-05-19,189.23333916839826,62.1820949227498,GN,1.55703,1.55703,C,nan,nan,1.55703,nan
goods-n-mediumjwst_74501,1181,goods-n-mediumjwst,74501,1074501,1074501,2024-05-19,189.31500879599233,62.18264651785033,GN,1.02724,1.0409880344020794,A,1.0409880344020794,3.0,1.024339,nan
goods-n-mediumjwst_74556,1181,goods-n-mediumjwst,74556,1074556,1074556,2024-05-19,189.29273502698098,62.18300040246433,GN,0.44562,-1.0,E,nan,nan,nan,nan
goods-s-mediumjwst_74617,1286,goods-s-mediumjwst,74617,74617,74617,2023-12-11,53.1188047,-27.8474193,GS,4.34354,4.139224,C,nan,nan,4.139224,-17.83914512925211
goods-n-mediumjwst_74665,1181,goods-n-mediumjwst,74665,1074665,1074665,2024-05-19,189.21884500911065,62.183198797034684,GN,3.58329,4.219885078612073,A,4.219885078612073,1.0,4.22003,nan
goods-n-mediumjwst_74689,1181,goods-n-mediumjwst,74689,1074689,1074689,2024-05-19,189.22861311924348,62.183654548106176,GN,0.88565,0.954158564428428,A,0.954158564428428,3.0,0.956471,nan
goods-s-mediumjwst_74724,1286,goods-s-mediumjwst,74724,74724,74724,2023-12-11,53.1398509,-27.8473389,GS,1.50164,1.3826724453855377,A,1.3826724453855377,3.0,1.38609,nan
goods-s-mediumjwst_74910,1286,goods-s-mediumjwst,74910,74910,74910,2023-10-19,53.1525464,-27.8471795,GS,1.34899,-1.0,E,nan,nan,nan,nan
goods-n-mediumjwst_74930,1181,goods-n-mediumjwst,74930,1074930,1074930,2024-05-19,189.19959215217187,62.18497321767923,GN,2.61514,2.345739272105914,A,2.345739272105914,14.0,2.345324,nan
goods-n-mediumjwst_75048,1181,goods-n-mediumjwst,75048,1075048,1075048,2024-05-19,189.20183486667133,62.18575484405735,GN,4.43352,3.9264472884947024,A,3.9264472884947024,1.0,3.92665,-17.041837538273896
goods-s-mediumjwst_75071,1286,goods-s-mediumjwst,75071,75071,75071,2023-10-19,53.1532932,-27.8470362,GS,-1.0,3.59,D,nan,nan,3.59,-17.366793937558896
goods-n-mediumjwst_75110,1181,goods-n-mediumjwst,75110,1075110,1075110,2024-05-19,189.29379063365408,62.186424618189385,GN,3.25519,-1.0,E,nan,nan,nan,nan
goods-n-mediumjwst_75137,1181,goods-n-mediumjwst,75137,1075137,1075137,2024-05-19,189.19656217466076,62.186048284769015,GN,2.84744,2.60851,C,nan,nan,2.60851,nan
goods-n-mediumjwst_75148,1181,goods-n-mediumjwst,75148,1075148,1075148,2024-05-19,189.22740952512424,62.18650659670229,GN,2.51426,2.302512006684853,A,2.302512006684853,5.0,2.29785,nan
goods-n-mediumjwst_75168,1181,goods-n-mediumjwst,75168,1075168,1075168,2024-05-19,189.23797853889903,62.18630332039843,GN,11.68907,3.153916,C,nan,nan,3.153916,nan
goods-s-mediumjwst_75364,1286,goods-s-mediumjwst,75364,75364,75364,2023-12-11,53.0869532,-27.8465987,GS,-1.0,-1.0,E,nan,nan,nan,nan
goods-s-mediumjwst_75489,1286,goods-s-mediumjwst,75489,75489,75489,2023-12-11,53.1197062,-27.8465851,GS,5.34841,-1.0,E,nan,nan,nan,nan
goods-n-mediumjwst_75722,1181,goods-n-mediumjwst,75722,1075722,1075722,2024-05-19,189.2824630838061,62.1893039960478,GN,0.0,1.595182,C,nan,nan,1.595182,nan
goods-n-mediumjwst_75891,1181,goods-n-mediumjwst,75891,1075891,1075891,2024-05-19,189.26683894488494,62.189889794448035,GN,2.07483,2.015435824208538,A,2.015435824208538,3.0,2.041493,nan
goods-s-deepjwst_75935,1287,goods-s-deepjwst,75935,75935,75935,2024-01-10,53.0695672,-27.8461686,GS,12.57326,-1.0,E,nan,nan,nan,nan
goods-n-mediumjwst_75937,1181,goods-n-mediumjwst,75937,1075937,1075937,2024-05-19,189.27310950217233,62.19008850309343,GN,4.23436,4.152752944165389,A,4.152752944165389,3.0,4.152508,-17.54716202346888
goods-n-mediumjwst_76015,1181,goods-n-mediumjwst,76015,1076015,1076015,2023-05-05,189.28143553119776,62.19031530144504,GN,3.61845,3.6655734691922164,A,3.6655734691922164,4.0,3.668635,-18.967739148937888
goods-n-mediumjwst_76063,1181,goods-n-mediumjwst,76063,1076063,1076063,2024-05-19,189.19845804230917,62.19065901058084,GN,2.16326,2.0866380968560136,A,2.0866380968560136,3.0,2.081039,nan
goods-s-mediumjwst_76187,1286,goods-s-mediumjwst,76187,76187,76187,2023-10-19,53.1520932,-27.8458726,GS,1.62078,1.707,C,nan,nan,1.707,nan
goods-n-mediumjwst_76320,1181,goods-n-mediumjwst,76320,1076320,1076320,2024-05-19,189.22145674486958,62.19240220613234,GN,9.43661,3.244075020759285,A,3.244075020759285,1.0,3.251244,-17.36658111550619
goods-n-mediumjwst_76348,1181,goods-n-mediumjwst,76348,1076348,1076348,2023-05-05,189.29982772632823,62.19197201389159,GN,1.97724,1.786420374982685,A,1.786420374982685,11.0,1.788128,nan
goods-n-mediumjwst_76402,1181,goods-n-mediumjwst,76402,1076402,1076402,2023-05-05,189.2776131310575,62.19219760362192,GN,1.94758,3.246079303274395,A,3.246079303274395,3.0,3.23311,-19.48069444155325
goods-s-mediumjwst_76411,1286,goods-s-mediumjwst,76411,76411,76411,2023-10-19,53.1706181,-27.8457166,GS,2.34499,-1.0,E,nan,nan,nan,nan
goods-n-mediumjwst_76477,1181,goods-n-mediumjwst,76477,1076477,1076477,2023-05-05,189.28066371242323,62.19241210585681,GN,0.39623,0.0,E,nan,nan,nan,nan
goods-n-mediumjwst_76489,1181,goods-n-mediumjwst,76489,1076489,1076489,2023-05-05,189.2786201488825,62.192441185161485,GN,3.61935,4.427599955340177,A,4.427599955340177,2.0,4.428352,-17.492225024225604
goods-n-mediumjwst_76498,1181,goods-n-mediumjwst,76498,1076498,1076498,2024-05-19,189.28550161225357,62.19273186524141,GN,5.5656,2.487931454325378,A,2.487931454325378,12.0,2.507535,nan
goods-s-mediumjwst_76543,1286,goods-s-mediumjwst,76543,76543,76543,2023-12-11,53.0628403,-27.8455447,GS,3.66978,1.2201409602288955,A,1.2201409602288955,2.0,1.227608,nan
goods-n-mediumjwst_76574,1181,goods-n-mediumjwst,76574,1076574,1076574,2024-05-19,189.20578435543945,62.192809837025194,GN,2.64569,2.594492930297815,A,2.594492930297815,2.0,2.603095,nan
goods-n-mediumjwst_76587,1181,goods-n-mediumjwst,76587,1076587,1076587,2023-05-05,189.29870870455102,62.19324839294793,GN,4.16676,3.7292068181103524,A,3.7292068181103524,3.0,3.73386,-18.19459352287604
goods-s-mediumjwst_76597,1286,goods-s-mediumjwst,76597,76597,76597,2023-12-11,53.0589685,-27.8455032,GS,1.72686,-1.0,E,nan,nan,nan,nan
goods-n-mediumjwst_76622,1181,goods-n-mediumjwst,76622,1076622,1076622,2023-05-05,189.28018270535753,62.193130365060455,GN,0.9311,0.9368,C,nan,nan,0.9368,nan
goods-n-mediumjwst_76626,1181,goods-n-mediumjwst,76626,1076626,1076626,2024-05-19,189.28129382428895,62.19330041409404,GN,2.84569,2.80179536825149,A,2.80179536825149,8.0,2.807461,nan
goods-n-mediumjwst_76713,1181,goods-n-mediumjwst,76713,1076713,1076713,2023-05-05,189.28245480227295,62.193840905038165,GN,0.56677,0.5564843065029257,A,0.5564843065029257,1.0,0.549971,nan
goods-s-mediumjwst_76840,1286,goods-s-mediumjwst,76840,76840,76840,2023-12-11,53.1365655,-27.8453233,GS,0.8567,-1.0,E,nan,nan,nan,nan
goods-n-mediumjwst_76862,1181,goods-n-mediumjwst,76862,1076862,1076862,2024-05-19,189.22624870560682,62.19426499743148,GN,0.74069,0.7774640202114782,A,0.7774640202114782,6.0,0.778863,nan
goods-n-mediumjwst_76927,1181,goods-n-mediumjwst,76927,1076927,1076927,2023-05-05,189.3106122675535,62.19443129466115,GN,4.47646,4.412491308835213,A,4.412491308835213,4.0,4.413834,-18.806530494503736
goods-n-mediumjwst_76983,1181,goods-n-mediumjwst,76983,1076983,1076983,2023-05-05,189.26104247439125,62.19482094723388,GN,2.68163,2.850147129782899,A,2.850147129782899,12.0,2.852868,nan
goods-s-mediumjwst_76988,1286,goods-s-mediumjwst,76988,76988,76988,2023-12-11,53.0823563,-27.8450476,GS,2.36628,2.409386742174118,A,2.409386742174118,12.0,2.410815,nan
goods-n-mediumjwst_76995,1181,goods-n-mediumjwst,76995,1076995,1076995,2023-05-05,189.30217248508876,62.19478038204306,GN,3.1942,3.1848590294486097,A,3.1848590294486097,3.0,3.188153,-17.738042113676002
goods-s-mediumjwst_77001,1286,goods-s-mediumjwst,77001,77001,77001,2023-12-11,53.0779704,-27.8451238,GS,5.12711,-1.0,E,nan,nan,nan,nan
goods-n-mediumjwst_77071,1181,goods-n-mediumjwst,77071,1077071,1077071,2023-05-05,189.2288977856098,62.19547699638943,GN,3.12107,2.9734965499916237,A,2.9734965499916237,14.0,2.976897,nan
goods-n-mediumjwst_77085,1181,goods-n-mediumjwst,77085,1077085,1077085,2024-05-19,189.19531469740303,62.19579937091339,GN,1.07006,1.051445,C,nan,nan,1.051445,nan
goods-n-mediumjwst_77091,1181,goods-n-mediumjwst,77091,1077091,1077091,2024-05-19,189.1944023737518,62.19617541326057,GN,3.60568,3.7375431644456345,A,3.7375431644456345,7.0,3.726779,-19.292674745853077
goods-n-mediumjwst_77094,1181,goods-n-mediumjwst,77094,1077094,1077094,2024-05-19,189.21028019584784,62.195452745430735,GN,0.26179,-1.0,E,nan,nan,nan,nan
goods-n-mediumjwst_77120,1181,goods-n-mediumjwst,77120,1077120,1077120,2024-05-19,189.27748708687307,62.19583850149064,GN,1.81147,1.7859525710404682,A,1.7859525710404682,1.0,1.78608,nan
goods-s-mediumjwst_77125,1286,goods-s-mediumjwst,77125,77125,77125,2023-10-19,53.1522771,-27.8450272,GS,2.44991,2.44991,C,nan,nan,2.44991,nan
goods-n-mediumjwst_77175,1181,goods-n-mediumjwst,77175,1077175,1077175,2024-05-19,189.29614691634185,62.19614905938867,GN,2.44986,2.4121795420772663,A,2.4121795420772663,14.0,2.410782,nan
goods-n-mediumjwst_77220,1181,goods-n-mediumjwst,77220,1077220,1077220,2024-05-19,189.3149527284208,62.19629742982105,GN,2.98069,2.9320071160996686,A,2.9320071160996686,9.0,2.934634,nan
goods-n-mediumjwst_77310,1181,goods-n-mediumjwst,77310,1077310,1077310,2024-05-19,189.21464426255625,62.196924096059206,GN,3.39222,3.4486617273934184,A,3.4486617273934184,7.0,3.446728,-19.366639439219934
goods-n-mediumjwst_77416,1181,goods-n-mediumjwst,77416,1077416,1077416,2023-05-05,189.26488169220622,62.19783256185314,GN,1.77472,1.6688568701387314,A,1.6688568701387314,1.0,1.659489,nan
goods-n-mediumjwst_77430,1181,goods-n-mediumjwst,77430,1077430,1077430,2023-05-05,189.22748057768126,62.19743872722234,GN,3.24953,3.1453490248684464,A,3.1453490248684464,1.0,3.14607,-16.652938566593793
goods-n-mediumjwst_77521,1181,goods-n-mediumjwst,77521,1077521,1077521,2024-05-19,189.30037818537394,62.19792944430783,GN,0.97894,0.95974440993093,A,0.95974440993093,14.0,0.956863,nan
goods-s-mediumjwst_77530,1286,goods-s-mediumjwst,77530,77530,77530,2023-10-19,53.1363695,-27.8446542,GS,1.91824,-1.0,E,nan,nan,nan,nan
goods-n-mediumjwst_77533,1181,goods-n-mediumjwst,77533,1077533,1077533,2023-05-05,189.23033853038243,62.19808447870117,GN,3.61165,4.46017,D,nan,nan,4.46017,-17.755823374585546
goods-n-mediumjwst_77571,1181,goods-n-mediumjwst,77571,1077571,1077571,2023-05-05,189.22714459635608,62.19837371156736,GN,1.89568,1.7860252052171388,A,1.7860252052171388,8.0,1.791502,nan
goods-n-mediumjwst_77624,1181,goods-n-mediumjwst,77624,1077624,1077624,2024-05-19,189.30310947025725,62.19842618025661,GN,2.37087,2.6349586230765,A,2.6349586230765,8.0,2.630808,nan
goods-s-mediumjwst_77629,1286,goods-s-mediumjwst,77629,77629,77629,2023-12-11,53.0556569,-27.8445116,GS,2.98216,3.4813290360823683,A,3.4813290360823683,2.0,3.486833,-15.810323259617682
goods-n-mediumjwst_77652,1181,goods-n-mediumjwst,77652,1077652,1077652,2023-05-05,189.2932284000273,62.19900294504311,GN,5.229,5.228129672272556,A,5.228129672272556,4.0,5.228928,-18.162575732827573
goods-n-mediumjwst_77681,1181,goods-n-mediumjwst,77681,1077681,1077681,2024-05-19,189.31011057234738,62.198515164873086,GN,2.46997,2.062282,C,nan,nan,2.062282,nan
goods-n-mediumjwst_77713,1181,goods-n-mediumjwst,77713,1077713,1077713,2023-05-05,189.22413263154252,62.198629997511105,GN,1.2038,2.41501284928028,A,2.41501284928028,3.0,2.417268,nan
goods-n-mediumjwst_77723,1181,goods-n-mediumjwst,77723,1077723,1077723,2024-05-19,189.20743023849553,62.19885264524199,GN,0.64499,-1.0,E,nan,nan,nan,nan
goods-n-mediumjwst_77736,1181,goods-n-mediumjwst,77736,1077736,1077736,2023-05-05,189.2271853810687,62.199010223054096,GN,3.1217,-1.0,E,nan,nan,nan,nan
goods-n-mediumjwst_77760,1181,goods-n-mediumjwst,77760,1203667,1077760,2023-05-05,189.30848363170284,62.19910258711254,GN,7.74116,2.593780853138421,A,2.593780853138421,5.0,2.603255,nan
goods-n-mediumjwst_77786,1181,goods-n-mediumjwst,77786,1077786,1077786,2024-05-19,189.27592199627156,62.19919983093855,GN,3.57722,3.6744317620185685,A,3.6744317620185685,6.0,3.672813,-18.358560271420536
goods-s-mediumjwst_77833,1286,goods-s-mediumjwst,77833,77833,77833,2023-12-11,53.096705,-27.8442671,GS,3.30908,3.295595111032697,A,3.295595111032697,4.0,3.298349,-18.264349336936984
goods-n-mediumjwst_77839,1181,goods-n-mediumjwst,77839,1077839,1077839,2024-05-19,189.2333815469682,62.19926118558555,GN,3.24944,3.2444577877609557,A,3.2444577877609557,5.0,3.234854,-17.6017925354354
goods-n-mediumjwst_77878,1181,goods-n-mediumjwst,77878,1077878,1077878,2024-05-19,189.20377062334032,62.19963856383244,GN,2.77022,2.38276,C,nan,nan,2.38276,nan
goods-n-mediumjwst_77882,1181,goods-n-mediumjwst,77882,1077882,1077882,2024-05-19,189.24058866658922,62.19954937881643,GN,2.73562,2.73562,D,nan,nan,2.73562,nan
goods-n-mediumjwst_77917,1181,goods-n-mediumjwst,77917,1077917,1077917,2024-05-19,189.22025679980803,62.19967895219374,GN,14.77661,5.1819168067171,A,5.1819168067171,2.0,5.18598,nan
goods-s-mediumjwst_77943,1286,goods-s-mediumjwst,77943,77943,77943,2023-12-11,53.0812402,-27.8441831,GS,1.56373,1.49835,D,nan,nan,1.49835,nan
goods-n-mediumjwst_77987,1181,goods-n-mediumjwst,77987,1077987,1077987,2023-05-05,189.21708138344107,62.20034127299411,GN,6.74701,1.7943506966491902,A,1.7943506966491902,5.0,1.795301,nan
goods-n-mediumjwst_78013,1181,goods-n-mediumjwst,78013,1078013,1078013,2024-05-19,189.21883773654304,62.200404444423924,GN,3.74777,-1.0,E,nan,nan,nan,nan
goods-n-mediumjwst_78023,1181,goods-n-mediumjwst,78023,1078023,1078023,2023-05-05,189.20735092748146,62.200468858801955,GN,3.09007,3.2223461757698155,A,3.2223461757698155,2.0,3.214395,-17.278782216284704
goods-n-mediumjwst_78032,1181,goods-n-mediumjwst,78032,1078032,1078032,2023-05-05,189.20609331630772,62.20050402276852,GN,2.43943,2.4423946507900873,A,2.4423946507900873,11.0,2.431625,nan
goods-n-mediumjwst_78040,1181,goods-n-mediumjwst,78040,1078040,1078040,2023-05-05,189.20330259796344,62.2005805064482,GN,0.82475,0.9885,D,nan,nan,0.9885,nan
goods-s-mediumjwst_78047,1286,goods-s-mediumjwst,78047,78047,78047,2023-10-19,53.1248786,-27.8441093,GS,1.59401,1.5989701380059476,A,1.5989701380059476,3.0,1.598099,nan
goods-n-mediumjwst_78109,1181,goods-n-mediumjwst,78109,1078109,1078109,2023-05-05,189.27924055507518,62.206851938852914,GN,7.8443,2.919414570224677,A,2.919414570224677,5.0,2.919125,nan
goods-n-mediumjwst_78177,1181,goods-n-mediumjwst,78177,1187984,-1,2023-05-05,189.2911093697827,62.210600393989,GN,2.48373,0.96887,D,nan,nan,0.954373,nan
goods-s-mediumjwst_78187,1286,goods-s-mediumjwst,78187,78187,78187,2023-12-11,53.0924225,-27.8438616,GS,-1.0,0.572,D,nan,nan,0.572,nan
goods-s-mediumjwst_78274,1286,goods-s-mediumjwst,78274,78274,78274,2023-12-11,53.1197921,-27.8438821,GS,5.80673,5.60673,D,nan,nan,5.60673,-17.08183689731674
goods-n-mediumjwst_78349,1181,goods-n-mediumjwst,78349,1078349,1078349,2023-05-05,189.20996511360417,62.20140379314698,GN,2.96346,2.8487267866038835,A,2.8487267866038835,5.0,2.848734,nan
goods-s-mediumjwst_78426,1286,goods-s-mediumjwst,78426,78426,78426,2023-10-19,53.1325882,-27.8436575,GS,1.99232,2.0079375673724136,A,2.0079375673724136,2.0,2.004188,nan
goods-n-mediumjwst_78453,1181,goods-n-mediumjwst,78453,1078453,1078453,2023-05-05,189.23509176262615,62.202577194164206,GN,0.33728,-1.0,E,nan,nan,nan,nan
goods-n-mediumjwst_78455,1181,goods-n-mediumjwst,78455,1078455,1078455,2023-05-05,189.23197125786777,62.20233041140709,GN,6.62272,6.547726459919874,A,6.547726459919874,3.0,6.545853,-18.83865191508561
goods-n-mediumjwst_78501,1181,goods-n-mediumjwst,78501,1078501,1078501,2023-05-05,189.21618421155932,62.20223630109797,GN,1.87362,1.7959092141145598,A,1.7959092141145598,4.0,1.806987,nan
goods-s-mediumjwst_78503,1286,goods-s-mediumjwst,78503,78503,78503,2023-12-11,53.0780598,-27.8435713,GS,1.50738,-1.0,E,nan,nan,nan,nan
goods-n-mediumjwst_78663,1181,goods-n-mediumjwst,78663,1078664,1078664,2023-05-05,189.19735248862995,62.20291196393286,GN,2.59362,-1.0,E,nan,nan,nan,nan
goods-n-mediumjwst_78664,1181,goods-n-mediumjwst,78664,1078665,1078664,2023-05-05,189.1976326243129,62.203041304136725,GN,1.66727,1.576422088445029,A,1.576422088445029,2.0,1.565782,nan
goods-n-mediumjwst_78760,1181,goods-n-mediumjwst,78760,1078760,1078760,2023-05-05,189.1993776734077,62.2036028114666,GN,1.77117,1.83601,D,nan,nan,1.83601,nan
goods-s-mediumjwst_78769,1286,goods-s-mediumjwst,78769,78769,78769,2023-12-11,53.1396684,-27.843304,GS,4.49622,-1.0,E,nan,nan,nan,nan
goods-n-mediumjwst_78773,1181,goods-n-mediumjwst,78773,1078773,1078773,2023-05-05,189.20294216154755,62.204653911699545,GN,5.186,5.187028101421117,A,5.187028101421117,10.0,5.186089,-20.531783254993854
goods-s-mediumjwst_78803,1286,goods-s-mediumjwst,78803,78803,78803,2023-12-11,53.1327265,-27.8432524,GS,2.35485,2.649594013973785,A,2.649594013973785,2.0,2.651831,nan
goods-s-mediumjwst_78866,1286,goods-s-mediumjwst,78866,78866,78866,2023-12-11,53.094267,-27.8431956,GS,1.47767,-1.0,E,nan,nan,nan,nan
goods-n-mediumjwst_78888,1181,goods-n-mediumjwst,78888,1078888,1078888,2023-05-05,189.27469701931585,62.204544786674596,GN,3.53149,3.6745447426748905,A,3.6745447426748905,12.0,3.671994,-18.91616605505962
goods-n-mediumjwst_78891,1181,goods-n-mediumjwst,78891,1078891,1078891,2023-05-05,189.22582389614723,62.204214693412936,GN,6.549,6.547911784410367,A,6.547911784410367,8.0,6.550387,-20.00409140192417
goods-n-mediumjwst_78931,1181,goods-n-mediumjwst,78931,1078931,1078931,2023-05-05,189.19722482248952,62.204410778451276,GN,2.68693,2.802312789455586,A,2.802312789455586,6.0,2.802099,nan
goods-s-mediumjwst_78933,1286,goods-s-mediumjwst,78933,78933,78933,2023-12-11,53.05501,-27.8430961,GS,2.77509,3.199097,B,nan,nan,3.199097,-18.025343046949345
goods-s-mediumjwst_78938,1286,goods-s-mediumjwst,78938,78938,78938,2023-12-11,53.0771359,-27.8431002,GS,2.00944,-1.0,E,nan,nan,nan,nan
goods-n-mediumjwst_78964,1181,goods-n-mediumjwst,78964,1078964,1078964,2023-05-05,189.21525316409176,62.20456479957215,GN,1.50961,-1.0,E,nan,nan,nan,nan
goods-s-mediumjwst_79065,1286,goods-s-mediumjwst,79065,79065,79065,2023-10-19,53.119655,-27.842954,GS,3.62992,3.583481566342665,A,3.583481566342665,5.0,3.581767,-17.757520670990356
goods-n-mediumjwst_79067,1181,goods-n-mediumjwst,79067,1079067,1079067,2023-05-05,189.2247579438089,62.205260024670096,GN,1.61656,1.5298,C,nan,nan,1.5298,nan
goods-n-mediumjwst_79092,1181,goods-n-mediumjwst,79092,1079092,1079092,2023-05-05,189.28169795789046,62.20555024959594,GN,3.12267,2.82507,D,nan,nan,2.82507,nan
goods-s-mediumjwst_79151,1286,goods-s-mediumjwst,79151,79151,-1,2023-12-11,53.0733496,-27.8428877,GS,3.57583,-1.0,E,nan,nan,nan,nan
goods-s-mediumjwst_79170,1286,goods-s-mediumjwst,79170,79170,79170,2023-12-11,53.061948,-27.8427939,GS,6.02233,5.839289053537925,A,5.839289053537925,4.0,5.843067,-19.80761767257744
goods-n-mediumjwst_79203,1181,goods-n-mediumjwst,79203,1079203,1079203,2023-05-05,189.30683809212172,62.20610261259651,GN,2.48792,2.269023825332778,A,2.269023825332778,11.0,2.275562,nan
goods-n-mediumjwst_79275,1181,goods-n-mediumjwst,79275,1079275,1079275,2023-05-05,189.3195798810313,62.2064839134615,GN,1.62979,1.45799,D,nan,nan,1.45799,nan
goods-n-mediumjwst_79294,1181,goods-n-mediumjwst,79294,1079294,1079294,2023-05-05,189.21867905329393,62.20685386740237,GN,2.43082,2.0656751872639885,A,2.0656751872639885,9.0,2.062411,nan
goods-n-mediumjwst_79297,1181,goods-n-mediumjwst,79297,1079297,1079297,2023-05-05,189.2160836828562,62.20711018572861,GN,2.00695,2.0159935297670755,A,2.0159935297670755,4.0,2.01818,nan
goods-n-mediumjwst_79298,1181,goods-n-mediumjwst,79298,1188404,-1,2023-05-05,189.21817333582703,62.206969482092546,GN,3.68167,-1.0,E,nan,nan,nan,nan
goods-n-mediumjwst_79309,1181,goods-n-mediumjwst,79309,1079309,1079309,2023-05-05,189.22462296563174,62.206811771579005,GN,1.91032,1.7953103754670656,A,1.7953103754670656,16.0,1.80057,nan
goods-n-mediumjwst_79328,1181,goods-n-mediumjwst,79328,1079328,1079328,2023-05-05,189.23749002546526,62.20694549574707,GN,2.43542,2.14312,D,nan,nan,2.14312,nan
goods-n-mediumjwst_79349,1181,goods-n-mediumjwst,79349,1079349,1079349,2023-05-05,189.2096822503862,62.207252037072735,GN,5.183,5.181003804648034,A,5.181003804648034,7.0,5.179485,-19.71157310889802
goods-n-mediumjwst_79358,1181,goods-n-mediumjwst,79358,1079358,1079358,2023-05-05,189.20789795705522,62.20750141620577,GN,2.42747,2.0076758531801246,A,2.0076758531801246,4.0,2.01107,nan
goods-n-mediumjwst_79373,1181,goods-n-mediumjwst,79373,1079373,1079373,2023-05-05,189.3106473119761,62.20704794075293,GN,2.65381,2.458594466624764,A,2.458594466624764,2.0,2.471365,nan
goods-n-mediumjwst_79393,1181,goods-n-mediumjwst,79393,1188426,1079393,2023-05-05,189.1954655839267,62.20722437401489,GN,3.08963,2.9663266916385753,A,2.9663266916385753,11.0,2.962148,nan
goods-n-mediumjwst_79534,1181,goods-n-mediumjwst,79534,1079534,1079534,2023-05-05,189.21495280563136,62.20797855767568,GN,2.81953,3.224878828498142,A,3.224878828498142,5.0,3.212581,-17.680266055005596
goods-n-mediumjwst_79572,1181,goods-n-mediumjwst,79572,1079572,1079572,2023-05-05,189.14928355934762,62.208303143506186,GN,4.26169,3.9667572693186264,A,3.9667572693186264,4.0,3.965488,-18.29236170385921
goods-s-mediumjwst_79644,1286,goods-s-mediumjwst,79644,79644,79644,2023-12-11,53.0589256,-27.8422315,GS,6.16451,5.838247,B,nan,nan,5.838247,-18.4710343077519
goods-s-mediumjwst_79649,1286,goods-s-mediumjwst,79649,79649,79649,2023-12-11,53.1271708,-27.842235,GS,-1.0,-1.0,E,nan,nan,nan,nan
goods-s-mediumjwst_79685,1286,goods-s-mediumjwst,79685,79685,79685,2023-12-11,53.0739373,-27.8421815,GS,1.31135,1.31135,D,nan,nan,1.31135,nan
goods-s-mediumjwst_79701,1286,goods-s-mediumjwst,79701,79701,79701,2023-12-11,53.0541393,-27.8421859,GS,2.78925,3.47563,C,nan,nan,3.47563,-14.999684837514145
goods-n-mediumjwst_79730,1181,goods-n-mediumjwst,79730,-7,-1,2023-05-05,189.14080007009147,62.20923035791543,GN,2.9586,-1.0,E,nan,nan,nan,nan
goods-s-mediumjwst_79753,1286,goods-s-mediumjwst,79753,79753,79753,2023-10-19,53.1256846,-27.8421168,GS,1.55767,1.3881646946532737,A,1.3881646946532737,2.0,1.38841,nan
goods-s-mediumjwst_79869,1286,goods-s-mediumjwst,79869,79869,79869,2023-10-19,53.1742284,-27.8419618,GS,0.55764,-1.0,E,nan,nan,nan,nan
goods-n-mediumjwst_80048,1181,goods-n-mediumjwst,80048,1080048,1080048,2023-05-05,189.27276620140813,62.21085059859511,GN,3.46432,3.41476,C,nan,nan,3.41476,-18.841610386057173
goods-n-mediumjwst_80088,1181,goods-n-mediumjwst,80088,1219339,1080088,2023-05-05,189.239114535957,62.21093755816469,GN,9.64101,9.74351,C,nan,nan,9.74351,-19.02043807462466
goods-s-mediumjwst_80111,1286,goods-s-mediumjwst,80111,80111,80111,2023-12-11,53.0952712,-27.8417481,GS,4.03138,-1.0,E,nan,nan,nan,nan
goods-n-mediumjwst_80185,1181,goods-n-mediumjwst,80185,1080185,1080185,2023-05-05,189.1484725201685,62.21165962686518,GN,5.49,5.487760854370547,A,5.487760854370547,4.0,5.486216,-18.868275519295253
goods-n-mediumjwst_80188,1181,goods-n-mediumjwst,80188,1080188,1080188,2023-05-05,189.2916425,62.2118435,GN,-99.0,1.2219074022352672,A,1.2219074022352672,4.0,1.222533,nan
goods-n-mediumjwst_80199,1181,goods-n-mediumjwst,80199,1080199,1080199,2023-05-05,189.2964163705811,62.211836212326915,GN,3.31864,3.428285552924816,A,3.428285552924816,1.0,3.425314,-17.462893444968053
goods-s-mediumjwst_80255,1286,goods-s-mediumjwst,80255,80255,80255,2023-12-11,53.0966472,-27.8414993,GS,3.65376,-1.0,E,nan,nan,nan,nan
goods-n-mediumjwst_80267,1181,goods-n-mediumjwst,80267,1080267,1080267,2023-05-05,189.19732884144042,62.21201532510898,GN,4.41472,4.351894177101171,A,4.351894177101171,2.0,4.350489,-18.899196037390787
goods-n-mediumjwst_80353,1181,goods-n-mediumjwst,80353,1080353,1080353,2023-05-05,189.24328134746654,62.212238560822264,GN,1.19161,1.251548,C,nan,nan,1.251548,nan
goods-n-mediumjwst_80391,1181,goods-n-mediumjwst,80391,1080391,1080391,2023-05-05,189.1942181047572,62.212505543616544,GN,4.68138,4.6156628156248445,A,4.6156628156248445,2.0,4.614982,-19.479016748622204
goods-n-mediumjwst_80465,1181,goods-n-mediumjwst,80465,1080465,1080465,2023-05-05,189.2020154794345,62.21292183046616,GN,1.85832,2.0142398874270553,A,2.0142398874270553,2.0,2.023884,nan
goods-s-mediumjwst_80509,1286,goods-s-mediumjwst,80509,80509,80509,2023-10-19,53.1644647,-27.8411596,GS,2.02335,-1.0,E,nan,nan,nan,nan
goods-n-mediumhst_80538,1181,goods-n-mediumhst,80538,1027287,1027287,2023-02-07,189.19472097400137,62.2461233679701,GN,2.004,2.0036037478059088,A,2.0036037478059088,14.0,2.005129,nan
goods-n-mediumjwst_80582,1181,goods-n-mediumjwst,80582,1080582,1080582,2023-05-05,189.1553321551909,62.21577162177739,GN,2.96941,2.8520937574032557,A,2.8520937574032557,3.0,2.850642,nan
goods-n-mediumjwst_80660,1181,goods-n-mediumjwst,80660,1080660,1080660,2023-05-05,189.27544872581637,62.21413534445617,GN,4.36592,4.399019545274271,A,4.399019545274271,2.0,4.40382,-18.983437808561227
goods-s-mediumjwst_80737,1286,goods-s-mediumjwst,80737,80737,80737,2023-10-19,53.1621704,-27.8409075,GS,4.15935,4.08750347825394,A,4.08750347825394,2.0,4.093906,-16.99216037974188
goods-n-mediumjwst_80742,1181,goods-n-mediumjwst,80742,1080742,1080742,2023-05-05,189.21766458056058,62.2144971260055,GN,2.43532,2.4191852307957804,A,2.4191852307957804,14.0,2.422824,nan
goods-n-mediumjwst_80807,1181,goods-n-mediumjwst,80807,1080807,1080807,2023-05-05,189.16892564135557,62.214897459890544,GN,1.60502,1.47933696260182,A,1.47933696260182,3.0,1.477527,nan
goods-n-mediumjwst_80875,1181,goods-n-mediumjwst,80875,1080875,1080875,2023-05-05,189.20628969144744,62.215329838501034,GN,5.185,5.182127,B,nan,nan,5.182127,-19.99196221519636
goods-n-mediumjwst_80904,1181,goods-n-mediumjwst,80904,1080904,1080904,2023-05-05,189.23796743662842,62.21543355961281,GN,4.44679,-1.0,E,nan,nan,nan,nan
goods-s-mediumjwst_80917,1286,goods-s-mediumjwst,80917,80917,80917,2023-12-11,53.1291297,-27.8406798,GS,-1.0,2.84734,D,nan,nan,2.84734,nan
goods-n-mediumjwst_80941,1181,goods-n-mediumjwst,80941,1080941,1080941,2023-05-05,189.23669481769522,62.218056084377544,GN,1.1689,1.27362,C,nan,nan,1.27362,nan
goods-n-mediumjwst_80944,1181,goods-n-mediumjwst,80944,1080944,1080944,2023-05-05,189.16192286203085,62.21591370045181,GN,1.17346,1.144852354548393,A,1.144852354548393,2.0,1.158847,nan
goods-s-mediumjwst_81034,1286,goods-s-mediumjwst,81034,81034,81034,2023-12-11,53.0883139,-27.8404243,GS,5.52348,5.390526983363621,A,5.390526983363621,10.0,5.388972,-19.084537106354833
goods-n-mediumjwst_81046,1181,goods-n-mediumjwst,81046,1081046,1081046,2023-05-05,189.24135324581792,62.21625070185368,GN,2.60228,2.442412211694795,A,2.442412211694795,11.0,2.435849,nan
goods-n-mediumjwst_81063,1181,goods-n-mediumjwst,81063,1081063,1081063,2023-05-05,189.21988721299863,62.216395366588955,GN,3.97101,3.874623394223111,A,3.874623394223111,2.0,3.868008,-18.956886804242654
goods-s-mediumjwst_81113,1286,goods-s-mediumjwst,81113,81113,81113,2023-10-19,53.165375,-27.8403716,GS,6.26229,5.78344,C,nan,nan,5.78344,-18.484508891476494
goods-s-mediumjwst_81117,1286,goods-s-mediumjwst,81117,81117,81117,2023-12-11,53.1217034,-27.8403586,GS,3.53631,3.6507885229148225,A,3.6507885229148225,2.0,3.639993,-17.897412041903245
goods-n-mediumjwst_81121,1181,goods-n-mediumjwst,81121,1081121,1081121,2023-05-05,189.23432517868594,62.21668394688576,GN,3.65281,3.297758967948564,A,3.297758967948564,1.0,3.293483,-18.38585276772394
goods-s-mediumjwst_81186,1286,goods-s-mediumjwst,81186,81186,81186,2023-10-19,53.1176303,-27.8402734,GS,3.50142,3.50403,D,nan,nan,3.505187,-17.373392662086353
goods-s-mediumjwst_81197,1286,goods-s-mediumjwst,81197,81197,81197,2023-10-19,53.1220295,-27.8402504,GS,2.55293,-1.0,E,nan,nan,nan,nan
goods-n-mediumjwst_81198,1181,goods-n-mediumjwst,81198,1081198,1081198,2023-05-05,189.2058060898505,62.217602532500614,GN,2.63377,-1.0,E,nan,nan,nan,nan
goods-s-mediumjwst_81207,1286,goods-s-mediumjwst,81207,81207,81207,2023-10-19,53.1685227,-27.8401847,GS,2.60053,2.14716,D,nan,nan,2.14716,nan
goods-s-mediumjwst_81217,1286,goods-s-mediumjwst,81217,81217,81217,2023-10-19,53.1582415,-27.8402136,GS,1.43055,1.43055,D,nan,nan,1.43055,nan
goods-s-mediumjwst_81344,1286,goods-s-mediumjwst,81344,81344,81344,2023-12-11,53.0600638,-27.8400566,GS,-1.0,-1.0,E,nan,nan,nan,nan
goods-n-mediumjwst_81464,1181,goods-n-mediumjwst,81464,1081464,1081464,2023-05-05,189.2061376772858,62.221318664128894,GN,1.35347,1.2387510458509434,A,1.2387510458509434,10.0,1.233081,nan
goods-n-mediumjwst_81466,1181,goods-n-mediumjwst,81466,1081466,1081466,2023-05-05,189.20603051902938,62.22180918840521,GN,3.70124,1.26273,D,nan,nan,1.26273,nan
goods-n-mediumjwst_81497,1181,goods-n-mediumjwst,81497,1081497,1081497,2023-05-05,189.23922477278447,62.21979997818171,GN,5.80411,5.391656377833602,A,5.391656377833602,2.0,5.389984,-17.181898876890713
goods-s-mediumjwst_81561,1286,goods-s-mediumjwst,81561,81561,81561,2023-12-11,53.1129167,-27.8397458,GS,-1.0,2.54036,D,nan,nan,2.54036,nan
goods-n-mediumjwst_81621,1181,goods-n-mediumjwst,81621,1081621,1081621,2023-05-05,189.2279743843627,62.22076899841926,GN,2.25607,2.051545156066484,A,2.051545156066484,14.0,2.045026,nan
goods-s-mediumjwst_81659,1286,goods-s-mediumjwst,81659,81659,81659,2023-12-11,53.0703182,-27.8395535,GS,2.85648,2.823797,C,nan,nan,2.823797,nan
goods-n-mediumhst_81681,1181,goods-n-mediumhst,81681,-2,1115154,2023-02-07,189.07921438204755,62.24215542969198,GN,2.47,2.303353109651826,A,2.303353109651826,4.0,2.303023,nan
goods-s-mediumjwst_81882,1286,goods-s-mediumjwst,81882,81882,81882,2023-12-11,53.0764122,-27.8393774,GS,1.4118,-1.0,E,nan,nan,nan,nan
goods-n-mediumjwst_81942,1181,goods-n-mediumjwst,81942,1081942,1081942,2023-05-05,189.2175484609839,62.223768761400926,GN,3.20303,2.999001463218319,A,2.999001463218319,3.0,2.997226,nan
goods-s-mediumjwst_81948,1286,goods-s-mediumjwst,81948,81948,81948,2023-12-11,53.0882997,-27.8392371,GS,2.65158,2.698882,B,nan,nan,2.698882,nan
goods-n-mediumjwst_82068,1181,goods-n-mediumjwst,82068,1082068,1082068,2023-05-05,189.21334746565205,62.22475430792303,GN,2.05448,1.992069,B,nan,nan,1.992069,nan
goods-s-mediumjwst_82121,1286,goods-s-mediumjwst,82121,82121,82121,2023-12-11,53.1123327,-27.8390591,GS,-1.0,3.135,D,nan,nan,3.135,-18.041243171245547
goods-s-mediumjwst_82130,1286,goods-s-mediumjwst,82130,82130,82130,2023-12-11,53.1026696,-27.8389532,GS,1.80597,1.8966668521204086,A,1.8966668521204086,4.0,1.917825,nan
goods-s-mediumjwst_82155,1286,goods-s-mediumjwst,82155,82155,82155,2023-10-19,53.122482,-27.8389138,GS,3.66559,3.6521100159947446,A,3.6521100159947446,3.0,3.654282,-18.264363212023845
goods-s-mediumjwst_82367,1286,goods-s-mediumjwst,82367,82367,82367,2023-10-19,53.1746456,-27.838733,GS,2.48388,-1.0,E,nan,nan,nan,nan
goods-s-mediumjwst_82462,1286,goods-s-mediumjwst,82462,82462,82462,2023-12-11,53.1057809,-27.8385966,GS,2.89296,2.75438,D,nan,nan,2.75438,nan
goods-s-mediumjwst_82557,1286,goods-s-mediumjwst,82557,82557,82557,2023-12-11,53.1175187,-27.8384993,GS,0.91274,-1.0,E,nan,nan,nan,nan
goods-n-mediumhst_82627,1181,goods-n-mediumhst,82627,1013711,1013711,2023-02-07,189.13501492562955,62.27104692863653,GN,2.76,-1.0,E,nan,nan,nan,nan
goods-n-mediumjwst_82644,1181,goods-n-mediumjwst,82644,1082644,1082644,2023-05-05,189.2528848003984,62.2315972900884,GN,2.47781,2.397528,B,nan,nan,2.397528,nan
goods-n-mediumjwst_82765,1181,goods-n-mediumjwst,82765,1082765,1082765,2023-05-05,189.23160298611933,62.23332042854528,GN,0.5271,0.556520290461326,A,0.556520290461326,1.0,0.560391,nan
goods-n-mediumjwst_82802,1181,goods-n-mediumjwst,82802,1082802,1082802,2023-05-05,189.23919969791282,62.23409012187517,GN,1.28439,1.2408316260049737,A,1.2408316260049737,2.0,1.241745,nan
goods-n-mediumjwst_82830,1181,goods-n-mediumjwst,82830,1082830,1082830,2023-05-05,189.2378761240454,62.23408219810967,GN,6.01886,5.795283168160257,A,5.795283168160257,4.0,5.79759,-19.65029522040392
goods-n-mediumjwst_82843,1181,goods-n-mediumjwst,82843,1082843,1082843,2023-05-05,189.22742851491608,62.23435981191091,GN,2.48141,-1.0,E,nan,nan,nan,nan
goods-n-mediumjwst_82948,1181,goods-n-mediumjwst,82948,1082948,1082948,2023-05-05,189.2330269976408,62.236777138783275,GN,4.0595,3.906444644129953,A,3.906444644129953,12.0,3.908048,-21.30132730099784
goods-n-mediumjwst_82960,1181,goods-n-mediumjwst,82960,1208186,1120996,2023-05-05,189.254605,62.236679,GN,5.091,5.0894319399877865,A,5.0894319399877865,3.0,5.084486,-19.385876420177727
goods-n-mediumjwst_82961,1181,goods-n-mediumjwst,82961,1082961,1082961,2023-05-05,189.25472523606166,62.236760026657215,GN,1.57202,1.576324192886033,A,1.576324192886033,4.0,1.574514,nan
goods-s-mediumjwst_82979,1286,goods-s-mediumjwst,82979,82979,82979,2023-12-11,53.1008423,-27.8379981,GS,1.75277,-1.0,E,nan,nan,nan,nan
goods-n-mediumjwst_83001,1181,goods-n-mediumjwst,83001,1083001,1083001,2023-05-05,189.2390906390432,62.23764617183518,GN,1.61153,-1.0,E,nan,nan,nan,nan
goods-n-mediumjwst_83030,1181,goods-n-mediumjwst,83030,1083030,1083030,2023-05-05,189.242574755267,62.23852660400713,GN,5.14251,5.115778253284848,A,5.115778253284848,2.0,5.11384,-18.185897570537044
goods-n-mediumhst_83085,1181,goods-n-mediumhst,83085,1006655,1006655,2023-02-07,189.18588698408834,62.245095791935064,GN,2.9,2.98089,C,nan,nan,2.98089,nan
goods-s-mediumjwst_83114,1286,goods-s-mediumjwst,83114,83114,83114,2023-12-11,53.0721534,-27.837814,GS,2.60759,2.6487030436906833,A,2.6487030436906833,3.0,2.657681,nan
goods-s-mediumjwst_83131,1286,goods-s-mediumjwst,83131,83131,83131,2023-10-19,53.166522,-27.8377495,GS,3.10476,3.168306567407174,A,3.168306567407174,2.0,3.163603,-17.3619585408855
goods-s-mediumjwst_83231,1286,goods-s-mediumjwst,83231,83231,83231,2023-10-19,53.1733482,-27.8376718,GS,2.66782,3.167111139932677,A,3.167111139932677,3.0,3.159992,-17.636363777023096
goods-n-mediumjwst_83288,1181,goods-n-mediumjwst,83288,1083288,1083288,2023-05-05,189.2674103579094,62.24780388193027,GN,2.1228,2.211706,B,nan,nan,2.211706,nan
goods-s-mediumjwst_83549,1286,goods-s-mediumjwst,83549,83549,83549,2023-12-11,53.0547668,-27.837354,GS,3.645,4.2894475513716905,A,4.2894475513716905,2.0,4.291295,-15.971729626826587
goods-s-mediumjwst_83615,1286,goods-s-mediumjwst,83615,83615,83615,2023-12-11,53.055901,-27.8372632,GS,6.62482,6.62482,D,nan,nan,6.62482,-19.49540995282885
goods-s-mediumjwst_83666,1286,goods-s-mediumjwst,83666,83666,83666,2023-10-19,53.1726766,-27.8369548,GS,2.49511,2.5448875624506995,A,2.5448875624506995,14.0,2.550145,nan
goods-s-mediumjwst_83840,1286,goods-s-mediumjwst,83840,83840,83840,2023-12-11,53.1301466,-27.8369972,GS,-1.0,6.58307,D,nan,nan,6.58307,-18.65248208424628
goods-s-mediumjwst_83874,1286,goods-s-mediumjwst,83874,83874,83874,2023-10-19,53.1152732,-27.8369599,GS,2.0589,1.7298054107596794,A,1.7298054107596794,3.0,1.73847,nan
goods-s-mediumjwst_83926,1286,goods-s-mediumjwst,83926,83926,83926,2023-12-11,53.0639278,-27.8368971,GS,2.48028,2.46628,C,nan,nan,2.46628,nan
goods-s-mediumjwst_84256,1286,goods-s-mediumjwst,84256,84256,84256,2023-12-11,53.0647615,-27.8364279,GS,1.63955,1.5473957978266193,A,1.5473957978266193,2.0,1.54772,nan
goods-s-mediumjwst_84518,1286,goods-s-mediumjwst,84518,84518,84518,2023-10-19,53.1562448,-27.8361676,GS,5.85531,5.763273938857813,A,5.763273938857813,3.0,5.764635,-19.0308746437096
goods-s-mediumjwst_84545,1286,goods-s-mediumjwst,84545,84545,84545,2023-10-19,53.1773143,-27.8360999,GS,2.26252,2.26252,D,nan,nan,2.26252,nan
goods-s-mediumjwst_84610,1286,goods-s-mediumjwst,84610,84610,84610,2023-12-11,53.0686138,-27.8360468,GS,-1.0,3.80804,C,nan,nan,3.80804,-17.727706494169382
goods-s-mediumjwst_84757,1286,goods-s-mediumjwst,84757,84757,84757,2023-12-11,53.1098804,-27.8358488,GS,3.63584,3.7543,C,nan,nan,3.7543,-17.839427250405098
goods-s-mediumjwst_85293,1286,goods-s-mediumjwst,85293,85293,85293,2023-12-11,53.1364002,-27.8352315,GS,-1.0,1.8985570130209997,A,1.8985570130209997,2.0,1.895056,nan
goods-s-mediumjwst_85314,1286,goods-s-mediumjwst,85314,85314,85314,2023-12-11,53.1192209,-27.8351632,GS,3.42113,3.5853933118636307,A,3.5853933118636307,5.0,3.587328,-18.195394921837433
goods-s-mediumjwst_85770,1286,goods-s-mediumjwst,85770,85770,85770,2023-12-11,53.1202791,-27.834543,GS,2.0625,1.807427,C,nan,nan,1.807427,nan
goods-s-mediumjwst_85849,1286,goods-s-mediumjwst,85849,85849,85849,2023-12-11,53.0710565,-27.8344066,GS,4.55201,4.204402949403944,A,4.204402949403944,3.0,4.214968,-17.10104065113537
goods-s-mediumjwst_85945,1286,goods-s-mediumjwst,85945,85945,85945,2023-12-11,53.053559,-27.8343878,GS,-1.0,4.7995,D,nan,nan,4.7995,-16.922339223335953
goods-s-mediumjwst_86047,1286,goods-s-mediumjwst,86047,86047,86047,2023-10-19,53.1798544,-27.8342272,GS,6.78707,-1.0,E,nan,nan,nan,nan
goods-s-mediumjwst_86176,1286,goods-s-mediumjwst,86176,86176,86176,2023-12-11,53.0521964,-27.834087,GS,-1.0,-1.0,E,nan,nan,nan,nan
goods-s-mediumjwst_86199,1286,goods-s-mediumjwst,86199,86199,86199,2023-12-11,53.1207819,-27.8340233,GS,2.69716,2.697023756964426,A,2.697023756964426,5.0,2.703416,nan
goods-s-mediumjwst_86533,1286,goods-s-mediumjwst,86533,86533,86533,2023-12-11,53.1333648,-27.8335706,GS,1.47836,1.4877411160902072,A,1.4877411160902072,5.0,1.486676,nan
goods-s-mediumjwst_86560,1286,goods-s-mediumjwst,86560,86560,86560,2023-10-19,53.1372421,-27.8335429,GS,1.75874,1.8065500368053318,A,1.8065500368053318,3.0,1.80682,nan
goods-s-mediumjwst_86569,1286,goods-s-mediumjwst,86569,86569,86569,2023-12-11,53.1180921,-27.8336073,GS,0.98958,4.210274,C,nan,nan,4.210274,-16.90943854835666
goods-s-mediumjwst_86722,1286,goods-s-mediumjwst,86722,86722,86722,2023-12-11,53.1332341,-27.8333413,GS,0.67765,-1.0,E,nan,nan,nan,nan
goods-s-mediumjwst_86727,1286,goods-s-mediumjwst,86727,86727,86727,2023-10-19,53.1714164,-27.83333,GS,3.47666,3.59399069614704,A,3.59399069614704,3.0,3.591883,-17.810979590570216
goods-s-mediumjwst_86738,1286,goods-s-mediumjwst,86738,86738,86738,2023-10-19,53.1784007,-27.8333452,GS,1.14845,-1.0,E,nan,nan,nan,nan
goods-s-mediumjwst_86749,1286,goods-s-mediumjwst,86749,86749,86749,2023-12-11,53.1182175,-27.8332893,GS,0.89928,-1.0,E,nan,nan,nan,nan
goods-s-mediumjwst_86788,1286,goods-s-mediumjwst,86788,86788,86788,2023-12-11,53.1140867,-27.8332621,GS,6.35993,6.25606,D,nan,nan,6.25606,-19.081637567977047
goods-s-mediumjwst_86808,1286,goods-s-mediumjwst,86808,86808,86808,2023-12-11,53.0735907,-27.8332023,GS,1.28153,5.568052804836686,A,5.568052804836686,3.0,5.573857,-19.253446572122833
goods-s-mediumjwst_86986,1286,goods-s-mediumjwst,86986,86986,86986,2023-12-11,53.1317997,-27.8330045,GS,3.32155,3.239557397393571,A,3.239557397393571,2.0,3.237903,-17.461062833449436
goods-s-mediumjwst_87494,1286,goods-s-mediumjwst,87494,87494,87494,2023-10-19,53.128597,-27.8322976,GS,2.4441,2.466315,B,nan,nan,2.466315,nan
goods-n-mediumjwst_87541,1181,goods-n-mediumjwst,87541,1087541,1087541,2023-05-05,189.25043708962085,62.24947257890582,GN,4.66632,-1.0,E,nan,nan,nan,nan
goods-s-mediumjwst_87899,1286,goods-s-mediumjwst,87899,87899,87899,2023-10-19,53.1226857,-27.8316824,GS,-1.0,4.292,D,nan,nan,4.292,-17.180713025426584
goods-s-mediumjwst_87920,1286,goods-s-mediumjwst,87920,87920,87920,2023-12-11,53.0525828,-27.8316234,GS,1.55384,-1.0,E,nan,nan,nan,nan
goods-s-mediumjwst_87995,1286,goods-s-mediumjwst,87995,87995,87995,2023-10-19,53.1778945,-27.831524,GS,3.55277,-1.0,E,nan,nan,nan,nan
goods-s-mediumjwst_88137,1286,goods-s-mediumjwst,88137,88137,88137,2023-12-11,53.1100882,-27.8313155,GS,1.78073,1.7668349866793454,A,1.7668349866793454,11.0,1.766524,nan
goods-s-mediumjwst_88167,1286,goods-s-mediumjwst,88167,88167,88167,2023-12-11,53.1083786,-27.8313196,GS,4.71224,-1.0,E,nan,nan,nan,nan
goods-s-mediumjwst_88182,1286,goods-s-mediumjwst,88182,88182,88182,2023-12-11,53.1139321,-27.8312373,GS,3.61794,3.650766066350437,A,3.650766066350437,7.0,3.651989,-19.56551472331859
goods-s-mediumjwst_88339,1286,goods-s-mediumjwst,88339,88339,88339,2023-12-11,53.1337508,-27.8309615,GS,-1.0,1.359,D,nan,nan,1.363944,nan
goods-s-mediumjwst_88362,1286,goods-s-mediumjwst,88362,88362,88362,2023-12-11,53.0536088,-27.8309594,GS,3.5184,-1.0,E,nan,nan,nan,nan
goods-s-mediumjwst_88383,1286,goods-s-mediumjwst,88383,88383,88383,2023-10-19,53.1724993,-27.8308886,GS,2.24893,2.2348103904366683,A,2.2348103904366683,1.0,2.242247,nan
goods-s-mediumjwst_88427,1286,goods-s-mediumjwst,88427,88427,88427,2023-12-11,53.1369929,-27.8307792,GS,-1.0,1.88748,D,nan,nan,1.88748,nan
goods-s-mediumjwst_88540,1286,goods-s-mediumjwst,88540,88540,88540,2023-10-19,53.1320481,-27.8306091,GS,2.51893,2.621223621166165,A,2.621223621166165,11.0,2.630305,nan
goods-s-mediumjwst_88651,1286,goods-s-mediumjwst,88651,88651,88651,2023-12-11,53.11705,-27.8305504,GS,2.97044,-1.0,E,nan,nan,nan,nan
goods-s-mediumjwst_88665,1286,goods-s-mediumjwst,88665,88665,88665,2023-10-19,53.1649044,-27.8304992,GS,1.65646,-1.0,E,nan,nan,nan,nan
goods-s-mediumjwst_88673,1286,goods-s-mediumjwst,88673,88673,88673,2023-10-19,53.1269161,-27.8304387,GS,3.78685,3.7950711782727655,A,3.7950711782727655,4.0,3.794705,-18.409467111458103
goods-s-mediumjwst_88767,1286,goods-s-mediumjwst,88767,88767,88767,2023-10-19,53.1343017,-27.8303882,GS,1.97,2.0080642170625875,A,2.0080642170625875,3.0,2.016614,nan
goods-s-mediumjwst_89091,1180,goods-s-mediumjwst,89091,89091,89091,2023-10-08,53.14519540085924,-27.829898983639783,GS,2.49881,2.344010484602876,A,2.344010484602876,4.0,2.338798,nan
goods-s-mediumjwst_89172,1286,goods-s-mediumjwst,89172,89172,89172,2023-10-19,53.1223312,-27.829832,GS,-1.0,2.266,D,nan,nan,2.266,nan
goods-s-mediumjwst_89372,1286,goods-s-mediumjwst,89372,89372,89372,2023-12-11,53.1023494,-27.8295556,GS,2.59849,2.674150132950353,A,2.674150132950353,6.0,2.683276,nan
goods-n-mediumjwst_89464,1181,goods-n-mediumjwst,89464,1089464,1089464,2023-05-05,189.18658160712423,62.270907698694735,GN,7.05105,6.724704386327296,A,6.724704386327296,4.0,6.727165,-20.160561264691047
goods-s-mediumjwst_89658,1180,goods-s-mediumjwst,89658,89658,89658,2023-10-08,53.15683424276128,-27.82913963921322,GS,1.43276,1.4641217740324652,A,1.4641217740324652,4.0,1.45465,nan
goods-s-mediumjwst_90017,1286,goods-s-mediumjwst,90017,90017,90017,2023-12-11,53.1034901,-27.8286113,GS,1.63534,1.8101,C,nan,nan,1.8101,nan
goods-s-mediumjwst_90155,1286,goods-s-mediumjwst,90155,90155,90155,2023-12-11,53.1135743,-27.8284862,GS,5.80787,5.576752127995473,A,5.576752127995473,3.0,5.58445,-18.172607662757375
goods-s-mediumjwst_90223,1286,goods-s-mediumjwst,90223,90223,90223,2023-12-11,53.0974794,-27.828403,GS,2.71533,-1.0,E,nan,nan,nan,nan
goods-s-mediumjwst_90227,1286,goods-s-mediumjwst,90227,90227,90227,2023-10-19,53.1797181,-27.8283705,GS,3.0212,-1.0,E,nan,nan,nan,nan
goods-s-mediumjwst_90237,1286,goods-s-mediumjwst,90237,90237,90237,2023-10-19,53.1801779,-27.8283104,GS,4.6408,4.431825769881439,A,4.431825769881439,2.0,4.426267,-16.919253205853632
goods-n-mediumjwst_90300,1181,goods-n-mediumjwst,90300,1090300,1090300,2023-05-05,189.18710259520998,62.281487836733206,GN,3.77857,3.3298934507314457,A,3.3298934507314457,2.0,3.338396,-18.470650676139755
goods-s-mediumjwst_90384,1286,goods-s-mediumjwst,90384,90384,90384,2023-12-11,53.0736398,-27.8281678,GS,0.989,1.08008,C,nan,nan,1.08008,nan
goods-s-mediumjwst_90754,1286,goods-s-mediumjwst,90754,90754,90754,2023-10-19,53.1339105,-27.8276769,GS,4.90695,-1.0,E,nan,nan,nan,nan
goods-s-mediumjwst_90757,1286,goods-s-mediumjwst,90757,90757,90757,2023-10-19,53.1279684,-27.8276604,GS,2.35267,-1.0,E,nan,nan,nan,nan
goods-s-mediumjwst_90864,1180,goods-s-mediumjwst,90864,90864,90864,2023-10-08,53.16610266479017,-27.82750706143985,GS,7.34511,7.145912,B,nan,nan,7.145912,-17.982191394243586
goods-s-mediumjwst_90911,1180,goods-s-mediumjwst,90911,90911,90911,2023-10-08,53.147993317454485,-27.827350034592335,GS,1.8707,1.7142963601630261,A,1.7142963601630261,3.0,1.71734,nan
goods-s-mediumjwst_90917,1180,goods-s-mediumjwst,90917,90917,90917,2023-10-08,53.159683012740985,-27.82742726886755,GS,5.47066,-1.0,E,nan,nan,nan,nan
goods-s-mediumjwst_91027,1286,goods-s-mediumjwst,91027,91027,91027,2023-10-19,53.170066,-27.827306,GS,1.44945,-1.0,E,nan,nan,nan,nan
goods-s-mediumjwst_91101,1286,goods-s-mediumjwst,91101,91101,91101,2023-12-11,53.1002778,-27.8272399,GS,1.6183,-1.0,E,nan,nan,nan,nan
goods-s-mediumjwst_91253,1180,goods-s-mediumjwst,91253,91253,91253,2023-10-08,53.184568454280345,-27.82694262734328,GS,1.27142,-1.0,E,nan,nan,nan,nan
goods-s-mediumjwst_91264,1286,goods-s-mediumjwst,91264,91264,91264,2023-12-11,53.118849,-27.8269819,GS,2.94807,-1.0,E,nan,nan,nan,nan
goods-s-mediumjwst_91285,1286,goods-s-mediumjwst,91285,91285,91285,2023-12-11,53.0623116,-27.8268943,GS,6.55604,5.73108519448922,A,5.73108519448922,4.0,5.738753,-18.993025856780854
goods-s-mediumjwst_91302,1286,goods-s-mediumjwst,91302,454593,-1,2023-10-19,53.1736935,-27.8268949,GS,3.16302,3.16302,D,nan,nan,3.164352,-20.61760577264212
goods-s-mediumjwst_91345,1286,goods-s-mediumjwst,91345,91345,91345,2023-10-19,53.126774,-27.826813,GS,1.69971,1.6123058291742927,A,1.6123058291742927,11.0,1.61883,nan
goods-s-mediumjwst_91485,1286,goods-s-mediumjwst,91485,91485,91485,2023-10-19,53.1222115,-27.826712,GS,4.03553,-1.0,E,nan,nan,nan,nan
goods-s-mediumjwst_91601,1180,goods-s-mediumjwst,91601,91601,91601,2023-10-08,53.15293786553684,-27.826575365520217,GS,4.59864,4.429872580465757,A,4.429872580465757,2.0,4.432382,-17.314386994130903
goods-s-mediumjwst_91652,1286,goods-s-mediumjwst,91652,91652,91652,2023-10-19,53.1809015,-27.826478,GS,2.93166,3.0378812324336026,A,3.0378812324336026,1.0,3.03822,nan
goods-s-mediumjwst_91692,1286,goods-s-mediumjwst,91692,91692,91692,2023-10-19,53.1199732,-27.8263575,GS,2.66632,2.434284320343652,A,2.434284320343652,1.0,2.43467,nan
goods-s-mediumjwst_91712,1180,goods-s-mediumjwst,91712,91712,91712,2023-10-08,53.162515496908206,-27.826340603344338,GS,1.2565,1.47862,D,nan,nan,1.47862,nan
goods-s-mediumjwst_91992,1286,goods-s-mediumjwst,91992,91992,91992,2023-10-19,53.1627005,-27.8258984,GS,2.23208,1.8984817076653875,A,1.8984817076653875,11.0,1.901368,nan
goods-s-mediumjwst_92130,1286,goods-s-mediumjwst,92130,92130,92130,2023-12-11,53.1132767,-27.8258793,GS,6.25031,6.16747,D,nan,nan,6.16747,-18.116553834422767
goods-s-mediumjwst_92212,1180,goods-s-mediumjwst,92212,92212,92212,2023-10-08,53.14947374243259,-27.825776871359665,GS,4.62245,4.7794158784692655,A,4.7794158784692655,2.0,4.780027,-17.88034464939351
goods-s-mediumjwst_92471,1286,goods-s-mediumjwst,92471,92471,92471,2023-10-19,53.1768407,-27.8254245,GS,2.78634,-1.0,E,nan,nan,nan,nan
goods-s-mediumjwst_92521,1286,goods-s-mediumjwst,92521,92521,92521,2023-12-11,53.0967911,-27.8253405,GS,2.52553,-1.0,E,nan,nan,nan,nan
goods-s-mediumjwst_92753,1286,goods-s-mediumjwst,92753,92753,92753,2023-12-11,53.1135169,-27.8250754,GS,1.57813,1.5782055599903702,A,1.5782055599903702,7.0,1.577089,nan
goods-s-mediumjwst_92906,1180,goods-s-mediumjwst,92906,92906,92906,2023-10-08,53.166791436362004,-27.82493527357329,GS,1.73595,1.7027,D,nan,nan,1.673899,nan
goods-s-mediumjwst_93067,1180,goods-s-mediumjwst,93067,93067,93067,2023-10-08,53.1467350285832,-27.824781403325904,GS,4.1486,4.147910812208492,A,4.147910812208492,3.0,4.149327,-14.796677364414698
goods-s-ultradeep_93275,3215,goods-s-ultradeep,93275,93275,93275,2023-10-16,53.1624653,-27.8245124,GS,0.87027,0.86,D,nan,nan,0.86,nan
goods-s-mediumjwst_93343,1286,goods-s-mediumjwst,93343,93343,93343,2023-12-11,53.116995,-27.8244877,GS,5.94295,-1.0,E,nan,nan,nan,nan
goods-s-ultradeep_93663,3215,goods-s-ultradeep,93663,93663,93663,2023-10-16,53.1632111,-27.8241214,GS,0.43126,-1.0,E,nan,nan,nan,nan
goods-s-mediumjwst_93739,1286,goods-s-mediumjwst,93739,93739,93739,2023-12-11,53.1156704,-27.8240476,GS,0.36655,-1.0,E,nan,nan,nan,nan
goods-s-ultradeep_93968,3215,goods-s-ultradeep,93968,93968,93968,2023-10-16,53.1590139,-27.8238426,GS,2.21337,-1.0,E,nan,nan,nan,nan
goods-s-mediumjwst_94055,1286,goods-s-mediumjwst,94055,94055,94055,2023-12-11,53.1089334,-27.8237563,GS,1.65977,1.64206,D,nan,nan,1.64206,nan
goods-s-ultradeep_94081,3215,goods-s-ultradeep,94081,94081,94081,2023-10-16,53.1612949,-27.8237355,GS,2.7977,3.263262,C,nan,nan,3.263262,-16.52878118856742
goods-s-ultradeep_94115,3215,goods-s-ultradeep,94115,94115,94115,2023-10-16,53.1574183,-27.8236875,GS,1.46823,-1.0,E,nan,nan,nan,nan
goods-s-ultradeep_94333,3215,goods-s-ultradeep,94333,94333,94333,2023-10-16,53.161739,-27.8234855,GS,2.40231,-1.0,E,nan,nan,nan,nan
goods-s-ultradeep_94348,3215,goods-s-ultradeep,94348,94348,94348,2023-10-16,53.1610434,-27.8234673,GS,6.74618,-1.0,E,nan,nan,nan,nan
goods-s-mediumjwst_94510,1286,goods-s-mediumjwst,94510,94510,94510,2023-12-11,53.0995353,-27.8233188,GS,9.3265,9.18322,D,nan,nan,9.18322,nan
goods-s-mediumjwst_94511,1286,goods-s-mediumjwst,94511,94511,94511,2023-12-11,53.0959422,-27.8232698,GS,3.64374,3.558384200766692,A,3.558384200766692,6.0,3.560618,-19.192517566566757
goods-s-ultradeep_95031,3215,goods-s-ultradeep,95031,95031,95031,2023-10-16,53.1578304,-27.8227981,GS,2.8286,2.807728745525189,A,2.807728745525189,1.0,2.815273,nan
goods-s-ultradeep_95256,3215,goods-s-ultradeep,95256,95256,95256,2023-10-16,53.1489538,-27.8225731,GS,4.16547,4.147077361416972,A,4.147077361416972,1.0,4.15385,-16.495757803060485
goods-s-mediumjwst_95278,1180,goods-s-mediumjwst,95278,95278,95278,2023-10-08,53.16855131077214,-27.822475752208874,GS,4.62648,4.478395606683486,A,4.478395606683486,6.0,4.485222,-19.265546575885814
goods-s-mediumjwst_95436,1286,goods-s-mediumjwst,95436,95436,95436,2023-12-11,53.1174382,-27.8223575,GS,1.75519,-1.0,E,nan,nan,nan,nan
goods-s-mediumjwst_95479,1286,goods-s-mediumjwst,95479,95479,95479,2023-12-11,53.1135967,-27.8220898,GS,1.91183,2.0089985064091054,A,2.0089985064091054,9.0,2.016022,nan
goods-s-ultradeep_95851,3215,goods-s-ultradeep,95851,95851,95851,2023-10-16,53.155544,-27.8219158,GS,4.47467,4.268305,C,nan,nan,4.268305,-17.07736363443797
goods-s-mediumjwst_95921,1286,goods-s-mediumjwst,95921,95921,95921,2023-10-19,53.1175274,-27.8218459,GS,1.7057,-1.0,E,nan,nan,nan,nan
goods-s-mediumjwst_95932,1286,goods-s-mediumjwst,95932,436543,-1,2023-12-11,53.095377,-27.8218753,GS,1.97703,2.22089,D,nan,nan,2.22089,nan
goods-s-ultradeep_95982,3215,goods-s-ultradeep,95982,95982,95982,2023-10-16,53.1462911,-27.8218001,GS,2.08843,1.85,C,nan,nan,1.85,nan
goods-n-mediumjwst_96199,1181,goods-n-mediumjwst,96199,1015516,1015516,2023-05-05,189.21867579625723,62.27691115086168,GN,0.3738,0.51419,D,nan,nan,0.51419,nan
goods-s-ultradeep_96248,3215,goods-s-ultradeep,96248,96248,96248,2023-10-16,53.1420682,-27.8214893,GS,1.77626,1.861,C,nan,nan,1.861,nan
goods-s-ultradeep_96326,3215,goods-s-ultradeep,96326,96326,96326,2023-10-16,53.1469973,-27.8214561,GS,1.65187,-1.0,E,nan,nan,nan,nan
goods-s-mediumjwst_96468,1180,goods-s-mediumjwst,96468,96468,96468,2023-10-08,53.156128269500655,-27.821297090122044,GS,4.07521,4.027914213703658,A,4.027914213703658,2.0,4.03036,-17.932794236658204
goods-s-ultradeep_96540,3215,goods-s-ultradeep,96540,96540,96540,2023-10-16,53.1638462,-27.8212506,GS,2.9472,-1.0,E,nan,nan,nan,nan
goods-s-mediumjwst_96616,1180,goods-s-mediumjwst,96616,96616,96616,2023-10-08,53.18812316773307,-27.821143848096572,GS,4.16837,3.8440281096239612,A,3.8440281096239612,2.0,3.847271,-18.678206751032604
goods-s-ultradeep_96912,3215,goods-s-ultradeep,96912,96912,96912,2023-10-16,53.1603654,-27.8208332,GS,1.54986,1.42914,C,nan,nan,1.42914,nan
goods-s-mediumjwst_97118,1286,goods-s-mediumjwst,97118,97118,97118,2023-12-11,53.1139422,-27.8205921,GS,4.59941,4.831047416305175,A,4.831047416305175,1.0,4.83683,-18.853194696007954
goods-s-mediumhst_97161,1180,goods-s-mediumhst,97161,219752,219752,2022-10-05,53.124356,-27.7317539,GS,-99.0,-1.0,E,nan,nan,nan,nan
goods-s-mediumjwst_97261,1286,goods-s-mediumjwst,97261,97261,97261,2023-12-11,53.1110286,-27.8204998,GS,1.43137,1.43137,D,nan,nan,1.43137,nan
goods-s-mediumjwst_97521,1180,goods-s-mediumjwst,97521,97521,97521,2023-10-08,53.15144082773839,-27.820187610946164,GS,2.61366,2.579405,C,nan,nan,2.579405,nan
goods-s-ultradeep_97586,3215,goods-s-ultradeep,97586,97586,97586,2023-10-16,53.1508399,-27.8201356,GS,2.03149,-1.0,E,nan,nan,nan,nan
goods-s-ultradeep_98196,3215,goods-s-ultradeep,98196,98196,98196,2023-10-16,53.1576749,-27.8195017,GS,1.65337,1.35764,D,nan,nan,1.35764,nan
goods-s-ultradeep_98382,3215,goods-s-ultradeep,98382,98382,98382,2023-10-16,53.1518215,-27.8193093,GS,6.88237,1.11102,D,nan,nan,1.11102,nan
goods-s-mediumjwst_98421,1180,goods-s-mediumjwst,98421,98421,98421,2023-10-08,53.16764166808473,-27.819237003029848,GS,2.14462,2.007198774426258,A,2.007198774426258,6.0,2.016461,nan
goods-s-ultradeep_98554,3215,goods-s-ultradeep,98554,98554,98554,2023-10-16,53.1455252,-27.8190936,GS,2.29028,1.8980198975893123,A,1.8980198975893123,12.0,1.898116,nan
goods-s-mediumjwst_98587,1180,goods-s-mediumjwst,98587,98587,98587,2023-10-08,53.16272827504802,-27.819035750483547,GS,5.81552,5.635782268338574,A,5.635782268338574,1.0,5.637978,-18.17095398299583
goods-s-mediumhst_98712,1180,goods-s-mediumhst,98712,-3,-1,2022-10-05,53.208905,-27.7567868,GS,-99.0,-1.0,E,nan,nan,nan,nan
goods-s-mediumjwst_98836,1180,goods-s-mediumjwst,98836,98836,98836,2023-10-08,53.18889499000588,-27.81870865132953,GS,1.47656,1.47656,D,nan,nan,1.47656,nan
goods-s-mediumjwst_98898,1286,goods-s-mediumjwst,98898,98898,98898,2023-12-11,53.1124176,-27.8186964,GS,2.94802,2.39155,D,nan,nan,2.39155,nan
goods-s-mediumjwst_98912,1286,goods-s-mediumjwst,98912,98912,98912,2023-12-11,53.1160912,-27.8187027,GS,9.71334,-1.0,E,nan,nan,nan,nan
goods-s-mediumjwst_99210,1286,goods-s-mediumjwst,99210,99210,99210,2023-12-11,53.1107652,-27.818292,GS,1.70326,1.80839,C,nan,nan,1.80839,nan
goods-s-ultradeep_99302,3215,goods-s-ultradeep,99302,99302,99302,2023-10-16,53.125818,-27.8182278,GS,5.97716,6.064651802832921,A,6.064651802832921,4.0,6.066909,-18.54429303482063
goods-s-ultradeep_99671,3215,goods-s-ultradeep,99671,99671,99671,2023-10-16,53.1266432,-27.8177313,GS,4.02396,5.921151016214746,A,5.921151016214746,4.0,5.926365,-18.01806950784433
goods-s-ultradeep_99843,3215,goods-s-ultradeep,99843,99843,99843,2023-10-16,53.1285779,-27.8175053,GS,3.58549,3.563773853026925,A,3.563773853026925,1.0,3.569314,-17.499869866705623
goods-s-ultradeep_100227,3215,goods-s-ultradeep,100227,100227,100227,2023-10-16,53.1493565,-27.8170389,GS,4.42924,4.43083352160191,A,4.43083352160191,1.0,4.428159,-18.181043271492403
goods-s-ultradeep_100260,3215,goods-s-ultradeep,100260,100260,100260,2023-10-16,53.1273782,-27.8170158,GS,2.73582,-1.0,E,nan,nan,nan,nan
goods-s-ultradeep_100281,3215,goods-s-ultradeep,100281,100281,100281,2023-10-16,53.1281428,-27.8169447,GS,0.61737,-1.0,E,nan,nan,nan,nan
goods-s-ultradeep_100296,3215,goods-s-ultradeep,100296,100296,100296,2023-10-16,53.115792,-27.816986,GS,2.92787,-1.0,E,nan,nan,nan,nan
goods-s-ultradeep_100431,3215,goods-s-ultradeep,100431,100431,100431,2023-10-16,53.1246679,-27.8167572,GS,1.8096,1.8838162064201862,A,1.8838162064201862,8.0,1.896644,nan
goods-s-mediumjwst_100476,1180,goods-s-mediumjwst,100476,100476,100476,2023-10-08,53.18243455659726,-27.816748894155538,GS,2.65926,-1.0,E,nan,nan,nan,nan
goods-s-ultradeep_100726,3215,goods-s-ultradeep,100726,100726,100726,2023-10-16,53.1230082,-27.8164324,GS,13.35833,1.988,C,nan,nan,1.988,nan
goods-s-ultradeep_100803,3215,goods-s-ultradeep,100803,100803,100803,2023-10-16,53.1550646,-27.8162619,GS,1.46035,1.37703,C,nan,nan,1.37703,nan
goods-s-ultradeep_101062,3215,goods-s-ultradeep,101062,101062,101062,2023-10-16,53.1210263,-27.8159921,GS,4.91491,4.930164130591876,A,4.930164130591876,4.0,4.929675,-18.37093615879528
goods-s-ultradeep_101167,3215,goods-s-ultradeep,101167,101167,101167,2023-10-16,53.1553061,-27.815868,GS,5.74982,5.557351770231944,A,5.557351770231944,3.0,5.558751,-16.77250504102283
goods-s-ultradeep_101214,3215,goods-s-ultradeep,101214,101214,101214,2023-10-16,53.1254993,-27.8158422,GS,5.26676,3.76676,D,nan,nan,3.76676,-16.225504565734383
goods-s-ultradeep_102491,3215,goods-s-ultradeep,102491,102491,102491,2023-10-16,53.1148938,-27.8141396,GS,2.11846,2.6432711953977144,A,2.6432711953977144,2.0,2.641319,nan
goods-s-ultradeep_103033,3215,goods-s-ultradeep,103033,103033,103033,2023-10-16,53.106751,-27.8134527,GS,0.78483,0.8226449861682417,A,0.8226449861682417,1.0,0.82317,nan
goods-s-mediumjwst_103176,1180,goods-s-mediumjwst,103176,103176,103176,2023-10-08,53.15161161621276,-27.813180590734323,GS,1.84458,1.92336,D,nan,nan,1.92336,nan
goods-s-ultradeep_103203,3215,goods-s-ultradeep,103203,103203,103203,2023-10-16,53.1467486,-27.8131933,GS,6.38536,-1.0,E,nan,nan,nan,nan
goods-s-mediumjwst_103483,1180,goods-s-mediumjwst,103483,103483,103483,2023-10-08,53.18831068785238,-27.812833611017737,GS,5.19184,5.249704147326002,A,5.249704147326002,2.0,5.254821,-16.996769363528777
goods-s-ultradeep_103897,3215,goods-s-ultradeep,103897,103897,103897,2023-10-16,53.122899,-27.8122472,GS,4.34923,4.308980214643418,A,4.308980214643418,1.0,4.313179,-17.133633248025404
goods-s-ultradeep_104075,3215,goods-s-ultradeep,104075,104075,104075,2023-10-16,53.1070268,-27.812014,GS,3.15444,3.714065,B,nan,nan,3.714065,-17.33417910473856
goods-s-ultradeep_104595,3215,goods-s-ultradeep,104595,104595,104595,2023-10-16,53.1535019,-27.8113114,GS,2.92847,-1.0,E,nan,nan,nan,nan
goods-s-mediumjwst_104732,1180,goods-s-mediumjwst,104732,104732,104732,2023-10-08,53.193815862779765,-27.811103015733288,GS,5.84397,-1.0,E,nan,nan,nan,nan
goods-s-mediumjwst_104738,1180,goods-s-mediumjwst,104738,104738,104738,2023-10-08,53.154246375159076,-27.8110882186973,GS,2.5187,-1.0,E,nan,nan,nan,nan
goods-s-ultradeep_104813,3215,goods-s-ultradeep,104813,104813,104813,2023-10-16,53.1573708,-27.8109935,GS,5.95824,5.820295,C,nan,nan,5.820295,-16.090623180434598
goods-s-mediumhst_104954,1180,goods-s-mediumhst,104954,236656,-1,2022-10-05,53.0997725,-27.7362018,GS,-99.0,-1.0,E,nan,nan,nan,nan
goods-s-mediumjwst_105068,1180,goods-s-mediumjwst,105068,105068,105068,2023-10-08,53.147297422858976,-27.81047034217249,GS,1.97791,-1.0,E,nan,nan,nan,nan
goods-s-mediumjwst_105147,1286,goods-s-mediumjwst,105147,105147,105147,2023-12-17,53.1661046,-27.8104143,GS,-1.0,0.73906,D,nan,nan,0.73906,nan
goods-s-mediumjwst_105373,1180,goods-s-mediumjwst,105373,105373,105373,2023-10-08,53.191464601814126,-27.810141841309438,GS,4.80964,4.876000695850873,A,4.876000695850873,2.0,4.876709,-18.71026695268436
goods-s-ultradeep_105444,3215,goods-s-ultradeep,105444,105444,105444,2023-10-16,53.1125214,-27.8101245,GS,1.81209,2.11209,D,nan,nan,2.11209,nan
goods-s-mediumjwst_105581,1180,goods-s-mediumjwst,105581,105581,105581,2023-10-08,53.19532902811437,-27.80980159846925,GS,4.52078,3.998984082611913,A,3.998984082611913,5.0,3.996754,-19.061675430713375
goods-s-ultradeep_105588,3215,goods-s-ultradeep,105588,105588,105588,2023-10-16,53.1117374,-27.8098912,GS,1.9239,1.863,D,nan,nan,1.863,nan
goods-s-mediumhst_106062,1180,goods-s-mediumhst,106062,-3,-1,2022-10-05,53.1508713,-27.8071079,GS,5.757,-1.0,E,nan,nan,nan,nan
goods-s-mediumjwst_106126,1180,goods-s-mediumjwst,106126,106126,106126,2023-10-08,53.161140394973515,-27.809162343750042,GS,9.82756,-1.0,E,nan,nan,nan,nan
goods-s-ultradeep_106197,3215,goods-s-ultradeep,106197,106197,106197,2023-10-16,53.131047,-27.8090823,GS,6.25709,6.33677,C,nan,nan,6.33677,nan
goods-s-mediumjwst_106206,1180,goods-s-mediumjwst,106206,106206,106206,2023-10-08,53.14649661289059,-27.80903342012383,GS,1.33776,-1.0,E,nan,nan,nan,nan
goods-s-mediumhst_106696,1180,goods-s-mediumhst,106696,-3,-1,2022-10-05,53.1420288,-27.7686882,GS,11.521,-1.0,E,nan,nan,nan,nan
goods-s-mediumhst_106704,1180,goods-s-mediumhst,106704,-3,211590,2022-10-05,53.1468811,-27.7695847,GS,2.118,-1.0,E,nan,nan,nan,nan
goods-s-mediumhst_106780,1180,goods-s-mediumhst,106780,265232,-1,2022-10-05,53.1403465,-27.7839985,GS,2.895,-1.0,E,nan,nan,nan,nan
goods-s-mediumhst_106795,1180,goods-s-mediumhst,106795,-7,-1,2022-10-05,53.1642418,-27.7593002,GS,3.646,-1.0,E,nan,nan,nan,nan
goods-s-mediumjwst_106805,1286,goods-s-mediumjwst,106805,106805,106805,2023-12-17,53.1619426,-27.8082902,GS,2.75379,2.6757038479401034,A,2.6757038479401034,3.0,2.676467,nan
goods-s-mediumjwst_106914,1180,goods-s-mediumjwst,106914,106914,106914,2023-10-08,53.14818535386659,-27.80811509437,GS,0.73043,-1.0,E,nan,nan,nan,nan
goods-s-ultradeep_107028,3215,goods-s-ultradeep,107028,107028,107028,2023-10-16,53.1505064,-27.8079646,GS,4.20658,4.226702,B,nan,nan,4.226702,-17.567715445758544
goods-s-mediumjwst_107092,1180,goods-s-mediumjwst,107092,107092,107092,2023-10-08,53.18482688251081,-27.807853095693307,GS,2.50659,-1.0,E,nan,nan,nan,nan
goods-s-mediumjwst_107102,1180,goods-s-mediumjwst,107102,107102,107102,2023-10-08,53.15485860072055,-27.807797848164533,GS,0.71775,-1.0,E,nan,nan,nan,nan
goods-s-mediumhst_107389,1180,goods-s-mediumhst,107389,-3,-1,2022-10-05,53.1015957,-27.7858129,GS,0.36286,-1.0,E,nan,nan,nan,nan
goods-s-mediumhst_107485,1180,goods-s-mediumhst,107485,137586,137586,2022-10-05,53.128847,-27.7671841,GS,4.94309,-1.0,E,nan,nan,nan,nan
goods-s-mediumhst_107500,1180,goods-s-mediumhst,107500,-3,-1,2022-10-05,53.110702,-27.7553756,GS,0.66642,-1.0,E,nan,nan,nan,nan
goods-s-mediumhst_107512,1180,goods-s-mediumhst,107512,148892,148892,2022-10-05,53.1127103,-27.7516449,GS,0.34271,-1.0,E,nan,nan,nan,nan
goods-s-mediumhst_107523,1180,goods-s-mediumhst,107523,0,134072,2022-10-05,53.1385404,-27.7703556,GS,4.58554,-1.0,E,nan,nan,nan,nan
goods-s-ultradeep_107579,3215,goods-s-ultradeep,107579,107579,107579,2023-10-16,53.1645078,-27.8071125,GS,3.35928,3.173292,C,nan,nan,3.173292,nan
goods-s-mediumhst_107593,1180,goods-s-mediumhst,107593,107593,-1,2022-10-05,53.0886524,-27.7651947,GS,1.2238,1.222,C,nan,nan,1.222,nan
goods-s-mediumjwst_107774,1180,goods-s-mediumjwst,107774,107774,107774,2023-10-08,53.184530724656874,-27.806771767152455,GS,0.38134,-1.0,E,nan,nan,nan,nan
goods-s-ultradeep_108014,3215,goods-s-ultradeep,108014,108014,108014,2023-10-16,53.1514761,-27.8064333,GS,2.05065,2.55549,D,nan,nan,2.55549,nan
goods-s-ultradeep_108190,3215,goods-s-ultradeep,108190,108190,108190,2023-10-16,53.1192683,-27.8061989,GS,5.80342,4.147366744145446,A,4.147366744145446,1.0,4.156118,-15.894684123319863
goods-s-ultradeep_108487,3215,goods-s-ultradeep,108487,108487,108487,2023-10-16,53.14888,-27.8056542,GS,4.34826,3.964583576433216,A,3.964583576433216,1.0,3.967205,-18.08192808946171
goods-s-ultradeep_108494,3215,goods-s-ultradeep,108494,108494,108494,2023-10-16,53.1253395,-27.8057241,GS,1.55268,2.339971,C,nan,nan,2.339971,nan
goods-s-ultradeep_108526,3215,goods-s-ultradeep,108526,108526,108526,2023-10-16,53.1708522,-27.8056541,GS,1.78082,2.596,D,nan,nan,2.596,nan
goods-s-ultradeep_108585,3215,goods-s-ultradeep,108585,108585,108585,2023-10-16,53.1584886,-27.8055221,GS,1.71793,1.67268,D,nan,nan,1.67268,nan
goods-s-ultradeep_108606,3215,goods-s-ultradeep,108606,108606,108606,2023-10-16,53.1542012,-27.8055146,GS,5.82747,5.92878119106739,A,5.92878119106739,2.0,5.923297,-16.196056765032253
goods-s-mediumjwst_108626,1286,goods-s-mediumjwst,108626,108626,108626,2023-12-17,53.1898828,-27.8054719,GS,4.10097,-1.0,E,nan,nan,nan,nan
goods-s-mediumjwst_108708,1180,goods-s-mediumjwst,108708,108708,108708,2023-10-08,53.196615315498136,-27.805309254991176,GS,4.88324,4.948126,C,nan,nan,4.948126,-17.572892129978428
goods-s-mediumjwst_108725,1286,goods-s-mediumjwst,108725,108725,108725,2023-12-17,53.161262,-27.8049412,GS,0.64706,0.67716,D,nan,nan,0.67716,nan
goods-s-mediumjwst_108730,1286,goods-s-mediumjwst,108730,108730,108730,2023-10-19,53.1601279,-27.8052625,GS,3.36022,-1.0,E,nan,nan,nan,nan
goods-s-ultradeep_108838,3215,goods-s-ultradeep,108838,108838,108838,2023-10-16,53.1694568,-27.8049854,GS,1.7841,1.602569,C,nan,nan,1.602569,nan
goods-s-ultradeep_108841,3215,goods-s-ultradeep,108841,108841,108841,2023-10-16,53.1247759,-27.8051032,GS,4.09219,3.548555,C,nan,nan,3.548555,-16.47656051530697
goods-s-mediumjwst_109026,1180,goods-s-mediumjwst,109026,109026,109026,2023-10-08,53.19047713798728,-27.804745197313,GS,4.36433,4.0305380112368265,A,4.0305380112368265,3.0,4.031044,-18.442656288763523
goods-s-mediumjwst_109130,1286,goods-s-mediumjwst,109130,109130,109130,2023-12-17,53.1870728,-27.8045578,GS,1.35755,1.1385528929141129,A,1.1385528929141129,6.0,1.137994,nan
goods-s-ultradeep_109135,3215,goods-s-ultradeep,109135,109135,109135,2023-10-16,53.1700508,-27.8046233,GS,5.7345,-1.0,E,nan,nan,nan,nan
goods-s-mediumjwst_109176,1286,goods-s-mediumjwst,109176,109176,109176,2023-10-19,53.1319831,-27.804413,GS,-1.0,0.7271,D,nan,nan,0.7271,nan
goods-s-mediumjwst_109356,1286,goods-s-mediumjwst,109356,109356,109356,2023-12-17,53.1885809,-27.8043346,GS,1.9742,1.9742,D,nan,nan,1.9742,nan
goods-s-ultradeep_109389,3215,goods-s-ultradeep,109389,109389,109389,2023-10-16,53.1221036,-27.8042917,GS,5.43,5.785797465572243,A,5.785797465572243,4.0,5.789784,-17.953733133706773
goods-s-mediumjwst_109426,1286,goods-s-mediumjwst,109426,109426,109426,2023-10-19,53.1683623,-27.8042025,GS,4.92406,4.943939010984146,A,4.943939010984146,3.0,4.94644,-18.902233801281223
goods-s-mediumjwst_109518,1286,goods-s-mediumjwst,109518,109518,109518,2023-10-19,53.1778616,-27.804075,GS,5.49305,5.497899975272473,A,5.497899975272473,1.0,5.497542,-18.349271717825115
goods-s-mediumjwst_109536,1286,goods-s-mediumjwst,109536,109536,109536,2023-12-17,53.1736935,-27.8040225,GS,1.90068,1.897919057599044,A,1.897919057599044,5.0,1.88549,nan
goods-s-ultradeep_109613,3215,goods-s-ultradeep,109613,109613,109613,2023-10-16,53.1594243,-27.8039368,GS,4.21447,4.046505,B,nan,nan,4.046505,-17.380249591246308
goods-s-ultradeep_109784,3215,goods-s-ultradeep,109784,109784,109784,2023-10-16,53.1207415,-27.8037233,GS,5.86261,-1.0,E,nan,nan,nan,nan
goods-s-ultradeep_109798,3215,goods-s-ultradeep,109798,109798,109798,2023-10-16,53.162638,-27.8036777,GS,4.60184,4.525112486653908,A,4.525112486653908,3.0,4.521741,-18.362920709654286
goods-s-mediumjwst_109892,1286,goods-s-mediumjwst,109892,109892,109892,2023-12-17,53.1628347,-27.8034581,GS,0.68951,-1.0,E,nan,nan,nan,nan
goods-s-ultradeep_109893,3215,goods-s-ultradeep,109893,109893,109893,2023-10-16,53.1609142,-27.8035424,GS,5.03885,4.944327,C,nan,nan,4.944327,-15.727213620466856
goods-s-ultradeep_109957,3215,goods-s-ultradeep,109957,109957,109957,2023-10-16,53.1256718,-27.8034468,GS,4.24561,-1.0,E,nan,nan,nan,nan
goods-s-mediumjwst_110015,1286,goods-s-mediumjwst,110015,110015,110015,2023-12-17,53.1856854,-27.8033121,GS,0.82173,5.893915926935614,A,5.893915926935614,1.0,5.945715,-18.380872310827236
goods-s-mediumjwst_110058,1180,goods-s-mediumjwst,110058,110058,110058,2023-10-08,53.18766178448311,-27.803263328277303,GS,2.16632,1.9867135371850495,A,1.9867135371850495,4.0,1.988419,nan
goods-s-mediumjwst_110168,1286,goods-s-mediumjwst,110168,110168,110168,2023-10-19,53.1703364,-27.8031134,GS,0.75902,-1.0,E,nan,nan,nan,nan
goods-s-mediumjwst_110233,1286,goods-s-mediumjwst,110233,110233,110233,2023-10-19,53.1585623,-27.802994,GS,1.39153,-1.0,E,nan,nan,nan,nan
goods-s-ultradeep_110254,3215,goods-s-ultradeep,110254,110254,110254,2023-10-16,53.1269224,-27.8030088,GS,0.92752,-1.0,E,nan,nan,nan,nan
goods-s-mediumjwst_110275,1286,goods-s-mediumjwst,110275,110275,110275,2023-10-19,53.1373955,-27.8029274,GS,2.17698,2.26042,D,nan,nan,2.26042,nan
goods-s-mediumjwst_110294,1286,goods-s-mediumjwst,110294,110294,110294,2023-10-19,53.1848452,-27.8029026,GS,4.69338,4.507998,C,nan,nan,4.507998,-17.793835006999423
goods-s-ultradeep_110545,3215,goods-s-ultradeep,110545,110545,110545,2023-10-16,53.1622233,-27.802545,GS,7.33841,-1.0,E,nan,nan,nan,nan
goods-s-ultradeep_110571,3215,goods-s-ultradeep,110571,110571,110571,2023-10-16,53.1284866,-27.8024853,GS,3.33398,-1.0,E,nan,nan,nan,nan
goods-s-mediumhst_110733,1180,goods-s-mediumhst,110733,206815,206815,2022-10-05,53.12282,-27.784594,GS,2.93,2.870408024661079,A,2.870408024661079,1.0,2.871485,nan
goods-s-ultradeep_110743,3215,goods-s-ultradeep,110743,110743,110743,2023-10-16,53.1579745,-27.802202,GS,3.78528,-1.0,E,nan,nan,nan,nan
goods-s-mediumjwst_110752,1286,goods-s-mediumjwst,110752,110752,110752,2023-12-17,53.1614429,-27.8021676,GS,1.4487,1.4487,D,nan,nan,1.4487,nan
goods-s-mediumhst_110852,1180,goods-s-mediumhst,110852,206724,206724,2022-10-05,53.17433,-27.784788,GS,4.27,-1.0,E,nan,nan,nan,nan
goods-s-ultradeep_110983,3215,goods-s-ultradeep,110983,110983,110983,2023-10-16,53.1536371,-27.8017785,GS,6.72654,-1.0,E,nan,nan,nan,nan
goods-s-mediumjwst_111015,1286,goods-s-mediumjwst,111015,111015,111015,2023-10-19,53.1207781,-27.801645,GS,2.58654,2.6294322450652787,A,2.6294322450652787,3.0,2.642938,nan
goods-s-ultradeep_111015,3215,goods-s-ultradeep,111015,111015,111015,2023-10-16,53.1207781,-27.801645,GS,2.58654,2.6286882440321206,A,2.6286882440321206,6.0,2.62691,nan
goods-s-mediumjwst_111034,1286,goods-s-mediumjwst,111034,111034,111034,2023-10-19,53.1776447,-27.8016702,GS,3.48555,-1.0,E,nan,nan,nan,nan
goods-s-ultradeep_111091,3215,goods-s-ultradeep,111091,111091,111091,2023-10-16,53.1116688,-27.8016093,GS,4.58506,4.495705829131718,A,4.495705829131718,1.0,4.495211,-17.442078690482667
goods-s-mediumjwst_111182,1286,goods-s-mediumjwst,111182,111182,111182,2023-10-19,53.1778146,-27.8014334,GS,0.75071,-1.0,E,nan,nan,nan,nan
goods-s-ultradeep_111306,3215,goods-s-ultradeep,111306,111306,111306,2023-10-16,53.10724,-27.8013012,GS,3.58,3.582442,B,nan,nan,3.582442,-18.96550212727255
goods-s-ultradeep_111511,3215,goods-s-ultradeep,111511,111511,111511,2023-10-16,53.1539796,-27.8009169,GS,2.65823,2.9922466813411566,A,2.9922466813411566,2.0,2.998428,nan
goods-s-ultradeep_111547,3215,goods-s-ultradeep,111547,111547,111547,2023-10-16,53.129972,-27.8008918,GS,3.63052,3.5804704397611076,A,3.5804704397611076,1.0,3.591554,-17.525478884046038
goods-s-mediumjwst_111617,1286,goods-s-mediumjwst,111617,111617,111617,2023-12-17,53.1853872,-27.8007263,GS,4.81358,4.835672733918066,A,4.835672733918066,2.0,4.829025,-16.98877820297132
goods-s-ultradeep_111773,3215,goods-s-ultradeep,111773,111773,111773,2023-10-16,53.1560835,-27.800549,GS,3.71588,3.5602455907198367,A,3.5602455907198367,1.0,3.555113,-17.140222637785502
goods-s-mediumjwst_111996,1286,goods-s-mediumjwst,111996,111996,111996,2023-10-19,53.1820639,-27.8001433,GS,1.51261,1.46857,C,nan,nan,1.46857,nan
goods-s-mediumjwst_112194,1286,goods-s-mediumjwst,112194,112194,112194,2023-10-19,53.141723,-27.7998233,GS,3.30897,3.17961,B,nan,nan,3.17961,-18.755180793487995
goods-s-mediumjwst_112259,1286,goods-s-mediumjwst,112259,112259,112259,2023-10-19,53.121285,-27.7996904,GS,3.18774,2.86901690909074,A,2.86901690909074,2.0,2.876011,nan
goods-s-mediumjwst_112580,1286,goods-s-mediumjwst,112580,112580,112580,2023-12-17,53.146705,-27.7991444,GS,2.00317,1.9082946476456346,A,1.9082946476456346,2.0,1.897056,nan
goods-s-ultradeep_112848,3215,goods-s-ultradeep,112848,112848,112848,2023-10-16,53.1331809,-27.7987706,GS,3.06323,2.997738,C,nan,nan,2.997738,nan
goods-s-mediumjwst_112920,1286,goods-s-mediumjwst,112920,112920,112920,2023-12-17,53.1586794,-27.798627,GS,0.63074,-1.0,E,nan,nan,nan,nan
goods-s-ultradeep_113056,3215,goods-s-ultradeep,113056,113056,113056,2023-10-16,53.1105167,-27.7984886,GS,5.11766,5.984416442041754,A,5.984416442041754,4.0,5.986997,-17.39119017112132
goods-s-ultradeep_113101,3215,goods-s-ultradeep,113101,113101,113101,2023-10-16,53.117995,-27.7983746,GS,3.57821,3.671006789081049,A,3.671006789081049,6.0,3.669103,-18.410947844412824
goods-s-ultradeep_113335,3215,goods-s-ultradeep,113335,113335,113335,2023-10-16,53.1584799,-27.7981059,GS,2.01277,-1.0,E,nan,nan,nan,nan
goods-s-ultradeep_113359,3215,goods-s-ultradeep,113359,113359,113359,2023-10-16,53.1247921,-27.7980109,GS,3.37213,3.65278,D,nan,nan,3.65278,-16.353597923976118
goods-s-mediumjwst_113398,1286,goods-s-mediumjwst,113398,113398,113398,2023-10-19,53.1847607,-27.7979714,GS,1.62576,1.484039786756771,A,1.484039786756771,2.0,1.477722,nan
goods-s-mediumjwst_113511,1286,goods-s-mediumjwst,113511,113511,113511,2023-12-17,53.1792134,-27.7977683,GS,2.04908,2.307760817928486,A,2.307760817928486,4.0,2.306161,nan
goods-s-ultradeep_113544,3215,goods-s-ultradeep,113544,113544,113544,2023-10-16,53.1560509,-27.7977396,GS,2.26847,-1.0,E,nan,nan,nan,nan
goods-s-mediumjwst_113568,1286,goods-s-mediumjwst,113568,113568,113568,2023-10-19,53.1223483,-27.7977077,GS,-1.0,7.20443,D,nan,nan,7.20443,-17.44413054074857
goods-s-ultradeep_113719,3215,goods-s-ultradeep,113719,113719,113719,2023-10-16,53.1242873,-27.7974433,GS,5.53094,5.44261100175228,A,5.44261100175228,2.0,5.441911,-18.71733162991885
goods-s-ultradeep_113801,3215,goods-s-ultradeep,113801,113801,113801,2023-10-16,53.1227159,-27.7973329,GS,1.56077,-1.0,E,nan,nan,nan,nan
goods-s-mediumjwst_114284,1286,goods-s-mediumjwst,114284,114284,114284,2023-10-19,53.1361277,-27.7964897,GS,1.17954,-1.0,E,nan,nan,nan,nan
goods-s-mediumjwst_114382,1286,goods-s-mediumjwst,114382,114382,114382,2023-12-17,53.1477565,-27.7962952,GS,1.90661,-1.0,E,nan,nan,nan,nan
goods-s-mediumjwst_114486,1286,goods-s-mediumjwst,114486,114486,114486,2023-12-17,53.1591481,-27.7961303,GS,2.66274,3.4272079006291287,A,3.4272079006291287,3.0,3.428298,-17.863166388801062
goods-s-ultradeep_114498,3215,goods-s-ultradeep,114498,114498,114498,2023-10-16,53.1228632,-27.796106,GS,3.72251,3.714906415710047,A,3.714906415710047,1.0,3.71973,-17.130227447082124
goods-s-mediumjwst_114559,1286,goods-s-mediumjwst,114559,114559,114559,2023-10-19,53.1685879,-27.7959999,GS,3.16805,2.8664286780263026,A,2.8664286780263026,2.0,2.867423,nan
goods-s-ultradeep_114573,3215,goods-s-ultradeep,114573,114573,114573,2023-10-16,53.1147432,-27.7959627,GS,2.81089,2.869266,C,nan,nan,2.869266,nan
goods-s-mediumjwst_114601,1286,goods-s-mediumjwst,114601,114601,114601,2023-10-19,53.1719778,-27.7959376,GS,3.66075,3.55584,D,nan,nan,3.550151,-17.405768430307756
goods-s-mediumjwst_114786,1286,goods-s-mediumjwst,114786,114786,114786,2023-10-19,53.1780033,-27.7955355,GS,3.10563,2.992306763127188,A,2.992306763127188,6.0,2.998142,nan
goods-s-mediumjwst_115035,1286,goods-s-mediumjwst,115035,115035,115035,2023-10-19,53.1645278,-27.7951945,GS,2.66517,3.438995,B,nan,nan,3.438995,-17.7466902830374
goods-s-mediumjwst_115057,1286,goods-s-mediumjwst,115057,115057,115057,2023-10-19,53.126611,-27.7951171,GS,1.77845,-1.0,E,nan,nan,nan,nan
goods-s-mediumjwst_115104,1286,goods-s-mediumjwst,115104,115104,115104,2023-12-17,53.1480738,-27.7950721,GS,4.61758,4.507133961146964,A,4.507133961146964,3.0,4.507899,-18.084994666297952
goods-s-mediumjwst_115182,1286,goods-s-mediumjwst,115182,115182,115182,2023-10-19,53.1800054,-27.7948639,GS,1.59946,1.7781,C,nan,nan,1.7781,nan
goods-s-mediumjwst_115459,1286,goods-s-mediumjwst,115459,115459,115459,2023-10-19,53.1745463,-27.7943466,GS,2.17935,2.326313,C,nan,nan,2.326313,nan
goods-s-mediumjwst_115488,1286,goods-s-mediumjwst,115488,115488,115488,2023-10-19,53.1367723,-27.794327,GS,3.66997,3.702222860371447,A,3.702222860371447,2.0,3.710048,-17.82416494048916
goods-s-mediumjwst_115537,1286,goods-s-mediumjwst,115537,115537,115537,2023-12-17,53.131285,-27.7943047,GS,3.66381,3.702819840140888,A,3.702819840140888,1.0,3.705325,-15.222992910900658
goods-s-mediumjwst_115964,1286,goods-s-mediumjwst,115964,115964,115964,2023-10-19,53.1239427,-27.7935841,GS,1.15895,-1.0,E,nan,nan,nan,nan
goods-s-mediumjwst_116199,1286,goods-s-mediumjwst,116199,116199,116199,2023-10-19,53.1601798,-27.7932624,GS,6.39695,-1.0,E,nan,nan,nan,nan
goods-s-mediumjwst_116224,1286,goods-s-mediumjwst,116224,116224,116224,2023-10-19,53.1627967,-27.7931657,GS,0.67357,-1.0,E,nan,nan,nan,nan
goods-s-mediumjwst_116257,1286,goods-s-mediumjwst,116257,116257,116257,2023-10-19,53.147195,-27.7931535,GS,5.74878,5.563737329660978,A,5.563737329660978,3.0,5.567624,-18.298802946258615
goods-s-mediumjwst_116725,1286,goods-s-mediumjwst,116725,116725,116725,2023-12-17,53.1519524,-27.7924179,GS,6.80779,1.48467,D,nan,nan,1.48467,nan
goods-s-mediumjwst_116898,1286,goods-s-mediumjwst,116898,116898,116898,2023-12-17,53.1773681,-27.7921343,GS,6.89836,6.796927395585543,A,6.796927395585543,4.0,6.797234,-19.47579531694572
goods-s-mediumjwst_116900,1286,goods-s-mediumjwst,116900,116900,116900,2023-12-17,53.1502495,-27.7921631,GS,2.63847,2.570321657101274,A,2.570321657101274,1.0,2.57219,nan
goods-s-mediumjwst_116915,1286,goods-s-mediumjwst,116915,116915,116915,2023-12-17,53.166441,-27.7921249,GS,1.69232,1.6104186772613047,A,1.6104186772613047,4.0,1.618419,nan
goods-s-mediumjwst_117482,1286,goods-s-mediumjwst,117482,117482,117482,2023-12-17,53.1331619,-27.7910918,GS,2.25168,2.343462238394265,A,2.343462238394265,8.0,2.345623,nan
goods-s-mediumjwst_117769,1286,goods-s-mediumjwst,117769,117769,117769,2023-10-19,53.1623905,-27.7907203,GS,2.64443,2.809441118236159,A,2.809441118236159,3.0,2.791073,nan
goods-s-mediumjwst_117882,1286,goods-s-mediumjwst,117882,117882,117882,2023-10-19,53.1342175,-27.7905335,GS,2.28734,2.28734,C,nan,nan,2.28734,nan
goods-s-mediumjwst_117995,1286,goods-s-mediumjwst,117995,117995,117995,2023-12-17,53.1319185,-27.7904304,GS,1.37905,-1.0,E,nan,nan,nan,nan
goods-s-mediumjwst_118073,1286,goods-s-mediumjwst,118073,118073,118073,2023-10-19,53.1670919,-27.7902666,GS,3.41106,3.0660143675116407,A,3.0660143675116407,2.0,3.081961,-17.74611302719852
goods-s-mediumjwst_118081,1286,goods-s-mediumjwst,118081,118081,118081,2023-12-17,53.1781826,-27.7902643,GS,3.39588,3.299897240956752,A,3.299897240956752,2.0,3.304645,-19.002942711555566
goods-s-mediumjwst_119086,1286,goods-s-mediumjwst,119086,119086,119086,2023-12-17,53.1356556,-27.7889746,GS,0.32811,0.265,D,nan,nan,0.265,nan
goods-s-mediumjwst_119146,1286,goods-s-mediumjwst,119146,119146,119146,2023-10-19,53.1294346,-27.788968,GS,1.84051,1.84051,D,nan,nan,1.84051,nan
goods-s-mediumjwst_119163,1286,goods-s-mediumjwst,119163,119163,119163,2023-12-17,53.1513007,-27.7889096,GS,1.84807,1.75225,D,nan,nan,1.75225,nan
goods-s-mediumjwst_119200,1286,goods-s-mediumjwst,119200,119200,119200,2023-12-17,53.1583439,-27.7888739,GS,0.99818,0.98578,C,nan,nan,0.98578,nan
goods-s-mediumjwst_119227,1286,goods-s-mediumjwst,119227,119227,119227,2023-12-17,53.1343949,-27.788842,GS,2.66362,2.868224787380291,A,2.868224787380291,4.0,2.868295,nan
goods-s-mediumjwst_119380,1286,goods-s-mediumjwst,119380,119380,119380,2023-12-17,53.1831776,-27.7886183,GS,1.71151,1.72268,D,nan,nan,1.72268,nan
goods-s-mediumjwst_119662,1286,goods-s-mediumjwst,119662,119662,119662,2023-10-19,53.1250705,-27.788333,GS,-1.0,-1.0,E,nan,nan,nan,nan
goods-s-mediumjwst_119775,1286,goods-s-mediumjwst,119775,119775,119775,2023-12-17,53.1932902,-27.7882016,GS,1.86347,-1.0,E,nan,nan,nan,nan
goods-s-mediumjwst_119910,1286,goods-s-mediumjwst,119910,119910,119910,2023-12-17,53.1830076,-27.7880558,GS,-1.0,1.6,D,nan,nan,1.6,nan
goods-s-mediumjwst_120414,1180,goods-s-mediumjwst,120414,120414,120414,2023-10-08,53.16411173574306,-27.787366638272715,GS,1.16037,1.096391769146354,A,1.096391769146354,16.0,1.091987,nan
goods-s-mediumjwst_120436,1286,goods-s-mediumjwst,120436,120436,120436,2023-12-17,53.1522482,-27.7875208,GS,-1.0,2.280786717205725,A,2.280786717205725,1.0,2.283,nan
goods-s-mediumjwst_120815,1286,goods-s-mediumjwst,120815,120815,120815,2023-10-19,53.1402228,-27.7870909,GS,5.53752,5.5210957524818625,A,5.5210957524818625,2.0,5.525201,-18.41426009456765
goods-s-mediumjwst_120830,1180,goods-s-mediumjwst,120830,120830,120830,2023-10-08,53.15578521300985,-27.78704135616633,GS,2.62507,2.6747366847587264,A,2.6747366847587264,3.0,2.677518,nan
goods-s-mediumjwst_121092,1180,goods-s-mediumjwst,121092,121092,121092,2023-10-08,53.16349172771767,-27.786708970372338,GS,0.48333,0.469374,B,nan,nan,0.469374,nan
goods-s-mediumjwst_121233,1286,goods-s-mediumjwst,121233,121233,121233,2023-10-19,53.1271764,-27.786647,GS,6.96434,6.879471311423787,A,6.879471311423787,4.0,6.883824,-19.163119440043655
goods-s-mediumjwst_121397,1286,goods-s-mediumjwst,121397,121397,121397,2023-12-17,53.1503773,-27.7864484,GS,3.04093,3.03861,C,nan,nan,3.03861,-16.830924111969118
goods-s-mediumjwst_122244,1286,goods-s-mediumjwst,122244,122244,122244,2023-12-17,53.182163,-27.7856814,GS,2.42937,2.58025,D,nan,nan,2.58025,nan
goods-s-mediumjwst_122768,1180,goods-s-mediumjwst,122768,122768,122768,2023-10-08,53.141907922199685,-27.785109306912815,GS,1.76892,1.0961488850184757,A,1.0961488850184757,1.0,1.095,nan
goods-s-mediumjwst_123643,1286,goods-s-mediumjwst,123643,123643,123643,2023-12-17,53.1381211,-27.7840755,GS,1.57865,1.77865,C,nan,nan,1.77865,nan
goods-s-mediumjwst_123864,1286,goods-s-mediumjwst,123864,123864,123864,2023-12-17,53.1288495,-27.7837255,GS,1.66083,1.44832,C,nan,nan,1.44832,nan
goods-s-mediumjwst_123974,1180,goods-s-mediumjwst,123974,123974,123974,2023-10-08,53.14694416220364,-27.78355861126096,GS,3.02299,-1.0,E,nan,nan,nan,nan
goods-s-mediumjwst_124032,1286,goods-s-mediumjwst,124032,124032,124032,2023-12-17,53.1576749,-27.7833892,GS,2.60963,2.6424655615336734,A,2.6424655615336734,8.0,2.636376,nan
goods-s-mediumjwst_124337,1286,goods-s-mediumjwst,124337,124337,124337,2023-12-17,53.1401895,-27.783106,GS,2.12299,-1.0,E,nan,nan,nan,nan
goods-s-mediumjwst_124709,1286,goods-s-mediumjwst,124709,124709,124709,2023-12-17,53.1535745,-27.7825926,GS,1.80935,1.9843655349461782,A,1.9843655349461782,1.0,1.987163,nan
goods-s-mediumjwst_124902,1180,goods-s-mediumjwst,124902,124902,124902,2023-10-08,53.191230739250166,-27.782340019483424,GS,1.62519,1.62519,C,nan,nan,1.62519,nan
goods-s-mediumjwst_125473,1286,goods-s-mediumjwst,125473,125473,125473,2023-12-17,53.1563514,-27.7815323,GS,3.5706,3.59341899559982,A,3.59341899559982,2.0,3.590277,-17.15281034796759
goods-s-mediumjwst_125483,1286,goods-s-mediumjwst,125483,125483,125483,2023-12-17,53.2091927,-27.7814759,GS,4.93024,4.9183348489205505,A,4.9183348489205505,2.0,4.918222,-18.05770039904401
goods-s-mediumjwst_125579,1286,goods-s-mediumjwst,125579,125579,125579,2023-12-17,53.1376917,-27.7813464,GS,4.85319,4.87170059951011,A,4.87170059951011,6.0,4.863914,-18.917136315840963
goods-s-mediumjwst_125915,1180,goods-s-mediumjwst,125915,125915,125915,2023-10-08,53.1435904084252,-27.780854820282084,GS,1.52749,1.21685,D,nan,nan,1.21685,nan
goods-s-mediumjwst_126179,1180,goods-s-mediumjwst,126179,126179,126179,2023-10-08,53.19344031800563,-27.780411267968162,GS,1.56104,1.29589,D,nan,nan,1.29589,nan
goods-s-mediumjwst_126180,1180,goods-s-mediumjwst,126180,126180,126180,2023-10-08,53.18519388988929,-27.780438343595748,GS,4.86993,4.8682823446103995,A,4.8682823446103995,4.0,4.871979,-18.464401911706208
goods-s-mediumjwst_126215,1286,goods-s-mediumjwst,126215,126215,126215,2023-12-17,53.1482922,-27.7803304,GS,3.70405,3.6052980102267194,A,3.6052980102267194,5.0,3.607783,-19.169277720638338
goods-s-mediumjwst_126279,1180,goods-s-mediumjwst,126279,126279,126279,2023-10-08,53.14692818028856,-27.7802930266263,GS,1.18161,1.08161,D,nan,nan,1.075139,nan
goods-s-mediumjwst_126289,1286,goods-s-mediumjwst,126289,126289,126289,2023-12-17,53.1831273,-27.7803155,GS,2.46431,2.4761186165352043,A,2.4761186165352043,3.0,2.485315,nan
goods-s-mediumjwst_126695,1286,goods-s-mediumjwst,126695,126695,126695,2023-12-17,53.1288275,-27.7796387,GS,1.00104,-1.0,E,nan,nan,nan,nan
goods-s-mediumjwst_126853,1180,goods-s-mediumjwst,126853,126853,126853,2023-10-08,53.20442994812526,-27.779399451419188,GS,1.02464,-1.0,E,nan,nan,nan,nan
goods-s-mediumjwst_126865,1286,goods-s-mediumjwst,126865,126865,126865,2023-12-17,53.1953914,-27.7793495,GS,2.90752,2.849086706048684,A,2.849086706048684,9.0,2.849125,nan
goods-s-ultradeep_127079,3215,goods-s-ultradeep,127079,127079,127079,2023-10-16,53.1509047,-27.7791226,GS,1.27333,5.262455055638757,A,5.262455055638757,1.0,5.262344,-16.395275973345512
goods-s-ultradeep_127357,3215,goods-s-ultradeep,127357,127357,127357,2023-10-16,53.1528867,-27.7785905,GS,1.86342,-1.0,E,nan,nan,nan,nan
goods-s-ultradeep_127442,3215,goods-s-ultradeep,127442,127442,127442,2023-10-16,53.1322705,-27.7784818,GS,1.54963,-1.0,E,nan,nan,nan,nan
goods-s-ultradeep_127448,3215,goods-s-ultradeep,127448,127448,127448,2023-10-16,53.1529654,-27.7784433,GS,4.27391,4.302516769506175,A,4.302516769506175,1.0,4.298823,-16.0123930355228
goods-s-mediumjwst_127508,1286,goods-s-mediumjwst,127508,127508,127508,2023-12-17,53.1814176,-27.7783059,GS,11.12788,1.8898,D,nan,nan,1.8898,nan
goods-s-ultradeep_127547,3215,goods-s-ultradeep,127547,127547,127547,2023-10-16,53.1529409,-27.7782989,GS,1.87965,1.663669,C,nan,nan,1.663669,nan
goods-s-ultradeep_127557,3215,goods-s-ultradeep,127557,127557,127557,2023-10-16,53.1560669,-27.7783079,GS,5.74736,4.35241072829889,A,4.35241072829889,1.0,4.348398,-15.6867679295379
goods-s-ultradeep_127981,3215,goods-s-ultradeep,127981,127981,127981,2023-10-16,53.1719374,-27.7776206,GS,1.11073,1.10737,D,nan,nan,1.10737,nan
goods-s-ultradeep_128072,3215,goods-s-ultradeep,128072,128072,128072,2023-10-16,53.1655302,-27.7774828,GS,2.69151,2.62851,B,nan,nan,2.62851,nan
goods-s-mediumjwst_128239,1286,goods-s-mediumjwst,128239,128239,128239,2023-12-17,53.1828095,-27.7772124,GS,1.96222,1.9079931836561221,A,1.9079931836561221,2.0,1.912148,nan
goods-s-ultradeep_128261,3215,goods-s-ultradeep,128261,128261,128261,2023-10-16,53.1242714,-27.7772526,GS,6.81831,6.62516348420445,A,6.62516348420445,2.0,6.630626,-16.86856835196619
goods-s-mediumjwst_128289,1286,goods-s-mediumjwst,128289,128289,128289,2023-12-17,53.1846442,-27.7772008,GS,2.35333,2.6903382814599297,A,2.6903382814599297,2.0,2.69695,nan
goods-s-mediumjwst_128360,1180,goods-s-mediumjwst,128360,128360,128360,2023-10-08,53.17985302638417,-27.777034162313303,GS,2.5368,2.19575,D,nan,nan,2.205772,nan
goods-s-mediumjwst_128443,1286,goods-s-mediumjwst,128443,128443,128443,2023-12-17,53.1552204,-27.7768829,GS,1.57428,1.6098599676884637,A,1.6098599676884637,2.0,1.60967,nan
goods-s-mediumjwst_128499,1180,goods-s-mediumjwst,128499,128499,128499,2023-10-08,53.17908215956132,-27.776844036051692,GS,3.72664,3.680228,C,nan,nan,3.680228,-17.840533160835818
goods-s-ultradeep_128556,3215,goods-s-ultradeep,128556,128556,128556,2023-10-16,53.1274538,-27.7768039,GS,2.40238,2.35745,C,nan,nan,2.35745,nan
goods-s-mediumjwst_128723,1286,goods-s-mediumjwst,128723,128723,128723,2023-12-17,53.1443519,-27.7765327,GS,2.37947,2.3300191530327314,A,2.3300191530327314,8.0,2.327615,nan
goods-s-mediumjwst_128929,1180,goods-s-mediumjwst,128929,128929,128929,2023-10-08,53.19230637014827,-27.776195900589382,GS,1.39944,1.2950307976640432,A,1.2950307976640432,2.0,1.281705,nan
goods-s-ultradeep_129261,3215,goods-s-ultradeep,129261,129261,129261,2023-10-16,53.1674321,-27.775847,GS,3.29713,4.467751678480816,A,4.467751678480816,1.0,4.471566,-16.514310935414578
goods-s-mediumjwst_129417,1286,goods-s-mediumjwst,129417,129417,129417,2023-12-17,53.1574724,-27.7756336,GS,3.7357,-1.0,E,nan,nan,nan,nan
goods-s-ultradeep_129508,3215,goods-s-ultradeep,129508,129508,129508,2023-10-16,53.1510188,-27.7754549,GS,1.44541,1.45569,C,nan,nan,1.45569,nan
goods-s-ultradeep_129524,3215,goods-s-ultradeep,129524,129524,129524,2023-10-16,53.1754294,-27.7754967,GS,1.43194,-1.0,E,nan,nan,nan,nan
goods-s-mediumjwst_129559,1180,goods-s-mediumjwst,129559,129559,129559,2023-10-08,53.19138145057725,-27.775348164870255,GS,2.63273,3.6022679042216965,A,3.6022679042216965,1.0,3.606179,-18.647590191744346
goods-s-mediumjwst_129636,1286,goods-s-mediumjwst,129636,129636,129636,2023-12-17,53.1680929,-27.7753391,GS,3.56954,3.550547010874854,A,3.550547010874854,5.0,3.547815,-18.71606307449112
goods-s-ultradeep_129714,3215,goods-s-ultradeep,129714,129714,129714,2023-10-16,53.1272207,-27.7752022,GS,1.08724,1.00411,D,nan,nan,1.00411,nan
goods-s-ultradeep_129731,3215,goods-s-ultradeep,129731,394075,-1,2023-10-16,53.1360323,-27.77523,GS,4.19235,-1.0,E,nan,nan,nan,nan
goods-s-ultradeep_129777,3215,goods-s-ultradeep,129777,129777,129777,2023-10-16,53.1287947,-27.7751489,GS,4.05903,4.016185,B,nan,nan,4.016185,-15.988760016299985
goods-s-ultradeep_129843,3215,goods-s-ultradeep,129843,129843,129843,2023-10-16,53.1670301,-27.775044,GS,3.60097,3.550641,C,nan,nan,3.550641,-17.846409670486302
goods-s-ultradeep_129955,3215,goods-s-ultradeep,129955,129955,129955,2023-10-16,53.1699842,-27.7749252,GS,6.88534,2.11394,D,nan,nan,2.11394,nan
goods-s-ultradeep_129992,3215,goods-s-ultradeep,129992,129992,129992,2023-10-16,53.1274485,-27.7748633,GS,2.26177,2.4524452724938466,A,2.4524452724938466,1.0,2.459492,nan
goods-s-mediumjwst_130191,1286,goods-s-mediumjwst,130191,130191,130191,2023-12-17,53.1549756,-27.774625,GS,2.0838,-1.0,E,nan,nan,nan,nan
goods-s-ultradeep_130328,3215,goods-s-ultradeep,130328,130328,130328,2023-10-16,53.1147844,-27.774457,GS,3.123,-1.0,E,nan,nan,nan,nan
goods-s-ultradeep_130407,3215,goods-s-ultradeep,130407,130407,130407,2023-10-16,53.126293,-27.7743307,GS,2.94534,1.537,D,nan,nan,1.537,nan
goods-s-mediumjwst_130435,1180,goods-s-mediumjwst,130435,130435,130435,2023-10-08,53.16156612531668,-27.774225819644084,GS,0.29345,-1.0,E,nan,nan,nan,nan
goods-s-ultradeep_130677,3215,goods-s-ultradeep,130677,130677,130677,2023-10-16,53.1193481,-27.7739167,GS,0.656,0.71585,D,nan,nan,0.71585,nan
goods-s-ultradeep_130712,3215,goods-s-ultradeep,130712,130712,130712,2023-10-16,53.159386,-27.773889,GS,3.31466,3.255353,B,nan,nan,3.255353,-17.275093727232225
goods-s-mediumjwst_130828,1286,goods-s-mediumjwst,130828,130828,130828,2023-12-17,53.1738966,-27.7737027,GS,2.606,2.5912517408336475,A,2.5912517408336475,2.0,2.599513,nan
goods-s-ultradeep_131133,3215,goods-s-ultradeep,131133,131133,131133,2023-10-16,53.1561467,-27.7734055,GS,6.72898,5.261797168479952,A,5.261797168479952,1.0,5.265123,-16.47191345656335
goods-s-mediumjwst_131331,1180,goods-s-mediumjwst,131331,131331,131331,2023-10-08,53.20513032443465,-27.773140059593167,GS,3.45913,2.994210934801973,A,2.994210934801973,2.0,2.987655,nan
goods-s-ultradeep_131390,3215,goods-s-ultradeep,131390,131390,131390,2023-10-16,53.1159491,-27.7731263,GS,1.531,1.727366,B,nan,nan,1.727366,nan
goods-s-ultradeep_131642,3215,goods-s-ultradeep,131642,131642,131642,2023-10-16,53.1633939,-27.7727846,GS,4.71793,4.81770015579174,A,4.81770015579174,2.0,4.817759,-17.708216985554273
goods-s-mediumjwst_131737,1180,goods-s-mediumjwst,131737,131737,131737,2023-10-08,53.19904212424472,-27.77258009970136,GS,5.96837,5.887453350922148,A,5.887453350922148,3.0,5.887382,-19.184087496429473
goods-s-mediumjwst_131798,1180,goods-s-mediumjwst,131798,131798,131798,2023-10-08,53.16302009014548,-27.772579553736875,GS,2.9193,2.4491697005105983,A,2.4491697005105983,2.0,2.452302,nan
goods-s-ultradeep_131894,3215,goods-s-ultradeep,131894,131894,131894,2023-10-16,53.1372529,-27.7725132,GS,0.88693,-1.0,E,nan,nan,nan,nan
goods-s-ultradeep_132213,3215,goods-s-ultradeep,132213,132213,132213,2023-10-16,53.1585218,-27.7721015,GS,3.03038,3.015141,B,nan,nan,3.015141,-18.324619206128432
goods-s-mediumjwst_132379,1180,goods-s-mediumjwst,132379,132379,132379,2023-10-08,53.16024438456373,-27.772013619931815,GS,3.26553,3.248070591319939,A,3.248070591319939,2.0,3.248642,-16.527302961902876
goods-s-ultradeep_132458,3215,goods-s-ultradeep,132458,132458,132458,2023-10-16,53.1720662,-27.7719738,GS,1.88016,2.6149381588541454,A,2.6149381588541454,1.0,2.623455,nan
goods-s-mediumjwst_132504,1180,goods-s-mediumjwst,132504,132504,132504,2023-10-08,53.14542696613391,-27.77192539951407,GS,3.01609,3.020118255587252,A,3.020118255587252,1.0,3.014496,-14.03018001314345
goods-s-ultradeep_132574,3215,goods-s-ultradeep,132574,132574,132574,2023-10-16,53.1673217,-27.7718208,GS,4.8169,4.772840150664825,A,4.772840150664825,2.0,4.773277,-17.89399260870841
goods-s-mediumjwst_132595,1180,goods-s-mediumjwst,132595,132595,132595,2023-10-08,53.14879099756805,-27.771775521526447,GS,2.91709,2.9417734427744415,A,2.9417734427744415,4.0,2.942557,nan
goods-s-mediumjwst_132624,1286,goods-s-mediumjwst,132624,132624,132624,2023-12-17,53.1776761,-27.7717402,GS,2.32227,2.10329,C,nan,nan,2.10329,nan
goods-s-mediumjwst_132638,1286,goods-s-mediumjwst,132638,132638,132638,2023-12-17,53.1628554,-27.7716923,GS,3.41188,3.3239508287751143,A,3.3239508287751143,15.0,3.322636,-19.518885094471184
goods-s-ultradeep_132723,3215,goods-s-ultradeep,132723,132723,132723,2023-10-16,53.1659115,-27.7717189,GS,1.98332,2.442453,C,nan,nan,2.442453,nan
goods-s-mediumjwst_133236,1286,goods-s-mediumjwst,133236,133236,133236,2023-12-17,53.1533689,-27.7711899,GS,4.11401,5.519448862370748,A,5.519448862370748,2.0,5.527285,nan
goods-s-ultradeep_133298,3215,goods-s-ultradeep,133298,133298,133298,2023-10-16,53.1630161,-27.77111,GS,4.01017,4.154033115328802,A,4.154033115328802,1.0,4.154654,-15.89736659325272
goods-s-ultradeep_133590,3215,goods-s-ultradeep,133590,133590,133590,2023-10-16,53.1741168,-27.7708121,GS,1.69468,1.96567,D,nan,nan,1.96567,nan
goods-s-mediumjwst_133653,1180,goods-s-mediumjwst,133653,133653,133653,2023-10-08,53.20066994194534,-27.770761851403606,GS,2.83729,3.09798,D,nan,nan,3.09798,nan
goods-s-mediumjwst_133708,1286,goods-s-mediumjwst,133708,133708,133708,2023-12-17,53.1796661,-27.7706436,GS,3.04951,2.8526146876129586,A,2.8526146876129586,3.0,2.852181,nan
goods-s-mediumjwst_133718,1180,goods-s-mediumjwst,133718,133718,133718,2023-10-08,53.164723687643985,-27.77071593281039,GS,3.68995,-1.0,E,nan,nan,nan,nan
goods-s-ultradeep_133789,3215,goods-s-ultradeep,133789,133789,133789,2023-10-16,53.1210222,-27.770694,GS,1.88,1.8209098970097872,A,1.8209098970097872,5.0,1.830617,nan
goods-s-mediumjwst_134136,1180,goods-s-mediumjwst,134136,134136,134136,2023-10-08,53.18856929759853,-27.770373564845944,GS,3.60025,3.68242,D,nan,nan,3.68242,-16.962031096993794
goods-s-mediumjwst_134419,1180,goods-s-mediumjwst,134419,134419,134419,2023-10-08,53.20140858193184,-27.770048272087898,GS,2.17338,2.710204180623035,A,2.710204180623035,1.0,2.710735,nan
goods-s-ultradeep_134811,3215,goods-s-ultradeep,134811,134811,134811,2023-10-16,53.1641646,-27.7698375,GS,5.20392,5.266008235178189,A,5.266008235178189,3.0,5.269656,-17.132108520721815
goods-s-ultradeep_134898,3215,goods-s-ultradeep,134898,134898,134898,2023-10-16,53.126517,-27.7697619,GS,4.03353,3.545624240478534,A,3.545624240478534,3.0,3.547891,-17.48599435512336
goods-s-mediumjwst_135134,1180,goods-s-mediumjwst,135134,135134,135134,2023-10-08,53.181481837674546,-27.769503159552965,GS,7.2133,7.431613981437516,A,7.431613981437516,1.0,7.431484,-18.309224523458145
goods-s-ultradeep_135207,3215,goods-s-ultradeep,135207,135207,135207,2023-10-16,53.1339693,-27.7694719,GS,1.8905,1.954646,C,nan,nan,1.954646,nan
goods-s-mediumjwst_135485,1286,goods-s-mediumjwst,135485,135485,135485,2023-12-17,53.193169,-27.7691634,GS,1.79066,1.79066,D,nan,nan,1.79066,nan
goods-s-ultradeep_135853,3215,goods-s-ultradeep,135853,135853,135853,2023-10-16,53.1167057,-27.7689147,GS,2.69,2.3032560846788863,A,2.3032560846788863,10.0,2.313159,nan
goods-s-mediumjwst_136184,1286,goods-s-mediumjwst,136184,136184,136184,2023-12-17,53.187617,-27.7685412,GS,3.36306,3.500616133216415,A,3.500616133216415,2.0,3.506156,-17.21944587628804
goods-s-ultradeep_136337,3215,goods-s-ultradeep,136337,136337,136337,2023-10-16,53.1150991,-27.76842,GS,3.06,2.626882068583453,A,2.626882068583453,4.0,2.641898,nan
goods-s-mediumjwst_136463,1286,goods-s-mediumjwst,136463,136463,136463,2023-12-17,53.1765367,-27.768287,GS,2.75308,-1.0,E,nan,nan,nan,nan
goods-s-mediumjwst_136486,1286,goods-s-mediumjwst,136486,136486,136486,2023-12-17,53.1531456,-27.7682576,GS,2.86779,2.7241480918524696,A,2.7241480918524696,2.0,2.735839,nan
goods-s-ultradeep_137573,3215,goods-s-ultradeep,137573,137573,137573,2023-10-16,53.1564673,-27.7672597,GS,7.33003,6.867430902378535,A,6.867430902378535,3.0,6.865508,-17.7358646863079
goods-s-mediumjwst_137771,1286,goods-s-mediumjwst,137771,137771,137771,2023-12-17,53.2091572,-27.7670243,GS,1.57535,-1.0,E,nan,nan,nan,nan
goods-s-ultradeep_138084,3215,goods-s-ultradeep,138084,138084,138084,2023-10-16,53.1211762,-27.766683,GS,0.856,0.878,D,nan,nan,0.878,nan
goods-s-ultradeep_138273,3215,goods-s-ultradeep,138273,138273,138273,2023-10-16,53.1337707,-27.7664559,GS,1.65924,1.68379,D,nan,nan,1.68379,nan
goods-s-ultradeep_138559,3215,goods-s-ultradeep,138559,138559,138559,2023-10-16,53.1677965,-27.7661264,GS,6.90915,-1.0,E,nan,nan,nan,nan
goods-s-ultradeep_138717,3215,goods-s-ultradeep,138717,138717,138717,2023-10-16,53.1191872,-27.7658422,GS,1.80808,1.8841718543940416,A,1.8841718543940416,5.0,1.913408,nan
goods-s-ultradeep_138765,3215,goods-s-ultradeep,138765,138765,138765,2023-10-16,53.1358022,-27.7659118,GS,5.82933,5.760226704272014,A,5.760226704272014,4.0,5.764009,-15.851477034576519
goods-s-mediumjwst_138957,1286,goods-s-mediumjwst,138957,138957,138957,2023-12-17,53.1694798,-27.765664,GS,4.67811,4.687058065082648,A,4.687058065082648,5.0,4.688746,-18.62479001159779
goods-s-mediumjwst_138958,1286,goods-s-mediumjwst,138958,138958,138958,2023-12-17,53.1605523,-27.7656682,GS,1.21083,-1.0,E,nan,nan,nan,nan
goods-s-mediumjwst_139159,1286,goods-s-mediumjwst,139159,139159,139159,2023-12-17,53.2022642,-27.7653903,GS,2.67492,2.9937394839427456,A,2.9937394839427456,3.0,2.99302,nan
goods-s-mediumjwst_139181,1286,goods-s-mediumjwst,139181,139181,139181,2023-12-17,53.2151125,-27.7653565,GS,1.63933,1.63933,C,nan,nan,1.63933,nan
goods-s-mediumjwst_139203,1286,goods-s-mediumjwst,139203,139203,139203,2023-12-17,53.209592,-27.7652889,GS,-1.0,-1.0,E,nan,nan,nan,nan
goods-s-mediumjwst_139218,1286,goods-s-mediumjwst,139218,139218,139218,2023-12-17,53.1338249,-27.7652999,GS,-1.0,1.671041610917056,A,1.671041610917056,1.0,1.67073,nan
goods-s-mediumjwst_139305,1286,goods-s-mediumjwst,139305,139305,139305,2023-12-17,53.1374179,-27.7652083,GS,6.65999,6.622200289068616,A,6.622200289068616,3.0,6.622371,-19.349145583880375
goods-s-ultradeep_139659,3215,goods-s-ultradeep,139659,139659,139659,2023-10-16,53.1555946,-27.764753,GS,2.82266,-1.0,E,nan,nan,nan,nan
goods-s-ultradeep_139829,3215,goods-s-ultradeep,139829,139829,139829,2023-10-16,53.1220896,-27.7644546,GS,0.13,-1.0,E,nan,nan,nan,nan
goods-s-mediumjwst_140104,1286,goods-s-mediumjwst,140104,140104,140104,2023-12-17,53.2050152,-27.7640264,GS,2.24935,2.254585,C,nan,nan,2.254585,nan
goods-s-ultradeep_140448,3215,goods-s-ultradeep,140448,140448,140448,2023-10-16,53.1157552,-27.7636418,GS,3.09,-1.0,E,nan,nan,nan,nan
goods-s-ultradeep_140521,3215,goods-s-ultradeep,140521,140521,140521,2023-10-16,53.1531056,-27.7635141,GS,2.38428,2.326542,B,nan,nan,2.326542,nan
goods-s-ultradeep_140853,3215,goods-s-ultradeep,140853,140853,140853,2023-10-16,53.1211256,-27.7630738,GS,0.718,0.6550718196714933,A,0.6550718196714933,2.0,0.659063,nan
goods-s-mediumjwst_140884,1286,goods-s-mediumjwst,140884,140884,140884,2023-12-17,53.158944,-27.7629911,GS,2.94718,2.829411,C,nan,nan,2.829411,nan
goods-s-mediumjwst_140913,1286,goods-s-mediumjwst,140913,140913,140913,2023-12-17,53.1761896,-27.7627586,GS,2.25707,2.31853,B,nan,nan,2.31853,nan
goods-s-ultradeep_141070,3215,goods-s-ultradeep,141070,141070,141070,2023-10-16,53.1390389,-27.7627569,GS,3.32814,4.12814,D,nan,nan,4.12814,-15.066314685038627
goods-s-ultradeep_141647,3215,goods-s-ultradeep,141647,141647,141647,2023-10-16,53.1349776,-27.7619669,GS,6.45942,5.6142,D,nan,nan,5.6142,-16.79511101471172
goods-s-ultradeep_142345,3215,goods-s-ultradeep,142345,142345,142345,2023-10-16,53.1287381,-27.7609705,GS,1.347,1.4127413152985522,A,1.4127413152985522,7.0,1.417335,nan
goods-s-mediumjwst_143200,1286,goods-s-mediumjwst,143200,143200,143200,2023-12-17,53.2177413,-27.759726,GS,1.50016,1.3086139717711156,A,1.3086139717711156,2.0,1.318397,nan
goods-s-mediumjwst_143226,1286,goods-s-mediumjwst,143226,143226,143226,2023-12-17,53.175249,-27.759762,GS,3.02615,-1.0,E,nan,nan,nan,nan
goods-s-ultradeep_143264,3215,goods-s-ultradeep,143264,143264,143264,2023-10-16,53.1264952,-27.7597594,GS,0.65504,0.6553265113443343,A,0.6553265113443343,8.0,0.659655,nan
goods-s-ultradeep_143403,3215,goods-s-ultradeep,143403,143403,143403,2023-10-16,53.1223985,-27.7594808,GS,0.7375,0.734663,B,nan,nan,0.734663,nan
goods-s-mediumjwst_143405,1286,goods-s-mediumjwst,143405,143405,143405,2023-12-17,53.2180644,-27.7593347,GS,2.30701,2.295684228222661,A,2.295684228222661,7.0,2.306243,nan
goods-s-mediumjwst_143749,1286,goods-s-mediumjwst,143749,143749,143749,2023-12-17,53.2071956,-27.7589377,GS,1.82741,-1.0,E,nan,nan,nan,nan
goods-s-mediumjwst_143808,1286,goods-s-mediumjwst,143808,143808,143808,2023-12-17,53.1456775,-27.7588326,GS,2.47742,2.4519843831083157,A,2.4519843831083157,1.0,2.45173,nan
goods-s-mediumjwst_143945,1286,goods-s-mediumjwst,143945,143945,143945,2023-12-17,53.1985173,-27.7586303,GS,3.57133,3.605361,B,nan,nan,3.605361,-18.736013868217565
goods-s-mediumjwst_144730,1286,goods-s-mediumjwst,144730,144730,144730,2023-12-17,53.1447905,-27.7574677,GS,3.2419,3.189231,B,nan,nan,3.189231,-17.088682183194692
goods-s-mediumjwst_144848,1286,goods-s-mediumjwst,144848,144848,144848,2023-12-17,53.1508532,-27.7573338,GS,1.73185,1.73185,D,nan,nan,1.73185,nan
goods-s-mediumjwst_145000,1286,goods-s-mediumjwst,145000,145000,145000,2023-12-17,53.2002005,-27.7571399,GS,4.33245,4.390001464955797,A,4.390001464955797,2.0,4.395525,-18.068096748140395
goods-s-mediumjwst_145334,1286,goods-s-mediumjwst,145334,145334,145334,2023-12-17,53.1769141,-27.7566711,GS,-1.0,-1.0,E,nan,nan,nan,nan
goods-s-mediumjwst_145419,1286,goods-s-mediumjwst,145419,145419,-1,2023-12-17,53.1738162,-27.7566223,GS,7.12875,-1.0,E,nan,nan,nan,nan
goods-s-mediumjwst_145445,1286,goods-s-mediumjwst,145445,145445,145445,2023-12-17,53.13815,-27.7564038,GS,1.94622,1.9206945077915438,A,1.9206945077915438,12.0,1.925662,nan
goods-s-mediumjwst_145939,1286,goods-s-mediumjwst,145939,145939,145939,2023-12-17,53.1796638,-27.7559381,GS,4.19557,-1.0,E,nan,nan,nan,nan
goods-s-mediumjwst_146012,1286,goods-s-mediumjwst,146012,146012,146012,2023-12-17,53.174476,-27.7557534,GS,2.35292,-1.0,E,nan,nan,nan,nan
goods-s-mediumjwst_146075,1286,goods-s-mediumjwst,146075,146075,146075,2023-12-17,53.1978242,-27.7556985,GS,1.66896,1.75083,D,nan,nan,1.75083,nan
goods-s-mediumjwst_146205,1286,goods-s-mediumjwst,146205,146205,146205,2023-12-17,53.2159145,-27.7554578,GS,-1.0,-1.0,E,nan,nan,nan,nan
goods-s-mediumjwst_146464,1286,goods-s-mediumjwst,146464,146464,146464,2023-12-17,53.1714266,-27.7551563,GS,6.65576,6.626557337503799,A,6.626557337503799,3.0,6.629244,-17.878409918791945
goods-s-mediumjwst_147163,1286,goods-s-mediumjwst,147163,147163,147163,2023-12-17,53.17265,-27.7541517,GS,3.35593,3.43024,D,nan,nan,3.432962,-17.779384763056377
goods-s-mediumjwst_147676,1286,goods-s-mediumjwst,147676,147676,147676,2023-12-17,53.2018071,-27.7534361,GS,0.56576,-1.0,E,nan,nan,nan,nan
goods-s-mediumjwst_147779,1286,goods-s-mediumjwst,147779,147779,147779,2023-12-17,53.1695073,-27.7533054,GS,6.62782,6.623167315321318,A,6.623167315321318,3.0,6.624639,-19.275733558862147
goods-s-mediumjwst_147993,1286,goods-s-mediumjwst,147993,147993,147993,2023-12-17,53.1402609,-27.7529817,GS,3.09317,3.3206771919943217,A,3.3206771919943217,7.0,3.328865,-17.633038619982372
goods-s-mediumjwst_148786,1286,goods-s-mediumjwst,148786,148786,148786,2023-12-17,53.1967791,-27.7519451,GS,1.96167,1.95881,D,nan,nan,1.95881,nan
goods-s-mediumjwst_148881,1286,goods-s-mediumjwst,148881,148881,148881,2023-12-17,53.187046,-27.7517827,GS,0.43747,-1.0,E,nan,nan,nan,nan
goods-s-mediumjwst_148904,1286,goods-s-mediumjwst,148904,148904,148904,2023-12-17,53.1432612,-27.7517943,GS,-1.0,-1.0,E,nan,nan,nan,nan
goods-s-mediumjwst_149301,1286,goods-s-mediumjwst,149301,149301,149301,2023-12-17,53.1747039,-27.7511327,GS,3.30758,-1.0,E,nan,nan,nan,nan
goods-s-mediumjwst_149542,1286,goods-s-mediumjwst,149542,149542,149542,2023-12-17,53.1842957,-27.7506713,GS,1.90971,1.974821,C,nan,nan,1.974821,nan
goods-s-mediumjwst_149604,1286,goods-s-mediumjwst,149604,149604,149604,2023-12-17,53.2011839,-27.7505403,GS,1.57496,1.44498,D,nan,nan,1.44498,nan
goods-s-mediumjwst_149983,1286,goods-s-mediumjwst,149983,149983,149983,2023-12-17,53.1742505,-27.7497234,GS,1.81402,1.8019979186244843,A,1.8019979186244843,3.0,1.803866,nan
goods-s-mediumjwst_150087,1286,goods-s-mediumjwst,150087,150087,150087,2023-12-17,53.1984943,-27.7495268,GS,-1.0,6.358149782671699,A,6.358149782671699,1.0,6.35874,-18.270242517985256
goods-s-mediumjwst_150215,1286,goods-s-mediumjwst,150215,150215,150215,2023-12-17,53.1693261,-27.7492165,GS,2.22119,2.2311237919834133,A,2.2311237919834133,4.0,2.235866,nan
goods-s-mediumjwst_150419,1286,goods-s-mediumjwst,150419,150419,150419,2023-12-17,53.1438694,-27.7488421,GS,1.70131,1.67171,C,nan,nan,1.67171,nan
goods-s-mediumjwst_150960,1286,goods-s-mediumjwst,150960,150960,150960,2023-12-17,53.1447968,-27.7476877,GS,2.50107,2.5667,D,nan,nan,2.5667,nan
goods-s-mediumjwst_151206,1286,goods-s-mediumjwst,151206,151206,151206,2023-12-17,53.1447124,-27.747148,GS,5.13568,-1.0,E,nan,nan,nan,nan
goods-s-mediumjwst_151253,1286,goods-s-mediumjwst,151253,151253,151253,2023-12-17,53.1664607,-27.7469704,GS,5.17155,5.26603386847623,A,5.26603386847623,3.0,5.268207,-19.37441274738611
goods-s-mediumjwst_151263,1286,goods-s-mediumjwst,151263,151263,151263,2023-12-17,53.1805873,-27.7469377,GS,0.46248,0.5497964453962061,A,0.5497964453962061,3.0,0.554558,nan
goods-s-mediumjwst_151269,1286,goods-s-mediumjwst,151269,151269,151269,2023-12-17,53.1841201,-27.7469732,GS,4.68042,4.79464,C,nan,nan,4.79464,-17.613619162354112
goods-s-mediumjwst_151481,1286,goods-s-mediumjwst,151481,151481,151481,2023-12-17,53.1442798,-27.746471,GS,2.21875,3.0,D,nan,nan,3.0,nan
goods-s-mediumjwst_151504,1286,goods-s-mediumjwst,151504,151504,151504,2023-12-17,53.1799926,-27.7464126,GS,2.04516,-1.0,E,nan,nan,nan,nan
goods-s-mediumjwst_151553,1286,goods-s-mediumjwst,151553,151553,151553,2023-12-17,53.1846344,-27.7462888,GS,1.13725,1.135914446026383,A,1.135914446026383,6.0,1.131923,nan
goods-s-mediumjwst_152269,1286,goods-s-mediumjwst,152269,152269,152269,2023-12-17,53.1762372,-27.7445639,GS,2.13728,-1.0,E,nan,nan,nan,nan
goods-s-mediumjwst_152323,1286,goods-s-mediumjwst,152323,152323,152323,2023-12-17,53.1820667,-27.7444249,GS,2.51916,2.3771752165558997,A,2.3771752165558997,1.0,2.36947,nan
goods-s-mediumjwst_152726,1286,goods-s-mediumjwst,152726,152726,152726,2023-12-17,53.1661522,-27.7435673,GS,6.70678,6.62246,D,nan,nan,6.62246,-18.234690502241577
goods-s-mediumjwst_152772,1286,goods-s-mediumjwst,152772,152772,152772,2023-12-17,53.1814347,-27.7435026,GS,7.25892,-1.0,E,nan,nan,nan,nan
goods-s-mediumjwst_153092,1286,goods-s-mediumjwst,153092,153092,153092,2023-12-17,53.1677021,-27.7427143,GS,4.10373,4.115896883277679,A,4.115896883277679,1.0,4.12149,-17.040131662786603
goods-s-mediumjwst_153361,1286,goods-s-mediumjwst,153361,153361,153361,2023-12-17,53.1869028,-27.742009,GS,2.38287,-1.0,E,nan,nan,nan,nan
goods-s-mediumjwst_153404,1286,goods-s-mediumjwst,153404,153404,153404,2023-12-17,53.1801886,-27.7418601,GS,0.59864,-1.0,E,nan,nan,nan,nan
goods-s-mediumjwst_154032,1286,goods-s-mediumjwst,154032,154032,154032,2023-12-17,53.185072,-27.7402154,GS,3.09236,-1.0,E,nan,nan,nan,nan
goods-s-mediumjwst_154188,1286,goods-s-mediumjwst,154188,154188,154188,2023-12-17,53.1828085,-27.7397679,GS,1.77622,-1.0,E,nan,nan,nan,nan
goods-s-mediumjwst_154337,1286,goods-s-mediumjwst,154337,154337,154337,2023-12-17,53.1646354,-27.7394044,GS,-1.0,1.41781,D,nan,nan,1.41781,nan
goods-s-mediumjwst_154404,1286,goods-s-mediumjwst,154404,154404,154404,2023-12-17,53.1691059,-27.7391606,GS,2.59603,-1.0,E,nan,nan,nan,nan
goods-s-mediumjwst_154952,1286,goods-s-mediumjwst,154952,154952,154952,2023-12-17,53.1861645,-27.7375284,GS,1.97539,1.7707966248361497,A,1.7707966248361497,1.0,1.77166,nan
goods-s-mediumjwst_155149,1286,goods-s-mediumjwst,155149,155149,155149,2023-12-17,53.1839214,-27.7367505,GS,1.89946,1.8629863779430178,A,1.8629863779430178,2.0,1.86372,nan
goods-s-mediumjwst_155596,1286,goods-s-mediumjwst,155596,155596,155596,2023-12-17,53.183825,-27.7351632,GS,-99.0,2.4845256753784124,A,2.4845256753784124,10.0,2.494613,nan
goods-s-mediumjwst_157798,1286,goods-s-mediumjwst,157798,157798,157798,2023-12-11,53.0714255,-27.9124533,GS,2.34023,2.40253,C,nan,nan,2.40253,nan
goods-s-mediumjwst_157811,1286,goods-s-mediumjwst,157811,157811,157811,2023-12-11,53.0682779,-27.9122461,GS,1.59209,1.611258762261723,A,1.611258762261723,9.0,1.618074,nan
goods-s-mediumjwst_158011,1286,goods-s-mediumjwst,158011,158011,158011,2023-12-11,53.1117384,-27.9102654,GS,1.61109,1.6189566856654871,A,1.6189566856654871,13.0,1.624067,nan
goods-s-mediumjwst_158267,1286,goods-s-mediumjwst,158267,8267,-1,2023-12-11,53.0693523,-27.9078413,GS,1.73433,1.733334,B,nan,nan,1.733334,nan
goods-s-mediumjwst_158273,1286,goods-s-mediumjwst,158273,158273,158273,2023-12-11,53.0728483,-27.9085037,GS,3.30261,3.4686756684804134,A,3.4686756684804134,12.0,3.471297,-19.766114952750204
goods-s-deepjwst_158314,1287,goods-s-deepjwst,158314,158314,158314,2024-01-10,53.1109565,-27.9084215,GS,2.38658,2.690440068088278,A,2.690440068088278,5.0,2.684665,nan
goods-s-mediumjwst_158314,1286,goods-s-mediumjwst,158314,158314,158314,2023-12-11,53.1109565,-27.9084215,GS,2.38658,2.6894252822734703,A,2.6894252822734703,4.0,2.680575,nan
goods-s-deepjwst_158570,1287,goods-s-deepjwst,158570,158570,158570,2024-01-10,53.1069066,-27.9059827,GS,2.66449,3.0712944991615627,A,3.0712944991615627,6.0,3.061904,-18.145553769182893
goods-s-mediumjwst_158573,1286,goods-s-mediumjwst,158573,158573,158573,2023-12-11,53.0647823,-27.9061357,GS,-1.0,1.6,D,nan,nan,1.6,nan
goods-s-deepjwst_158584,1287,goods-s-deepjwst,158584,158584,158584,2024-01-10,53.1181596,-27.9060094,GS,1.9721,1.814878424340991,A,1.814878424340991,10.0,1.814143,nan
goods-s-mediumjwst_158621,1286,goods-s-mediumjwst,158621,158621,-1,2023-12-11,53.0431845,-27.9059352,GS,4.10057,-1.0,E,nan,nan,nan,nan
goods-s-mediumjwst_158633,1286,goods-s-mediumjwst,158633,158633,158633,2023-12-11,53.0683545,-27.9057096,GS,2.55229,2.5675865077757978,A,2.5675865077757978,13.0,2.569623,nan
goods-s-mediumjwst_158654,1286,goods-s-mediumjwst,158654,158654,158654,2023-12-11,53.1073483,-27.9057175,GS,1.88094,1.7921070593769124,A,1.7921070593769124,2.0,1.79148,nan
goods-s-mediumjwst_158673,1286,goods-s-mediumjwst,158673,158673,158673,2023-12-11,53.0436932,-27.9047581,GS,0.71278,0.689555565099282,A,0.689555565099282,6.0,0.690679,nan
goods-s-mediumjwst_158797,1286,goods-s-mediumjwst,158797,158797,158797,2023-12-11,53.05491,-27.9051751,GS,1.93726,1.0886831047993675,A,1.0886831047993675,6.0,1.100129,nan
goods-s-mediumjwst_159152,1286,goods-s-mediumjwst,159152,159152,159152,2023-12-11,53.0464748,-27.903555,GS,2.33026,2.5110923366277422,A,2.5110923366277422,2.0,2.510622,nan
goods-s-deepjwst_159179,1287,goods-s-deepjwst,159179,159179,159179,2024-01-10,53.0793498,-27.900871,GS,6.58902,6.271207353453099,A,6.271207353453099,2.0,6.266865,-19.17505692980966
goods-s-mediumjwst_159386,1286,goods-s-mediumjwst,159386,159386,159386,2023-12-11,53.0527521,-27.9025646,GS,2.52464,2.571525784256604,A,2.571525784256604,8.0,2.560561,nan
goods-s-mediumjwst_159389,1286,goods-s-mediumjwst,159389,159389,159389,2023-12-11,53.0527735,-27.9020952,GS,1.56774,1.523066,B,nan,nan,1.523066,nan
goods-s-mediumjwst_159401,1286,goods-s-mediumjwst,159401,159401,159401,2023-12-11,53.0611396,-27.9025699,GS,2.57131,2.564723430497373,A,2.564723430497373,8.0,2.570632,nan
goods-s-mediumjwst_159438,1286,goods-s-mediumjwst,159438,159438,159438,2023-12-11,53.0544714,-27.902462,GS,3.22544,3.2395890722482337,A,3.2395890722482337,18.0,3.2344,-21.04075211838167
goods-s-mediumjwst_159494,1286,goods-s-mediumjwst,159494,159494,159494,2023-12-11,53.0491739,-27.9017451,GS,4.50587,4.4352392550763255,A,4.4352392550763255,10.0,4.437871,-19.55865464109924
goods-s-deepjwst_159613,1287,goods-s-deepjwst,159613,159613,159613,2024-01-10,53.1089846,-27.9018681,GS,3.99916,3.723920983344914,A,3.723920983344914,3.0,3.72272,-17.822164467418162
goods-s-deepjwst_159617,1287,goods-s-deepjwst,159617,159617,159617,2024-01-10,53.0683702,-27.90179,GS,2.49366,2.3643600836367566,A,2.3643600836367566,5.0,2.359098,nan
goods-s-mediumjwst_159617,1286,goods-s-mediumjwst,159617,159617,159617,2023-12-11,53.0683702,-27.90179,GS,2.49366,2.3639487130855246,A,2.3639487130855246,2.0,2.354296,nan
goods-s-deepjwst_159687,1287,goods-s-deepjwst,159687,159687,159687,2024-01-10,53.076451,-27.9015064,GS,2.55218,2.326826493775921,A,2.326826493775921,1.0,2.318005,nan
goods-s-mediumjwst_159717,1286,goods-s-mediumjwst,159717,159717,-1,2023-12-11,53.0975283,-27.9012603,GS,5.37928,5.077236683111554,A,5.077236683111554,6.0,5.07611,-18.929826116500834
goods-s-mediumjwst_159733,1286,goods-s-mediumjwst,159733,159733,159733,2023-12-11,53.0537079,-27.9014502,GS,1.7346,1.63234,D,nan,nan,1.63234,nan
goods-s-mediumjwst_159744,1286,goods-s-mediumjwst,159744,9744,-1,2023-12-11,53.0545293,-27.9011208,GS,3.58733,4.81131,C,nan,nan,4.81131,-18.89043194849362
goods-s-mediumjwst_159802,1286,goods-s-mediumjwst,159802,159802,159802,2023-12-11,53.0493631,-27.9011127,GS,3.63006,3.612822447691397,A,3.612822447691397,5.0,3.618566,-19.038208384306564
goods-s-mediumjwst_159811,1286,goods-s-mediumjwst,159811,159811,159811,2023-12-11,53.0714685,-27.9007433,GS,1.93517,1.8751039730551646,A,1.8751039730551646,14.0,1.876619,nan
goods-s-mediumjwst_159884,1286,goods-s-mediumjwst,159884,159884,159884,2023-12-11,53.0431525,-27.9006263,GS,0.45195,0.48396216150491467,A,0.48396216150491467,1.0,0.490794,nan
goods-s-mediumjwst_159979,1286,goods-s-mediumjwst,159979,159979,159979,2023-12-11,53.0689765,-27.9001377,GS,3.38302,3.4695526855759513,A,3.4695526855759513,3.0,3.47416,-18.486536471867193
goods-s-mediumjwst_160006,1286,goods-s-mediumjwst,160006,160006,160006,2023-12-11,53.0422648,-27.9004731,GS,6.18017,6.109194302722429,A,6.109194302722429,3.0,6.108198,-18.965094902123834
goods-s-mediumjwst_160166,1286,goods-s-mediumjwst,160166,160166,160166,2023-12-11,53.0410257,-27.8997895,GS,0.78776,1.0476415759543891,A,1.0476415759543891,5.0,1.051733,nan
goods-s-mediumjwst_160205,1286,goods-s-mediumjwst,160205,160205,160205,2023-12-11,53.0678084,-27.8995913,GS,1.31626,1.3586569914188376,A,1.3586569914188376,1.0,1.372937,nan
goods-s-deepjwst_160606,1287,goods-s-deepjwst,160606,820518,-1,2024-01-10,53.0576988,-27.8982169,GS,1.85321,2.971459475734117,A,2.971459475734117,2.0,2.973499,nan
goods-s-mediumjwst_160835,1286,goods-s-mediumjwst,160835,160835,160835,2023-12-11,53.1087141,-27.8974166,GS,2.41722,1.7924579379467982,A,1.7924579379467982,5.0,1.812315,nan
goods-s-deepjwst_161104,1287,goods-s-deepjwst,161104,161104,161104,2024-01-10,53.1138192,-27.8968945,GS,2.02146,1.7915016667554144,A,1.7915016667554144,2.0,1.791739,nan
goods-s-mediumjwst_161429,1286,goods-s-mediumjwst,161429,161429,161429,2023-12-11,53.0457389,-27.8960504,GS,3.3107,3.3663076878938254,A,3.3663076878938254,1.0,3.38097,-17.43128745438906
goods-s-mediumjwst_161558,1286,goods-s-mediumjwst,161558,161558,161558,2023-12-11,53.0544278,-27.8950352,GS,6.71292,2.0083397983635556,A,2.0083397983635556,8.0,2.016957,nan
goods-s-mediumjwst_161668,1286,goods-s-mediumjwst,161668,161668,161668,2023-12-11,53.1055712,-27.8950979,GS,2.29268,1.8972625927357796,A,1.8972625927357796,1.0,1.901309,nan
goods-s-mediumjwst_161831,1286,goods-s-mediumjwst,161831,161831,161831,2023-12-11,53.1058994,-27.8948636,GS,4.87661,5.31693980010629,A,5.31693980010629,2.0,5.312678,-17.732165685074705
goods-s-deepjwst_161894,1287,goods-s-deepjwst,161894,161894,161894,2024-01-10,53.0649825,-27.8945052,GS,2.18988,2.3067130857192915,A,2.3067130857192915,12.0,2.313836,nan
goods-s-mediumjwst_161902,1286,goods-s-mediumjwst,161902,161902,161902,2023-12-11,53.0496104,-27.8942721,GS,1.72924,-1.0,E,nan,nan,nan,nan
goods-s-mediumjwst_161945,1286,goods-s-mediumjwst,161945,161945,161945,2023-12-11,53.099043,-27.894306,GS,0.46819,-1.0,E,nan,nan,nan,nan
goods-s-mediumjwst_162299,1286,goods-s-mediumjwst,162299,162299,162299,2023-12-11,53.0500314,-27.8922379,GS,0.63445,0.671045,C,nan,nan,0.671045,nan
goods-s-mediumjwst_162416,1286,goods-s-mediumjwst,162416,162416,162416,2023-12-11,53.0960056,-27.8931573,GS,3.59394,3.4702244008390712,A,3.4702244008390712,7.0,3.467697,-19.092573447725318
goods-s-deepjwst_162830,1287,goods-s-deepjwst,162830,162830,162830,2024-01-10,53.1212379,-27.8912061,GS,3.54919,3.4709661426336584,A,3.4709661426336584,3.0,3.473173,-17.735683955839868
goods-s-mediumjwst_162894,1286,goods-s-mediumjwst,162894,162894,162894,2023-12-11,53.1083273,-27.8916031,GS,2.10302,2.01405418427494,A,2.01405418427494,11.0,2.014213,nan
goods-s-mediumjwst_162959,1286,goods-s-mediumjwst,162959,162959,162959,2023-12-11,53.0417948,-27.8913797,GS,3.64831,3.630551,C,nan,nan,3.630551,nan
goods-s-mediumjwst_163028,1286,goods-s-mediumjwst,163028,163028,163028,2023-12-11,53.0996295,-27.8906687,GS,1.5704,1.582179453758762,A,1.582179453758762,2.0,1.588492,nan
goods-s-mediumjwst_163701,1286,goods-s-mediumjwst,163701,163701,163701,2023-12-11,53.0577697,-27.8895119,GS,-1.0,2.3412309203727544,A,2.3412309203727544,3.0,2.34,nan
goods-s-deepjwst_163723,1287,goods-s-deepjwst,163723,163723,163723,2024-01-10,53.0672942,-27.889362,GS,2.59873,2.671929297471614,A,2.671929297471614,10.0,2.66624,nan
goods-s-mediumjwst_163927,1286,goods-s-mediumjwst,163927,163927,163927,2023-12-11,53.0822957,-27.888684,GS,1.25646,1.2646299428896954,A,1.2646299428896954,2.0,1.26467,nan
goods-s-mediumjwst_164011,1286,goods-s-mediumjwst,164011,164011,164011,2023-12-11,53.0971366,-27.8885581,GS,2.70643,2.6743040082037055,A,2.6743040082037055,4.0,2.672206,nan
goods-s-mediumjwst_164055,1286,goods-s-mediumjwst,164055,164055,164055,2023-12-11,53.0816815,-27.8885747,GS,7.43674,7.39411795673692,A,7.39411795673692,1.0,7.394266,-18.45329367054312
goods-s-mediumjwst_164189,1286,goods-s-mediumjwst,164189,164189,164189,2023-12-11,53.0953629,-27.8881498,GS,1.61563,1.7663328946655086,A,1.7663328946655086,8.0,1.763684,nan
goods-s-mediumjwst_164406,1286,goods-s-mediumjwst,164406,164406,164406,2023-12-11,53.0409694,-27.8877982,GS,0.73457,-1.0,E,nan,nan,nan,nan
goods-s-mediumjwst_164477,1286,goods-s-mediumjwst,164477,452729,-1,2023-12-11,53.1041335,-27.8877449,GS,2.87668,2.673991572660614,A,2.673991572660614,2.0,2.672913,nan
goods-s-mediumjwst_164609,1286,goods-s-mediumjwst,164609,164609,164609,2023-12-11,53.1075891,-27.8873,GS,2.62508,2.68353547035562,A,2.68353547035562,3.0,2.69083,nan
goods-s-mediumjwst_164612,1286,goods-s-mediumjwst,164612,164612,164612,2023-12-11,53.0583144,-27.8872496,GS,2.54618,2.568781,C,nan,nan,2.568781,nan
goods-s-mediumjwst_164658,1286,goods-s-mediumjwst,164658,2967,164658,2023-12-11,53.0984553,-27.8870547,GS,2.5525,2.6748552475642744,A,2.6748552475642744,12.0,2.68332,nan
goods-s-mediumjwst_164728,1286,goods-s-mediumjwst,164728,164728,164728,2023-12-11,53.0388392,-27.8869749,GS,0.74121,0.73969,D,nan,nan,0.73969,nan
goods-s-mediumjwst_164847,1286,goods-s-mediumjwst,164847,164847,164847,2023-12-11,53.0438361,-27.8866889,GS,2.94997,3.0454,C,nan,nan,3.0454,-17.396067837419125
goods-s-mediumjwst_164953,1286,goods-s-mediumjwst,164953,164953,164953,2023-12-11,53.1079282,-27.8865312,GS,1.07619,4.777275457603036,A,4.777275457603036,2.0,4.776162,-18.4212232396278
goods-s-mediumjwst_164957,1286,goods-s-mediumjwst,164957,164957,164957,2023-12-11,53.0501503,-27.8864583,GS,2.31572,-1.0,E,nan,nan,nan,nan
goods-s-mediumjwst_164982,1286,goods-s-mediumjwst,164982,164982,164982,2023-12-11,53.0936745,-27.886429,GS,5.87068,5.55347,D,nan,nan,5.548846,-18.91775986263712
goods-s-deepjwst_165039,1287,goods-s-deepjwst,165039,165039,165039,2024-01-10,53.0803785,-27.8862617,GS,3.5739,3.4756125244326053,A,3.4756125244326053,11.0,3.479687,-18.283197441758706
goods-s-mediumjwst_165111,1286,goods-s-mediumjwst,165111,165111,165111,2023-12-11,53.0373116,-27.8859596,GS,1.62007,1.6242321269494078,A,1.6242321269494078,5.0,1.622648,nan
goods-s-mediumjwst_165161,1286,goods-s-mediumjwst,165161,165161,165161,2023-12-11,53.0500318,-27.8858426,GS,2.75484,3.0567126550958266,A,3.0567126550958266,4.0,3.055703,-17.9261955690566
goods-s-deepjwst_165174,1287,goods-s-deepjwst,165174,165174,165174,2024-01-10,53.1100851,-27.8857398,GS,4.23605,4.184572794817305,A,4.184572794817305,10.0,4.183377,-19.973050700377193
goods-s-mediumjwst_165209,1286,goods-s-mediumjwst,165209,165209,165209,2023-12-11,53.0483572,-27.8854005,GS,3.35803,3.4214435100231775,A,3.4214435100231775,5.0,3.418185,-18.44041526710906
goods-s-mediumjwst_165222,1286,goods-s-mediumjwst,165222,165222,165222,2023-12-11,53.0482675,-27.8849262,GS,2.68038,2.8812656629718374,A,2.8812656629718374,7.0,2.88455,nan
goods-s-mediumjwst_165240,1286,goods-s-mediumjwst,165240,165240,165240,2023-12-11,53.0856849,-27.8857744,GS,5.53911,-1.0,E,nan,nan,nan,nan
goods-s-mediumjwst_165262,1286,goods-s-mediumjwst,165262,165262,165262,2023-12-11,53.096834,-27.8855396,GS,2.08039,2.0082133004323253,A,2.0082133004323253,2.0,2.009603,nan
goods-s-mediumjwst_165322,1286,goods-s-mediumjwst,165322,165322,165322,2023-12-11,53.0835947,-27.8854176,GS,0.99349,0.9902929239473042,A,0.9902929239473042,15.0,0.98813,nan
goods-s-mediumjwst_165355,1286,goods-s-mediumjwst,165355,165355,165355,2023-12-11,53.0468351,-27.8851163,GS,2.49933,2.570943836686415,A,2.570943836686415,15.0,2.568262,nan
goods-s-deepjwst_165472,1287,goods-s-deepjwst,165472,165472,165472,2024-01-10,53.057264,-27.8850724,GS,1.32256,1.3570464612021502,A,1.3570464612021502,5.0,1.364687,nan
goods-s-mediumjwst_165698,1286,goods-s-mediumjwst,165698,165698,165698,2023-12-11,53.0630411,-27.8832513,GS,1.68255,1.9042365296818629,A,1.9042365296818629,2.0,1.943722,nan
goods-s-mediumjwst_165701,1286,goods-s-mediumjwst,165701,165701,165701,2023-12-11,53.0632056,-27.8824393,GS,8.37364,1.88005,C,nan,nan,1.88005,nan
goods-s-deepjwst_165747,1287,goods-s-deepjwst,165747,165747,165747,2024-01-10,53.0569765,-27.8846235,GS,0.26585,-1.0,E,nan,nan,nan,nan
goods-s-mediumjwst_165837,1286,goods-s-mediumjwst,165837,165837,165837,2023-12-11,53.0462066,-27.8843639,GS,3.68636,4.755262080714809,A,4.755262080714809,3.0,4.758414,-18.84627353883829
goods-s-mediumjwst_166015,1286,goods-s-mediumjwst,166015,166015,166015,2023-12-11,53.1096898,-27.8841047,GS,3.11278,3.687829024589945,A,3.687829024589945,2.0,3.685733,-16.62786617693364
goods-s-mediumjwst_166053,1286,goods-s-mediumjwst,166053,166053,166053,2023-12-11,53.0433288,-27.8838431,GS,2.11645,2.6722884477514874,A,2.6722884477514874,2.0,2.667567,nan
goods-s-mediumjwst_166295,1286,goods-s-mediumjwst,166295,166295,166295,2023-12-11,53.0648378,-27.8833548,GS,1.99552,1.93117076244609,A,1.93117076244609,13.0,1.937463,nan
goods-s-deepjwst_166477,1287,goods-s-deepjwst,166477,166477,166477,2024-01-10,53.0742012,-27.8828071,GS,3.72793,3.7013399926718105,A,3.7013399926718105,2.0,3.710277,-17.771792309919938
goods-s-mediumjwst_166539,1286,goods-s-mediumjwst,166539,166539,166539,2023-12-11,53.0928639,-27.8826137,GS,6.46422,6.185138295602853,A,6.185138295602853,4.0,6.183035,-20.710355321722652
goods-s-deepjwst_166564,1287,goods-s-deepjwst,166564,166564,166564,2024-01-10,53.0565364,-27.8823555,GS,1.1094,1.0976963238591828,A,1.0976963238591828,4.0,1.10489,nan
goods-s-mediumjwst_166594,1286,goods-s-mediumjwst,166594,166594,166594,2023-12-11,53.1080961,-27.8825295,GS,2.56111,2.681914,C,nan,nan,2.681914,nan
goods-s-mediumjwst_167434,1286,goods-s-mediumjwst,167434,167434,167434,2023-12-11,53.058649,-27.8806383,GS,1.574,1.5509028521260146,A,1.5509028521260146,1.0,1.552151,nan
goods-s-mediumjwst_167512,1286,goods-s-mediumjwst,167512,167512,167512,2023-12-11,53.1088154,-27.8808194,GS,2.48947,2.3257153707822105,A,2.3257153707822105,13.0,2.320654,nan
goods-s-mediumjwst_167544,1286,goods-s-mediumjwst,167544,167544,167544,2023-12-11,53.0511599,-27.880802,GS,2.57346,2.575208879424208,A,2.575208879424208,14.0,2.576071,nan
goods-s-mediumjwst_167584,1286,goods-s-mediumjwst,167584,167584,167584,2023-12-11,53.0603982,-27.8808975,GS,1.85248,1.8190394430195198,A,1.8190394430195198,1.0,1.82625,nan
goods-s-mediumjwst_167639,1286,goods-s-mediumjwst,167639,167639,167639,2023-12-11,53.0918793,-27.8806949,GS,6.30634,5.551785033707413,A,5.551785033707413,6.0,5.551165,-19.267482603845355
goods-s-mediumjwst_167669,1286,goods-s-mediumjwst,167669,167669,167669,2023-12-11,53.0798086,-27.8805559,GS,3.60898,3.6993402719282464,A,3.6993402719282464,4.0,3.695351,-18.83838691996085
goods-s-mediumjwst_167774,1286,goods-s-mediumjwst,167774,167774,167774,2023-12-11,53.0580346,-27.8802496,GS,2.89617,2.8598155856656087,A,2.8598155856656087,13.0,2.863161,nan
goods-s-mediumjwst_168116,1286,goods-s-mediumjwst,168116,168116,168116,2023-12-11,53.1457357,-27.8799428,GS,3.22745,3.0773229630734154,A,3.0773229630734154,2.0,3.076095,-16.563065704839836
goods-s-mediumjwst_168188,1286,goods-s-mediumjwst,168188,168188,168188,2023-12-11,53.0523756,-27.8797714,GS,2.58737,2.519543488939796,A,2.519543488939796,3.0,2.520363,nan
goods-s-mediumjwst_168431,1286,goods-s-mediumjwst,168431,168431,168431,2023-12-11,53.0921465,-27.8792232,GS,1.66672,1.534622,C,nan,nan,1.534622,nan
goods-s-deepjwst_168518,1287,goods-s-deepjwst,168518,168518,168518,2024-01-10,53.0648781,-27.8790137,GS,1.42629,1.42629,C,nan,nan,1.42629,nan
goods-s-mediumjwst_168638,1286,goods-s-mediumjwst,168638,168638,168638,2023-12-11,53.0905456,-27.879197,GS,1.52396,1.569696525664467,A,1.569696525664467,2.0,1.56931,nan
goods-s-mediumjwst_168703,1286,goods-s-mediumjwst,168703,168703,168703,2023-12-11,53.1394043,-27.8783028,GS,1.58616,1.67992,C,nan,nan,1.67992,nan
goods-s-mediumjwst_168873,1286,goods-s-mediumjwst,168873,168873,168873,2023-12-11,53.0530943,-27.8772556,GS,3.41826,3.386941438676647,A,3.386941438676647,2.0,3.385429,-17.54895407735843
goods-s-mediumjwst_169447,1286,goods-s-mediumjwst,169447,169447,169447,2023-12-11,53.0695746,-27.8775588,GS,1.14493,1.071445,B,nan,nan,1.071445,nan
goods-s-mediumjwst_169472,1286,goods-s-mediumjwst,169472,169472,169472,2023-12-11,53.039948,-27.87805,GS,1.21753,-1.0,E,nan,nan,nan,nan
goods-s-mediumjwst_169640,1286,goods-s-mediumjwst,169640,169640,169640,2023-12-11,53.0870275,-27.8777049,GS,0.91292,-1.0,E,nan,nan,nan,nan
goods-s-mediumjwst_169690,1286,goods-s-mediumjwst,169690,169690,169690,2023-12-11,53.0904695,-27.8775767,GS,2.54757,2.564337530887816,A,2.564337530887816,10.0,2.567747,nan
goods-s-mediumjwst_169896,1286,goods-s-mediumjwst,169896,169896,169896,2023-12-11,53.0911582,-27.8772712,GS,6.32075,6.164046822845256,A,6.164046822845256,1.0,6.167425,-17.559056895937452
goods-s-mediumjwst_169951,1286,goods-s-mediumjwst,169951,169951,169951,2023-12-11,53.0619925,-27.8768153,GS,1.15541,1.1016135778095415,A,1.1016135778095415,4.0,1.10475,nan
goods-s-mediumjwst_170026,1286,goods-s-mediumjwst,170026,170026,170026,2023-12-11,53.0397551,-27.8769024,GS,4.00986,4.282474,C,nan,nan,4.282474,-16.946560507308003
goods-s-mediumjwst_170384,1286,goods-s-mediumjwst,170384,170384,170384,2023-12-11,53.074866,-27.8759069,GS,4.66039,4.429497456275852,A,4.429497456275852,2.0,4.433381,-17.62993640206953
goods-s-mediumjwst_170581,1286,goods-s-mediumjwst,170581,170581,170581,2023-12-11,53.1015084,-27.8757144,GS,2.10199,1.898213948314363,A,1.898213948314363,3.0,1.90372,nan
goods-s-mediumjwst_170590,1286,goods-s-mediumjwst,170590,170590,170590,2023-12-11,53.1446594,-27.8758195,GS,3.37985,3.461658,B,nan,nan,3.461658,-19.04569874725425
goods-s-mediumjwst_170595,1286,goods-s-mediumjwst,170595,170595,170595,2023-12-11,53.0406639,-27.8758143,GS,1.72067,-1.0,E,nan,nan,nan,nan
goods-s-mediumjwst_170891,1286,goods-s-mediumjwst,170891,170891,170891,2023-12-11,53.0404963,-27.8751973,GS,4.47598,4.4295257176046565,A,4.4295257176046565,1.0,4.422508,-17.287475700101908
goods-s-mediumjwst_171124,1286,goods-s-mediumjwst,171124,171124,171124,2023-12-11,53.0598883,-27.8746379,GS,3.39271,3.3933083578188334,A,3.3933083578188334,2.0,3.399713,-17.978822511235347
goods-s-mediumjwst_171147,1286,goods-s-mediumjwst,171147,171147,171147,2023-12-11,53.0556264,-27.874064,GS,2.60442,2.5643076556184115,A,2.5643076556184115,4.0,2.564267,nan
goods-s-mediumjwst_171156,1286,goods-s-mediumjwst,171156,171156,171156,2023-12-11,53.086191,-27.8745994,GS,3.54121,3.6458006462557124,A,3.6458006462557124,1.0,3.64033,-15.039113027375983
goods-s-mediumjwst_171323,1286,goods-s-mediumjwst,171323,171323,171323,2023-12-11,53.1395078,-27.8741526,GS,-1.0,3.162,D,nan,nan,3.162,nan
goods-s-mediumjwst_171644,1286,goods-s-mediumjwst,171644,171644,171644,2023-12-11,53.0727892,-27.8735033,GS,0.32869,0.2439208762469376,A,0.2439208762469376,4.0,0.243767,nan
goods-s-mediumjwst_171875,1286,goods-s-mediumjwst,171875,171875,171875,2023-12-11,53.0631555,-27.8734098,GS,6.08158,5.738382645781494,A,5.738382645781494,3.0,5.741772,-18.664970103003082
goods-s-mediumjwst_171918,1286,goods-s-mediumjwst,171918,171918,171918,2023-12-11,53.0798283,-27.8733186,GS,4.68746,-1.0,E,nan,nan,nan,nan
goods-s-mediumjwst_172074,1286,goods-s-mediumjwst,172074,172074,172074,2023-12-11,53.061688,-27.8730871,GS,3.7479,4.430320367654987,A,4.430320367654987,6.0,4.430856,-18.673096967348652
goods-s-mediumjwst_172135,1286,goods-s-mediumjwst,172135,172135,172135,2023-12-11,53.0920893,-27.8729222,GS,1.59265,1.5696430017194958,A,1.5696430017194958,4.0,1.573689,nan
goods-s-mediumjwst_172168,1286,goods-s-mediumjwst,172168,172168,172168,2023-12-11,53.1000327,-27.8728831,GS,5.86081,5.568715406723593,A,5.568715406723593,1.0,5.570181,-18.63969398174729
goods-s-mediumjwst_172215,1286,goods-s-mediumjwst,172215,172215,172215,2023-12-11,53.0404114,-27.8719018,GS,1.5953,-1.0,E,nan,nan,nan,nan
goods-s-mediumjwst_172457,1286,goods-s-mediumjwst,172457,172457,172457,2023-12-11,53.1439651,-27.8722694,GS,3.33652,3.1016772544700086,A,3.1016772544700086,2.0,3.05884,-16.45680422130014
goods-s-mediumjwst_172490,1286,goods-s-mediumjwst,172490,172490,172490,2023-12-11,53.0551754,-27.8722763,GS,3.67874,-1.0,E,nan,nan,nan,nan
goods-s-mediumjwst_172508,1286,goods-s-mediumjwst,172508,172508,172508,2023-12-11,53.1370184,-27.8721539,GS,0.31473,0.31473,D,nan,nan,0.31473,nan
goods-s-mediumjwst_172566,1286,goods-s-mediumjwst,172566,172566,172566,2023-12-11,53.0622598,-27.8719984,GS,3.6956,3.645795636146059,A,3.645795636146059,3.0,3.652458,-19.30578721848901
goods-s-mediumjwst_172651,1286,goods-s-mediumjwst,172651,172651,172651,2023-12-11,53.0999655,-27.8711697,GS,3.46726,3.4676348459255264,A,3.4676348459255264,10.0,3.470166,-19.598971369011693
goods-s-mediumjwst_172688,1286,goods-s-mediumjwst,172688,172688,172688,2023-12-11,53.1447939,-27.8715196,GS,3.62088,3.58394,B,nan,nan,3.58394,-20.051274996000775
goods-s-mediumjwst_172975,1286,goods-s-mediumjwst,172975,172975,172975,2023-12-11,53.0877297,-27.8712419,GS,4.71088,4.7417029193668,A,4.7417029193668,5.0,4.742037,nan
goods-s-mediumjwst_173011,1286,goods-s-mediumjwst,173011,173011,173011,2023-12-11,53.0874063,-27.8711695,GS,2.40898,-1.0,E,nan,nan,nan,nan
goods-s-mediumjwst_173246,1286,goods-s-mediumjwst,173246,173246,173246,2023-12-11,53.040885,-27.8703839,GS,3.57323,3.700023118500885,A,3.700023118500885,10.0,3.700514,-18.62281206491523
goods-s-deepjwst_173387,1287,goods-s-deepjwst,173387,173387,173387,2024-01-10,53.1098754,-27.870195,GS,2.66336,2.696670037820996,A,2.696670037820996,17.0,2.69753,nan
goods-s-deepjwst_173425,1287,goods-s-deepjwst,173425,173425,173425,2024-01-10,53.0837375,-27.8699521,GS,0.67728,-1.0,E,nan,nan,nan,nan
goods-s-mediumjwst_173529,1286,goods-s-mediumjwst,173529,173529,173529,2023-12-11,53.0607229,-27.8698401,GS,1.53392,1.5175482187887217,A,1.5175482187887217,2.0,1.5172,nan
goods-s-mediumjwst_173758,1286,goods-s-mediumjwst,173758,173758,173758,2023-12-11,53.0346515,-27.8695434,GS,0.99538,-1.0,E,nan,nan,nan,nan
goods-s-mediumjwst_173895,1286,goods-s-mediumjwst,173895,3895,-1,2023-12-11,53.0899126,-27.8689954,GS,2.43625,2.322134131109223,A,2.322134131109223,4.0,2.322066,nan
goods-s-mediumjwst_173963,1286,goods-s-mediumjwst,173963,173963,173963,2023-12-11,53.0359432,-27.8691807,GS,5.80455,-1.0,E,nan,nan,nan,nan
goods-s-mediumjwst_173978,1286,goods-s-mediumjwst,173978,173978,173978,2023-12-11,53.0831043,-27.8690791,GS,3.00653,1.01126,C,nan,nan,1.01126,nan
goods-s-mediumjwst_173997,1286,goods-s-mediumjwst,173997,173997,173997,2023-12-11,53.0845871,-27.8689847,GS,4.17658,4.148898672025961,A,4.148898672025961,3.0,4.148714,-18.254022615327845
goods-s-deepjwst_174064,1287,goods-s-deepjwst,174064,174064,174064,2024-01-10,53.1127163,-27.8689191,GS,3.44497,3.585515951526955,A,3.585515951526955,1.0,3.587069,-16.791335862707903
goods-s-mediumjwst_174292,1286,goods-s-mediumjwst,174292,174292,174292,2023-12-11,53.104805,-27.8686382,GS,0.42716,-1.0,E,nan,nan,nan,nan
goods-s-mediumjwst_174463,1286,goods-s-mediumjwst,174463,174463,174463,2023-12-11,53.0857263,-27.8680312,GS,1.6073,1.76207,C,nan,nan,1.76207,nan
goods-s-mediumjwst_174543,1286,goods-s-mediumjwst,174543,4543,-1,2023-12-11,53.0394989,-27.8680692,GS,2.51472,2.5659182498847413,A,2.5659182498847413,2.0,2.564748,nan
goods-s-mediumjwst_174716,1286,goods-s-mediumjwst,174716,174716,174716,2023-12-11,53.1274267,-27.8675792,GS,0.68207,-1.0,E,nan,nan,nan,nan
goods-s-mediumjwst_174756,1286,goods-s-mediumjwst,174756,174756,174756,2023-12-11,53.1248376,-27.8678044,GS,1.90623,1.900922640853295,A,1.900922640853295,5.0,1.911566,nan
goods-s-mediumjwst_175034,1286,goods-s-mediumjwst,175034,175034,175034,2023-12-11,53.0833041,-27.8669657,GS,3.39458,3.4687789207528192,A,3.4687789207528192,3.0,3.473225,-17.549031190673944
goods-s-mediumjwst_175166,1286,goods-s-mediumjwst,175166,175166,175166,2023-12-11,53.0861974,-27.8670353,GS,2.40533,2.079110918369043,A,2.079110918369043,11.0,2.080104,nan
goods-s-mediumjwst_175185,1286,goods-s-mediumjwst,175185,175185,175185,2023-12-11,53.0409664,-27.8669214,GS,3.59033,3.644944,B,nan,nan,3.644944,-18.99190463324756
goods-s-mediumjwst_175393,1286,goods-s-mediumjwst,175393,175393,175393,2023-12-11,53.0767942,-27.8664508,GS,3.4053,3.7020171829142257,A,3.7020171829142257,3.0,3.706078,-18.220665786441533
goods-s-mediumjwst_175443,1286,goods-s-mediumjwst,175443,175443,175443,2023-12-11,53.1152289,-27.8665157,GS,1.75634,-1.0,E,nan,nan,nan,nan
goods-s-deepjwst_175463,1287,goods-s-deepjwst,175463,175463,175463,2024-01-10,53.0617863,-27.8660242,GS,0.98542,0.9900822428865037,A,0.9900822428865037,10.0,0.987086,nan
goods-s-mediumjwst_175611,1286,goods-s-mediumjwst,175611,175611,175611,2023-12-11,53.0559546,-27.8661063,GS,3.6866,3.711601,B,nan,nan,3.711601,-19.780151593308695
goods-s-deepjwst_175640,1287,goods-s-deepjwst,175640,175640,175640,2024-01-10,53.1125312,-27.8661456,GS,0.43058,-1.0,E,nan,nan,nan,nan
goods-s-deepjwst_175781,1287,goods-s-deepjwst,175781,175781,175781,2024-01-10,53.0804268,-27.8658519,GS,1.43172,1.538676,C,nan,nan,1.538676,nan
goods-s-mediumjwst_175793,1286,goods-s-mediumjwst,175793,175793,175793,2023-12-11,53.1026515,-27.8655364,GS,2.59876,3.2857385578949128,A,3.2857385578949128,2.0,3.285933,-17.020530181791813
goods-s-mediumjwst_176143,1286,goods-s-mediumjwst,176143,176143,176143,2023-12-11,53.0834664,-27.8654331,GS,11.91261,3.60656,D,nan,nan,3.60656,-14.733982587774825
goods-s-deepjwst_176359,1287,goods-s-deepjwst,176359,176359,176359,2024-01-10,53.0626938,-27.8649275,GS,2.30838,6.260232715506219,A,6.260232715506219,3.0,6.256382,-18.179566949492127
goods-s-mediumjwst_176381,1286,goods-s-mediumjwst,176381,176381,176381,2023-12-11,53.1036714,-27.8650735,GS,1.63917,-1.0,E,nan,nan,nan,nan
goods-s-mediumjwst_176498,1286,goods-s-mediumjwst,176498,176498,176498,2023-12-11,53.1212918,-27.864724,GS,1.31732,1.3451160826234063,A,1.3451160826234063,2.0,1.35123,nan
goods-s-mediumjwst_176562,1286,goods-s-mediumjwst,176562,176562,176562,2023-12-11,53.0861543,-27.8633981,GS,2.00012,2.0763530927538043,A,2.0763530927538043,12.0,2.075405,nan
goods-s-mediumjwst_176615,1286,goods-s-mediumjwst,176615,176615,176615,2023-12-11,53.0643709,-27.8647617,GS,3.61038,3.3913336158371217,A,3.3913336158371217,2.0,3.392884,-17.34914944268658
goods-s-mediumjwst_176652,1286,goods-s-mediumjwst,176652,176652,176652,2023-12-11,53.0398981,-27.864426,GS,3.22973,3.613826963852948,A,3.613826963852948,3.0,3.616767,-18.075864911714824
goods-s-mediumjwst_176834,1286,goods-s-mediumjwst,176834,176834,176834,2023-12-11,53.063904,-27.8642463,GS,2.34802,2.6692747051997174,A,2.6692747051997174,15.0,2.663129,nan
goods-s-mediumjwst_177075,1286,goods-s-mediumjwst,177075,177075,177075,2023-12-11,53.0561349,-27.863979,GS,-1.0,11.11793,C,nan,nan,11.11793,-19.792599111281305
goods-s-mediumjwst_177097,1286,goods-s-mediumjwst,177097,177097,177097,2023-12-11,53.1031884,-27.863874,GS,-1.0,1.48054,C,nan,nan,1.48054,nan
goods-s-mediumjwst_177142,1286,goods-s-mediumjwst,177142,177142,177142,2023-12-11,53.0874654,-27.8639017,GS,-1.0,4.76295,D,nan,nan,4.742518,nan
goods-s-mediumjwst_177268,1286,goods-s-mediumjwst,177268,177268,177268,2023-12-11,53.0377107,-27.8635613,GS,1.85167,1.787096345594394,A,1.787096345594394,2.0,1.801385,nan
goods-s-mediumjwst_177323,1286,goods-s-mediumjwst,177323,177323,177323,2023-12-11,53.0602892,-27.8635373,GS,8.24169,7.884598605790128,A,7.884598605790128,2.0,7.884831,-19.134478597961635
goods-s-mediumjwst_177412,1286,goods-s-mediumjwst,177412,7412,-1,2023-12-11,53.1234596,-27.8632142,GS,3.5588,-1.0,E,nan,nan,nan,nan
goods-s-mediumjwst_177511,1286,goods-s-mediumjwst,177511,177511,177511,2023-12-11,53.0395385,-27.863112,GS,3.55021,3.57677,D,nan,nan,3.57677,-17.244548320103767
goods-s-mediumjwst_177520,1286,goods-s-mediumjwst,177520,177520,177520,2023-12-11,53.0822609,-27.8629262,GS,3.30426,3.4708667784977014,A,3.4708667784977014,7.0,3.468848,-18.795507173760754
goods-s-mediumjwst_177590,1286,goods-s-mediumjwst,177590,177590,177590,2023-12-11,53.0851556,-27.8630152,GS,3.35866,3.74268,C,nan,nan,3.74268,-18.136777373281404
goods-s-deepjwst_177608,1287,goods-s-deepjwst,177608,177608,177608,2024-01-10,53.0790692,-27.8628936,GS,1.82223,1.1004200579977734,A,1.1004200579977734,2.0,1.087031,nan
goods-s-mediumjwst_177655,1286,goods-s-mediumjwst,177655,177655,177655,2023-12-11,53.0681069,-27.8627044,GS,-1.0,3.480895,C,nan,nan,3.480895,-18.94718107343664
goods-s-deepjwst_177899,1287,goods-s-deepjwst,177899,177899,177899,2024-01-10,53.1267348,-27.8617248,GS,4.70142,4.775,D,nan,nan,4.777311,-18.89914200091762
goods-s-deepjwst_177948,1287,goods-s-deepjwst,177948,177948,177948,2024-01-10,53.0847686,-27.8625876,GS,1.90778,2.563474,B,nan,nan,2.563474,nan
goods-s-mediumjwst_178318,1286,goods-s-mediumjwst,178318,178318,178318,2023-12-11,53.1135946,-27.8619906,GS,0.38514,0.33409,D,nan,nan,0.339773,nan
goods-s-mediumjwst_178352,1286,goods-s-mediumjwst,178352,178352,178352,2023-12-11,53.0884709,-27.8618355,GS,-1.0,-1.0,E,nan,nan,nan,nan
goods-s-deepjwst_178499,1287,goods-s-deepjwst,178499,178499,178499,2024-01-10,53.1129328,-27.8617005,GS,3.12723,3.5799290695309227,A,3.5799290695309227,5.0,3.569961,-17.673467337219634
goods-s-mediumjwst_178524,1286,goods-s-mediumjwst,178524,178524,178524,2023-12-11,53.0889187,-27.8617677,GS,2.81592,2.54833,D,nan,nan,2.550343,nan
goods-s-mediumjwst_178547,1286,goods-s-mediumjwst,178547,178547,178547,2023-12-11,53.0343919,-27.8617536,GS,3.02281,3.64164,D,nan,nan,3.64164,-16.31258218744224
goods-s-deepjwst_178562,1287,goods-s-deepjwst,178562,178562,178562,2024-01-10,53.0847608,-27.861385,GS,0.3525,0.31019025046660365,A,0.31019025046660365,8.0,0.306524,nan
goods-s-mediumjwst_178590,1286,goods-s-mediumjwst,178590,178590,178590,2023-12-11,53.10188,-27.8611979,GS,1.6042,1.518,C,nan,nan,1.518,nan
goods-s-mediumjwst_178710,1286,goods-s-mediumjwst,178710,178710,178710,2023-12-11,53.0823292,-27.8613808,GS,3.62463,3.6435690854011407,A,3.6435690854011407,2.0,3.649354,-18.43235356743051
goods-s-mediumjwst_178845,1286,goods-s-mediumjwst,178845,178845,178845,2023-12-11,53.0548084,-27.861377,GS,2.5798,2.612854025698418,A,2.612854025698418,3.0,2.622843,nan
goods-s-deepjwst_178932,1287,goods-s-deepjwst,178932,178932,178932,2024-01-10,53.1212874,-27.8612251,GS,2.5692,2.5692,C,nan,nan,2.5692,nan
goods-s-mediumjwst_178950,1286,goods-s-mediumjwst,178950,178950,178950,2023-12-11,53.0610127,-27.8612737,GS,-1.0,2.05814,D,nan,nan,2.05814,nan
goods-s-mediumjwst_179013,1286,goods-s-mediumjwst,179013,179013,179013,2023-12-11,53.0839359,-27.8604502,GS,2.22722,2.325008322647007,A,2.325008322647007,7.0,2.329494,nan
goods-s-mediumjwst_179020,1286,goods-s-mediumjwst,179020,179020,179020,2023-12-11,53.0532054,-27.8610685,GS,1.29033,-1.0,E,nan,nan,nan,nan
goods-s-deepjwst_179058,1287,goods-s-deepjwst,179058,179058,179058,2024-01-10,53.0790709,-27.8610218,GS,2.12214,2.036248493792921,A,2.036248493792921,1.0,2.044113,nan
goods-s-deepjwst_179166,1287,goods-s-deepjwst,179166,179166,179166,2024-01-10,53.0614853,-27.8607646,GS,3.43062,3.4708824581436803,A,3.4708824581436803,3.0,3.480321,-17.678160810351763
goods-s-mediumjwst_179198,1286,goods-s-mediumjwst,179198,179198,179198,2023-12-11,53.0889771,-27.8606946,GS,3.81588,3.830261038620653,A,3.830261038620653,12.0,3.836328,-19.17590963725677
goods-s-mediumjwst_179199,1286,goods-s-mediumjwst,179199,179199,179199,2023-12-11,53.0887973,-27.8606137,GS,3.30906,3.2072412494976166,A,3.2072412494976166,4.0,3.204423,-19.16474187643258
goods-s-deepjwst_179208,1287,goods-s-deepjwst,179208,179208,179208,2024-01-10,53.1141637,-27.8607018,GS,1.52212,1.6192111019049422,A,1.6192111019049422,1.0,1.614588,nan
goods-s-mediumjwst_179450,1286,goods-s-mediumjwst,179450,179450,179450,2023-12-11,53.0938182,-27.8603208,GS,3.14605,-1.0,E,nan,nan,nan,nan
goods-s-mediumjwst_179478,1286,goods-s-mediumjwst,179478,179478,179478,2023-12-11,53.0770909,-27.8592257,GS,1.61781,-1.0,E,nan,nan,nan,nan
goods-s-mediumjwst_179483,1286,goods-s-mediumjwst,179483,179483,179483,2023-12-11,53.0874077,-27.8604002,GS,8.41222,7.9494852948804375,A,7.9494852948804375,1.0,7.947454,-19.27693144157611
goods-s-mediumjwst_179743,1286,goods-s-mediumjwst,179743,179743,179743,2023-12-11,53.0981526,-27.8600666,GS,1.83641,1.83641,D,nan,nan,1.83641,nan
goods-s-mediumjwst_180146,1286,goods-s-mediumjwst,180146,180146,180146,2023-12-11,53.1036556,-27.8595965,GS,-1.0,1.49399,D,nan,nan,1.49399,nan
goods-s-mediumjwst_180466,1286,goods-s-mediumjwst,180466,180466,180466,2023-12-11,53.033814,-27.8592337,GS,1.63472,-1.0,E,nan,nan,nan,nan
goods-s-mediumjwst_180575,1286,goods-s-mediumjwst,180575,180575,180575,2023-12-11,53.0854721,-27.85817,GS,3.09109,3.473319616367733,A,3.473319616367733,12.0,3.476921,-17.544107430608825
goods-s-mediumjwst_180657,1286,goods-s-mediumjwst,180657,180657,180657,2023-12-11,53.1125233,-27.8590042,GS,3.57369,3.5829045401911506,A,3.5829045401911506,11.0,3.584145,-20.00842194309388
goods-s-mediumjwst_180713,1286,goods-s-mediumjwst,180713,180713,180713,2023-12-11,53.0737436,-27.8590536,GS,3.85327,4.072898568964024,A,4.072898568964024,1.0,4.069718,nan
goods-s-mediumjwst_180813,1286,goods-s-mediumjwst,180813,180813,180813,2023-12-11,53.0917722,-27.8588135,GS,2.20423,2.0709817591931774,A,2.0709817591931774,8.0,2.073075,nan
goods-s-mediumjwst_180835,1286,goods-s-mediumjwst,180835,180835,180835,2023-12-11,53.0784366,-27.8578437,GS,2.90392,2.976923736190539,A,2.976923736190539,3.0,2.979778,nan
goods-s-deepjwst_180913,1287,goods-s-deepjwst,180913,180913,180913,2024-01-10,53.0631064,-27.8586746,GS,1.24941,1.228711001805649,A,1.228711001805649,6.0,1.229906,nan
goods-s-mediumjwst_181082,1286,goods-s-mediumjwst,181082,181082,181082,2023-12-11,53.1221842,-27.858336,GS,2.83951,2.80474633871806,A,2.80474633871806,17.0,2.804004,nan
goods-s-mediumjwst_181301,1286,goods-s-mediumjwst,181301,181301,181301,2023-12-11,53.109332,-27.8577307,GS,3.50991,3.706087,C,nan,nan,3.706087,-17.191508124910023
goods-s-mediumjwst_181335,1286,goods-s-mediumjwst,181335,181335,181335,2023-12-11,53.0955994,-27.8582392,GS,3.64267,4.807743449153163,A,4.807743449153163,2.0,4.811099,-16.935362877566668
goods-s-deepjwst_181456,1287,goods-s-deepjwst,181456,181456,181456,2024-01-10,53.0651794,-27.8579045,GS,0.59593,-1.0,E,nan,nan,nan,nan
goods-s-deepjwst_181721,1287,goods-s-deepjwst,181721,181721,181721,2024-01-10,53.1113094,-27.8576364,GS,2.15099,1.957377,C,nan,nan,1.957377,nan
goods-s-mediumjwst_181779,1286,goods-s-mediumjwst,181779,181779,181779,2023-12-11,53.0793849,-27.8569785,GS,0.33902,-1.0,E,nan,nan,nan,nan
goods-s-mediumjwst_181864,1286,goods-s-mediumjwst,181864,181864,181864,2023-12-11,53.0946642,-27.8563841,GS,3.64206,3.702178831177132,A,3.702178831177132,2.0,3.70521,-18.164634640776157
goods-s-mediumjwst_181867,1286,goods-s-mediumjwst,181867,181867,181867,2023-12-11,53.0944286,-27.8562343,GS,3.60497,3.70019900040761,A,3.70019900040761,9.0,3.70302,-19.112921338151686
goods-s-deepjwst_182339,1287,goods-s-deepjwst,182339,182339,182339,2024-01-10,53.0858749,-27.8569079,GS,3.01398,2.40828,D,nan,nan,2.40828,nan
goods-s-mediumjwst_182656,1286,goods-s-mediumjwst,182656,182656,182656,2023-12-11,53.1116804,-27.8564283,GS,1.58872,1.58573,B,nan,nan,1.58573,nan
goods-s-mediumjwst_182666,1286,goods-s-mediumjwst,182666,182666,182666,2023-12-11,53.085318,-27.8560971,GS,1.81645,2.0323918759350956,A,2.0323918759350956,5.0,2.046734,nan
goods-s-mediumjwst_182673,1286,goods-s-mediumjwst,182673,182673,182673,2023-12-11,53.0746064,-27.8564856,GS,5.17152,5.204195198663404,A,5.204195198663404,4.0,5.206899,-19.06237570096311
goods-s-deepjwst_182811,1287,goods-s-deepjwst,182811,182811,182811,2024-01-10,53.0837623,-27.8563236,GS,0.59033,-1.0,E,nan,nan,nan,nan
goods-s-mediumjwst_182875,1286,goods-s-mediumjwst,182875,182875,182875,2023-12-11,53.0750901,-27.8562995,GS,3.23424,3.424811903348445,A,3.424811903348445,3.0,3.43273,-17.492827055955892
goods-s-mediumjwst_182877,1286,goods-s-mediumjwst,182877,182877,182877,2023-12-11,53.056389,-27.8561975,GS,1.23813,1.2260864640076021,A,1.2260864640076021,2.0,1.241659,nan
goods-s-deepjwst_183078,1287,goods-s-deepjwst,183078,183078,183078,2024-01-10,53.1203702,-27.8560074,GS,2.70112,1.727579352670554,A,1.727579352670554,4.0,1.72582,nan
goods-s-mediumjwst_183306,1286,goods-s-mediumjwst,183306,183306,183306,2023-12-11,53.0754256,-27.8552044,GS,7.28653,7.214071,C,nan,nan,7.214071,-19.05515081395372
goods-s-deepjwst_183348,1287,goods-s-deepjwst,183348,183348,183348,2024-01-10,53.0829371,-27.8556321,GS,14.98813,14.1796,C,nan,nan,14.58813,-20.327307647472978
goods-s-deepjwst_183349,1287,goods-s-deepjwst,183349,183349,183349,2024-01-10,53.0830522,-27.8556219,GS,3.40447,3.4753529512983716,A,3.4753529512983716,2.0,3.482207,-19.29456045837772
goods-s-mediumjwst_183349,1286,goods-s-mediumjwst,183349,183349,183349,2023-12-11,53.0830522,-27.8556219,GS,3.40447,3.4723219389894657,A,3.4723219389894657,1.0,3.471255,-18.241823381883602
goods-s-mediumjwst_183358,1286,goods-s-mediumjwst,183358,183358,183358,2023-12-11,53.094199,-27.855044,GS,3.60879,3.660840960728903,A,3.660840960728903,5.0,3.663811,-19.096361066682828
goods-s-mediumjwst_183382,1286,goods-s-mediumjwst,183382,183382,183382,2023-12-11,53.079009,-27.8555351,GS,3.3803,3.664653733187674,A,3.664653733187674,2.0,3.664919,-18.407007696399802
goods-s-mediumjwst_183440,1286,goods-s-mediumjwst,183440,183440,183440,2023-12-11,53.0967664,-27.8553687,GS,1.99123,2.008407271463713,A,2.008407271463713,1.0,2.00931,nan
goods-s-deepjwst_183640,1287,goods-s-deepjwst,183640,183640,183640,2024-01-10,53.0631257,-27.8551981,GS,2.77381,-1.0,E,nan,nan,nan,nan
goods-s-deepjwst_183753,1287,goods-s-deepjwst,183753,183753,183753,2024-01-10,53.127594,-27.8549631,GS,3.28417,3.662805,B,nan,nan,3.662805,-17.81416318801249
goods-s-mediumjwst_183759,1286,goods-s-mediumjwst,183759,183759,183759,2023-12-11,53.1175959,-27.8545871,GS,6.54984,1.9382229636726622,A,1.9382229636726622,2.0,1.951588,nan
goods-s-mediumjwst_183843,1286,goods-s-mediumjwst,183843,183843,183843,2023-12-11,53.1169935,-27.8547655,GS,2.29585,2.3232759670732444,A,2.3232759670732444,3.0,2.327768,nan
goods-s-mediumjwst_183945,1286,goods-s-mediumjwst,183945,183945,183945,2023-12-11,53.0952494,-27.8546049,GS,3.63151,3.664214113770992,A,3.664214113770992,3.0,3.67213,-17.14956779207125
goods-s-mediumjwst_183946,1286,goods-s-mediumjwst,183946,183946,183946,2023-12-11,53.0953337,-27.8545828,GS,3.58419,3.6643997412884795,A,3.6643997412884795,2.0,3.664006,-17.651270993764832
goods-s-deepjwst_184016,1287,goods-s-deepjwst,184016,184016,184016,2024-01-10,53.0874261,-27.8543562,GS,1.1706,4.390703,C,nan,nan,4.390703,-17.141876498843413
goods-s-mediumjwst_184024,1286,goods-s-mediumjwst,184024,184024,184024,2023-12-11,53.094591,-27.8543961,GS,0.63042,-1.0,E,nan,nan,nan,nan
goods-s-mediumjwst_184060,1286,goods-s-mediumjwst,184060,184060,184060,2023-12-11,53.0857526,-27.8535535,GS,4.69618,4.735983049228315,A,4.735983049228315,6.0,4.738507,-19.29515640455565
goods-s-mediumjwst_184437,1286,goods-s-mediumjwst,184437,184437,184437,2023-12-11,53.1247771,-27.8537374,GS,0.32291,0.330835,B,nan,nan,0.330835,nan
goods-s-mediumjwst_184490,1286,goods-s-mediumjwst,184490,184490,184490,2023-12-11,53.0747518,-27.8535961,GS,3.79307,3.829951541672406,A,3.829951541672406,12.0,3.832446,-19.057735187937837
goods-s-mediumjwst_184541,1286,goods-s-mediumjwst,184541,184541,184541,2023-12-11,53.0817439,-27.8534039,GS,2.30954,2.294495757999665,A,2.294495757999665,8.0,2.303978,nan
goods-s-mediumjwst_184666,1286,goods-s-mediumjwst,184666,184666,184666,2023-12-11,53.0355615,-27.8533357,GS,0.25244,-1.0,E,nan,nan,nan,nan
goods-s-mediumjwst_184677,1286,goods-s-mediumjwst,184677,184677,184677,2023-12-11,53.0976292,-27.8533703,GS,3.34499,3.198105269247022,A,3.198105269247022,4.0,3.196469,-17.487582525097068
goods-s-mediumjwst_184713,1286,goods-s-mediumjwst,184713,184713,184713,2023-12-11,53.0331914,-27.8528813,GS,1.58184,-1.0,E,nan,nan,nan,nan
goods-s-deepjwst_184721,1287,goods-s-deepjwst,184721,184721,184721,2024-01-10,53.0779978,-27.8533569,GS,1.53514,1.60124,C,nan,nan,1.60124,nan
goods-s-deepjwst_184847,1287,goods-s-deepjwst,184847,184847,184847,2024-01-10,53.1113704,-27.8530551,GS,3.40965,3.6533242522137295,A,3.6533242522137295,5.0,3.649455,-17.631350378050378
goods-s-mediumjwst_185040,1286,goods-s-mediumjwst,185040,185040,185040,2023-12-11,53.0965814,-27.8518033,GS,2.44564,1.895741,B,nan,nan,1.895741,nan
goods-s-mediumjwst_185049,1286,goods-s-mediumjwst,185049,185049,185049,2023-12-11,53.0979589,-27.8499412,GS,2.40259,2.653364435630534,A,2.653364435630534,7.0,2.652005,nan
goods-s-mediumjwst_185290,1286,goods-s-mediumjwst,185290,185290,185290,2023-12-11,53.1200181,-27.8520255,GS,3.58611,3.5849144850167773,A,3.5849144850167773,9.0,3.58575,-19.899413277502283
goods-s-mediumjwst_185298,1286,goods-s-mediumjwst,185298,185298,185298,2023-12-11,53.0846281,-27.8521173,GS,2.61421,2.6735046800316873,A,2.6735046800316873,3.0,2.672405,nan
goods-s-deepjwst_185378,1287,goods-s-deepjwst,185378,185378,185378,2024-01-10,53.0829197,-27.8519995,GS,2.18625,2.635154,C,nan,nan,2.635154,nan
goods-s-deepjwst_185390,1287,goods-s-deepjwst,185390,185390,185390,2024-01-10,53.0724576,-27.852024,GS,2.21903,2.295220468741001,A,2.295220468741001,6.0,2.291031,nan
goods-s-mediumjwst_185550,1286,goods-s-mediumjwst,185550,185550,185550,2023-12-11,53.08467,-27.8511064,GS,2.19167,2.0761863953317685,A,2.0761863953317685,8.0,2.080373,nan
goods-s-deepjwst_185683,1287,goods-s-deepjwst,185683,185683,185683,2024-01-10,53.0840441,-27.8515232,GS,0.53603,-1.0,E,nan,nan,nan,nan
goods-s-mediumjwst_185690,1286,goods-s-mediumjwst,185690,185690,185690,2023-12-11,53.1180085,-27.8514779,GS,3.7948,-1.0,E,nan,nan,nan,nan
goods-s-mediumjwst_186024,1286,goods-s-mediumjwst,186024,186024,186024,2023-12-11,53.0803803,-27.8506354,GS,1.59161,1.6113598326108844,A,1.6113598326108844,15.0,1.618763,nan
goods-s-mediumjwst_186077,1286,goods-s-mediumjwst,186077,186077,186077,2023-12-11,53.0554647,-27.8505931,GS,-1.0,-1.0,E,nan,nan,nan,nan
goods-s-mediumjwst_186119,1286,goods-s-mediumjwst,186119,186119,186119,2023-12-11,53.0768426,-27.8505597,GS,3.49695,-1.0,E,nan,nan,nan,nan
goods-s-mediumjwst_186158,1286,goods-s-mediumjwst,186158,186158,186158,2023-12-11,53.0852767,-27.8504227,GS,4.26988,4.368415082285823,A,4.368415082285823,2.0,4.370892,nan
goods-s-mediumjwst_186247,1286,goods-s-mediumjwst,186247,186247,186247,2023-12-11,53.0387724,-27.8501875,GS,3.45868,3.706992760695126,A,3.706992760695126,4.0,3.709128,-18.13613943930892
goods-s-deepjwst_186303,1287,goods-s-deepjwst,186303,186303,186303,2024-01-10,53.0766477,-27.8500198,GS,3.2272,3.26045,C,nan,nan,3.26045,-17.115454255409656
goods-s-deepjwst_186339,1287,goods-s-deepjwst,186339,186339,186339,2024-01-10,53.0660667,-27.8498924,GS,1.06601,1.0799832942330947,A,1.0799832942330947,2.0,1.080968,nan
goods-s-deepjwst_186409,1287,goods-s-deepjwst,186409,186409,186409,2024-01-10,53.0868025,-27.8493493,GS,3.55902,-1.0,E,nan,nan,nan,nan
goods-s-mediumjwst_186426,1286,goods-s-mediumjwst,186426,186426,186426,2023-12-11,53.0530048,-27.8497202,GS,3.40276,3.414968138700364,A,3.414968138700364,5.0,3.420299,-18.435366084938074
goods-s-mediumjwst_186471,1286,goods-s-mediumjwst,186471,186471,186471,2023-12-11,53.0772612,-27.8495017,GS,2.97475,3.206117,B,nan,nan,3.206117,-17.413986011923953
goods-s-deepjwst_186709,1287,goods-s-deepjwst,186709,186709,186709,2024-01-10,53.0843338,-27.8489189,GS,1.90744,-1.0,E,nan,nan,nan,nan
goods-s-deepjwst_186837,1287,goods-s-deepjwst,186837,186837,186837,2024-01-10,53.0677652,-27.8484896,GS,1.63001,1.5502263988006322,A,1.5502263988006322,5.0,1.549328,nan
goods-s-mediumjwst_186864,1286,goods-s-mediumjwst,186864,186864,186864,2023-12-11,53.0853674,-27.8485266,GS,3.14679,-1.0,E,nan,nan,nan,nan
goods-s-mediumjwst_186878,1286,goods-s-mediumjwst,186878,186878,186878,2023-12-11,53.0808614,-27.8482403,GS,2.91491,5.177281822960018,A,5.177281822960018,2.0,5.182795,-18.590107466129464
goods-s-mediumjwst_186891,1286,goods-s-mediumjwst,186891,186891,186891,2023-12-11,53.0741744,-27.8474179,GS,1.80225,1.5404027690400275,A,1.5404027690400275,2.0,1.540532,nan
goods-s-mediumjwst_187034,1286,goods-s-mediumjwst,187034,187034,187034,2023-12-11,53.1301049,-27.8481878,GS,3.65015,3.6524314015118255,A,3.6524314015118255,9.0,3.659081,-19.86769001153054
goods-s-mediumjwst_187036,1286,goods-s-mediumjwst,187036,187036,187036,2023-12-11,53.0923323,-27.8479978,GS,1.96166,1.9873864763193263,A,1.9873864763193263,15.0,1.984108,nan
goods-s-mediumjwst_187165,1286,goods-s-mediumjwst,187165,187165,187165,2023-12-11,53.0763308,-27.8479149,GS,1.8959,1.98748,C,nan,nan,1.98748,nan
goods-s-deepjwst_187233,1287,goods-s-deepjwst,187233,187233,187233,2024-01-10,53.0732803,-27.8477867,GS,1.53753,1.5402299669193233,A,1.5402299669193233,1.0,1.535236,nan
goods-s-mediumjwst_187432,1286,goods-s-mediumjwst,187432,187432,187432,2023-12-11,53.0819252,-27.8473079,GS,0.55048,-1.0,E,nan,nan,nan,nan
goods-s-mediumjwst_187444,1286,goods-s-mediumjwst,187444,187444,187444,2023-12-11,53.0794823,-27.8470708,GS,-1.0,2.40293,D,nan,nan,2.40293,nan
goods-s-deepjwst_187534,1287,goods-s-deepjwst,187534,187534,187534,2024-01-10,53.0716451,-27.8469618,GS,3.08982,3.1995818240021343,A,3.1995818240021343,4.0,3.20185,-17.64276151047118
goods-s-mediumjwst_187552,1286,goods-s-mediumjwst,187552,187552,187552,2023-12-11,53.0761513,-27.84685,GS,1.86486,-1.0,E,nan,nan,nan,nan
goods-s-mediumjwst_187564,1286,goods-s-mediumjwst,187564,187564,187564,2023-12-11,53.1308151,-27.8468855,GS,5.2223,5.3197212779674725,A,5.3197212779674725,6.0,5.320718,-19.333080696213393
goods-s-mediumjwst_187636,1286,goods-s-mediumjwst,187636,187636,187636,2023-12-11,53.0965668,-27.8464995,GS,0.56786,0.6109583520413742,A,0.6109583520413742,6.0,0.615542,nan
goods-s-mediumjwst_187674,1286,goods-s-mediumjwst,187674,187674,187674,2023-12-11,53.0611584,-27.8466151,GS,4.33353,4.367560859236476,A,4.367560859236476,3.0,4.366193,-18.445384626559772
goods-s-mediumjwst_187698,1286,goods-s-mediumjwst,187698,187698,187698,2023-12-11,53.0842002,-27.84658,GS,0.8073,-1.0,E,nan,nan,nan,nan
goods-s-mediumjwst_187790,1286,goods-s-mediumjwst,187790,187790,187790,2023-12-11,53.0801326,-27.8460949,GS,2.80902,2.84991567317486,A,2.84991567317486,4.0,2.857602,nan
goods-s-deepjwst_187918,1287,goods-s-deepjwst,187918,187918,187918,2024-01-10,53.0728124,-27.8458421,GS,4.0407,5.989091596262071,A,5.989091596262071,6.0,5.988443,-19.015455346957577
goods-s-mediumjwst_187956,1286,goods-s-mediumjwst,187956,187956,187956,2023-12-11,53.0702715,-27.8455956,GS,3.48624,3.702326157888164,A,3.702326157888164,11.0,3.706438,-20.411390906473926
goods-s-mediumjwst_188165,1286,goods-s-mediumjwst,188165,188165,188165,2023-12-11,53.0784557,-27.8454024,GS,1.58918,1.519484,C,nan,nan,1.519484,nan
goods-s-mediumjwst_188208,1286,goods-s-mediumjwst,188208,188208,188208,2023-10-19,53.1389474,-27.8452737,GS,2.64486,2.692465088348418,A,2.692465088348418,5.0,2.695819,nan
goods-s-mediumjwst_188254,1286,goods-s-mediumjwst,188254,188254,188254,2023-12-11,53.1225069,-27.845253,GS,-1.0,1.69066,D,nan,nan,1.69066,nan
goods-s-mediumjwst_188342,1286,goods-s-mediumjwst,188342,188342,188342,2023-12-11,53.076744,-27.8449666,GS,1.86877,2.05204,D,nan,nan,2.05204,nan
goods-s-mediumjwst_188369,1286,goods-s-mediumjwst,188369,188369,188369,2023-10-19,53.1302565,-27.8448433,GS,-1.0,0.75165,D,nan,nan,0.75165,nan
goods-s-mediumjwst_188462,1286,goods-s-mediumjwst,188462,188462,188462,2023-12-11,53.0943403,-27.8445893,GS,3.33349,3.169674,C,nan,nan,3.169674,-18.283059218793458
goods-s-mediumjwst_188465,1286,goods-s-mediumjwst,188465,188465,188465,2023-12-11,53.0941083,-27.8441854,GS,1.61981,1.6087229267563758,A,1.6087229267563758,10.0,1.606968,nan
goods-s-deepjwst_188687,1287,goods-s-deepjwst,188687,188687,188687,2024-01-10,53.0654864,-27.8440051,GS,2.67509,2.8265245879928003,A,2.8265245879928003,5.0,2.823285,nan
goods-s-mediumjwst_188720,1286,goods-s-mediumjwst,188720,188720,188720,2023-12-11,53.1259169,-27.8437499,GS,2.4472,2.3225975501419724,A,2.3225975501419724,12.0,2.326346,nan
goods-s-mediumjwst_188749,1286,goods-s-mediumjwst,188749,188749,188749,2023-10-19,53.1241695,-27.8437266,GS,1.44462,1.356808404176372,A,1.356808404176372,3.0,1.355851,nan
goods-s-mediumjwst_188785,1286,goods-s-mediumjwst,188785,188785,188785,2023-12-11,53.0804725,-27.8437235,GS,3.12368,3.05709851810498,A,3.05709851810498,10.0,3.056434,-19.296811401144637
goods-s-mediumjwst_188832,1286,goods-s-mediumjwst,188832,188832,188832,2023-10-19,53.1374942,-27.8437194,GS,3.5921,3.700901070305685,A,3.700901070305685,3.0,3.708252,-18.047068808773393
goods-s-mediumjwst_188860,1286,goods-s-mediumjwst,188860,188860,188860,2023-10-19,53.128739,-27.8436053,GS,0.66451,0.96925,D,nan,nan,0.96925,nan
goods-s-mediumjwst_188901,1286,goods-s-mediumjwst,188901,188901,188901,2023-12-11,53.0948142,-27.8430833,GS,0.95752,0.83867,D,nan,nan,0.83867,nan
goods-s-mediumjwst_188907,1286,goods-s-mediumjwst,188907,-3,-1,2023-12-11,53.1381442,-27.8433749,GS,2.39671,-1.0,E,nan,nan,nan,nan
goods-s-mediumjwst_188958,1286,goods-s-mediumjwst,188958,188958,188958,2023-12-11,53.0802612,-27.8426508,GS,2.89224,3.05906461274579,A,3.05906461274579,2.0,3.070563,-16.740318137969737
goods-s-mediumjwst_189001,1286,goods-s-mediumjwst,189001,189001,189001,2023-12-11,53.0890301,-27.8419041,GS,1.15812,5.392650667370285,A,5.392650667370285,5.0,5.394587,-19.52226054121897
goods-s-mediumjwst_189224,1286,goods-s-mediumjwst,189224,189224,189224,2023-10-19,53.1257267,-27.8428663,GS,2.90377,3.0604188214483665,A,3.0604188214483665,1.0,3.0609,-16.14769957487467
goods-s-mediumjwst_189290,1286,goods-s-mediumjwst,189290,189288,189288,2023-12-11,53.0751776,-27.8422965,GS,0.55092,0.56006,B,nan,nan,0.56006,nan
goods-s-mediumjwst_189302,1286,goods-s-mediumjwst,189302,189302,189302,2023-12-11,53.0765934,-27.8427087,GS,1.60651,1.1884211830101767,A,1.1884211830101767,1.0,1.1836,nan
goods-s-mediumjwst_189309,1286,goods-s-mediumjwst,189309,189309,189309,2023-12-11,53.0930117,-27.8427227,GS,4.12415,4.299381364353582,A,4.299381364353582,1.0,4.293269,-16.105037378158144
goods-s-mediumjwst_189400,1286,goods-s-mediumjwst,189400,189400,189400,2023-12-11,53.085441,-27.8424629,GS,4.24193,4.341632743452085,A,4.341632743452085,4.0,4.338828,-18.485759202785392
goods-s-mediumjwst_189417,1286,goods-s-mediumjwst,189417,189417,189417,2023-12-11,53.1385088,-27.8423163,GS,3.64543,3.6996406585619113,A,3.6996406585619113,10.0,3.698839,-20.256020451402005
goods-s-mediumjwst_189524,1286,goods-s-mediumjwst,189524,189524,189524,2023-10-19,53.1314463,-27.8413826,GS,5.58712,1.614391916855317,A,1.614391916855317,6.0,1.61565,nan
goods-s-mediumjwst_189594,1286,goods-s-mediumjwst,189594,189594,189594,2023-10-19,53.1743539,-27.8417944,GS,2.11591,1.65025,D,nan,nan,1.65025,nan
goods-s-mediumjwst_189743,1286,goods-s-mediumjwst,189743,189743,189743,2023-12-11,53.0540371,-27.8409972,GS,3.40175,3.444856314839043,A,3.444856314839043,2.0,3.442302,-17.819877434286354
goods-s-mediumjwst_189760,1286,goods-s-mediumjwst,189760,189760,189760,2023-12-11,53.1291673,-27.8412199,GS,3.52948,3.601860317977752,A,3.601860317977752,7.0,3.599935,-19.236035203429036
goods-s-mediumjwst_189781,1286,goods-s-mediumjwst,189781,189781,189781,2023-12-11,53.087374,-27.8400076,GS,-1.0,3.4756625304755175,A,3.4756625304755175,1.0,3.47613,-16.594065036904105
goods-s-mediumjwst_189804,1286,goods-s-mediumjwst,189804,189804,189804,2023-12-11,53.1355422,-27.8411358,GS,1.61265,3.57766,D,nan,nan,3.57766,-17.931450777151955
goods-s-mediumjwst_190058,1286,goods-s-mediumjwst,190058,190058,190058,2023-12-11,53.1043507,-27.8405574,GS,5.59155,5.392048132792727,A,5.392048132792727,3.0,5.39474,-19.101621613239303
goods-s-mediumjwst_190122,1286,goods-s-mediumjwst,190122,190122,190122,2023-12-11,53.0763509,-27.8403635,GS,2.67862,2.972248531713783,A,2.972248531713783,2.0,2.965944,nan
goods-s-mediumjwst_190192,1286,goods-s-mediumjwst,190192,190192,190192,2023-12-11,53.095188,-27.8401043,GS,1.92754,2.0586788462015644,A,2.0586788462015644,4.0,2.054366,nan
goods-s-mediumjwst_190333,1286,goods-s-mediumjwst,190333,190332,190332,2023-10-19,53.159777,-27.8391438,GS,3.16675,3.020481683605966,A,3.020481683605966,7.0,3.025157,-17.80067992208857
goods-s-mediumjwst_190388,1286,goods-s-mediumjwst,190388,190388,190388,2023-12-11,53.0933813,-27.8395181,GS,4.60714,-1.0,E,nan,nan,nan,nan
goods-s-mediumjwst_190389,1286,goods-s-mediumjwst,190389,190389,190389,2023-12-11,53.1168524,-27.8394153,GS,2.01479,2.036115417635333,A,2.036115417635333,13.0,2.035669,nan
goods-s-mediumjwst_190850,1286,goods-s-mediumjwst,190850,190850,190850,2023-12-11,53.1296212,-27.8377413,GS,2.96767,3.0245585039461576,A,3.0245585039461576,3.0,3.028067,-17.050198310193057
goods-s-mediumjwst_190861,1286,goods-s-mediumjwst,190861,190861,190861,2023-12-11,53.1032956,-27.837846,GS,1.73378,1.26476,D,nan,nan,1.26476,nan
goods-s-mediumjwst_190909,1286,goods-s-mediumjwst,190909,190909,190909,2023-12-11,53.0681289,-27.8371102,GS,0.99516,1.0449668183531653,A,1.0449668183531653,13.0,1.049784,nan
goods-s-mediumjwst_190921,1286,goods-s-mediumjwst,190921,190921,190921,2023-12-11,53.0751691,-27.8375221,GS,3.06741,2.9727529176995953,A,2.9727529176995953,7.0,2.971174,nan
goods-s-mediumjwst_191096,1286,goods-s-mediumjwst,191096,191096,191096,2023-12-11,53.0543214,-27.8370901,GS,1.73429,1.73429,D,nan,nan,1.73429,nan
goods-s-mediumjwst_191117,1286,goods-s-mediumjwst,191117,191117,191117,2023-12-11,53.1245455,-27.8367876,GS,3.50275,3.6523914929195334,A,3.6523914929195334,11.0,3.657235,-20.066006786972952
goods-s-mediumjwst_191191,1286,goods-s-mediumjwst,191191,191191,191191,2023-12-11,53.1169379,-27.8366262,GS,3.55996,3.4724050673343836,A,3.4724050673343836,3.0,3.472283,-18.352387932837473
goods-s-mediumjwst_191208,1286,goods-s-mediumjwst,191208,191208,191208,2023-12-11,53.0567336,-27.8363871,GS,9.31099,3.47144242457379,A,3.47144242457379,7.0,3.481123,-17.362825372389214
goods-s-mediumjwst_191250,1286,goods-s-mediumjwst,191250,191250,191250,2023-12-11,53.1017092,-27.8361731,GS,5.47736,5.387361743140348,A,5.387361743140348,9.0,5.389841,-20.560194710028085
goods-s-mediumjwst_191295,1286,goods-s-mediumjwst,191295,191295,191295,2023-10-19,53.1196768,-27.8362964,GS,2.68449,2.6674237354093586,A,2.6674237354093586,3.0,2.667037,nan
goods-s-mediumjwst_191333,1286,goods-s-mediumjwst,191333,191333,191333,2023-12-11,53.0648687,-27.8361342,GS,1.82157,1.6081494560688199,A,1.6081494560688199,3.0,1.633233,nan
goods-s-mediumjwst_191390,1286,goods-s-mediumjwst,191390,191390,191390,2023-12-11,53.1092537,-27.8357699,GS,-1.0,1.63138,C,nan,nan,1.63138,nan
goods-s-mediumjwst_191489,1286,goods-s-mediumjwst,191489,191489,191489,2023-12-11,53.1143153,-27.8357418,GS,-1.0,-1.0,E,nan,nan,nan,nan
goods-s-mediumjwst_191576,1286,goods-s-mediumjwst,191576,191576,191576,2023-10-19,53.138883,-27.8354392,GS,3.81147,3.7948812903904616,A,3.7948812903904616,15.0,3.79563,-20.809868623500105
goods-s-mediumjwst_191720,1286,goods-s-mediumjwst,191720,191720,191720,2023-12-11,53.1031642,-27.8346785,GS,1.1145,1.03832,D,nan,nan,1.03832,nan
goods-s-mediumjwst_191793,1286,goods-s-mediumjwst,191793,191793,191793,2023-12-11,53.1321059,-27.8348134,GS,1.41295,-1.0,E,nan,nan,nan,nan
goods-s-mediumjwst_192113,1286,goods-s-mediumjwst,192113,192113,192113,2023-10-19,53.1697554,-27.8335637,GS,1.87694,1.7803586807635952,A,1.7803586807635952,15.0,1.779359,nan
goods-s-mediumjwst_192245,1286,goods-s-mediumjwst,192245,192245,192245,2023-12-11,53.1008981,-27.833326,GS,1.92846,-1.0,E,nan,nan,nan,nan
goods-s-mediumjwst_192316,1286,goods-s-mediumjwst,192316,192316,192316,2023-10-19,53.1680458,-27.8325693,GS,0.63501,0.686041,B,nan,nan,0.686041,nan
goods-s-mediumjwst_192327,1286,goods-s-mediumjwst,192327,192327,192327,2023-10-19,53.1721335,-27.83312,GS,4.68769,4.81078857472845,A,4.81078857472845,2.0,4.810751,-18.009639273111947
goods-s-mediumjwst_192368,1286,goods-s-mediumjwst,192368,192368,192368,2023-10-19,53.1297553,-27.8330023,GS,1.90087,1.7655694425109254,A,1.7655694425109254,9.0,1.77159,nan
goods-s-mediumjwst_192380,1286,goods-s-mediumjwst,192380,192380,192380,2023-12-11,53.0680737,-27.8328527,GS,1.60164,1.6092514805064968,A,1.6092514805064968,6.0,1.609187,nan
goods-s-mediumjwst_192468,1286,goods-s-mediumjwst,192468,192468,192468,2023-10-19,53.1238135,-27.8326321,GS,0.99651,1.05262,C,nan,nan,1.05262,nan
goods-s-mediumjwst_192478,1286,goods-s-mediumjwst,192478,192478,192478,2023-12-11,53.0565058,-27.8320077,GS,3.74328,0.76706,C,nan,nan,0.76706,nan
goods-s-mediumjwst_192702,1286,goods-s-mediumjwst,192702,192702,192702,2023-12-11,53.0994514,-27.8319357,GS,1.5812,1.51826,C,nan,nan,1.51826,nan
goods-s-mediumjwst_192837,1286,goods-s-mediumjwst,192837,192837,192837,2023-10-19,53.119765,-27.8314929,GS,3.24486,2.999760929008019,A,2.999760929008019,15.0,3.001382,-19.58510176001112
goods-s-mediumjwst_193009,1286,goods-s-mediumjwst,193009,193009,193009,2023-10-19,53.129531,-27.8309994,GS,3.39639,3.603927,B,nan,nan,3.603927,-18.5418681011022
goods-s-mediumjwst_193082,1286,goods-s-mediumjwst,193082,193082,193082,2023-12-11,53.0707352,-27.8308334,GS,3.59021,4.800734542810484,A,4.800734542810484,3.0,4.799618,-18.478521326117544
goods-s-mediumjwst_193387,1286,goods-s-mediumjwst,193387,193387,193387,2023-10-19,53.1413856,-27.829956,GS,1.84015,1.9398359550858646,A,1.9398359550858646,3.0,1.933106,nan
goods-s-mediumjwst_193481,1286,goods-s-mediumjwst,193481,193481,193481,2023-10-19,53.1628904,-27.8295175,GS,2.05735,1.9997808185204735,A,1.9997808185204735,8.0,1.992,nan
goods-s-mediumjwst_193512,1286,goods-s-mediumjwst,193512,193512,193512,2023-12-11,53.0513556,-27.8295609,GS,1.26519,1.2248527880165239,A,1.2248527880165239,7.0,1.230438,nan
goods-s-mediumjwst_193544,1180,goods-s-mediumjwst,193544,193544,193544,2023-10-08,53.14884458584678,-27.828848381338148,GS,2.10244,2.6234346686284056,A,2.6234346686284056,2.0,2.6303,nan
goods-s-mediumjwst_193605,1286,goods-s-mediumjwst,193605,193605,193605,2023-10-19,53.1547256,-27.8291917,GS,3.92486,4.145919591003887,A,4.145919591003887,2.0,4.155909,-18.806828894707714
goods-s-mediumjwst_193699,1286,goods-s-mediumjwst,193699,193699,193699,2023-12-11,53.0741037,-27.828701,GS,3.29693,3.4231075797506723,A,3.4231075797506723,2.0,3.423407,-15.103133163118024
goods-s-mediumjwst_193720,1180,goods-s-mediumjwst,193720,193720,193720,2023-10-08,53.16470111357509,-27.82874056914729,GS,1.56689,1.5626766835864712,A,1.5626766835864712,2.0,1.567667,nan
goods-s-mediumjwst_193756,1286,goods-s-mediumjwst,193756,193756,193756,2023-12-11,53.0613331,-27.8287165,GS,2.45293,5.905114883419971,A,5.905114883419971,2.0,5.906951,-16.854424719250083
goods-s-mediumjwst_193784,1286,goods-s-mediumjwst,193784,193784,193784,2023-10-19,53.1608546,-27.8285753,GS,2.46624,2.703532499299251,A,2.703532499299251,4.0,2.700971,nan
goods-s-mediumjwst_193797,1286,goods-s-mediumjwst,193797,193797,193797,2023-12-11,53.0687295,-27.8285065,GS,6.56351,5.845309694296601,A,5.845309694296601,4.0,5.850006,-18.7190502530887
goods-s-mediumjwst_193931,1286,goods-s-mediumjwst,193931,257044,257044,2023-10-19,53.1181946,-27.8281554,GS,2.60792,2.670414,B,nan,nan,2.670414,nan
goods-s-mediumjwst_194071,1286,goods-s-mediumjwst,194071,194071,194071,2023-10-19,53.1643966,-27.8279078,GS,2.46216,-1.0,E,nan,nan,nan,nan
goods-s-mediumjwst_194091,1286,goods-s-mediumjwst,194091,194091,194091,2023-10-19,53.1778424,-27.8277489,GS,4.82353,4.8350395550735685,A,4.8350395550735685,5.0,4.832063,-19.865084926483647
goods-s-mediumjwst_194119,1286,goods-s-mediumjwst,194119,194119,194119,2023-10-19,53.1767466,-27.827737,GS,2.37882,-1.0,E,nan,nan,nan,nan
goods-s-mediumjwst_194144,1286,goods-s-mediumjwst,194144,194144,194144,2023-10-19,53.1638756,-27.8275837,GS,-1.0,0.5740805650358607,A,0.5740805650358607,1.0,0.573,nan
goods-s-mediumjwst_194326,1286,goods-s-mediumjwst,194326,194326,194326,2023-10-19,53.1672126,-27.8270085,GS,6.03865,5.959629919653047,A,5.959629919653047,2.0,5.954359,-17.17691842793161
goods-s-mediumjwst_194373,1286,goods-s-mediumjwst,194373,194373,194373,2023-10-19,53.1400619,-27.8265143,GS,2.5695,2.670336,C,nan,nan,2.670336,nan
goods-s-mediumjwst_194486,1180,goods-s-mediumjwst,194486,194486,194486,2023-10-08,53.15598971034386,-27.8265674370488,GS,1.60646,1.80911,D,nan,nan,1.80805,nan
goods-s-mediumjwst_194504,1286,goods-s-mediumjwst,194504,194504,194504,2023-12-11,53.0697517,-27.8264225,GS,0.33436,0.33859680058148645,A,0.33859680058148645,5.0,0.346677,nan
goods-s-mediumjwst_194535,1286,goods-s-mediumjwst,194535,194535,194535,2023-10-19,53.1717191,-27.8257272,GS,1.70743,1.726512398195847,A,1.726512398195847,1.0,1.72616,nan
goods-s-mediumjwst_194580,1180,goods-s-mediumjwst,194580,194580,194580,2023-10-08,53.145755835093695,-27.825576137904065,GS,1.90807,1.9037541020328552,A,1.9037541020328552,13.0,1.906885,nan
goods-s-mediumjwst_194616,1180,goods-s-mediumjwst,194616,194616,194616,2023-10-08,53.160289692993395,-27.82559674984276,GS,0.64762,0.6671410757011182,A,0.6671410757011182,3.0,0.665596,nan
goods-s-mediumjwst_194628,1286,goods-s-mediumjwst,194628,194628,194628,2023-10-19,53.1409624,-27.8259464,GS,1.92173,-1.0,E,nan,nan,nan,nan
goods-s-mediumjwst_194672,1286,goods-s-mediumjwst,194672,194672,194672,2023-10-19,53.1359578,-27.8258824,GS,0.59512,-1.0,E,nan,nan,nan,nan
goods-s-mediumjwst_194723,1286,goods-s-mediumjwst,194723,194723,194723,2023-12-11,53.1028664,-27.8258314,GS,2.1273,2.673814148988085,A,2.673814148988085,3.0,2.683034,nan
goods-s-mediumjwst_194750,1286,goods-s-mediumjwst,194750,194750,194750,2023-10-19,53.1421483,-27.8256679,GS,3.75312,-1.0,E,nan,nan,nan,nan
goods-s-mediumjwst_194810,1286,goods-s-mediumjwst,194810,194810,194810,2023-10-19,53.1369889,-27.8254864,GS,1.41637,-1.0,E,nan,nan,nan,nan
goods-s-mediumjwst_194814,1286,goods-s-mediumjwst,194814,194814,194814,2023-10-19,53.122832,-27.8252692,GS,2.56265,2.466411059313349,A,2.466411059313349,2.0,2.466738,nan
goods-s-mediumjwst_194822,1286,goods-s-mediumjwst,194822,194822,194822,2023-10-19,53.1364693,-27.8252899,GS,1.5778,1.612248,B,nan,nan,1.612248,nan
goods-s-mediumjwst_194906,1180,goods-s-mediumjwst,194906,194906,194906,2023-10-08,53.15483602593317,-27.82528132671557,GS,3.47013,3.5620671890448645,A,3.5620671890448645,3.0,3.559122,-17.855310508238624
goods-s-mediumjwst_195005,1286,goods-s-mediumjwst,195005,195005,195005,2023-10-19,53.1796986,-27.8249129,GS,3.34157,3.4451110504904174,A,3.4451110504904174,4.0,3.449368,nan
goods-s-mediumjwst_195032,1180,goods-s-mediumjwst,195032,195032,195032,2023-10-08,53.16176644882409,-27.82463287424179,GS,0.8976,0.851292,B,nan,nan,0.851292,nan
goods-s-ultradeep_195035,3215,goods-s-ultradeep,195035,195035,195035,2023-10-16,53.1622853,-27.8243369,GS,2.21885,1.3836740173232702,A,1.3836740173232702,8.0,1.391526,nan
goods-s-mediumjwst_195107,1286,goods-s-mediumjwst,195107,195107,195107,2023-12-11,53.1115842,-27.8247604,GS,1.00856,1.0955,D,nan,nan,1.10145,nan
goods-s-mediumjwst_195120,1180,goods-s-mediumjwst,195120,195120,195120,2023-10-08,53.15418200755059,-27.82473464318635,GS,2.14605,2.369864757139702,A,2.369864757139702,1.0,2.365912,nan
goods-s-mediumjwst_195128,1286,goods-s-mediumjwst,195128,195128,195128,2023-10-19,53.1669744,-27.8241365,GS,1.83179,1.7162377148903456,A,1.7162377148903456,3.0,1.715654,nan
goods-s-mediumjwst_195134,1286,goods-s-mediumjwst,195134,195134,195134,2023-10-19,53.1710325,-27.8247916,GS,5.21771,5.25447,C,nan,nan,5.25447,-18.20837623853989
goods-s-mediumjwst_195403,1286,goods-s-mediumjwst,195403,195403,195403,2023-10-19,53.1337515,-27.824243,GS,5.93925,6.063317,B,nan,nan,6.063317,-18.47801285150038
goods-s-mediumjwst_195588,1286,goods-s-mediumjwst,195588,195588,195588,2023-12-11,53.1038353,-27.8233301,GS,2.24864,2.0350782864670136,A,2.0350782864670136,14.0,2.037207,nan
goods-s-mediumjwst_195645,1180,goods-s-mediumjwst,195645,195645,195645,2023-10-08,53.1651963786579,-27.82346444059751,GS,3.09471,3.09471,C,nan,nan,3.09471,-17.30172380518743
goods-s-ultradeep_195790,3215,goods-s-ultradeep,195790,195790,195790,2023-10-16,53.1534858,-27.822752,GS,0.83439,0.7827411140227286,A,0.7827411140227286,2.0,0.781787,nan
goods-s-mediumjwst_196039,1180,goods-s-mediumjwst,196039,196039,196039,2023-10-08,53.14907019312949,-27.822455030450865,GS,4.19897,4.145530093132457,A,4.145530093132457,2.0,4.146278,-19.314970613660794
goods-s-mediumjwst_196132,1286,goods-s-mediumjwst,196132,196132,196132,2023-10-19,53.1289622,-27.8220717,GS,1.6705,1.6114154186756302,A,1.6114154186756302,3.0,1.625468,nan
goods-s-mediumjwst_196333,1286,goods-s-mediumjwst,196333,196333,196333,2023-12-11,53.1009232,-27.8214387,GS,3.59704,3.653713957252355,A,3.653713957252355,4.0,3.661087,-16.916489281165276
goods-s-mediumjwst_196423,1286,goods-s-mediumjwst,196423,196423,196423,2023-12-11,53.0963819,-27.821078,GS,4.48279,4.505405268736163,A,4.505405268736163,4.0,4.510332,-17.891348898645926
goods-s-mediumjwst_196439,1180,goods-s-mediumjwst,196439,196439,196439,2023-10-08,53.18572924771695,-27.82103505106624,GS,2.15671,2.001362812881056,A,2.001362812881056,10.0,2.000799,nan
goods-s-ultradeep_196442,3215,goods-s-ultradeep,196442,196442,196442,2023-10-16,53.142829,-27.8210351,GS,0.5152,0.52992,D,nan,nan,0.540238,nan
goods-s-mediumjwst_196557,1180,goods-s-mediumjwst,196557,196557,196557,2023-10-08,53.18487485528477,-27.819810195577276,GS,2.0,1.998149723911046,A,1.998149723911046,11.0,2.000141,nan
goods-s-mediumjwst_196916,1180,goods-s-mediumjwst,196916,196916,196916,2023-10-08,53.16071866555809,-27.819256338199224,GS,3.70997,3.6940199413231336,A,3.6940199413231336,4.0,3.699406,-19.763269277495155
goods-s-mediumjwst_197176,1286,goods-s-mediumjwst,197176,197176,197176,2023-12-11,53.1108795,-27.8188234,GS,0.44508,-1.0,E,nan,nan,nan,nan
goods-s-mediumjwst_197182,1180,goods-s-mediumjwst,197182,197182,197182,2023-10-08,53.16694923728686,-27.818821492720907,GS,6.82972,-1.0,E,nan,nan,nan,nan
goods-s-mediumjwst_197394,1180,goods-s-mediumjwst,197394,197394,197394,2023-10-08,53.169370724910124,-27.8174640661307,GS,0.93591,-1.0,E,nan,nan,nan,nan
goods-s-ultradeep_197429,3215,goods-s-ultradeep,197429,197429,197429,2023-10-16,53.1555305,-27.8176538,GS,3.46311,4.591582,C,nan,nan,4.591582,-16.463912285725165
goods-s-mediumjwst_197649,1180,goods-s-mediumjwst,197649,197649,197649,2023-10-08,53.157366372084546,-27.816615222153054,GS,2.07703,2.067930516166385,A,2.067930516166385,2.0,2.064668,nan
goods-s-mediumjwst_197911,1180,goods-s-mediumjwst,197911,197911,197911,2023-10-08,53.16531419382983,-27.814139556209554,GS,3.76543,3.062446097683579,A,3.062446097683579,10.0,3.069105,-19.57270955886266
goods-s-mediumjwst_198545,1286,goods-s-mediumjwst,198545,198545,198545,2023-12-17,53.1614284,-27.8111492,GS,2.76,2.8235314027905174,A,2.8235314027905174,8.0,2.82478,nan
goods-s-mediumjwst_198626,1180,goods-s-mediumjwst,198626,198626,198626,2023-10-08,53.16956913782139,-27.81384589962752,GS,2.13133,2.13133,D,nan,nan,2.13133,nan
goods-s-ultradeep_198654,3215,goods-s-ultradeep,198654,198654,198654,2023-10-16,53.1303895,-27.8134842,GS,1.88185,2.064496,C,nan,nan,2.064496,nan
goods-s-mediumjwst_198988,1180,goods-s-mediumjwst,198988,198988,198988,2023-10-08,53.14957113870125,-27.812270155493295,GS,1.4049,1.37351,D,nan,nan,1.37351,nan
goods-s-mediumjwst_199133,1180,goods-s-mediumjwst,199133,199133,199133,2023-10-08,53.15825278666915,-27.811534565922855,GS,3.3804,3.303151859487263,A,3.303151859487263,2.0,3.304903,-18.53742788281217
goods-s-mediumjwst_199210,1180,goods-s-mediumjwst,199210,199210,199210,2023-10-08,53.18661873233903,-27.811273995632053,GS,2.57944,2.62515,C,nan,nan,2.62515,nan
goods-s-mediumjwst_199216,1180,goods-s-mediumjwst,199216,199216,199216,2023-10-08,53.18960680614442,-27.81119341917333,GS,1.27703,1.2249029991414395,A,1.2249029991414395,7.0,1.225991,nan
goods-s-mediumjwst_199486,1180,goods-s-mediumjwst,199486,199486,199486,2023-10-08,53.1458073049556,-27.810339760647985,GS,1.34437,-1.0,E,nan,nan,nan,nan
goods-s-mediumjwst_199504,1180,goods-s-mediumjwst,199504,199504,199504,2023-10-08,53.185600052055136,-27.81031904234708,GS,1.16962,-1.0,E,nan,nan,nan,nan
goods-s-ultradeep_199524,3215,goods-s-ultradeep,199524,199524,199524,2023-10-16,53.1669223,-27.8103324,GS,5.91693,5.94189643128988,A,5.94189643128988,2.0,5.937737,-15.55509406253752
goods-s-mediumjwst_199679,1286,goods-s-mediumjwst,199679,199679,199679,2023-12-17,53.1735576,-27.8096511,GS,9.31277,2.0799,D,nan,nan,2.0799,nan
goods-s-mediumjwst_199773,1180,goods-s-mediumjwst,199773,199773,199773,2023-10-08,53.16324080075382,-27.809056701807965,GS,2.61541,2.79941,C,nan,nan,2.79941,nan
goods-s-ultradeep_199773,3215,goods-s-ultradeep,199773,199773,199773,2023-10-16,53.1632408,-27.8090567,GS,2.61541,2.820360373633159,A,2.820360373633159,3.0,2.831159,nan
goods-s-ultradeep_199856,3215,goods-s-ultradeep,199856,297081,297081,2023-10-16,53.1275944,-27.8089782,GS,5.16076,5.126758594660195,A,5.126758594660195,4.0,5.127204,-19.049940873718175
goods-s-mediumjwst_199943,1180,goods-s-mediumjwst,199943,199943,199943,2023-10-08,53.16431056918585,-27.808831963070283,GS,2.09653,2.301900669009852,A,2.301900669009852,1.0,2.29607,nan
goods-s-ultradeep_200026,3215,goods-s-ultradeep,200026,200026,200026,2023-10-16,53.1546245,-27.8086577,GS,4.41417,4.492696192810021,A,4.492696192810021,1.0,4.489295,-17.193581317732693
goods-s-mediumjwst_200069,1286,goods-s-mediumjwst,200069,200069,200069,2023-12-17,53.1837096,-27.8085011,GS,2.0254,2.02831611647467,A,2.02831611647467,4.0,2.036665,nan
goods-s-mediumjwst_200080,1286,goods-s-mediumjwst,200080,200080,200080,2023-12-17,53.1736909,-27.8083017,GS,2.13461,1.9970137385324618,A,1.9970137385324618,15.0,1.992012,nan
goods-s-mediumjwst_200212,1286,goods-s-mediumjwst,200212,200212,200212,2023-12-17,53.1615501,-27.8075853,GS,2.81894,2.84049002201,A,2.84049002201,12.0,2.845021,nan
goods-s-ultradeep_200277,3215,goods-s-ultradeep,200277,285273,285273,2023-10-16,53.1096912,-27.8076127,GS,7.98079,5.935991194182047,A,5.935991194182047,4.0,5.938999,-17.67023839700395
goods-s-mediumjwst_200503,1286,goods-s-mediumjwst,200503,200503,200503,2023-12-17,53.173144,-27.8068592,GS,2.12466,2.071919800972532,A,2.071919800972532,5.0,2.076383,nan
goods-s-mediumjwst_200656,1286,goods-s-mediumjwst,200656,200656,200656,2023-12-17,53.1843629,-27.8058129,GS,3.748,4.042650906143436,A,4.042650906143436,7.0,4.043429,-19.10223008028003
goods-s-ultradeep_200679,3215,goods-s-ultradeep,200679,200679,200679,2023-10-16,53.1139219,-27.806202,GS,4.65994,4.545624991482088,A,4.545624991482088,6.0,4.548045,-20.11036214348153
goods-s-ultradeep_200733,3215,goods-s-ultradeep,200733,200733,200733,2023-10-16,53.1071354,-27.80482,GS,2.97881,2.866619,C,nan,nan,2.866619,nan
goods-s-ultradeep_200734,3215,goods-s-ultradeep,200734,407289,-1,2023-10-16,53.107575,-27.8047472,GS,2.58298,-1.0,E,nan,nan,nan,nan
goods-s-mediumjwst_201011,1286,goods-s-mediumjwst,201011,201011,201011,2023-10-19,53.1707736,-27.8047539,GS,1.89045,1.7649363187443232,A,1.7649363187443232,12.0,1.771332,nan
goods-s-mediumjwst_201120,1286,goods-s-mediumjwst,201120,201120,201120,2023-10-19,53.1363101,-27.8042043,GS,0.86819,0.8907,D,nan,nan,0.8907,nan
goods-s-ultradeep_201127,3215,goods-s-ultradeep,201127,201127,201127,2023-10-16,53.1668527,-27.8041253,GS,5.8297,5.8285005958851,A,5.8285005958851,3.0,5.827668,-18.507583366334853
goods-s-mediumjwst_201150,1286,goods-s-mediumjwst,201150,201150,201150,2023-10-19,53.1275208,-27.8041576,GS,2.65754,2.869050497815238,A,2.869050497815238,4.0,2.876098,nan
goods-s-mediumjwst_201152,1286,goods-s-mediumjwst,201152,201152,201152,2023-10-19,53.1277512,-27.8040027,GS,2.36319,2.8670118214666225,A,2.8670118214666225,2.0,2.856921,nan
goods-s-mediumjwst_201228,1286,goods-s-mediumjwst,201228,201228,201228,2023-10-19,53.1424536,-27.8039601,GS,1.47197,1.410673,C,nan,nan,1.410673,nan
goods-s-ultradeep_201249,3215,goods-s-ultradeep,201249,201249,201249,2023-10-16,53.1307599,-27.8039119,GS,5.0271,5.027170291178768,A,5.027170291178768,7.0,5.027842,-20.42568795724003
goods-s-mediumjwst_201260,1286,goods-s-mediumjwst,201260,201260,201260,2023-10-19,53.1258424,-27.8039285,GS,9.47773,9.47773,D,nan,nan,9.47773,-19.650890880172312
goods-s-mediumjwst_201295,1180,goods-s-mediumjwst,201295,201295,201295,2023-10-08,53.18665633882551,-27.803737843268607,GS,2.05266,1.987134421802639,A,1.987134421802639,8.0,1.990515,nan
goods-s-mediumjwst_201333,1286,goods-s-mediumjwst,201333,201333,201333,2023-10-19,53.1241744,-27.8035753,GS,2.57335,2.350209,C,nan,nan,2.350209,nan
goods-s-mediumjwst_201357,1180,goods-s-mediumjwst,201357,201357,201357,2023-10-08,53.19205464421213,-27.803620516893282,GS,2.51282,-1.0,E,nan,nan,nan,nan
goods-s-mediumjwst_201439,1286,goods-s-mediumjwst,201439,201439,201439,2023-12-17,53.1743431,-27.8033525,GS,3.40706,3.47477,D,nan,nan,3.47477,-18.00588273676912
goods-s-ultradeep_201530,3215,goods-s-ultradeep,201530,201530,201530,2023-10-16,53.1515008,-27.8030374,GS,1.72003,-1.0,E,nan,nan,nan,nan
goods-s-mediumjwst_201562,1180,goods-s-mediumjwst,201562,201562,201562,2023-10-08,53.19403736623125,-27.80293165129192,GS,6.53169,6.331869359310783,A,6.331869359310783,2.0,6.331456,-18.02050803459044
goods-s-mediumjwst_201708,1286,goods-s-mediumjwst,201708,201708,201708,2023-12-17,53.1861169,-27.8024408,GS,2.6638,2.8079271533460766,A,2.8079271533460766,2.0,2.823816,nan
goods-s-mediumjwst_201769,1180,goods-s-mediumjwst,201769,201769,201769,2023-10-08,53.19543947402921,-27.801897048984408,GS,2.27627,2.009237787361279,A,2.009237787361279,2.0,2.010394,nan
goods-s-mediumjwst_201815,1286,goods-s-mediumjwst,201815,201815,201815,2023-10-19,53.1358844,-27.8017525,GS,1.31175,1.1862276345088159,A,1.1862276345088159,2.0,1.165995,nan
goods-s-mediumjwst_201827,1286,goods-s-mediumjwst,201827,201827,201827,2023-12-17,53.1787383,-27.8017407,GS,2.96637,2.694414731755935,A,2.694414731755935,2.0,2.697958,nan
goods-s-ultradeep_201850,3215,goods-s-ultradeep,201850,201850,201850,2023-10-16,53.1484244,-27.8017491,GS,5.36012,6.11164,D,nan,nan,6.11164,-17.725151840177354
goods-s-mediumjwst_201867,1180,goods-s-mediumjwst,201867,201867,201867,2023-10-08,53.18816749762436,-27.801492592246934,GS,5.88164,5.630508969174154,A,5.630508969174154,1.0,5.630986,-18.282540928167265
goods-s-mediumjwst_201872,1286,goods-s-mediumjwst,201872,201872,201872,2023-10-19,53.1810803,-27.8015447,GS,1.18015,1.1376447226577238,A,1.1376447226577238,1.0,1.147121,nan
goods-s-ultradeep_201906,3215,goods-s-ultradeep,201906,201906,201906,2023-10-16,53.1456465,-27.8014988,GS,5.57447,5.517212,B,nan,nan,5.517212,-16.51564901611247
goods-s-ultradeep_201941,3215,goods-s-ultradeep,201941,201941,201941,2023-10-16,53.1608526,-27.8012121,GS,3.62184,3.599993940244275,A,3.599993940244275,3.0,3.607955,-18.242485752409056
goods-s-mediumjwst_202058,1286,goods-s-mediumjwst,202058,202058,202058,2023-10-19,53.1331226,-27.8009614,GS,2.57271,2.6131935294404998,A,2.6131935294404998,3.0,2.617475,nan
goods-s-mediumjwst_202071,1286,goods-s-mediumjwst,202071,202071,202071,2023-12-17,53.1875997,-27.8009643,GS,2.59701,2.6117002322953202,A,2.6117002322953202,1.0,2.612686,nan
goods-s-ultradeep_202185,3215,goods-s-ultradeep,202185,202185,202185,2023-10-16,53.1246641,-27.8007059,GS,1.84528,1.807142,B,nan,nan,1.807142,nan
goods-s-mediumjwst_202190,1286,goods-s-mediumjwst,202190,202190,202190,2023-10-19,53.1798454,-27.8006155,GS,1.78389,1.61317,C,nan,nan,1.61317,nan
goods-s-mediumjwst_202201,1286,goods-s-mediumjwst,202201,202201,202201,2023-10-19,53.1725464,-27.8006228,GS,1.21082,1.07218,D,nan,nan,1.07218,nan
goods-s-mediumjwst_202202,1286,goods-s-mediumjwst,202202,202202,202202,2023-12-17,53.1629904,-27.8005828,GS,1.36129,1.3411778372703502,A,1.3411778372703502,10.0,1.341445,nan
goods-s-ultradeep_202208,3215,goods-s-ultradeep,202208,202208,202208,2023-10-16,53.1640684,-27.7997202,GS,5.4436,5.446084231293382,A,5.446084231293382,4.0,5.445866,-19.858676666850734
goods-s-mediumjwst_202258,1286,goods-s-mediumjwst,202258,202258,202258,2023-10-19,53.1225345,-27.8002227,GS,2.52936,2.3468731867155217,A,2.3468731867155217,11.0,2.348537,nan
goods-s-mediumjwst_202446,1286,goods-s-mediumjwst,202446,202446,202446,2023-10-19,53.1313648,-27.799601,GS,2.59637,2.6159763546400137,A,2.6159763546400137,16.0,2.614127,nan
goods-s-ultradeep_202500,3215,goods-s-ultradeep,202500,202500,202500,2023-10-16,53.1610028,-27.7994734,GS,1.70944,1.999313,C,nan,nan,1.999313,nan
goods-s-ultradeep_202612,3215,goods-s-ultradeep,202612,202612,202612,2023-10-16,53.1514886,-27.7991114,GS,3.98062,4.02136,D,nan,nan,4.02136,-15.741857860511523
goods-s-mediumjwst_202630,1286,goods-s-mediumjwst,202630,202630,202630,2023-10-19,53.1455982,-27.798975,GS,2.2558,2.6261269261563776,A,2.6261269261563776,15.0,2.627884,nan
goods-s-mediumjwst_202662,1286,goods-s-mediumjwst,202662,202662,202662,2023-10-19,53.1439795,-27.7987435,GS,5.72001,5.557862181538537,A,5.557862181538537,2.0,5.556774,-18.507900138167958
goods-s-ultradeep_202753,3215,goods-s-ultradeep,202753,202753,202753,2023-10-16,53.1255609,-27.798575,GS,0.77869,0.7734422917117622,A,0.7734422917117622,3.0,0.774332,nan
goods-s-mediumjwst_202765,1286,goods-s-mediumjwst,202765,202765,202765,2023-12-17,53.1864325,-27.7981879,GS,1.48615,1.337443,C,nan,nan,1.337443,nan
goods-s-mediumjwst_202806,1286,goods-s-mediumjwst,202806,202806,202806,2023-10-19,53.1722782,-27.7984299,GS,3.73529,0.60621,C,nan,nan,0.60621,nan
goods-s-mediumjwst_202925,1286,goods-s-mediumjwst,202925,202925,202925,2023-10-19,53.1630216,-27.7977271,GS,2.40659,1.9985404844439405,A,1.9985404844439405,2.0,1.999699,nan
goods-s-mediumjwst_202932,1286,goods-s-mediumjwst,202932,202932,202932,2023-10-19,53.140986,-27.7979511,GS,2.64246,2.727995,B,nan,nan,2.727995,nan
goods-s-mediumjwst_202986,1286,goods-s-mediumjwst,202986,202986,202986,2023-12-17,53.1591273,-27.7974646,GS,2.49821,-1.0,E,nan,nan,nan,nan
goods-s-mediumjwst_203195,1286,goods-s-mediumjwst,203195,203195,203195,2023-12-17,53.1484178,-27.7969763,GS,1.86649,1.765146208171526,A,1.765146208171526,13.0,1.761614,nan
goods-s-mediumjwst_203232,1286,goods-s-mediumjwst,203232,203232,203232,2023-12-17,53.1765008,-27.7970556,GS,3.7136,3.595992533923379,A,3.595992533923379,2.0,3.596139,-17.22657671927565
goods-s-mediumjwst_203243,1286,goods-s-mediumjwst,203243,203243,203243,2023-12-17,53.1387734,-27.7968554,GS,-1.0,1.7684301161241036,A,1.7684301161241036,1.0,1.767,nan
goods-s-mediumjwst_203249,1286,goods-s-mediumjwst,203249,203249,203249,2023-12-17,53.1318809,-27.7968088,GS,1.44085,1.3154680594593935,A,1.3154680594593935,1.0,1.3156,nan
goods-s-mediumjwst_203286,1286,goods-s-mediumjwst,203286,203286,203286,2023-10-19,53.1770079,-27.7957742,GS,3.58893,3.593765714363446,A,3.593765714363446,3.0,3.59534,-18.141491272337998
goods-s-ultradeep_203369,3215,goods-s-ultradeep,203369,203369,203369,2023-10-16,53.1198161,-27.7962836,GS,2.73192,3.180899,C,nan,nan,3.180899,-11.191423519692798
goods-s-mediumjwst_203438,1286,goods-s-mediumjwst,203438,203438,203438,2023-10-19,53.1406158,-27.7956938,GS,1.94607,1.904883830931234,A,1.904883830931234,16.0,1.906022,nan
goods-s-mediumjwst_203542,1286,goods-s-mediumjwst,203542,203542,203542,2023-10-19,53.1689631,-27.7956197,GS,2.00598,1.9940847809328242,A,1.9940847809328242,2.0,1.990925,nan
goods-s-mediumjwst_203602,1286,goods-s-mediumjwst,203602,203602,203602,2023-10-19,53.1763518,-27.7952017,GS,2.56423,2.584122471991906,A,2.584122471991906,2.0,2.594179,nan
goods-s-mediumjwst_203761,1286,goods-s-mediumjwst,203761,203761,203761,2023-12-17,53.1353205,-27.7947238,GS,0.7408,-1.0,E,nan,nan,nan,nan
goods-s-mediumjwst_203768,1286,goods-s-mediumjwst,203768,203768,203768,2023-12-17,53.1752376,-27.7946717,GS,2.99427,2.9950328418900227,A,2.9950328418900227,10.0,2.995625,nan
goods-s-mediumjwst_203773,1286,goods-s-mediumjwst,203773,203773,203773,2023-12-17,53.1860375,-27.7947079,GS,2.49056,2.480113698647753,A,2.480113698647753,5.0,2.480235,nan
goods-s-mediumjwst_203798,1286,goods-s-mediumjwst,203798,203798,203798,2023-10-19,53.1692085,-27.7941334,GS,2.15785,2.25141,C,nan,nan,2.25141,nan
goods-s-mediumjwst_203924,1286,goods-s-mediumjwst,203924,203924,203924,2023-12-17,53.1468913,-27.793941,GS,2.55629,2.8036773177739174,A,2.8036773177739174,6.0,2.793323,nan
goods-s-mediumjwst_203973,1286,goods-s-mediumjwst,203973,203973,203973,2023-12-17,53.1650943,-27.793726,GS,2.33367,2.344975194131205,A,2.344975194131205,17.0,2.345849,nan
goods-s-mediumjwst_203978,1286,goods-s-mediumjwst,203978,203978,203978,2023-12-17,53.1560543,-27.7938197,GS,0.22451,-1.0,E,nan,nan,nan,nan
goods-s-mediumjwst_203994,1286,goods-s-mediumjwst,203994,203994,203994,2023-10-19,53.1758639,-27.7934669,GS,4.38492,4.044817902276462,A,4.044817902276462,4.0,4.041261,-19.90811501520264
goods-s-mediumjwst_204095,1286,goods-s-mediumjwst,204095,204095,204095,2023-10-19,53.131349,-27.793021,GS,3.57544,3.5482345504386705,A,3.5482345504386705,9.0,3.560182,-19.409591856461873
goods-s-mediumjwst_204123,1286,goods-s-mediumjwst,204123,204123,204123,2023-12-17,53.1610359,-27.7929786,GS,4.67936,4.746458775912036,A,4.746458775912036,7.0,4.743909,-18.954729737698443
goods-s-mediumjwst_204125,1286,goods-s-mediumjwst,204125,204125,204125,2023-12-17,53.1623641,-27.7927388,GS,0.59401,3.883049758915581,A,3.883049758915581,2.0,3.878391,-18.35622332756745
goods-s-mediumjwst_204150,1286,goods-s-mediumjwst,204150,204150,204150,2023-12-17,53.1756019,-27.7931481,GS,-1.0,2.9958594099713496,A,2.9958594099713496,1.0,2.994,nan
goods-s-mediumjwst_204193,1286,goods-s-mediumjwst,204193,204193,204193,2023-12-17,53.1679657,-27.7928028,GS,3.04997,2.843241820811594,A,2.843241820811594,9.0,2.840408,nan
goods-s-mediumjwst_204208,1286,goods-s-mediumjwst,204208,204208,204208,2023-12-17,53.1385212,-27.7928299,GS,2.04372,1.95981,C,nan,nan,1.95981,nan
goods-s-mediumjwst_204237,1286,goods-s-mediumjwst,204237,333722,-1,2023-12-17,53.1550392,-27.7904944,GS,2.47182,1.8494041188703294,A,1.8494041188703294,4.0,1.862013,nan
goods-s-mediumjwst_204488,1286,goods-s-mediumjwst,204488,204488,204488,2023-10-19,53.1725473,-27.7911746,GS,-1.0,1.426,C,nan,nan,1.426,nan
goods-s-mediumjwst_204508,1286,goods-s-mediumjwst,204508,4508,-1,2023-12-17,53.1573816,-27.7915325,GS,2.10882,2.06276,D,nan,nan,2.06276,nan
goods-s-mediumjwst_204518,1286,goods-s-mediumjwst,204518,204518,204518,2023-10-19,53.1256114,-27.7913106,GS,6.66534,-1.0,E,nan,nan,nan,nan
goods-s-mediumjwst_204552,1286,goods-s-mediumjwst,204552,204552,204552,2023-12-17,53.1912626,-27.7914115,GS,1.79333,1.79333,D,nan,nan,1.79333,nan
goods-s-mediumjwst_204601,1286,goods-s-mediumjwst,204601,204601,204601,2023-10-19,53.1338774,-27.7911761,GS,-1.0,0.96127,D,nan,nan,0.96127,nan
goods-s-mediumjwst_204615,1286,goods-s-mediumjwst,204615,204615,204615,2023-12-17,53.1467771,-27.7912015,GS,1.50499,1.425394389015324,A,1.425394389015324,3.0,1.434046,nan
goods-s-mediumjwst_204639,1286,goods-s-mediumjwst,204639,204639,204639,2023-12-17,53.1936961,-27.7909542,GS,0.53531,0.5219074455391908,A,0.5219074455391908,3.0,0.517841,nan
goods-s-mediumjwst_204747,1286,goods-s-mediumjwst,204747,204747,204747,2023-10-19,53.1709515,-27.7907371,GS,0.56745,-1.0,E,nan,nan,nan,nan
goods-s-mediumjwst_204833,1286,goods-s-mediumjwst,204833,204833,204833,2023-12-17,53.1907681,-27.7904138,GS,4.83168,4.786972582247866,A,4.786972582247866,8.0,4.779724,-18.763105027372053
goods-s-mediumjwst_204851,1286,goods-s-mediumjwst,204851,204851,204851,2023-10-19,53.1385932,-27.7902534,GS,5.4798,5.479698030363469,A,5.479698030363469,4.0,5.484538,-18.7003080583044
goods-s-mediumjwst_204903,1286,goods-s-mediumjwst,204903,4903,-1,2023-12-17,53.1846333,-27.790115,GS,3.52016,2.842298207064233,A,2.842298207064233,6.0,2.842653,nan
goods-s-mediumjwst_204931,1180,goods-s-mediumjwst,204931,204931,204931,2023-10-08,53.14358814915716,-27.789202943344208,GS,3.75449,0.691899,C,nan,nan,0.691899,nan
goods-s-mediumjwst_205178,1286,goods-s-mediumjwst,205178,205178,205178,2023-12-17,53.1843471,-27.7894444,GS,0.7919,0.7826846799212896,A,0.7826846799212896,1.0,0.78326,nan
goods-s-mediumjwst_205192,1286,goods-s-mediumjwst,205192,205192,205192,2023-10-19,53.1275245,-27.789336,GS,0.73148,-1.0,E,nan,nan,nan,nan
goods-s-mediumjwst_205375,1180,goods-s-mediumjwst,205375,205375,205375,2023-10-08,53.16117578575786,-27.787929985081323,GS,0.68533,0.65178,D,nan,nan,0.65178,nan
goods-s-mediumjwst_205390,1180,goods-s-mediumjwst,205390,205390,205390,2023-10-08,53.150351015098785,-27.788575280028684,GS,2.05339,-1.0,E,nan,nan,nan,nan
goods-s-mediumjwst_205520,1286,goods-s-mediumjwst,205520,205520,205520,2023-12-17,53.1692113,-27.7881556,GS,2.46977,-1.0,E,nan,nan,nan,nan
goods-s-mediumjwst_205577,1286,goods-s-mediumjwst,205577,205577,205577,2023-12-17,53.183182,-27.7878706,GS,1.59013,1.6114760587860761,A,1.6114760587860761,4.0,1.601508,nan
goods-s-mediumjwst_205598,1286,goods-s-mediumjwst,205598,205598,205598,2023-12-17,53.1482296,-27.7875638,GS,1.94291,1.8838510010828555,A,1.8838510010828555,3.0,1.895042,nan
goods-s-mediumjwst_205608,1286,goods-s-mediumjwst,205608,205608,205608,2023-12-17,53.1540288,-27.7877782,GS,2.11011,1.7676562460132803,A,1.7676562460132803,4.0,1.761928,nan
goods-s-mediumjwst_205756,1286,goods-s-mediumjwst,205756,205756,205756,2023-12-17,53.1952418,-27.7872326,GS,1.61474,1.5493698684159567,A,1.5493698684159567,4.0,1.549742,nan
goods-s-mediumjwst_205802,1286,goods-s-mediumjwst,205802,205802,205802,2023-12-17,53.1845567,-27.7870404,GS,4.43791,4.357955292202118,A,4.357955292202118,4.0,4.358333,-19.961155801876195
goods-s-mediumjwst_205913,1180,goods-s-mediumjwst,205913,205913,205913,2023-10-08,53.160490429938285,-27.786370313672876,GS,1.01462,0.9798645807420121,A,0.9798645807420121,7.0,0.977291,nan
goods-s-mediumjwst_205990,1286,goods-s-mediumjwst,205990,205990,205990,2023-10-19,53.138291,-27.7865048,GS,1.86762,-1.0,E,nan,nan,nan,nan
goods-s-mediumjwst_206035,1180,goods-s-mediumjwst,206035,206035,206035,2023-10-08,53.158172130640175,-27.786476262413768,GS,4.76655,4.772051946697889,A,4.772051946697889,8.0,4.774274,-20.19877113233973
goods-s-mediumjwst_206039,1286,goods-s-mediumjwst,206039,206039,206039,2023-10-19,53.1358317,-27.7865393,GS,2.03144,2.659195814563079,A,2.659195814563079,4.0,2.666391,nan
goods-s-mediumjwst_206126,1286,goods-s-mediumjwst,206126,206126,206126,2023-12-17,53.1368437,-27.7861933,GS,3.02213,2.870856,B,nan,nan,2.870856,nan
goods-s-mediumjwst_206146,1180,goods-s-mediumjwst,206146,206146,206146,2023-10-08,53.146668625886456,-27.7862105684143,GS,5.62008,5.521248052679372,A,5.521248052679372,2.0,5.520235,-19.58309130197179
goods-s-mediumjwst_206516,1286,goods-s-mediumjwst,206516,206516,206516,2023-12-17,53.2063092,-27.7844586,GS,2.91859,2.783202817152983,A,2.783202817152983,3.0,2.778602,nan
goods-s-mediumjwst_206563,1286,goods-s-mediumjwst,206563,206563,206563,2023-12-17,53.1385914,-27.7852298,GS,2.44613,2.254299380000542,A,2.254299380000542,4.0,2.256688,nan
goods-s-mediumjwst_206632,1286,goods-s-mediumjwst,206632,206632,206632,2023-12-17,53.1537053,-27.7850144,GS,2.49176,2.568238943844071,A,2.568238943844071,3.0,2.564566,nan
goods-s-mediumjwst_206661,1180,goods-s-mediumjwst,206661,206661,206661,2023-10-08,53.1657032886145,-27.784939855263463,GS,5.55706,5.469208390554576,A,5.469208390554576,2.0,5.473373,-16.878140769648432
goods-s-mediumjwst_206738,1286,goods-s-mediumjwst,206738,403721,-1,2023-12-17,53.191942,-27.784553,GS,1.77284,1.544997646584018,A,1.544997646584018,3.0,1.523742,nan
goods-s-mediumjwst_206812,1286,goods-s-mediumjwst,206812,206812,206812,2023-12-17,53.1385667,-27.7846467,GS,1.18873,1.0991848053827789,A,1.0991848053827789,4.0,1.102182,nan
goods-s-mediumjwst_206868,1180,goods-s-mediumjwst,206868,206868,206868,2023-10-08,53.17980563074187,-27.784342666056318,GS,0.66076,-1.0,E,nan,nan,nan,nan
goods-s-mediumjwst_207057,1286,goods-s-mediumjwst,207057,207057,207057,2023-12-17,53.1842074,-27.7835944,GS,2.10333,2.102224,B,nan,nan,2.102224,nan
goods-s-mediumjwst_207067,1180,goods-s-mediumjwst,207067,207067,207067,2023-10-08,53.182602667613104,-27.783502106610445,GS,2.23918,2.0691635648299433,A,2.0691635648299433,4.0,2.068468,nan
goods-s-mediumjwst_207234,1180,goods-s-mediumjwst,207234,207234,207234,2023-10-08,53.152801127375405,-27.78277129055682,GS,0.80716,0.7654690281069019,A,0.7654690281069019,8.0,0.770384,nan
goods-s-mediumjwst_207382,1286,goods-s-mediumjwst,207382,207382,207382,2023-12-17,53.210352,-27.7822653,GS,6.82307,6.774670493215945,A,6.774670493215945,4.0,6.772388,-19.914552180499037
goods-s-mediumjwst_207421,1180,goods-s-mediumjwst,207421,207421,207421,2023-10-08,53.152026282834065,-27.781863928573514,GS,1.85019,1.767185109542778,A,1.767185109542778,5.0,1.777186,nan
goods-s-mediumjwst_207709,1180,goods-s-mediumjwst,207709,207709,207709,2023-10-08,53.15353043586535,-27.780973313994238,GS,1.84991,1.852067039296708,A,1.852067039296708,2.0,1.854614,nan
goods-s-mediumjwst_207790,1286,goods-s-mediumjwst,207790,207790,207790,2023-12-17,53.1296337,-27.7806414,GS,1.5503,1.41184,D,nan,nan,1.41184,nan
goods-s-mediumjwst_207796,1286,goods-s-mediumjwst,207796,207796,207796,2023-12-17,53.1284872,-27.7802287,GS,1.21761,1.172753,B,nan,nan,1.172753,nan
goods-s-mediumjwst_207846,1180,goods-s-mediumjwst,207846,207846,207846,2023-10-08,53.15110014893139,-27.78080969947129,GS,1.86184,1.86184,D,nan,nan,1.86184,nan
goods-s-mediumjwst_207952,1180,goods-s-mediumjwst,207952,207952,207952,2023-10-08,53.20030847723411,-27.780440179585106,GS,4.46065,4.232351962117386,A,4.232351962117386,2.0,4.236976,-18.98717416423989
goods-s-mediumjwst_207963,1286,goods-s-mediumjwst,207963,207963,207963,2023-12-17,53.1959263,-27.7802545,GS,3.083,2.8470506418184063,A,2.8470506418184063,7.0,2.841417,nan
goods-s-mediumjwst_207973,1286,goods-s-mediumjwst,207973,207973,207973,2023-12-17,53.1554551,-27.7802976,GS,3.76232,3.9394095508261273,A,3.9394095508261273,2.0,3.935229,-18.04356268655375
goods-s-mediumjwst_208105,1180,goods-s-mediumjwst,208105,208105,208105,2023-10-08,53.1545443662768,-27.779796403712453,GS,1.9177,1.8507494161355638,A,1.8507494161355638,2.0,1.855095,nan
goods-s-mediumjwst_208134,1180,goods-s-mediumjwst,208134,208134,208134,2023-10-08,53.15565744305125,-27.779364840002316,GS,1.86732,1.8467979935239545,A,1.8467979935239545,11.0,1.856196,nan
goods-s-mediumjwst_208267,1180,goods-s-mediumjwst,208267,208267,208267,2023-10-08,53.14452363872513,-27.77910699827299,GS,2.45229,1.553016722464391,A,1.553016722464391,13.0,1.557535,nan
goods-s-mediumjwst_208272,1180,goods-s-mediumjwst,208272,334033,-1,2023-10-08,53.14534922490785,-27.77890518446165,GS,3.38438,-1.0,E,nan,nan,nan,nan
goods-s-mediumjwst_208300,1180,goods-s-mediumjwst,208300,208300,208300,2023-10-08,53.19874302329355,-27.778980857505896,GS,4.56443,4.41126013925423,A,4.41126013925423,4.0,4.408441,-19.767225438067026
goods-s-mediumjwst_208306,1286,goods-s-mediumjwst,208306,208306,208306,2023-12-17,53.1929621,-27.7793067,GS,1.44934,1.34012,D,nan,nan,1.34012,nan
goods-s-mediumjwst_208482,1286,goods-s-mediumjwst,208482,208482,208482,2023-12-17,53.1574191,-27.778819,GS,1.39797,1.3065423169913184,A,1.3065423169913184,3.0,1.302315,nan
goods-s-ultradeep_208643,3215,goods-s-ultradeep,208643,208643,208643,2023-10-16,53.1302119,-27.7783598,GS,5.5648,5.562818800837217,A,5.562818800837217,2.0,5.562969,-17.95417126183996
goods-s-mediumjwst_208677,1286,goods-s-mediumjwst,208677,208677,208677,2023-12-17,53.1541169,-27.7783821,GS,3.25605,3.75605,D,nan,nan,3.75605,-17.55069872150428
goods-s-mediumjwst_208757,1180,goods-s-mediumjwst,208757,208757,208757,2023-10-08,53.14749919311807,-27.777715843261294,GS,2.24127,1.639829,C,nan,nan,1.639829,nan
goods-s-ultradeep_208909,3215,goods-s-ultradeep,208909,208909,208909,2023-10-16,53.1573249,-27.7774858,GS,2.61139,2.8216311216020245,A,2.8216311216020245,2.0,2.823436,nan
goods-s-ultradeep_208918,3215,goods-s-ultradeep,208918,208918,208918,2023-10-16,53.1701204,-27.7774434,GS,4.67686,4.699100579367547,A,4.699100579367547,1.0,4.697619,-16.93143395023207
goods-s-ultradeep_208966,3215,goods-s-ultradeep,208966,208966,208966,2023-10-16,53.1762198,-27.7772539,GS,1.59314,1.5710018272878234,A,1.5710018272878234,3.0,1.56783,nan
goods-s-mediumjwst_209030,1180,goods-s-mediumjwst,209030,209030,209030,2023-10-08,53.18338168349704,-27.776214669214376,GS,1.5627,1.551027,B,nan,nan,1.551027,nan
goods-s-ultradeep_209051,3215,goods-s-ultradeep,209051,209051,209051,2023-10-16,53.1595933,-27.7767917,GS,3.37551,3.4346853417228704,A,3.4346853417228704,6.0,3.434868,-19.274541091180005
goods-s-mediumjwst_209105,1286,goods-s-mediumjwst,209105,209105,209105,2023-12-17,53.1574813,-27.7765247,GS,0.80953,0.8327209059084184,A,0.8327209059084184,1.0,0.83302,nan
goods-s-mediumjwst_209108,1180,goods-s-mediumjwst,209108,209108,209108,2023-10-08,53.181064673563284,-27.776248441821593,GS,0.64284,0.6668633687870545,A,0.6668633687870545,9.0,0.664831,nan
goods-s-mediumjwst_209111,1286,goods-s-mediumjwst,209111,209111,209111,2023-12-17,53.1810137,-27.7757212,GS,6.6554,6.273691006494353,A,6.273691006494353,2.0,6.271344,-17.606031082582458
goods-s-mediumjwst_209136,1286,goods-s-mediumjwst,209136,209136,209136,2023-12-17,53.1596065,-27.7746405,GS,1.84886,1.7543302473433942,A,1.7543302473433942,8.0,1.758571,nan
goods-s-mediumjwst_209141,1180,goods-s-mediumjwst,209141,209141,209141,2023-10-08,53.18276264233446,-27.77662095582314,GS,1.80863,-1.0,E,nan,nan,nan,nan
goods-s-ultradeep_209217,3215,goods-s-ultradeep,209217,334146,-1,2023-10-16,53.1676952,-27.7761043,GS,1.76805,1.71591,C,nan,nan,1.71591,nan
goods-s-mediumjwst_209277,1180,goods-s-mediumjwst,209277,209277,209277,2023-10-08,53.156182102948684,-27.77575836029621,GS,6.56946,6.101307475750563,A,6.101307475750563,4.0,6.103892,-18.985860771608134
goods-s-mediumjwst_209357,1286,goods-s-mediumjwst,209357,209357,209357,2023-12-17,53.1708955,-27.7754548,GS,2.454,2.4537210623179497,A,2.4537210623179497,10.0,2.460111,nan
goods-s-ultradeep_209510,3215,goods-s-ultradeep,209510,209510,209510,2023-10-16,53.1263722,-27.7752091,GS,1.27247,1.21753,D,nan,nan,1.21753,nan
goods-s-mediumjwst_209777,1180,goods-s-mediumjwst,209777,209777,209777,2023-10-08,53.158470915597974,-27.77404606376983,GS,3.71062,3.707499001209831,A,3.707499001209831,13.0,3.711534,-18.069134512632772
goods-s-mediumjwst_209839,1286,goods-s-mediumjwst,209839,209839,209839,2023-12-17,53.1808611,-27.7742018,GS,4.61701,4.466520245759316,A,4.466520245759316,4.0,4.469764,-19.216182849239587
goods-s-ultradeep_209979,3215,goods-s-ultradeep,209979,209979,209979,2023-10-16,53.1735488,-27.7737614,GS,1.96726,1.882311409272265,A,1.882311409272265,9.0,1.886773,nan
goods-s-ultradeep_210003,3215,goods-s-ultradeep,210003,210003,210003,2023-10-16,53.1318406,-27.7737739,GS,5.7769,5.778092000053711,A,5.778092000053711,6.0,5.780643,-18.52481735793968
goods-s-mediumjwst_210124,1286,goods-s-mediumjwst,210124,210124,210124,2023-12-17,53.1885643,-27.7733295,GS,2.64239,2.6879338651752502,A,2.6879338651752502,1.0,2.690813,nan
goods-s-mediumjwst_210183,1286,goods-s-mediumjwst,210183,210183,210183,2023-12-17,53.1742982,-27.772846,GS,2.25923,2.29132,C,nan,nan,2.29132,nan
goods-s-ultradeep_210195,3215,goods-s-ultradeep,210195,210195,210195,2023-10-16,53.1729053,-27.7731797,GS,2.83223,2.810955646416735,A,2.810955646416735,1.0,2.818271,nan
goods-s-mediumjwst_210231,1286,goods-s-mediumjwst,210231,210231,210231,2023-12-17,53.1877771,-27.7723055,GS,2.58455,2.692171165061639,A,2.692171165061639,9.0,2.686928,nan
goods-s-mediumjwst_210232,1180,goods-s-mediumjwst,210232,210232,210232,2023-10-08,53.187825828871695,-27.77220158908399,GS,2.65858,2.712829000942544,A,2.712829000942544,2.0,2.704813,nan
goods-s-mediumjwst_210262,1180,goods-s-mediumjwst,210262,210262,210262,2023-10-08,53.195942698565844,-27.772756883422712,GS,2.83189,2.819251294645847,A,2.819251294645847,9.0,2.814572,nan
goods-s-mediumjwst_210343,1180,goods-s-mediumjwst,210343,210343,210343,2023-10-08,53.197367743476825,-27.772098481657647,GS,2.89679,2.811547885813706,A,2.811547885813706,8.0,2.81486,nan
goods-s-mediumjwst_210600,1286,goods-s-mediumjwst,210600,210600,210600,2023-12-17,53.1661147,-27.7720397,GS,6.31932,6.305483792658336,A,6.305483792658336,7.0,6.309387,-18.289885195828813
goods-s-mediumjwst_210656,1286,goods-s-mediumjwst,210656,210656,210656,2023-12-17,53.171324,-27.7717694,GS,1.59053,1.571273013901991,A,1.571273013901991,9.0,1.570918,nan
goods-s-mediumjwst_210751,1286,goods-s-mediumjwst,210751,210751,210751,2023-12-17,53.1880703,-27.7715911,GS,3.40203,3.4218727149363692,A,3.4218727149363692,6.0,3.41968,-19.50496161542572
goods-s-mediumjwst_210944,1180,goods-s-mediumjwst,210944,210944,210944,2023-10-08,53.20418864012593,-27.771011756126207,GS,2.37798,-1.0,E,nan,nan,nan,nan
goods-s-mediumjwst_211014,1180,goods-s-mediumjwst,211014,211014,211014,2023-10-08,53.19493176317434,-27.770819645465195,GS,3.51207,3.6687797243968525,A,3.6687797243968525,2.0,3.664666,-17.55468738486857
goods-s-ultradeep_211031,3215,goods-s-ultradeep,211031,211031,211031,2023-10-16,53.1288482,-27.7708375,GS,1.92027,2.3031989237961303,A,2.3031989237961303,1.0,2.295656,nan
goods-s-mediumjwst_211198,1286,goods-s-mediumjwst,211198,211198,211198,2023-12-17,53.1559611,-27.7701549,GS,2.47073,1.118697,C,nan,nan,1.118697,nan
goods-s-ultradeep_211233,3215,goods-s-ultradeep,211233,211233,211233,2023-10-16,53.1629704,-27.7705211,GS,3.47975,3.496338015292961,A,3.496338015292961,1.0,3.500607,-17.21904129859672
goods-s-mediumjwst_211240,1286,goods-s-mediumjwst,211240,211240,211240,2023-12-17,53.1611527,-27.7704032,GS,-1.0,1.037,C,nan,nan,1.037,nan
goods-s-ultradeep_211329,3215,goods-s-ultradeep,211329,211329,211329,2023-10-16,53.1647777,-27.77026,GS,7.02339,7.07606,D,nan,nan,7.07606,-17.56043320633439
goods-s-ultradeep_211579,3215,goods-s-ultradeep,211579,211579,211579,2023-10-16,53.1238328,-27.7696878,GS,3.73467,3.7300739434384997,A,3.7300739434384997,10.0,3.731969,-19.561430274981372
goods-s-mediumjwst_211970,1286,goods-s-mediumjwst,211970,211970,211970,2023-12-17,53.1699441,-27.7682521,GS,3.26254,3.4317602595841,A,3.4317602595841,3.0,3.430919,nan
goods-s-ultradeep_212041,3215,goods-s-ultradeep,212041,212041,212041,2023-10-16,53.1619301,-27.7682743,GS,1.56703,1.861959,C,nan,nan,1.861959,nan
goods-s-mediumjwst_212272,1286,goods-s-mediumjwst,212272,212272,212272,2023-12-17,53.1926122,-27.7675383,GS,1.47593,-1.0,E,nan,nan,nan,nan
goods-s-mediumjwst_212399,1286,goods-s-mediumjwst,212399,212399,212399,2023-12-17,53.2144748,-27.7672503,GS,1.87915,1.7059138632752169,A,1.7059138632752169,2.0,1.691706,nan
goods-s-ultradeep_212506,3215,goods-s-ultradeep,212506,212506,212506,2023-10-16,53.1558422,-27.7667174,GS,5.3481,5.350000057204344,A,5.350000057204344,5.0,5.346914,-18.49766113026443
goods-s-mediumjwst_212628,1286,goods-s-mediumjwst,212628,212628,212628,2023-12-17,53.1531415,-27.7662852,GS,5.00359,4.927266,B,nan,nan,4.927266,-18.79309002901382
goods-s-mediumjwst_212631,1286,goods-s-mediumjwst,212631,212631,212631,2023-12-17,53.1532817,-27.7660606,GS,3.57789,-1.0,E,nan,nan,nan,nan
goods-s-mediumjwst_212880,1286,goods-s-mediumjwst,212880,212880,212880,2023-12-17,53.175455,-27.7655407,GS,3.51052,-1.0,E,nan,nan,nan,nan
goods-s-mediumjwst_213043,1286,goods-s-mediumjwst,213043,213043,213043,2023-12-17,53.2075913,-27.7650507,GS,3.13817,3.0313232798832708,A,3.0313232798832708,13.0,3.03258,-19.11197973096
goods-s-ultradeep_213130,3215,goods-s-ultradeep,213130,213130,213130,2023-10-16,53.1580278,-27.7647697,GS,2.59143,-1.0,E,nan,nan,nan,nan
goods-s-mediumjwst_213156,1286,goods-s-mediumjwst,213156,213156,213156,2023-12-17,53.144301,-27.7647074,GS,0.54789,-1.0,E,nan,nan,nan,nan
goods-s-mediumjwst_213432,1286,goods-s-mediumjwst,213432,213432,213432,2023-12-17,53.1336655,-27.7633548,GS,1.72561,1.7556311042050823,A,1.7556311042050823,4.0,1.745006,nan
goods-s-mediumjwst_213489,1286,goods-s-mediumjwst,213489,3489,-1,2023-12-17,53.1653377,-27.7630637,GS,2.15442,2.190239743921692,A,2.190239743921692,3.0,2.184762,nan
goods-s-mediumjwst_213621,1286,goods-s-mediumjwst,213621,213621,213621,2023-12-17,53.1514838,-27.7610561,GS,0.703,-1.0,E,nan,nan,nan,nan
goods-s-mediumjwst_213754,1286,goods-s-mediumjwst,213754,213754,213754,2023-12-17,53.1459127,-27.7623187,GS,1.32632,-1.0,E,nan,nan,nan,nan
goods-s-mediumjwst_213780,1286,goods-s-mediumjwst,213780,213780,213780,2023-12-17,53.1470582,-27.7620285,GS,2.39114,-1.0,E,nan,nan,nan,nan
goods-s-mediumjwst_213866,1286,goods-s-mediumjwst,213866,213866,213866,2023-12-17,53.1758924,-27.7619048,GS,3.49938,3.69218,D,nan,nan,3.69218,nan
goods-s-mediumjwst_213881,1286,goods-s-mediumjwst,213881,213881,213881,2023-12-17,53.2101565,-27.7618408,GS,2.22599,2.1887575071407044,A,2.1887575071407044,4.0,2.189241,nan
goods-s-mediumjwst_213984,1286,goods-s-mediumjwst,213984,213984,213984,2023-12-17,53.2176833,-27.7610458,GS,1.73814,1.52074,D,nan,nan,1.52074,nan
goods-s-mediumjwst_214038,1286,goods-s-mediumjwst,214038,214038,214038,2023-12-17,53.1593748,-27.760835,GS,3.22205,3.331108,C,nan,nan,3.331108,-16.84809380008201
goods-s-mediumjwst_214121,1286,goods-s-mediumjwst,214121,214121,214121,2023-12-17,53.2062373,-27.7602694,GS,1.60705,1.610862,C,nan,nan,1.610862,nan
goods-s-mediumjwst_214123,1286,goods-s-mediumjwst,214123,214123,214123,2023-12-17,53.2062389,-27.7595736,GS,1.62979,1.6079586747303691,A,1.6079586747303691,13.0,1.60671,nan
goods-s-mediumjwst_214188,1286,goods-s-mediumjwst,214188,214188,214188,2023-12-17,53.2105411,-27.7601238,GS,2.4658,2.337922216545299,A,2.337922216545299,4.0,2.345223,nan
goods-s-mediumjwst_214331,1286,goods-s-mediumjwst,214331,214331,214331,2023-12-17,53.1437033,-27.7597073,GS,2.47518,2.4524115034489045,A,2.4524115034489045,8.0,2.446391,nan
goods-s-mediumjwst_214335,1286,goods-s-mediumjwst,214335,214335,214335,2023-12-17,53.176217,-27.7597367,GS,2.97003,-1.0,E,nan,nan,nan,nan
goods-s-mediumjwst_214435,1286,goods-s-mediumjwst,214435,214435,214435,2023-12-17,53.2041789,-27.7587434,GS,2.29882,1.9981816493768763,A,1.9981816493768763,5.0,2.00523,nan
goods-s-mediumjwst_214467,1286,goods-s-mediumjwst,214467,214467,214467,2023-12-17,53.1565497,-27.7591308,GS,2.36603,2.3139309534216457,A,2.3139309534216457,4.0,2.313867,nan
goods-s-mediumjwst_214593,1286,goods-s-mediumjwst,214593,214593,214593,2023-12-17,53.1760424,-27.758534,GS,3.00882,2.986106,C,nan,nan,2.986106,nan
goods-s-mediumjwst_214632,1286,goods-s-mediumjwst,214632,214632,214632,2023-12-17,53.1436367,-27.758251,GS,4.94004,4.927834,B,nan,nan,4.927834,-20.03986403940408
goods-s-mediumjwst_214647,1286,goods-s-mediumjwst,214647,214647,214647,2023-12-17,53.1550531,-27.7581977,GS,1.05083,-1.0,E,nan,nan,nan,nan
goods-s-mediumjwst_214697,1286,goods-s-mediumjwst,214697,214697,214697,2023-12-17,53.175651,-27.7580058,GS,1.91199,1.8644218123396519,A,1.8644218123396519,9.0,1.87348,nan
goods-s-mediumjwst_214738,1286,goods-s-mediumjwst,214738,214738,214738,2023-12-17,53.1532444,-27.7576388,GS,2.49842,2.580528,C,nan,nan,2.580528,nan
goods-s-mediumjwst_214859,1286,goods-s-mediumjwst,214859,214859,214859,2023-12-17,53.1734939,-27.7572264,GS,1.61458,1.6131081373420257,A,1.6131081373420257,8.0,1.618733,nan
goods-s-mediumjwst_214872,1286,goods-s-mediumjwst,214872,214872,214872,2023-12-17,53.1403586,-27.7572585,GS,1.59587,1.5515617306661817,A,1.5515617306661817,7.0,1.553556,nan
goods-s-mediumjwst_214998,1286,goods-s-mediumjwst,214998,214998,214998,2023-12-17,53.1978629,-27.7569414,GS,2.12135,2.122264,B,nan,nan,2.122264,nan
goods-s-mediumjwst_215262,1286,goods-s-mediumjwst,215262,215262,215262,2023-12-17,53.1410189,-27.755119,GS,2.06902,2.130909159554057,A,2.130909159554057,14.0,2.137011,nan
goods-s-mediumjwst_215268,1286,goods-s-mediumjwst,215268,215268,215268,2023-12-17,53.2162136,-27.7560223,GS,1.61418,1.61418,C,nan,nan,1.61418,nan
goods-s-mediumjwst_215280,1286,goods-s-mediumjwst,215280,215280,215280,2023-12-17,53.1740207,-27.7561203,GS,0.69414,-1.0,E,nan,nan,nan,nan
goods-s-mediumjwst_215308,1286,goods-s-mediumjwst,215308,215308,215308,2023-12-17,53.1718494,-27.7557277,GS,1.36261,1.1757174569895947,A,1.1757174569895947,2.0,1.183209,nan
goods-s-mediumjwst_215344,1286,goods-s-mediumjwst,215344,215344,215344,2023-12-17,53.1873009,-27.7558991,GS,2.06296,2.131747351071472,A,2.131747351071472,1.0,2.137117,nan
goods-s-mediumjwst_215560,1286,goods-s-mediumjwst,215560,215560,215560,2023-12-17,53.180685,-27.7550765,GS,1.83056,2.187275455067623,A,2.187275455067623,2.0,2.19202,nan
goods-s-mediumjwst_215644,1286,goods-s-mediumjwst,215644,215644,215644,2023-12-17,53.214184,-27.7539642,GS,1.64463,1.6645823220700615,A,1.6645823220700615,1.0,1.649735,nan
goods-s-mediumjwst_215696,1286,goods-s-mediumjwst,215696,215696,215696,2023-12-17,53.1664972,-27.7545047,GS,0.29231,-1.0,E,nan,nan,nan,nan
goods-s-mediumjwst_215721,1286,goods-s-mediumjwst,215721,215721,215721,2023-12-17,53.2171086,-27.7540262,GS,1.59897,1.6135738371780388,A,1.6135738371780388,10.0,1.6148,nan
goods-s-mediumjwst_215782,1286,goods-s-mediumjwst,215782,215782,215782,2023-12-17,53.1407701,-27.754301,GS,5.90985,5.542353750021887,A,5.542353750021887,2.0,5.545282,-18.493778368837134
goods-s-mediumjwst_215808,1286,goods-s-mediumjwst,215808,215808,215808,2023-12-17,53.1677306,-27.7542484,GS,2.28524,1.89815,C,nan,nan,1.89815,nan
goods-s-mediumjwst_215835,1286,goods-s-mediumjwst,215835,215835,215835,2023-12-17,53.1714026,-27.7541632,GS,2.27659,2.1359540995254997,A,2.1359540995254997,2.0,2.140183,nan
goods-s-mediumjwst_215895,1286,goods-s-mediumjwst,215895,215895,215895,2023-12-17,53.2113279,-27.7538564,GS,6.30748,-1.0,E,nan,nan,nan,nan
goods-s-mediumjwst_216063,1286,goods-s-mediumjwst,216063,216063,216063,2023-12-17,53.1868337,-27.7526829,GS,2.31482,2.299961503698638,A,2.299961503698638,4.0,2.300385,nan
goods-s-mediumjwst_216140,1286,goods-s-mediumjwst,216140,216140,216140,2023-12-17,53.206466,-27.7532577,GS,2.4061,2.1021099417869964,A,2.1021099417869964,3.0,2.096151,nan
goods-s-mediumjwst_216220,1286,goods-s-mediumjwst,216220,216220,216220,2023-12-17,53.2146301,-27.7527223,GS,2.43337,2.404719,B,nan,nan,2.404719,nan
goods-s-mediumjwst_216535,1286,goods-s-mediumjwst,216535,216535,216535,2023-12-17,53.2095055,-27.7515265,GS,3.56105,3.60165296621384,A,3.60165296621384,5.0,3.60203,-18.932500935565873
goods-s-mediumjwst_216543,1286,goods-s-mediumjwst,216543,216543,216543,2023-12-17,53.1760271,-27.751564,GS,4.12827,4.123891024018529,A,4.123891024018529,4.0,4.123469,-17.910548777176228
goods-s-mediumjwst_216593,1286,goods-s-mediumjwst,216593,216593,216593,2023-12-17,53.1865739,-27.7512287,GS,3.70458,4.110405305280144,A,4.110405305280144,2.0,4.110409,-16.30728938940009
goods-s-mediumjwst_216724,1286,goods-s-mediumjwst,216724,216724,216724,2023-12-17,53.1950818,-27.7507682,GS,-1.0,5.38417,D,nan,nan,5.38417,-17.813363686901933
goods-s-mediumjwst_216745,1286,goods-s-mediumjwst,216745,216745,216745,2023-12-17,53.2068028,-27.7504102,GS,1.62668,1.6645444184743337,A,1.6645444184743337,2.0,1.672816,nan
goods-s-mediumjwst_216808,1286,goods-s-mediumjwst,216808,216808,216808,2023-12-17,53.2105116,-27.7502986,GS,3.85278,3.603472649232427,A,3.603472649232427,15.0,3.608849,-20.727685289128992
goods-s-mediumjwst_216958,1286,goods-s-mediumjwst,216958,216958,216958,2023-12-17,53.2023136,-27.7496063,GS,1.71072,1.659516718775794,A,1.659516718775794,2.0,1.65926,nan
goods-s-mediumjwst_217181,1286,goods-s-mediumjwst,217181,217181,217181,2023-12-17,53.1985377,-27.7486049,GS,0.23893,-1.0,E,nan,nan,nan,nan
goods-s-mediumjwst_217250,1286,goods-s-mediumjwst,217250,217250,217250,2023-12-17,53.1857489,-27.7481793,GS,1.90789,1.7626561959350304,A,1.7626561959350304,6.0,1.760411,nan
goods-s-mediumjwst_217401,1286,goods-s-mediumjwst,217401,217401,217401,2023-12-17,53.1707628,-27.747354,GS,1.64649,1.61341098420126,A,1.61341098420126,4.0,1.618417,nan
goods-s-mediumjwst_217531,1286,goods-s-mediumjwst,217531,217531,217531,2023-12-17,53.1668562,-27.7466664,GS,1.98925,-1.0,E,nan,nan,nan,nan
goods-s-mediumjwst_217661,1286,goods-s-mediumjwst,217661,217661,217661,2023-12-17,53.1780838,-27.7457609,GS,3.21373,3.21373,D,nan,nan,3.21373,-16.624023478863563
goods-s-mediumjwst_217704,1286,goods-s-mediumjwst,217704,217704,217704,2023-12-17,53.1725892,-27.7439283,GS,7.19782,7.566819592877766,A,7.566819592877766,5.0,7.571382,-20.8035877399294
goods-s-mediumjwst_218477,1286,goods-s-mediumjwst,218477,218477,218477,2023-12-17,53.1688835,-27.7409268,GS,1.59884,1.5989838672664884,A,1.5989838672664884,6.0,1.600634,nan
goods-s-mediumjwst_218548,1286,goods-s-mediumjwst,218548,218548,218548,2023-12-17,53.1678213,-27.7405785,GS,3.47779,3.675685,C,nan,nan,3.675685,-17.414735046867317
goods-s-mediumjwst_218770,1286,goods-s-mediumjwst,218770,218770,218770,2023-12-17,53.1672654,-27.7378362,GS,2.95353,5.130169272108961,A,5.130169272108961,2.0,5.137736,-16.446387446766195
goods-s-mediumjwst_218777,1286,goods-s-mediumjwst,218777,218777,218777,2023-12-17,53.1810402,-27.7394466,GS,1.75334,1.5827163109130766,A,1.5827163109130766,2.0,1.59145,nan
goods-s-mediumjwst_220190,1286,goods-s-mediumjwst,220190,0,220190,2023-12-11,53.073773,-27.9107258,GS,0.94138,-1.0,E,nan,nan,nan,nan
goods-s-deepjwst_221345,1287,goods-s-deepjwst,221345,221345,221345,2024-01-10,53.0820919,-27.8935633,GS,4.3734,-1.0,E,nan,nan,nan,nan
goods-s-mediumjwst_221594,1286,goods-s-mediumjwst,221594,221594,221594,2023-12-11,53.0846471,-27.8908461,GS,1.90875,2.2955,C,nan,nan,2.2955,nan
goods-s-mediumjwst_225123,1286,goods-s-mediumjwst,225123,225123,225123,2023-10-19,53.1766965,-27.8503888,GS,1.41,1.5757941752115407,A,1.5757941752115407,7.0,1.561341,nan
goods-s-mediumjwst_225239,1286,goods-s-mediumjwst,225239,225239,225239,2023-10-19,53.1652171,-27.8492876,GS,1.697,1.72395,C,nan,nan,1.72395,nan
goods-s-mediumjwst_225349,1286,goods-s-mediumjwst,225349,225349,225349,2023-10-19,53.1690797,-27.8480739,GS,0.105,2.7853300773391974,A,2.7853300773391974,8.0,2.774818,nan
goods-s-deepjwst_225384,1287,goods-s-deepjwst,225384,225384,-1,2024-01-10,53.0877472,-27.8477905,GS,4.37149,-1.0,E,nan,nan,nan,nan
goods-s-mediumjwst_225471,1286,goods-s-mediumjwst,225471,225471,225471,2023-10-19,53.1755663,-27.846759,GS,-1.0,2.271854282506597,A,2.271854282506597,1.0,2.294323,nan
goods-s-mediumjwst_225534,1286,goods-s-mediumjwst,225534,225534,225534,2023-10-19,53.1637868,-27.8458793,GS,0.76738,0.7669987823991087,A,0.7669987823991087,1.0,0.76711,nan
goods-s-mediumjwst_225678,1286,goods-s-mediumjwst,225678,225678,225678,2023-10-19,53.1640685,-27.8439468,GS,1.725,1.7116073329217278,A,1.7116073329217278,4.0,1.722797,nan
goods-s-mediumjwst_225707,1286,goods-s-mediumjwst,225707,225707,-1,2023-12-11,53.0856968,-27.8436189,GS,5.00494,-1.0,E,nan,nan,nan,nan
goods-s-mediumjwst_225738,1286,goods-s-mediumjwst,225738,225738,225738,2023-10-19,53.1534072,-27.8432858,GS,3.184,3.2394018494500556,A,3.2394018494500556,3.0,3.234565,-18.5667066512016
goods-s-mediumjwst_227162,1180,goods-s-mediumjwst,227162,227162,227162,2023-10-08,53.187012718501,-27.826591632319342,GS,2.421,3.175497,B,nan,nan,3.175497,-17.50431790218805
goods-s-mediumjwst_227211,1180,goods-s-mediumjwst,227211,227211,227211,2023-10-08,53.19261415241105,-27.82612486162184,GS,3.6687,3.6755683590595085,A,3.6755683590595085,6.0,3.678961,-20.209067484787397
goods-s-mediumjwst_227330,1180,goods-s-mediumjwst,227330,227330,227330,2023-10-08,53.19596106387712,-27.82487923309066,GS,2.28,2.083027761370328,A,2.083027761370328,15.0,2.076939,nan
goods-s-mediumjwst_232665,1286,goods-s-mediumjwst,232665,820525,-1,2023-12-17,53.177002,-27.7576238,GS,4.60544,-1.0,E,nan,nan,nan,nan
goods-s-mediumjwst_234050,1286,goods-s-mediumjwst,234050,234050,-1,2023-12-17,53.1694946,-27.7498776,GS,5.1754,-1.0,E,nan,nan,nan,nan
goods-s-mediumjwst_243959,1286,goods-s-mediumjwst,243959,243959,243959,2023-10-19,53.1760262,-27.8496269,GS,1.971,2.0074838177315346,A,2.0074838177315346,3.0,2.005046,nan
goods-s-mediumjwst_251404,1286,goods-s-mediumjwst,251404,251404,251404,2023-12-11,53.0908564,-27.8766482,GS,2.08027,2.08027,D,nan,nan,2.08027,nan
goods-s-mediumjwst_251660,1286,goods-s-mediumjwst,251660,251660,251660,2023-12-11,53.0836443,-27.8701881,GS,3.57009,3.4687628639034473,A,3.4687628639034473,1.0,3.477913,-18.485934519206708
goods-s-mediumjwst_252317,1286,goods-s-mediumjwst,252317,252317,252317,2023-12-11,53.0973607,-27.851179,GS,2.54778,-1.0,E,nan,nan,nan,nan
goods-s-mediumjwst_253311,1286,goods-s-mediumjwst,253311,253311,253311,2023-10-19,53.1248519,-27.8249986,GS,3.11055,3.27206,C,nan,nan,3.27206,-19.190090387753582
goods-s-ultradeep_254854,3215,goods-s-ultradeep,254854,254854,254854,2023-10-16,53.1526077,-27.7758558,GS,4.14772,4.05114,C,nan,nan,4.05114,-17.17721760153833
goods-s-mediumjwst_256247,1286,goods-s-mediumjwst,256247,256247,256247,2023-10-19,53.1386157,-27.8315536,GS,4.493,-1.0,E,nan,nan,nan,nan
goods-s-mediumjwst_256365,1286,goods-s-mediumjwst,256365,256365,256365,2023-12-11,53.1008046,-27.8244686,GS,3.40055,-1.0,E,nan,nan,nan,nan
goods-s-mediumjwst_257044,1286,goods-s-mediumjwst,257044,257044,257044,2023-12-11,53.1181305,-27.8282287,GS,2.13182,2.66430849697588,A,2.66430849697588,6.0,2.667889,nan
goods-s-mediumjwst_257751,1286,goods-s-mediumjwst,257751,7751,-1,2023-12-11,53.0568821,-27.9055224,GS,5.78061,-1.0,E,nan,nan,nan,nan
goods-s-mediumjwst_257800,1286,goods-s-mediumjwst,257800,-3,-1,2023-12-11,53.0710542,-27.9043795,GS,-1.0,-1.0,E,nan,nan,nan,nan
goods-s-deepjwst_258100,1287,goods-s-deepjwst,258100,258100,258100,2024-01-10,53.10761,-27.8980052,GS,0.49682,-1.0,E,nan,nan,nan,nan
goods-s-mediumjwst_259135,1286,goods-s-mediumjwst,259135,259135,259135,2023-12-11,53.1439082,-27.8794665,GS,3.12486,-1.0,E,nan,nan,nan,nan
goods-s-mediumjwst_259329,1286,goods-s-mediumjwst,259329,820519,-1,2023-12-11,53.1068095,-27.8761512,GS,0.57739,-1.0,E,nan,nan,nan,nan
goods-s-mediumjwst_259566,1286,goods-s-mediumjwst,259566,259566,-1,2023-12-11,53.0776244,-27.8723259,GS,5.78544,-1.0,E,nan,nan,nan,nan
goods-s-mediumjwst_260104,1286,goods-s-mediumjwst,260104,-3,-1,2023-12-11,53.1322668,-27.8650378,GS,4.36321,-1.0,E,nan,nan,nan,nan
goods-s-mediumjwst_260595,1286,goods-s-mediumjwst,260595,260595,-1,2023-12-11,53.0569491,-27.8587726,GS,2.30399,-1.0,E,nan,nan,nan,nan
goods-s-deepjwst_260617,1287,goods-s-deepjwst,260617,180913,180913,2024-01-10,53.0633099,-27.8585264,GS,4.47549,-1.0,E,nan,nan,nan,nan
goods-s-mediumjwst_260987,1286,goods-s-mediumjwst,260987,260987,260987,2023-12-11,53.0550793,-27.8531157,GS,2.78477,-1.0,E,nan,nan,nan,nan
goods-s-mediumjwst_261396,1286,goods-s-mediumjwst,261396,261396,-1,2023-12-11,53.0946874,-27.8471317,GS,2.02823,-1.0,E,nan,nan,nan,nan
goods-s-mediumjwst_261597,1286,goods-s-mediumjwst,261597,261597,-1,2023-12-11,53.0707722,-27.8438819,GS,5.93048,-1.0,E,nan,nan,nan,nan
goods-s-mediumjwst_262241,1286,goods-s-mediumjwst,262241,262241,-1,2023-12-11,53.1101223,-27.8335674,GS,5.92476,-1.0,E,nan,nan,nan,nan
goods-s-mediumjwst_262275,1286,goods-s-mediumjwst,262275,-3,-1,2023-12-11,53.0561739,-27.8328689,GS,4.04339,-1.0,E,nan,nan,nan,nan
goods-s-mediumjwst_262914,1286,goods-s-mediumjwst,262914,262914,262914,2023-12-11,53.0988671,-27.8233718,GS,1.73398,-1.0,E,nan,nan,nan,nan
goods-s-ultradeep_263349,3215,goods-s-ultradeep,263349,263349,-1,2023-10-16,53.1184309,-27.8159352,GS,9.06924,-1.0,E,nan,nan,nan,nan
goods-s-ultradeep_264513,3215,goods-s-ultradeep,264513,264513,-1,2023-10-16,53.1098461,-27.7963502,GS,8.81459,3.169,D,nan,nan,3.169,-15.52226657758954
goods-s-ultradeep_265801,3215,goods-s-ultradeep,265801,265801,265801,2023-10-16,53.1124351,-27.7746258,GS,9.9,9.4327,A,9.431732201745564,7.0,9.432581,-20.396411138124837
goods-s-ultradeep_266055,3215,goods-s-ultradeep,266055,266055,266055,2023-10-16,53.1173999,-27.7704457,GS,4.24,0.73627,D,nan,nan,0.73627,nan
goods-s-mediumjwst_266506,1286,goods-s-mediumjwst,266506,266506,266506,2023-12-17,53.1445927,-27.763187,GS,4.16345,-1.0,E,nan,nan,nan,nan
goods-s-ultradeep_266784,3215,goods-s-ultradeep,266784,266784,266784,2023-10-16,53.1212059,-27.7586785,GS,4.0,-1.0,E,nan,nan,nan,nan
goods-s-mediumjwst_267649,1286,goods-s-mediumjwst,267649,267649,267649,2023-12-17,53.1328404,-27.7444246,GS,-99.0,6.575119210785468,A,6.575119210785468,1.0,6.572723,-19.16723031806493
goods-s-mediumjwst_267969,1286,goods-s-mediumjwst,267969,267969,-1,2023-12-17,53.1849069,-27.7381541,GS,5.1704,-1.0,E,nan,nan,nan,nan
goods-s-mediumjwst_272807,1286,goods-s-mediumjwst,272807,272807,-1,2023-12-11,53.0440383,-27.9038207,GS,4.8126,-1.0,E,nan,nan,nan,nan
goods-s-deepjwst_273325,1287,goods-s-deepjwst,273325,273325,-1,2024-01-10,53.060247,-27.8857332,GS,5.6873,-1.0,E,nan,nan,nan,nan
goods-s-mediumjwst_273513,1286,goods-s-mediumjwst,273513,364715,-1,2023-12-11,53.0569294,-27.8804528,GS,2.1248,-1.0,E,nan,nan,nan,nan
goods-s-mediumjwst_273623,1286,goods-s-mediumjwst,273623,273623,273623,2023-12-11,53.0879172,-27.8769954,GS,-1.0,5.82523,D,nan,nan,5.82523,-13.504086903556534
goods-s-mediumjwst_274018,1286,goods-s-mediumjwst,274018,378548,-1,2023-12-11,53.071545,-27.8660583,GS,8.65934,-1.0,E,nan,nan,nan,nan
goods-s-mediumjwst_274730,1286,goods-s-mediumjwst,274730,0,-1,2023-12-11,53.098047,-27.8520188,GS,5.6308,-1.0,E,nan,nan,nan,nan
goods-s-mediumjwst_274978,1286,goods-s-mediumjwst,274978,274978,-1,2023-12-11,53.0910664,-27.8459709,GS,5.99688,-1.0,E,nan,nan,nan,nan
goods-s-mediumjwst_275770,1180,goods-s-mediumjwst,275770,275770,275770,2023-10-08,53.15086044515579,-27.821641858305302,GS,5.228,-1.0,E,nan,nan,nan,nan
goods-s-mediumjwst_277151,1286,goods-s-mediumjwst,277151,277151,277151,2023-12-17,53.1895999,-27.780783,GS,1.53834,-1.0,E,nan,nan,nan,nan
goods-s-mediumjwst_278213,1286,goods-s-mediumjwst,278213,278213,278213,2023-12-17,53.1410769,-27.7461713,GS,3.63705,-1.0,E,nan,nan,nan,nan
goods-s-deepjwst_278930,1287,goods-s-deepjwst,278930,294258,294258,2024-01-10,53.1127771,-27.9010056,GS,1.86248,2.811598,C,nan,nan,2.811598,nan
goods-s-deepjwst_279152,1287,goods-s-deepjwst,279152,12897,12897,2024-01-10,53.1051957,-27.8912002,GS,1.87315,0.0,E,nan,nan,nan,nan
goods-s-mediumjwst_279182,1286,goods-s-mediumjwst,279182,9182,-1,2023-12-11,53.1003766,-27.8896621,GS,3.65217,3.5939358857062906,A,3.5939358857062906,2.0,3.589761,-16.416246716517755
goods-s-mediumjwst_279582,1286,goods-s-mediumjwst,279582,279582,279582,2023-12-11,53.0973293,-27.8736525,GS,2.67701,3.0007748922958335,A,3.0007748922958335,7.0,3.004273,-17.27772184807052
goods-s-deepjwst_279758,1287,goods-s-deepjwst,279758,46233,46233,2024-01-10,53.1275603,-27.8657419,GS,3.14701,3.466301,B,nan,nan,3.466301,-17.596472520337834
goods-s-mediumjwst_279989,1286,goods-s-mediumjwst,279989,294704,294704,2023-12-11,53.0339156,-27.8552557,GS,3.15865,3.1635182124508185,A,3.1635182124508185,2.0,3.170186,-17.9724800291962
goods-s-mediumjwst_280052,1286,goods-s-mediumjwst,280052,280052,-1,2023-12-11,53.0490263,-27.8525608,GS,4.11023,-1.0,E,nan,nan,nan,nan
goods-s-mediumjwst_280399,1286,goods-s-mediumjwst,280399,280399,280399,2023-12-11,53.1323448,-27.8356981,GS,6.03204,-1.0,E,nan,nan,nan,nan
goods-s-ultradeep_280664,3215,goods-s-ultradeep,280664,280664,280664,2023-10-16,53.1665759,-27.8243345,GS,0.35876,3.5637698512514944,A,3.5637698512514944,3.0,3.566364,-17.825588816148056
goods-s-mediumjwst_280764,1286,goods-s-mediumjwst,280764,280764,280764,2023-12-11,53.1131315,-27.8202865,GS,2.89296,2.919562843793369,A,2.919562843793369,4.0,2.921816,nan
goods-s-ultradeep_281285,3215,goods-s-ultradeep,281285,113650,113650,2023-10-16,53.1552093,-27.7975375,GS,1.79942,1.7335509657055113,A,1.7335509657055113,1.0,1.744479,nan
goods-s-ultradeep_281814,3215,goods-s-ultradeep,281814,134375,134375,2023-10-16,53.1615515,-27.7701656,GS,2.22755,2.545,D,nan,nan,2.545,nan
goods-s-mediumjwst_282048,1286,goods-s-mediumjwst,282048,282048,282048,2023-12-17,53.1386956,-27.7569849,GS,2.96747,2.804248,C,nan,nan,2.804248,nan
goods-s-mediumjwst_282381,1286,goods-s-mediumjwst,282381,298333,298333,2023-12-11,53.0690474,-27.9149182,GS,2.22523,2.1062981326777654,A,2.1062981326777654,9.0,2.11422,nan
goods-s-deepjwst_282535,1287,goods-s-deepjwst,282535,282535,282535,2024-01-10,53.0800298,-27.9039072,GS,0.87389,-1.0,E,nan,nan,nan,nan
goods-s-mediumjwst_282620,1286,goods-s-mediumjwst,282620,282620,282620,2023-12-11,53.0719659,-27.8998061,GS,1.25783,2.1943951007691593,A,2.1943951007691593,1.0,2.196465,nan
goods-s-deepjwst_282766,1287,goods-s-deepjwst,282766,161859,161859,2024-01-10,53.0820628,-27.8944728,GS,2.52977,2.698764371190585,A,2.698764371190585,6.0,2.705321,nan
goods-s-deepjwst_282835,1287,goods-s-deepjwst,282835,282835,282835,2024-01-10,53.1208039,-27.8917179,GS,2.96758,3.082540347644612,A,3.082540347644612,7.0,3.073443,-17.47607679249573
goods-s-mediumjwst_282929,1286,goods-s-mediumjwst,282929,282929,282929,2023-12-11,53.0447044,-27.8884844,GS,2.63965,-1.0,E,nan,nan,nan,nan
goods-s-mediumjwst_282967,1286,goods-s-mediumjwst,282967,2967,-1,2023-12-11,53.098559,-27.8870713,GS,2.5706,2.6738912878539836,A,2.6738912878539836,6.0,2.666339,nan
goods-s-mediumjwst_283070,1286,goods-s-mediumjwst,283070,283070,283070,2023-12-11,53.0985574,-27.882977,GS,2.67228,3.0261724530535554,A,3.0261724530535554,2.0,3.033983,-17.185397909189994
goods-s-mediumjwst_283245,1286,goods-s-mediumjwst,283245,3245,-1,2023-12-11,53.1461831,-27.8763371,GS,3.50807,3.474302732335895,A,3.474302732335895,7.0,3.471647,-17.850234255805717
goods-s-mediumjwst_283295,1286,goods-s-mediumjwst,283295,283295,283295,2023-12-11,53.1051692,-27.8758009,GS,5.85339,-1.0,E,nan,nan,nan,nan
goods-s-mediumjwst_283325,1286,goods-s-mediumjwst,283325,171052,171052,2023-12-11,53.0811223,-27.8746289,GS,3.45571,3.478994043872559,A,3.478994043872559,3.0,3.475597,-18.423502817652363
goods-s-mediumjwst_283349,1286,goods-s-mediumjwst,283349,283349,283349,2023-12-11,53.139351,-27.8740337,GS,3.36632,3.4704997843684744,A,3.4704997843684744,2.0,3.478381,-17.37567448822966
goods-s-mediumjwst_283601,1286,goods-s-mediumjwst,283601,174718,174718,2023-12-11,53.1278395,-27.8674332,GS,3.22386,3.024161500982598,A,3.024161500982598,5.0,3.021379,-18.910950636431593
goods-s-mediumjwst_283619,1286,goods-s-mediumjwst,283619,404804,-1,2023-12-11,53.0828427,-27.8659803,GS,3.18891,3.474069800667764,A,3.474069800667764,9.0,3.474902,-16.949049112847934
goods-s-mediumjwst_283734,1286,goods-s-mediumjwst,283734,283734,283734,2023-12-11,53.103564,-27.8643451,GS,4.22361,4.138989780405971,A,4.138989780405971,4.0,4.140777,-19.19772799954651
goods-s-deepjwst_283822,1287,goods-s-deepjwst,283822,178518,178518,2024-01-10,53.0748681,-27.8618363,GS,8.2172,5.898369840266923,A,5.898369840266923,1.0,5.896066,-17.136617325419582
goods-s-mediumjwst_283897,1286,goods-s-mediumjwst,283897,3897,-1,2023-12-11,53.0859193,-27.8587123,GS,3.11162,3.472981,B,nan,nan,3.472981,-17.492111422691366
goods-s-mediumjwst_283912,1286,goods-s-mediumjwst,283912,283912,283912,2023-12-11,53.0781913,-27.8590324,GS,3.24169,4.819442,C,nan,nan,4.819442,-18.29605630325667
goods-s-deepjwst_283952,1287,goods-s-deepjwst,283952,283952,283952,2024-01-10,53.1248088,-27.8579166,GS,2.73097,2.8028627986695627,A,2.8028627986695627,7.0,2.804675,nan
goods-s-deepjwst_284025,1287,goods-s-deepjwst,284025,284025,284025,2024-01-10,53.1288298,-27.8558804,GS,3.56196,3.5844346079875002,A,3.5844346079875002,8.0,3.582061,-18.360008769194753
goods-s-mediumjwst_284096,1286,goods-s-mediumjwst,284096,378917,-1,2023-12-11,53.07559,-27.8527722,GS,-1.0,5.206387960151177,A,5.206387960151177,2.0,5.20603,-17.243806955880203
goods-s-mediumjwst_284158,1286,goods-s-mediumjwst,284158,185773,185773,2023-12-11,53.0936017,-27.8500448,GS,2.0002,2.031237851952542,A,2.031237851952542,6.0,2.038774,nan
goods-s-mediumjwst_284184,1286,goods-s-mediumjwst,284184,284184,284184,2023-12-11,53.0770976,-27.8505598,GS,3.30703,-1.0,E,nan,nan,nan,nan
goods-s-deepjwst_284216,1287,goods-s-deepjwst,284216,284216,284216,2024-01-10,53.0747678,-27.8469687,GS,3.38389,-1.0,E,nan,nan,nan,nan
goods-s-mediumjwst_284278,1286,goods-s-mediumjwst,284278,284278,284278,2023-12-11,53.0916226,-27.8467368,GS,1.98527,1.895847817929736,A,1.895847817929736,3.0,1.905265,nan
goods-s-ultradeep_285002,3215,goods-s-ultradeep,285002,196651,196651,2023-10-16,53.1440741,-27.8206046,GS,1.78648,1.737,C,nan,nan,1.737,nan
goods-s-mediumjwst_285054,1286,goods-s-mediumjwst,285054,285054,285054,2023-12-11,53.1142987,-27.8176494,GS,-1.0,1.8431514295786462,A,1.8431514295786462,1.0,1.843,nan
goods-s-mediumjwst_285362,1286,goods-s-mediumjwst,285362,285362,285362,2023-10-19,53.1644162,-27.8038557,GS,3.66858,3.7009115385873783,A,3.7009115385873783,1.0,3.696021,-17.96198992287961
goods-s-mediumjwst_285378,1286,goods-s-mediumjwst,285378,285378,285378,2023-10-19,53.1700006,-27.8029912,GS,2.69023,2.69135113644141,A,2.69135113644141,4.0,2.695011,nan
goods-s-mediumjwst_285393,1180,goods-s-mediumjwst,285393,285393,285393,2023-10-08,53.198052917417996,-27.802473781132175,GS,2.16738,1.9143400588534956,A,1.9143400588534956,3.0,1.91147,nan
goods-s-ultradeep_285456,3215,goods-s-ultradeep,285456,285456,285456,2023-10-16,53.1300138,-27.8003754,GS,3.16348,2.8702697235023633,A,2.8702697235023633,2.0,2.877167,nan
goods-s-mediumjwst_286252,1286,goods-s-mediumjwst,286252,6252,-1,2023-12-17,53.1982633,-27.7632199,GS,7.01096,7.64511,C,nan,nan,7.64511,-18.904421491250613
goods-s-mediumjwst_286549,1286,goods-s-mediumjwst,286549,217770,217770,2023-12-17,53.1706028,-27.7447642,GS,7.5893,7.558825479657413,A,7.558825479657413,1.0,7.555823,-19.365919395160113
goods-s-mediumjwst_287473,1180,goods-s-mediumjwst,287473,404880,-1,2023-10-08,53.187716748816506,-27.827553101280994,GS,2.01,1.813053,B,nan,nan,1.813053,nan
goods-s-mediumjwst_289044,1286,goods-s-mediumjwst,289044,289044,289044,2023-12-11,53.1357092,-27.8488294,GS,1.70844,-1.0,E,nan,nan,nan,nan
goods-s-mediumjwst_289101,1286,goods-s-mediumjwst,289101,296853,296853,2023-12-11,53.096078,-27.8287001,GS,4.11692,4.23102241587026,A,4.23102241587026,4.0,4.234551,-18.429249705736517
goods-s-ultradeep_289178,3215,goods-s-ultradeep,289178,289178,289178,2023-10-16,53.1576478,-27.7979125,GS,4.37771,4.227391120661615,A,4.227391120661615,7.0,4.230298,-19.307307094554098
goods-s-mediumjwst_289181,1286,goods-s-mediumjwst,289181,203117,203117,2023-10-19,53.1730487,-27.7965943,GS,1.66827,-1.0,E,nan,nan,nan,nan
goods-s-mediumjwst_10000042,1180,goods-s-mediumjwst,10000042,329422,-1,2023-01-28,53.1677426,-27.8266154,GS,3.64,3.559900324395331,A,3.559900324395331,1.0,3.56172,-17.14957570732943
goods-s-mediumjwst_10000056,1286,goods-s-mediumjwst,10000056,194342,-1,2023-01-13,53.1703339,-27.8260046,GS,2.23,-1.0,E,nan,nan,nan,nan
goods-s-deephst_10000081,1210,goods-s-deephst,10000081,93440,93440,2022-10-24,53.16021562859695,-27.824341663476265,GS,1.73,2.703613,C,nan,nan,2.703613,nan
goods-s-deephst_10000085,1210,goods-s-deephst,10000085,329455,-1,2022-10-24,53.162863254373775,-27.82422625590089,GS,3.01,-1.0,E,nan,nan,nan,nan
goods-s-deephst_10000098,1210,goods-s-deephst,10000098,452085,-1,2022-10-24,53.157221657032515,-27.823858095087996,GS,2.4,2.886994,C,nan,nan,2.886994,nan
goods-s-deephst_10000160,1210,goods-s-deephst,10000160,95368,95368,2022-10-24,53.16190592110638,-27.82247295753233,GS,1.98,2.29724,D,nan,nan,2.29724,nan
goods-s-deephst_10000183,1210,goods-s-deephst,10000183,275764,275764,2022-10-24,53.15556759196278,-27.821773094255136,GS,2.75,-1.0,E,nan,nan,nan,nan
goods-s-deephst_10000219,1210,goods-s-deephst,10000219,96853,96853,2022-10-24,53.16564506246025,-27.82093349472434,GS,4.24,-1.0,E,nan,nan,nan,nan
goods-s-mediumjwst_10000268,1180,goods-s-mediumjwst,10000268,409825,-1,2023-01-28,53.1622926,-27.8195899,GS,3.4,-1.0,E,nan,nan,nan,nan
goods-s-deephst_10000338,1210,goods-s-deephst,10000338,99169,99169,2022-10-24,53.161558633085015,-27.818365697564357,GS,1.877,-1.0,E,nan,nan,nan,nan
goods-s-deephst_10000367,1210,goods-s-deephst,10000367,99653,99653,2022-10-24,53.15230847460605,-27.81777921921034,GS,3.98,-1.0,E,nan,nan,nan,nan
goods-s-mediumjwst_10000474,1180,goods-s-mediumjwst,10000474,101002,-1,2023-01-28,53.1709766,-27.8161123,GS,1.92,-1.0,E,nan,nan,nan,nan
goods-s-deephst_10000478,1210,goods-s-deephst,10000478,433836,-1,2022-10-24,53.146836983780645,-27.816027136292085,GS,2.85,2.843952,C,nan,nan,2.843952,nan
goods-s-mediumjwst_10000480,1286,goods-s-mediumjwst,10000480,197867,197867,2023-01-13,53.1800584,-27.8160105,GS,3.02,3.3999036294027425,A,3.3999036294027425,4.0,3.394648,-17.308117778044195
goods-s-deephst_10000483,1210,goods-s-deephst,10000483,197887,197887,2022-10-24,53.15516798532871,-27.815957760466443,GS,2.95,2.772135,C,nan,nan,2.772135,nan
goods-s-mediumjwst_10000553,1180,goods-s-mediumjwst,10000553,553,-1,2023-01-28,53.1706737,-27.8144758,GS,2.41,-1.0,E,nan,nan,nan,nan
goods-s-mediumjwst_10000577,1286,goods-s-mediumjwst,10000577,102695,102695,2023-01-13,53.1457524,-27.8139155,GS,3.44,-1.0,E,nan,nan,nan,nan
goods-s-deephst_10000618,1210,goods-s-deephst,10000618,103332,103332,2022-10-24,53.158508926958554,-27.81304663359293,GS,2.57,1.7,D,nan,nan,1.7,nan
goods-s-deephst_10000625,1210,goods-s-deephst,10000625,103356,103356,2022-10-24,53.15700030582075,-27.813019200469142,GS,3.92,-1.0,E,nan,nan,nan,nan
goods-s-deephst_10000626,1210,goods-s-deephst,10000626,103349,103349,2022-10-24,53.14699887915106,-27.813033521174038,GS,3.852,4.464584840133938,A,4.464584840133938,3.0,4.464672,-17.292646449635807
goods-s-mediumjwst_10000630,1286,goods-s-mediumjwst,10000630,103428,103428,2023-01-13,53.1475976,-27.812948,GS,2.8,-1.0,E,nan,nan,nan,nan
goods-s-deephst_10000633,1210,goods-s-deephst,10000633,103467,103467,2022-10-24,53.156915193472976,-27.81285607696028,GS,2.88,-1.0,E,nan,nan,nan,nan
goods-s-mediumjwst_10000692,1180,goods-s-mediumjwst,10000692,104104,104104,2023-01-28,53.1717381,-27.8119954,GS,2.81,3.24218,D,nan,nan,3.24218,-17.251032837956796
goods-s-ultradeep_10000756,3215,goods-s-ultradeep,10000756,418400,-1,2023-10-16,53.1695425,-27.8108655,GS,3.34,2.806907,C,nan,nan,2.806907,nan
goods-s-deephst_10000796,1210,goods-s-deephst,10000796,105250,105250,2022-10-24,53.167401555202886,-27.810364983299724,GS,1.34,-1.0,E,nan,nan,nan,nan
goods-s-mediumjwst_10000811,1180,goods-s-mediumjwst,10000811,297072,297072,2023-01-28,53.1795822,-27.8101203,GS,3.47,3.0379531628924266,A,3.0379531628924266,1.0,3.040528,nan
goods-s-deephst_10000814,1210,goods-s-deephst,10000814,418399,-1,2022-10-24,53.169071959401045,-27.810117462728694,GS,3.72,-1.0,E,nan,nan,nan,nan
goods-s-mediumjwst_10000848,1286,goods-s-mediumjwst,10000848,105945,105945,2023-01-13,53.147739,-27.8094523,GS,4.32,-1.0,E,nan,nan,nan,nan
goods-n-mediumjwst_10000850,1181,goods-n-mediumjwst,10000850,1102015,1102015,2023-05-05,189.26356348979405,62.24915012215565,GN,5.3,5.148892,C,nan,nan,5.148892,-18.376861319088416
goods-s-mediumjwst_10000861,1180,goods-s-mediumjwst,10000861,106025,106025,2023-01-28,53.1742577,-27.8093007,GS,4.51593,4.507815,C,nan,nan,4.507815,-17.120027632544947
goods-n-mediumjwst_10000865,1181,goods-n-mediumjwst,10000865,1087596,1087596,2023-05-05,189.2629857230844,62.25010622995946,GN,4.59,4.408249647506841,A,4.408249647506841,12.0,4.406786,-19.55584177580873
goods-n-mediumjwst_10000885,1181,goods-n-mediumjwst,10000885,1087736,1087736,2023-05-05,189.27059399714904,62.25156683689371,GN,4.37,4.402058849392382,A,4.402058849392382,5.0,4.402696,-20.82278449635605
goods-s-ultradeep_10000929,3215,goods-s-ultradeep,10000929,106639,106639,2023-10-16,53.1571859,-27.8085055,GS,1.59,1.419424,B,nan,nan,1.419424,nan
goods-s-deephst_10000966,1210,goods-s-deephst,10000966,200130,200130,2022-10-24,53.15506274415236,-27.808138541083146,GS,1.12,1.12,C,nan,nan,1.12,nan
goods-n-mediumjwst_10001010,1181,goods-n-mediumjwst,10001010,1254059,-1,2023-05-05,189.16702381491604,62.26780282143362,GN,5.43,-1.0,E,nan,nan,nan,nan
goods-s-mediumjwst_10001102,1180,goods-s-mediumjwst,10001102,200539,200539,2023-01-28,53.1384996,-27.8068062,GS,4.09,4.223816769216407,A,4.223816769216407,2.0,4.225041,-15.923151501466599
goods-n-mediumjwst_10001111,1181,goods-n-mediumjwst,10001111,1090163,1090163,2023-05-05,189.1992869184996,62.279460556619405,GN,4.65,4.080439445606043,A,4.080439445606043,4.0,4.069103,-17.473898641969804
goods-s-deephst_10001283,1210,goods-s-deephst,10001283,276367,-1,2022-10-24,53.14792873543852,-27.804986025869734,GS,1.97,-1.0,E,nan,nan,nan,nan
goods-s-mediumjwst_10001398,1180,goods-s-mediumjwst,10001398,276409,-1,2023-01-28,53.1781862,-27.8036199,GS,2.28,-1.0,E,nan,nan,nan,nan
goods-s-mediumjwst_10001501,1180,goods-s-mediumjwst,10001501,433597,-1,2023-01-28,53.1357102,-27.8025304,GS,3.45,3.3381637164885696,A,3.3381637164885696,1.0,3.341312,-14.647067986033157
goods-s-mediumjwst_10001520,1180,goods-s-mediumjwst,10001520,110656,110656,2023-01-28,53.1851703,-27.8023731,GS,2.84,-1.0,E,nan,nan,nan,nan
goods-s-deephst_10001568,1210,goods-s-deephst,10001568,110915,110915,2022-10-24,53.128646777302535,-27.801921389179245,GS,2.96,-1.0,E,nan,nan,nan,nan
goods-s-deephst_10001587,1210,goods-s-deephst,10001587,111112,111112,2022-10-24,53.1713389986394,-27.801574942822032,GS,3.71,3.43049430106116,A,3.43049430106116,1.0,3.423338,-16.260689514870208
goods-s-mediumjwst_10001694,1180,goods-s-mediumjwst,10001694,419739,-1,2023-01-28,53.1378987,-27.8001729,GS,3.8,3.60009,C,nan,nan,3.60009,-17.709017667668775
goods-s-deephst_10001697,1210,goods-s-deephst,10001697,281237,281237,2022-10-24,53.16031687397541,-27.800355957241745,GS,2.17,-1.0,E,nan,nan,nan,nan
goods-s-deephst_10001761,1210,goods-s-deephst,10001761,202439,202439,2022-10-24,53.16003912006681,-27.79962626039219,GS,2.83,2.775447,B,nan,nan,2.775447,nan
goods-s-mediumjwst_10001766,1180,goods-s-mediumjwst,10001766,333544,-1,2023-01-28,53.1866994,-27.7997369,GS,4.99,4.69514,D,nan,nan,4.69514,-16.546455341865844
goods-s-deephst_10001843,1210,goods-s-deephst,10001843,112864,112864,2022-10-24,53.12965357164573,-27.79875569509969,GS,1.93,2.142,D,nan,nan,2.120484,nan
goods-s-mediumjwst_10001856,1286,goods-s-mediumjwst,10001856,291370,291370,2023-10-19,53.1607323,-27.7986631,GS,3.31,-1.0,E,nan,nan,nan,nan
goods-s-deephst_10001892,1210,goods-s-deephst,10001892,229230,229230,2022-10-24,53.15829820328616,-27.798256144727546,GS,5.38,4.77198,B,nan,nan,4.77198,-16.301552314724518
goods-n-mediumjwst_10001897,1181,goods-n-mediumjwst,10001897,1184243,1009461,2023-05-05,189.14837041548506,62.25364501022181,GN,5.62,5.298181134728072,A,5.298181134728072,3.0,5.303099,-18.461589970137705
goods-s-deephst_10001916,1210,goods-s-deephst,10001916,113342,113342,2022-10-24,53.13227556086956,-27.798113425102386,GS,4.42,4.283092275096834,A,4.283092275096834,2.0,4.278813,-17.087650727272738
goods-s-deephst_10001946,1210,goods-s-deephst,10001946,113523,113523,2022-10-24,53.125679554949905,-27.797802389980557,GS,1.97,-1.0,E,nan,nan,nan,nan
goods-s-mediumjwst_10001984,1180,goods-s-mediumjwst,10001984,113797,113797,2023-01-28,53.1882885,-27.7973532,GS,2.33,2.80625,D,nan,nan,2.81117,nan
goods-s-mediumjwst_10001991,1286,goods-s-mediumjwst,10001991,276615,276615,2023-01-13,53.1717117,-27.797323,GS,3.43,-1.0,E,nan,nan,nan,nan
goods-s-mediumjwst_10002000,1286,goods-s-mediumjwst,10002000,408409,-1,2023-12-17,53.1764063,-27.7971393,GS,0.86,-1.0,E,nan,nan,nan,nan
goods-s-mediumjwst_10002009,1286,goods-s-mediumjwst,10002009,113942,113942,2023-01-13,53.1760889,-27.7971174,GS,3.04,3.498,D,nan,nan,3.498,-17.635434208220556
goods-s-mediumjwst_10002022,1286,goods-s-mediumjwst,10002022,406663,-1,2023-12-17,53.1584535,-27.7969535,GS,0.93,-1.0,E,nan,nan,nan,nan
goods-n-mediumjwst_10002232,1181,goods-n-mediumjwst,10002232,1082045,1082045,2023-05-05,189.19224519406472,62.224601010459416,GN,4.56,-1.0,E,nan,nan,nan,nan
goods-s-mediumjwst_10002284,1180,goods-s-mediumjwst,10002284,230041,230041,2023-01-28,53.1508006,-27.7868787,GS,3.4,-1.0,E,nan,nan,nan,nan
goods-s-mediumjwst_10002371,1180,goods-s-mediumjwst,10002371,120030,120030,2023-01-28,53.1281494,-27.7879895,GS,2.78,-1.0,E,nan,nan,nan,nan
goods-s-mediumjwst_10002437,1286,goods-s-mediumjwst,10002437,119363,119363,2023-01-13,53.12851,-27.7887175,GS,3.44,-1.0,E,nan,nan,nan,nan
goods-s-mediumjwst_10002442,1180,goods-s-mediumjwst,10002442,291453,291453,2023-01-28,53.193105,-27.7887022,GS,3.63456,3.61268,D,nan,nan,3.61268,nan
goods-s-mediumjwst_10002453,1286,goods-s-mediumjwst,10002453,2453,-1,2023-10-19,53.1447785,-27.7888575,GS,3.91,3.778652675829039,A,3.778652675829039,1.0,3.789898,-17.037924594625753
goods-s-mediumjwst_10002474,1286,goods-s-mediumjwst,10002474,2474,-1,2023-12-17,53.1536275,-27.7891096,GS,3.34,3.5346131909494773,A,3.5346131909494773,2.0,3.527616,nan
goods-s-mediumjwst_10002493,1180,goods-s-mediumjwst,10002493,205166,205166,2023-01-28,53.124663,-27.7893372,GS,4.17,-1.0,E,nan,nan,nan,nan
goods-s-mediumjwst_10002514,1286,goods-s-mediumjwst,10002514,285627,285627,2023-01-13,53.1888192,-27.7894664,GS,2.31,-1.0,E,nan,nan,nan,nan
goods-s-mediumjwst_10002518,1286,goods-s-mediumjwst,10002518,2518,-1,2023-12-17,53.16281,-27.7895281,GS,1.69,-1.0,E,nan,nan,nan,nan
goods-n-mediumjwst_10002533,1181,goods-n-mediumjwst,10002533,-4,-1,2024-05-19,189.19212440586114,62.1506246134611,GN,3.23,3.068984848015477,A,3.068984848015477,10.0,3.065085,-18.768433085551617
goods-s-mediumjwst_10002572,1180,goods-s-mediumjwst,10002572,204845,204845,2023-01-28,53.1917699,-27.7904296,GS,2.0,1.984434,C,nan,nan,1.984434,nan
goods-s-mediumjwst_10002574,1286,goods-s-mediumjwst,10002574,311092,-1,2023-10-19,53.1664579,-27.7903282,GS,2.84,-1.0,E,nan,nan,nan,nan
goods-s-mediumjwst_10002600,1180,goods-s-mediumjwst,10002600,118211,118211,2023-01-28,53.1936995,-27.7901433,GS,2.07,1.6238273549622868,A,1.6238273549622868,2.0,1.621263,nan
goods-s-mediumjwst_10002635,1180,goods-s-mediumjwst,10002635,-2,-1,2023-01-28,53.1811858,-27.7911255,GS,3.35,3.931450465634372,A,3.931450465634372,2.0,3.929601,-17.19074871446736
goods-s-mediumjwst_10002636,1286,goods-s-mediumjwst,10002636,117634,117634,2023-01-13,53.1354761,-27.7909829,GS,3.93,-1.0,E,nan,nan,nan,nan
goods-s-mediumjwst_10002739,1180,goods-s-mediumjwst,10002739,310728,-1,2023-01-28,53.1939464,-27.7920015,GS,0.99,-1.0,E,nan,nan,nan,nan
goods-s-mediumjwst_10002756,1180,goods-s-mediumjwst,10002756,116904,116904,2023-01-28,53.1198985,-27.7922157,GS,2.81,-1.0,E,nan,nan,nan,nan
goods-s-mediumjwst_10002764,1180,goods-s-mediumjwst,10002764,320686,-1,2023-01-28,53.196356,-27.7896493,GS,1.93,-1.0,E,nan,nan,nan,nan
goods-s-mediumjwst_10002799,1286,goods-s-mediumjwst,10002799,2799,-1,2023-12-17,53.1681872,-27.792649,GS,3.22,-1.0,E,nan,nan,nan,nan
goods-s-mediumjwst_10002824,1180,goods-s-mediumjwst,10002824,229608,229608,2023-01-28,53.1537495,-27.7929309,GS,2.26,2.3430450446949687,A,2.3430450446949687,1.0,2.34397,nan
goods-s-mediumjwst_10002879,1286,goods-s-mediumjwst,10002879,-2,-1,2023-01-13,53.1729132,-27.7933357,GS,1.972,-1.0,E,nan,nan,nan,nan
goods-s-mediumjwst_10002885,1286,goods-s-mediumjwst,10002885,2885,-1,2023-10-19,53.1249662,-27.7933933,GS,1.75,-1.0,E,nan,nan,nan,nan
goods-s-mediumjwst_10002890,1180,goods-s-mediumjwst,10002890,116100,116100,2023-01-28,53.1535016,-27.7934507,GS,1.61,-1.0,E,nan,nan,nan,nan
goods-s-mediumjwst_10002945,1180,goods-s-mediumjwst,10002945,115775,-1,2023-01-28,53.1497006,-27.7939349,GS,2.25,-1.0,E,nan,nan,nan,nan
goods-s-mediumjwst_10003044,1180,goods-s-mediumjwst,10003044,203750,203750,2023-01-28,53.1213559,-27.7947895,GS,4.17,4.115820771855664,A,4.115820771855664,3.0,4.109228,-16.766138395508573
goods-s-mediumjwst_10003057,1180,goods-s-mediumjwst,10003057,406262,-1,2023-01-28,53.187526,-27.7948565,GS,2.34,1.8986279640413795,A,1.8986279640413795,1.0,1.89817,nan
goods-s-mediumjwst_10003132,1180,goods-s-mediumjwst,10003132,114895,114895,2023-01-28,53.1466789,-27.7954486,GS,3.92,-1.0,E,nan,nan,nan,nan
goods-s-mediumjwst_10003182,1286,goods-s-mediumjwst,10003182,124305,124305,2023-01-13,53.1956107,-27.7831792,GS,1.39,-1.0,E,nan,nan,nan,nan
goods-s-mediumjwst_10003195,1286,goods-s-mediumjwst,10003195,122109,122109,2023-01-13,53.125659,-27.7858524,GS,2.78,-1.0,E,nan,nan,nan,nan
goods-s-mediumjwst_10003205,1286,goods-s-mediumjwst,10003205,297421,297421,2023-12-17,53.191366,-27.7791158,GS,3.63,-1.0,E,nan,nan,nan,nan
goods-s-mediumjwst_10003256,1180,goods-s-mediumjwst,10003256,122852,122852,2023-01-28,53.1503476,-27.7850242,GS,2.31,-1.0,E,nan,nan,nan,nan
goods-s-mediumjwst_10003277,1180,goods-s-mediumjwst,10003277,123004,123004,2023-01-28,53.187023,-27.7848786,GS,3.64797,-1.0,E,nan,nan,nan,nan
goods-s-mediumjwst_10003281,1286,goods-s-mediumjwst,10003281,494140,-1,2023-01-13,53.1472308,-27.7849258,GS,3.35,-1.0,E,nan,nan,nan,nan
goods-s-mediumjwst_10003304,1180,goods-s-mediumjwst,10003304,277018,277018,2023-01-28,53.1948473,-27.7845691,GS,2.09,-1.0,E,nan,nan,nan,nan
goods-s-mediumjwst_10003346,1286,goods-s-mediumjwst,10003346,416978,-1,2023-12-17,53.1917824,-27.7832722,GS,4.91,4.776599,C,nan,nan,4.776599,nan
goods-s-mediumjwst_10003388,1180,goods-s-mediumjwst,10003388,124530,124530,2023-01-28,53.1486413,-27.7828547,GS,3.71,3.6064817868930685,A,3.6064817868930685,2.0,3.608654,-15.638047571018511
goods-s-mediumjwst_10003390,1286,goods-s-mediumjwst,10003390,403725,-1,2023-01-13,53.1929664,-27.7836178,GS,3.7,-1.0,E,nan,nan,nan,nan
goods-s-mediumjwst_10003475,1286,goods-s-mediumjwst,10003475,293618,293618,2023-01-13,53.1756133,-27.7834377,GS,4.29,-1.0,E,nan,nan,nan,nan
goods-s-mediumjwst_10003574,1180,goods-s-mediumjwst,10003574,213668,213668,2023-01-28,53.1670781,-27.7625846,GS,4.65,4.789044,C,nan,nan,4.789044,-16.429179074170136
goods-s-mediumjwst_10003583,1180,goods-s-mediumjwst,10003583,124483,124483,2023-01-28,53.1772825,-27.7829155,GS,4.86558,-1.0,E,nan,nan,nan,nan
goods-n-mediumjwst_10003617,1181,goods-n-mediumjwst,10003617,1135677,1135677,2023-05-05,189.18773929147272,62.2750159895747,GN,3.08,2.9791489116116034,A,2.9791489116116034,6.0,2.979059,nan
goods-n-mediumjwst_10003620,1181,goods-n-mediumjwst,10003620,-3,-1,2023-05-05,189.1995340686315,62.27663033361683,GN,-99.0,-1.0,E,nan,nan,nan,nan
goods-n-mediumjwst_10003641,1181,goods-n-mediumjwst,10003641,1090243,1090243,2023-05-05,189.18935819382747,62.2805922907836,GN,1.956,3.2343322633670395,A,3.2343322633670395,3.0,3.235163,nan
goods-n-mediumjwst_10003642,1181,goods-n-mediumjwst,10003642,1190251,1095117,2023-05-05,189.1883912777851,62.28120139872624,GN,3.2336,3.2336511844135076,A,3.2336511844135076,13.0,3.239009,-19.395595219185346
goods-s-mediumjwst_10003688,1180,goods-s-mediumjwst,10003688,140180,140180,2023-01-28,53.1646127,-27.764021,GS,3.27,-1.0,E,nan,nan,nan,nan
goods-s-mediumjwst_10003738,1180,goods-s-mediumjwst,10003738,139441,139441,2023-01-28,53.1655538,-27.7650564,GS,3.77,-1.0,E,nan,nan,nan,nan
goods-s-deephst_10003750,1210,goods-s-deephst,10003750,-3,-1,2022-10-24,53.15837148804138,-27.77918335905653,GS,1.81494,-1.0,E,nan,nan,nan,nan
goods-s-deephst_10003788,1210,goods-s-deephst,10003788,139168,139168,2022-10-24,53.162664593356354,-27.765419717050996,GS,3.0,2.98726,D,nan,nan,2.98801,nan
goods-s-mediumjwst_10003801,1180,goods-s-mediumjwst,10003801,422801,-1,2023-01-28,53.1480771,-27.7656468,GS,2.18,-1.0,E,nan,nan,nan,nan
goods-s-deephst_10003811,1210,goods-s-deephst,10003811,138790,138790,2022-10-24,53.15471522374995,-27.765882845115755,GS,3.4393,3.430121,C,nan,nan,3.430121,-16.71450276940523
goods-s-mediumjwst_10003868,1180,goods-s-mediumjwst,10003868,820524,-1,2023-01-28,53.160262,-27.7668218,GS,5.24,-1.0,E,nan,nan,nan,nan
goods-s-mediumjwst_10003874,1286,goods-s-mediumjwst,10003874,128542,128542,2023-01-13,53.1516752,-27.7768569,GS,3.79,3.9714165992241286,A,3.9714165992241286,2.0,3.969,nan
goods-s-mediumjwst_10003938,1180,goods-s-mediumjwst,10003938,136394,136394,2023-01-28,53.1622808,-27.7683808,GS,2.25,-1.0,E,nan,nan,nan,nan
goods-s-mediumjwst_10004018,1180,goods-s-mediumjwst,10004018,135488,135488,2023-01-28,53.1591331,-27.7692227,GS,0.69,-1.0,E,nan,nan,nan,nan
goods-n-mediumjwst_10004051,1181,goods-n-mediumjwst,10004051,1094759,1094759,2023-05-05,189.18483337858513,62.27308403906693,GN,4.11,4.073096250870531,A,4.073096250870531,5.0,4.078651,-17.731660427610894
goods-s-deephst_10004061,1210,goods-s-deephst,10004061,436319,-1,2022-10-24,53.17435709670125,-27.770553958187023,GS,0.78,-1.0,E,nan,nan,nan,nan
goods-s-mediumjwst_10004141,1180,goods-s-mediumjwst,10004141,334277,-1,2023-10-08,53.14142066129047,-27.771790556954993,GS,3.44,-1.0,E,nan,nan,nan,nan
goods-s-mediumjwst_10004226,1180,goods-s-mediumjwst,10004226,313317,-1,2023-01-28,53.156711,-27.773623,GS,3.15,-1.0,E,nan,nan,nan,nan
goods-s-deephst_10004398,1210,goods-s-deephst,10004398,127293,127293,2022-10-24,53.13632617428123,-27.778720944595864,GS,0.94,-1.0,E,nan,nan,nan,nan
goods-s-mediumjwst_10004432,1286,goods-s-mediumjwst,10004432,265513,265513,2023-01-13,53.13611,-27.7796732,GS,3.77,-1.0,E,nan,nan,nan,nan
goods-s-mediumjwst_10004511,1180,goods-s-mediumjwst,10004511,342432,-1,2023-01-28,53.1356115,-27.7823609,GS,2.075,-1.0,E,nan,nan,nan,nan
goods-s-mediumjwst_10004555,1180,goods-s-mediumjwst,10004555,123703,123703,2023-01-28,53.1351095,-27.7840392,GS,2.88,-1.0,E,nan,nan,nan,nan
goods-s-mediumjwst_10004595,1286,goods-s-mediumjwst,10004595,311888,-1,2023-12-17,53.1850169,-27.7856034,GS,4.64364,-1.0,E,nan,nan,nan,nan
goods-s-mediumjwst_10004664,1180,goods-s-mediumjwst,10004664,119201,119201,2023-01-28,53.1468505,-27.7889308,GS,5.35,-1.0,E,nan,nan,nan,nan
goods-s-mediumjwst_10004681,1286,goods-s-mediumjwst,10004681,399698,-1,2023-01-13,53.1872734,-27.789848,GS,0.8,-1.0,E,nan,nan,nan,nan
goods-s-mediumjwst_10004683,1286,goods-s-mediumjwst,10004683,311096,-1,2023-01-13,53.1718035,-27.7903492,GS,3.73,-1.0,E,nan,nan,nan,nan
goods-s-mediumjwst_10004693,1286,goods-s-mediumjwst,10004693,310971,-1,2023-12-17,53.1589994,-27.7909385,GS,2.32,-1.0,E,nan,nan,nan,nan
goods-s-deephst_10004721,1210,goods-s-deephst,10004721,404938,-1,2022-10-24,53.16421861177504,-27.82480741864951,GS,2.833,3.07078,C,nan,nan,3.07078,-16.811655337789432
goods-s-mediumjwst_10004736,1180,goods-s-mediumjwst,10004736,253440,253440,2023-01-28,53.1640716,-27.8191086,GS,4.027,4.024735644483089,A,4.024735644483089,1.0,4.021595,-18.324185044525976
goods-s-mediumjwst_10004748,1180,goods-s-mediumjwst,10004748,402053,-1,2023-01-28,53.1724358,-27.8142708,GS,3.19,3.062450365565521,A,3.062450365565521,2.0,3.058037,-17.313185114035967
goods-s-mediumjwst_10004765,1180,goods-s-mediumjwst,10004765,399054,-1,2023-10-08,53.14412388430431,-27.81219168745733,GS,2.5,2.8512928243572375,A,2.8512928243572375,3.0,2.847846,nan
goods-s-mediumjwst_10004769,1286,goods-s-mediumjwst,10004769,-7,-1,2023-12-17,53.1641341,-27.8119333,GS,2.68,-1.0,E,nan,nan,nan,nan
goods-s-mediumjwst_10004793,1286,goods-s-mediumjwst,10004793,4793,-1,2023-12-17,53.1830769,-27.8074258,GS,4.704,-1.0,E,nan,nan,nan,nan
goods-s-mediumjwst_10004805,1180,goods-s-mediumjwst,10004805,200670,200670,2023-01-28,53.1840424,-27.8045567,GS,2.16,-1.0,E,nan,nan,nan,nan
goods-s-ultradeep_10004809,3215,goods-s-ultradeep,10004809,404528,-1,2023-10-16,53.1503614,-27.8036155,GS,2.613,2.434366,C,nan,nan,2.434366,nan
goods-s-deephst_10004819,1210,goods-s-deephst,10004819,201851,201851,2022-10-24,53.14838571236688,-27.80167000556424,GS,3.29,2.990476914702445,A,2.990476914702445,4.0,2.992149,nan
goods-s-mediumjwst_10004826,1286,goods-s-mediumjwst,10004826,4826,-1,2023-10-19,53.1767302,-27.800749,GS,0.61,-1.0,E,nan,nan,nan,nan
goods-s-mediumjwst_10004862,1180,goods-s-mediumjwst,10004862,407991,-1,2023-01-28,53.1405542,-27.7965359,GS,2.86,2.465062206137197,A,2.465062206137197,1.0,2.456545,nan
goods-s-mediumjwst_10004929,1286,goods-s-mediumjwst,10004929,4929,-1,2023-10-19,53.1302932,-27.7907843,GS,3.75,3.756040777776274,A,3.756040777776274,2.0,3.760162,-15.508875537824458
goods-s-mediumjwst_10004975,1286,goods-s-mediumjwst,10004975,400543,-1,2023-12-17,53.1555554,-27.7947329,GS,5.231,5.143397067247401,A,5.143397067247401,1.0,5.138184,-18.76623282522729
goods-s-mediumjwst_10004986,1180,goods-s-mediumjwst,10004986,394030,-1,2023-01-28,53.1330331,-27.782544,GS,2.12,1.8675079390160825,A,1.8675079390160825,2.0,1.86769,nan
goods-s-mediumjwst_10005010,1286,goods-s-mediumjwst,10005010,-7,-1,2023-12-17,53.1560012,-27.769299,GS,1.24,-1.0,E,nan,nan,nan,nan
goods-s-mediumjwst_10005050,1286,goods-s-mediumjwst,10005050,400193,-1,2023-12-17,53.1629059,-27.7746854,GS,3.58,-1.0,E,nan,nan,nan,nan
goods-s-mediumjwst_10005059,1180,goods-s-mediumjwst,10005059,207888,207888,2023-01-28,53.1354231,-27.776546,GS,3.33,3.3307209989594995,A,3.3307209989594995,5.0,3.32689,-17.803403997872778
goods-s-deephst_10005113,1210,goods-s-deephst,10005113,110319,110319,2022-10-24,53.167302636603296,-27.802870267876944,GS,5.76,5.820843101640282,A,5.820843101640282,2.0,5.816788,-17.949751205120116
goods-s-mediumjwst_10005124,1286,goods-s-mediumjwst,10005124,121517,121517,2023-01-13,53.172863,-27.7864096,GS,3.32,-1.0,E,nan,nan,nan,nan
goods-s-mediumjwst_10005212,1286,goods-s-mediumjwst,10005212,400537,-1,2023-12-17,53.1585167,-27.7959317,GS,-1.0,-1.0,E,nan,nan,nan,nan
goods-s-deephst_10005217,1210,goods-s-deephst,10005217,408895,-1,2022-10-24,53.17351437655147,-27.771867333022122,GS,5.06,4.886858181837784,A,4.886858181837784,6.0,4.886392,-18.054452020089848
goods-s-mediumjwst_10005323,1180,goods-s-mediumjwst,10005323,133422,133422,2023-01-28,53.1576055,-27.7710285,GS,1.09,5.265196,C,nan,nan,5.265196,-16.664376535242972
goods-s-deephst_10005367,1210,goods-s-deephst,10005367,202949,202949,2022-10-24,53.14982498036838,-27.798042648677836,GS,4.27,0.89015,D,nan,nan,0.89015,nan
goods-s-deephst_10005447,1210,goods-s-deephst,10005447,135407,135407,2022-10-24,53.16287836262972,-27.76928383229121,GS,6.46,6.6208807602367905,A,6.6208807602367905,1.0,6.620136,-17.026953481972278
goods-s-deephst_10005469,1210,goods-s-deephst,10005469,129077,129077,2022-10-24,53.17338136633493,-27.776092706970196,GS,3.82,3.94499,D,nan,nan,3.945295,-16.943230878150434
goods-s-mediumjwst_10005609,1180,goods-s-mediumjwst,10005609,196817,196817,2023-01-28,53.1731872,-27.8199014,GS,3.08,2.611158181242075,A,2.611158181242075,2.0,2.622509,nan
goods-s-mediumjwst_10005766,1180,goods-s-mediumjwst,10005766,410380,-1,2023-01-28,53.1796239,-27.8126708,GS,2.83,2.8426293804341682,A,2.8426293804341682,3.0,2.843839,nan
goods-s-mediumjwst_10005874,1180,goods-s-mediumjwst,10005874,199955,199955,2023-01-28,53.1380135,-27.8083007,GS,2.704,2.3432502656872405,A,2.3432502656872405,4.0,2.346656,nan
goods-s-mediumjwst_10006044,1180,goods-s-mediumjwst,10006044,201229,201229,2023-01-28,53.1422747,-27.8038915,GS,2.09,1.923850186560148,A,1.923850186560148,5.0,1.916445,nan
goods-s-deephst_10006084,1210,goods-s-deephst,10006084,289157,289157,2022-10-24,53.16113112050908,-27.80323562628256,GS,2.902,2.820508,C,nan,nan,2.820508,nan
goods-s-mediumjwst_10006085,1286,goods-s-mediumjwst,10006085,297154,297154,2023-10-19,53.1610511,-27.8029757,GS,2.14,2.0972735036578865,A,2.0972735036578865,3.0,2.093055,nan
goods-s-mediumjwst_10006136,1286,goods-s-mediumjwst,10006136,409205,-1,2023-10-19,53.1383074,-27.8022309,GS,0.99,-1.0,E,nan,nan,nan,nan
goods-s-mediumjwst_10006216,1286,goods-s-mediumjwst,10006216,202278,202278,2023-12-17,53.1377094,-27.7998283,GS,4.61,3.6016,C,nan,nan,3.6016,-18.326383602857653
goods-n-mediumjwst_10006227,1181,goods-n-mediumjwst,10006227,1212482,-1,2024-05-19,189.30135920137002,62.140900730329065,GN,0.37,3.3463971865184785,A,3.3463971865184785,11.0,3.351423,-19.401903995880875
goods-n-mediumjwst_10006242,1181,goods-n-mediumjwst,10006242,1218837,-1,2024-05-19,189.29503956854012,62.141057157058356,GN,2.27,0.9091688009731935,A,0.9091688009731935,2.0,0.90539,nan
goods-n-mediumjwst_10006262,1181,goods-n-mediumjwst,10006262,-4,-1,2024-05-19,189.21611912697034,62.141280356236905,GN,1.892,1.8257510280845568,A,1.8257510280845568,1.0,1.82599,nan
goods-s-mediumjwst_10006304,1180,goods-s-mediumjwst,10006304,285503,285503,2023-01-28,53.1862013,-27.7985495,GS,0.969,-1.0,E,nan,nan,nan,nan
goods-n-mediumjwst_10006333,1181,goods-n-mediumjwst,10006333,1216258,-1,2024-05-19,189.30957644925252,62.14208127650978,GN,0.47,-1.0,E,nan,nan,nan,nan
goods-s-mediumjwst_10006518,1180,goods-s-mediumjwst,10006518,216268,216268,2023-01-28,53.161653,-27.7527272,GS,2.24,2.5724298087421555,A,2.5724298087421555,1.0,2.573,nan
goods-s-mediumjwst_10006535,1180,goods-s-mediumjwst,10006535,257455,257455,2023-01-28,53.1649474,-27.7559586,GS,0.692,1.0222391045351626,A,1.0222391045351626,15.0,1.018466,nan
goods-n-mediumjwst_10006597,1181,goods-n-mediumjwst,10006597,-4,-1,2024-05-19,189.20812135084873,62.14482113980465,GN,2.553,2.553,C,nan,nan,2.553,nan
goods-s-mediumjwst_10006727,1180,goods-s-mediumjwst,10006727,205336,205336,2023-01-28,53.1468925,-27.7887094,GS,1.204,1.34,C,nan,nan,1.34,nan
goods-s-mediumjwst_10006739,1286,goods-s-mediumjwst,10006739,205194,205194,2023-01-13,53.1915541,-27.7892652,GS,2.5821,2.587357961522103,A,2.587357961522103,11.0,2.588554,nan
goods-s-mediumjwst_10006818,1180,goods-s-mediumjwst,10006818,204578,204578,2023-01-28,53.1508538,-27.790676,GS,1.50929,1.55309,C,nan,nan,1.55309,nan
goods-n-mediumjwst_10006877,1181,goods-n-mediumjwst,10006877,-4,-1,2024-05-19,189.19373152660606,62.14719625753757,GN,2.377,2.377,C,nan,nan,2.377,nan
goods-s-mediumjwst_10006993,1180,goods-s-mediumjwst,10006993,204274,204274,2023-01-28,53.1759801,-27.7926766,GS,3.71178,3.7055720226911735,A,3.7055720226911735,7.0,3.704951,-18.74554717114323
goods-s-mediumjwst_10007081,1286,goods-s-mediumjwst,10007081,7081,-1,2023-12-17,53.1741265,-27.7942143,GS,2.76,2.6891321177941405,A,2.6891321177941405,12.0,2.683827,nan
goods-n-mediumjwst_10007084,1181,goods-n-mediumjwst,10007084,-4,-1,2024-05-19,189.20446320530093,62.14888967711215,GN,1.678,2.0881818894347797,A,2.0881818894347797,6.0,2.080016,nan
goods-n-mediumjwst_10007191,1181,goods-n-mediumjwst,10007191,-4,-1,2024-05-19,189.19885888259952,62.14980911202601,GN,2.49,2.639516972910331,A,2.639516972910331,7.0,2.64323,nan
goods-s-mediumjwst_10007235,1286,goods-s-mediumjwst,10007235,206078,206078,2023-01-13,53.1792984,-27.7860219,GS,2.54,2.3943204985280975,A,2.3943204985280975,10.0,nan,nan
goods-n-mediumjwst_10007292,1181,goods-n-mediumjwst,10007292,0,-1,2024-05-19,189.1944126802535,62.150713469823415,GN,1.777,-1.0,E,nan,nan,nan,nan
goods-s-mediumjwst_10007419,1180,goods-s-mediumjwst,10007419,214190,214190,2023-01-28,53.1617561,-27.7602568,GS,4.1,-1.0,E,nan,nan,nan,nan
goods-s-mediumjwst_10007444,1180,goods-s-mediumjwst,10007444,124908,124908,2023-01-28,53.149017,-27.781951,GS,1.721,1.904508513919873,A,1.904508513919873,13.0,1.900363,nan
goods-n-mediumjwst_10007457,1181,goods-n-mediumjwst,10007457,-4,-1,2024-05-19,189.2003487781803,62.15220118903693,GN,0.937,0.9569427143217895,A,0.9569427143217895,3.0,0.955347,nan
goods-s-mediumjwst_10007486,1180,goods-s-mediumjwst,10007486,207072,207072,2023-01-28,53.1822528,-27.7833854,GS,2.27,2.0697544155993826,A,2.0697544155993826,2.0,2.071357,nan
goods-s-mediumjwst_10007615,1180,goods-s-mediumjwst,10007615,213494,213494,2023-01-28,53.1653335,-27.7628543,GS,2.43,1.3945019667414267,A,1.3945019667414267,1.0,1.39535,nan
goods-s-mediumjwst_10007719,1180,goods-s-mediumjwst,10007719,213186,213186,2023-01-28,53.16278,-27.764485,GS,2.08,2.33088,D,nan,nan,2.33088,nan
goods-s-mediumjwst_10007852,1286,goods-s-mediumjwst,10007852,208920,208920,2023-01-13,53.1441768,-27.7773966,GS,4.11,-1.0,E,nan,nan,nan,nan
goods-s-ultradeep_10008046,3215,goods-s-ultradeep,10008046,432621,-1,2023-10-16,53.1593658,-27.769792,GS,0.26,-1.0,E,nan,nan,nan,nan
goods-s-deephst_10008067,1210,goods-s-deephst,10008067,134039,134039,2022-10-24,53.157549111303425,-27.770480844206755,GS,3.21,-1.0,E,nan,nan,nan,nan
goods-s-deephst_10008071,1210,goods-s-deephst,10008071,210730,210730,2022-10-24,53.15446,-27.771433,GS,2.224,2.22737516867073,A,2.22737516867073,17.0,2.224508,nan
goods-s-deephst_10008231,1210,goods-s-deephst,10008231,209219,209219,2022-10-24,53.16775631856292,-27.775964787229583,GS,1.79,1.79,D,nan,nan,1.79,nan
goods-s-mediumjwst_10008268,1286,goods-s-mediumjwst,10008268,334136,-1,2023-12-17,53.1809099,-27.7767626,GS,5.97,4.917250516735743,A,4.917250516735743,2.0,4.91701,-17.186315600151126
goods-s-mediumjwst_10008350,1180,goods-s-mediumjwst,10008350,208275,208275,2023-01-28,53.1448626,-27.7784983,GS,1.554,1.4128489760815146,A,1.4128489760815146,5.0,1.416062,nan
goods-s-mediumjwst_10008625,1180,goods-s-mediumjwst,10008625,205255,205255,2023-01-28,53.1244946,-27.7880656,GS,4.86,-1.0,E,nan,nan,nan,nan
goods-s-mediumjwst_10008643,1180,goods-s-mediumjwst,10008643,205099,205099,2023-01-28,53.1237628,-27.7896003,GS,2.01,1.88174,D,nan,nan,1.88174,nan
goods-s-deephst_10008722,1210,goods-s-deephst,10008722,199579,199579,2022-10-24,53.155265353194125,-27.809843382914963,GS,1.972,1.757769,C,nan,nan,1.757769,nan
goods-s-mediumjwst_10008728,1180,goods-s-mediumjwst,10008728,401121,-1,2023-01-28,53.1840699,-27.8066419,GS,0.692,-1.0,E,nan,nan,nan,nan
goods-s-mediumjwst_10008792,1286,goods-s-mediumjwst,10008792,379280,-1,2023-12-17,53.1777139,-27.7987275,GS,2.37,2.69331,C,nan,nan,2.69331,nan
goods-s-mediumjwst_10008794,1180,goods-s-mediumjwst,10008794,202790,202790,2023-01-28,53.1481624,-27.7985015,GS,1.79,1.61277,D,nan,nan,1.61277,nan
goods-s-mediumjwst_10008933,1286,goods-s-mediumjwst,10008933,204752,204752,2023-01-13,53.1846715,-27.790697,GS,3.68,-1.0,E,nan,nan,nan,nan
goods-s-mediumjwst_10008989,1286,goods-s-mediumjwst,10008989,203726,203726,2023-01-13,53.187413,-27.7936594,GS,2.7472,2.395094038919623,A,2.395094038919623,8.0,2.394959,nan
goods-s-mediumjwst_10009106,1286,goods-s-mediumjwst,10009106,9106,-1,2023-12-17,53.1775273,-27.7685922,GS,-1.0,1.555946871741469,A,1.555946871741469,8.0,1.567412,nan
goods-s-mediumjwst_10009204,1180,goods-s-mediumjwst,10009204,333960,-1,2023-01-28,53.1337578,-27.7821547,GS,3.241,-1.0,E,nan,nan,nan,nan
goods-s-deephst_10009320,1210,goods-s-deephst,10009320,111668,111668,2022-10-24,53.15623398366517,-27.800742107356253,GS,5.18,5.054514596751113,A,5.054514596751113,1.0,5.056973,-16.60744804766768
goods-s-mediumjwst_10009336,1180,goods-s-mediumjwst,10009336,203462,203462,2023-01-28,53.1222972,-27.7955901,GS,3.5,3.467780897162501,A,3.467780897162501,4.0,3.465166,-19.047339350287466
goods-s-mediumjwst_10009349,1180,goods-s-mediumjwst,10009349,333727,-1,2023-01-28,53.1531294,-27.790577,GS,3.36,3.330618820480411,A,3.330618820480411,4.0,3.318597,-18.755411863796613
goods-s-deephst_10009382,1210,goods-s-deephst,10009382,213263,213263,2022-10-24,53.1549464668762,-27.76418004348786,GS,3.32,3.32,D,nan,nan,3.32,-16.480186104388082
goods-s-mediumjwst_10009386,1286,goods-s-mediumjwst,10009386,126868,126868,2023-01-13,53.1758599,-27.7794371,GS,0.73,-1.0,E,nan,nan,nan,nan
goods-s-mediumjwst_10009434,1180,goods-s-mediumjwst,10009434,208427,208427,2023-01-28,53.1885555,-27.7787122,GS,3.66965,3.664285542994212,A,3.664285542994212,1.0,3.664102,-18.05496238123619
goods-s-mediumjwst_10009453,1180,goods-s-mediumjwst,10009453,333590,-1,2023-01-28,53.1787077,-27.7989084,GS,3.7075,3.705318218303971,A,3.705318218303971,8.0,3.700407,-18.980439536484244
goods-s-mediumjwst_10009501,1286,goods-s-mediumjwst,10009501,200222,200222,2023-01-13,53.1427366,-27.8076518,GS,2.96,2.675425500345091,A,2.675425500345091,4.0,nan,nan
goods-s-deephst_10009506,1210,goods-s-deephst,10009506,200717,200717,2022-10-24,53.15301369559945,-27.80606810267314,GS,3.60162,3.5986094149330192,A,3.5986094149330192,10.0,3.591953,-18.7131043378437
goods-s-mediumjwst_10009556,1180,goods-s-mediumjwst,10009556,417437,-1,2023-01-28,53.1846974,-27.7896772,GS,0.2,-1.0,E,nan,nan,nan,nan
goods-s-mediumjwst_10009593,1180,goods-s-mediumjwst,10009593,208813,208813,2023-01-28,53.1485319,-27.7773616,GS,3.58027,3.599065,B,nan,nan,3.599065,-19.468083515995477
goods-s-ultradeep_10009602,3215,goods-s-ultradeep,10009602,9602,210079,2023-10-16,53.164187,-27.772897,GS,2.447,2.838599,B,nan,nan,2.838599,nan
goods-n-mediumjwst_10009609,1181,goods-n-mediumjwst,10009609,1084527,1084527,2023-05-05,189.18142914518006,62.169806716589605,GN,0.486,0.9712323467438271,A,0.9712323467438271,7.0,0.961145,nan
goods-s-deephst_10009609,1210,goods-s-deephst,10009609,130754,130754,2022-10-24,53.1715385688793,-27.773870178228954,GS,3.96,-1.0,E,nan,nan,nan,nan
goods-s-mediumjwst_10009642,1180,goods-s-mediumjwst,10009642,206891,206891,2023-01-28,53.1926798,-27.7842212,GS,5.3,4.838504751639081,A,4.838504751639081,7.0,4.838429,-19.121319933003388
goods-s-mediumjwst_10009687,1286,goods-s-mediumjwst,10009687,201122,201122,2023-01-13,53.1361308,-27.8039895,GS,4.43,4.808032732730944,A,4.808032732730944,2.0,4.80358,-18.1599068164331
goods-s-deephst_10009693,1210,goods-s-deephst,10009693,110061,110061,2022-10-24,53.16238088888732,-27.803324607325557,GS,6.46,6.285154504076431,A,6.285154504076431,1.0,6.29198,-16.8755529027638
goods-s-mediumjwst_10009703,1286,goods-s-mediumjwst,10009703,202037,202037,2023-01-13,53.1888489,-27.801049,GS,3.85,2.8482002459065887,A,2.8482002459065887,2.0,nan,nan
goods-s-deephst_10009848,1210,goods-s-deephst,10009848,208744,208744,2022-10-24,53.16136255538852,-27.778029406276005,GS,4.37,4.37,D,nan,nan,4.37,-17.032810810563394
goods-n-mediumjwst_10009908,1181,goods-n-mediumjwst,10009908,1084567,1084567,2023-05-05,189.16918953823432,62.1721346894832,GN,1.061,0.9549640605465393,A,0.9549640605465393,3.0,0.955491,nan
goods-n-mediumjwst_10009913,1181,goods-n-mediumjwst,10009913,1084566,1084566,2023-05-05,189.17763443295246,62.17207613131461,GN,1.839,1.7353526708269547,A,1.7353526708269547,5.0,1.725346,nan
goods-s-mediumjwst_10010223,1286,goods-s-mediumjwst,10010223,193899,193899,2023-01-13,53.142896,-27.8274531,GS,1.001,0.8661,D,nan,nan,0.8661,nan
goods-s-mediumjwst_10010247,1180,goods-s-mediumjwst,10010247,478017,-1,2023-10-08,53.19493729826349,-27.82709804503602,GS,0.291,1.0,D,nan,nan,1.0,nan
goods-s-mediumjwst_10010414,1286,goods-s-mediumjwst,10010414,194701,194701,2023-01-13,53.1286046,-27.8246626,GS,4.673,-1.0,E,nan,nan,nan,nan
goods-s-mediumjwst_10010433,1180,goods-s-mediumjwst,10010433,449612,-1,2023-10-08,53.20786483057761,-27.824565504452664,GS,0.855,0.76684,D,nan,nan,0.76684,nan
goods-s-mediumjwst_10010487,1180,goods-s-mediumjwst,10010487,434742,-1,2023-10-08,53.200918108446444,-27.823594699775004,GS,2.349,2.449,D,nan,nan,2.449,nan
goods-s-mediumjwst_10010604,1286,goods-s-mediumjwst,10010604,196400,196400,2023-01-13,53.1837853,-27.8211792,GS,2.326,2.4260337562846352,A,2.4260337562846352,1.0,2.423757,nan
goods-s-deephst_10010639,1210,goods-s-deephst,10010639,196292,196292,2022-10-24,53.149112729607786,-27.8207903171587,GS,1.65,2.62099,C,nan,nan,2.62099,nan
goods-s-deephst_10010642,1210,goods-s-deephst,10010642,196444,196444,2022-10-24,53.14308385565903,-27.820772330750334,GS,1.456,1.9023500551774184,A,1.9023500551774184,4.0,1.919594,nan
goods-s-mediumjwst_10010660,1286,goods-s-mediumjwst,10010660,196603,196603,2023-01-13,53.1834313,-27.8203064,GS,2.05109,2.0012551122573354,A,2.0012551122573354,3.0,2.015342,nan
goods-s-deephst_10010691,1210,goods-s-deephst,10010691,415755,-1,2022-10-24,53.148798763077004,-27.819575548068933,GS,1.725,1.96793,C,nan,nan,1.96793,nan
goods-s-mediumjwst_10010731,1286,goods-s-mediumjwst,10010731,197019,197019,2023-01-13,53.1180385,-27.8188677,GS,0.47,-1.0,E,nan,nan,nan,nan
goods-s-deephst_10010770,1210,goods-s-deephst,10010770,99643,99643,2022-10-24,53.12072596942765,-27.817713948931946,GS,1.145,1.2944861181249618,A,1.2944861181249618,2.0,1.307575,nan
goods-n-mediumjwst_10010818,1181,goods-n-mediumjwst,10010818,1084684,1084684,2023-05-05,189.17153686848496,62.178886028809636,GN,0.538,0.911,C,nan,nan,0.911,nan
goods-s-mediumjwst_10010897,1286,goods-s-mediumjwst,10010897,198016,198016,2023-01-13,53.1448794,-27.8151934,GS,2.61,2.343376337218212,A,2.343376337218212,2.0,2.351788,nan
goods-s-mediumjwst_10010937,1180,goods-s-mediumjwst,10010937,306557,-1,2023-10-08,53.19960115461749,-27.813914537818054,GS,1.74,1.6142506811203312,A,1.6142506811203312,4.0,1.6017,nan
goods-s-mediumjwst_10010953,1180,goods-s-mediumjwst,10010953,198333,198333,2023-01-28,53.1265248,-27.8139696,GS,1.595,2.08106,D,nan,nan,2.08106,nan
goods-s-mediumjwst_10010985,1286,goods-s-mediumjwst,10010985,198855,198855,2023-01-13,53.1217957,-27.8127319,GS,2.81,2.616741150311338,A,2.616741150311338,2.0,2.609636,nan
goods-s-mediumjwst_10011015,1180,goods-s-mediumjwst,10011015,306850,-1,2023-10-08,53.203625368639784,-27.81225884533452,GS,3.02,2.850121598793576,A,2.850121598793576,6.0,2.847561,nan
goods-s-ultradeep_10011032,3215,goods-s-ultradeep,10011032,199052,199052,2023-10-16,53.119831,-27.8118451,GS,1.317,1.5511431113240555,A,1.5511431113240555,6.0,1.541677,nan
goods-s-mediumjwst_10011037,1180,goods-s-mediumjwst,10011037,306965,-1,2023-10-08,53.19772745432844,-27.81147700314568,GS,2.741,2.807465597503385,A,2.807465597503385,4.0,2.814432,nan
goods-s-mediumjwst_10011069,1180,goods-s-mediumjwst,10011069,393608,-1,2023-10-08,53.20659577621182,-27.810441185285892,GS,2.625,-1.0,E,nan,nan,nan,nan
goods-s-mediumjwst_10011117,1286,goods-s-mediumjwst,10011117,199434,199434,2023-01-13,53.1272176,-27.8097644,GS,0.054,-1.0,E,nan,nan,nan,nan
goods-s-mediumjwst_10011141,1180,goods-s-mediumjwst,10011141,307490,-1,2023-10-08,53.20001196052432,-27.808230615149228,GS,0.874,1.2440130914425143,A,1.2440130914425143,4.0,1.2333,nan
goods-s-mediumjwst_10011224,1286,goods-s-mediumjwst,10011224,200943,200943,2023-01-13,53.1284433,-27.8052213,GS,1.171,-1.0,E,nan,nan,nan,nan
goods-s-mediumjwst_10011258,1286,goods-s-mediumjwst,10011258,201208,201208,2023-01-13,53.1204457,-27.8040125,GS,2.99,2.3457879252180645,A,2.3457879252180645,1.0,2.350949,nan
goods-s-mediumjwst_10011355,1180,goods-s-mediumjwst,10011355,333556,-1,2023-01-28,53.1198757,-27.7993634,GS,3.504,1.4129871110741665,A,1.4129871110741665,7.0,1.417047,nan
goods-s-deephst_10011378,1210,goods-s-deephst,10011378,202483,202483,2022-10-24,53.11928984887793,-27.799004499570092,GS,2.8,2.577143170402586,A,2.577143170402586,9.0,2.576206,nan
goods-s-deephst_10011388,1210,goods-s-deephst,10011388,113404,113404,2022-10-24,53.152528619169146,-27.798007632155525,GS,4.883,-1.0,E,nan,nan,nan,nan
goods-s-mediumjwst_10011469,1286,goods-s-mediumjwst,10011469,116544,116544,2023-01-13,53.1737485,-27.7927866,GS,-99.0,-1.0,E,nan,nan,nan,nan
goods-s-mediumjwst_10011541,1286,goods-s-mediumjwst,10011541,415562,-1,2023-12-17,53.149377,-27.7881835,GS,7.4269,7.433363766633337,A,7.433363766633337,2.0,nan,nan
goods-s-mediumjwst_10011679,1286,goods-s-mediumjwst,10011679,412297,-1,2023-01-13,53.1738703,-27.7824326,GS,1.87,1.984171,C,nan,nan,1.984171,nan
goods-s-mediumjwst_10011781,1286,goods-s-mediumjwst,10011781,405755,-1,2023-12-17,53.180375,-27.780088,GS,4.976,2.35616,D,nan,nan,2.35616,nan
goods-s-mediumjwst_10011809,1180,goods-s-mediumjwst,10011809,208160,208160,2023-01-28,53.1990176,-27.779609,GS,2.559,2.8348086921224462,A,2.8348086921224462,8.0,2.839285,nan
goods-s-deephst_10011849,1210,goods-s-deephst,10011849,208828,208828,2022-10-24,53.12004626821322,-27.77785650887637,GS,2.79,2.6949343865375552,A,2.6949343865375552,11.0,2.689291,nan
goods-s-mediumjwst_10011877,1180,goods-s-mediumjwst,10011877,394028,-1,2023-01-28,53.1310962,-27.7771006,GS,0.768,0.6689760948525398,A,0.6689760948525398,2.0,0.664766,nan
goods-s-mediumjwst_10011890,1286,goods-s-mediumjwst,10011890,209073,209073,2023-01-13,53.1288116,-27.7766697,GS,1.75,1.7675806322134053,A,1.7675806322134053,6.0,nan,nan
goods-s-deephst_10011955,1210,goods-s-deephst,10011955,209521,-1,2022-10-24,53.121156004200586,-27.775124025172467,GS,2.07099,2.226898638303736,A,2.226898638303736,8.0,2.22556,nan
goods-s-deephst_10011974,1210,goods-s-deephst,10011974,209521,209521,2022-10-24,53.12113999824033,-27.774693106921145,GS,2.22425,2.224623047691245,A,2.224623047691245,12.0,2.232183,nan
goods-s-deephst_10011980,1210,goods-s-deephst,10011980,11980,-1,2022-10-24,53.12171388014014,-27.7741672056715,GS,2.82,2.8664646407606615,A,2.8664646407606615,4.0,2.870397,nan
goods-s-deephst_10011987,1210,goods-s-deephst,10011987,209291,209291,2022-10-24,53.15140035081743,-27.774885019233356,GS,5.49805,0.58079,D,nan,nan,0.576902,nan
goods-s-ultradeep_10011990,3215,goods-s-ultradeep,10011990,334171,-1,2023-10-16,53.1240434,-27.7743692,GS,2.08,2.313996223863831,A,2.313996223863831,3.0,2.312274,nan
goods-s-mediumjwst_10011997,1286,goods-s-mediumjwst,10011997,400828,-1,2023-01-13,53.1486839,-27.7746011,GS,3.15,2.949245,B,nan,nan,2.949245,nan
goods-s-deephst_10012005,1210,goods-s-deephst,10012005,209665,209665,2022-10-24,53.12031515168711,-27.77466411383444,GS,1.8648,1.8648113078625221,A,1.8648113078625221,10.0,1.867593,nan
goods-s-mediumjwst_10012070,1180,goods-s-mediumjwst,10012070,413345,-1,2023-10-08,53.196714834483714,-27.772287437310215,GS,0.16,2.811299716530886,A,2.811299716530886,14.0,2.812553,nan
goods-s-deephst_10012081,1210,goods-s-deephst,10012081,210585,210585,2022-10-24,53.13026523933606,-27.772058590951755,GS,2.641,-1.0,E,nan,nan,nan,nan
goods-s-mediumjwst_10012102,1180,goods-s-mediumjwst,10012102,413239,-1,2023-10-08,53.193414438816845,-27.77170555300606,GS,3.43,3.4960390199128204,A,3.4960390199128204,5.0,3.498345,-18.30742283670413
goods-s-mediumjwst_10012107,1180,goods-s-mediumjwst,10012107,210868,210868,2023-01-28,53.137014,-27.7713877,GS,3.091,3.4270123714796115,A,3.4270123714796115,2.0,3.424585,-18.597486016378838
goods-s-ultradeep_10012131,3215,goods-s-ultradeep,10012131,254985,-1,2023-10-16,53.1695379,-27.7708558,GS,1.995,0.619303,B,nan,nan,0.619303,nan
goods-s-deephst_10012170,1210,goods-s-deephst,10012170,266065,266065,2022-10-24,53.12499018626862,-27.7702179490189,GS,5.141,1.28871,D,nan,nan,1.289074,nan
goods-s-deephst_10012194,1210,goods-s-deephst,10012194,135102,135102,2022-10-24,53.124124334932894,-27.7695900695732,GS,2.06,1.951025,B,nan,nan,1.951025,nan
goods-s-mediumjwst_10012266,1180,goods-s-mediumjwst,10012266,398706,-1,2023-01-28,53.1558844,-27.7684422,GS,0.935,-1.0,E,nan,nan,nan,nan
goods-s-deephst_10012284,1210,goods-s-deephst,10012284,136828,136828,2022-10-24,53.119773112626135,-27.76790939575658,GS,1.122,1.312178,B,nan,nan,1.312178,nan
goods-s-mediumjwst_10012336,1180,goods-s-mediumjwst,10012336,405245,-1,2023-01-28,53.1623271,-27.7668725,GS,1.816,5.913649758762106,A,5.913649758762106,2.0,5.908309,-19.039723982106302
goods-s-deephst_10012344,1210,goods-s-deephst,10012344,405247,-1,2022-10-24,53.16217317385414,-27.766909513816795,GS,3.116,-1.0,E,nan,nan,nan,nan
goods-s-mediumjwst_10012354,1180,goods-s-mediumjwst,10012354,406716,-1,2023-01-28,53.1407012,-27.7664716,GS,1.401,-1.0,E,nan,nan,nan,nan
goods-s-mediumjwst_10012416,1180,goods-s-mediumjwst,10012416,212780,212780,2023-01-28,53.1422659,-27.7652229,GS,2.112,0.36667675053035287,A,0.36667675053035287,10.0,0.368365,nan
goods-s-ultradeep_10012449,3215,goods-s-ultradeep,10012449,314489,-1,2023-10-16,53.1231144,-27.7643091,GS,1.193,1.30179,D,nan,nan,1.30179,nan
goods-s-deephst_10012477,1210,goods-s-deephst,10012477,140371,140371,2022-10-24,53.12257650238698,-27.76373318294638,GS,0.677,0.6707724778504072,A,0.6707724778504072,3.0,0.673978,nan
goods-s-deephst_10012488,1210,goods-s-deephst,10012488,140640,140640,2022-10-24,53.130170077155384,-27.763386235785337,GS,0.102,1.706924,C,nan,nan,1.706924,nan
goods-s-deephst_10012493,1210,goods-s-deephst,10012493,266503,266503,2022-10-24,53.130201068049026,-27.763226266070085,GS,0.827,0.94401,C,nan,nan,0.94401,nan
goods-s-deephst_10012511,1210,goods-s-deephst,10012511,141088,141088,2022-10-24,53.12049787037422,-27.762761370804636,GS,1.54,2.025144,C,nan,nan,2.025144,nan
goods-s-mediumjwst_10012529,1286,goods-s-mediumjwst,10012529,-3,-1,2023-12-17,53.1590927,-27.7621504,GS,3.617,-1.0,E,nan,nan,nan,nan
goods-s-deephst_10012552,1210,goods-s-deephst,10012552,314842,-1,2022-10-24,53.12386421804043,-27.761619581575854,GS,0.837,-1.0,E,nan,nan,nan,nan
goods-s-mediumjwst_10012561,1180,goods-s-mediumjwst,10012561,213796,213796,2023-01-28,53.1467579,-27.7614926,GS,0.113,-1.0,E,nan,nan,nan,nan
goods-s-deephst_10012566,1210,goods-s-deephst,10012566,142071,142071,2022-10-24,53.121516650317176,-27.761325641336345,GS,0.748,0.665965,B,nan,nan,0.665965,nan
goods-s-ultradeep_10012575,3215,goods-s-ultradeep,10012575,314900,-1,2023-10-16,53.1308589,-27.7611367,GS,0.444,-1.0,E,nan,nan,nan,nan
goods-s-mediumjwst_10012602,1286,goods-s-mediumjwst,10012602,-3,-1,2023-12-17,53.1640207,-27.7606967,GS,2.304,-1.0,E,nan,nan,nan,nan
goods-s-deephst_10012616,1210,goods-s-deephst,10012616,142753,142753,2022-10-24,53.123188319639844,-27.760433807606457,GS,0.987,1.0974068026469306,A,1.0974068026469306,3.0,1.095678,nan
goods-s-deephst_10012655,1210,goods-s-deephst,10012655,315067,-1,2022-10-24,53.118583165655686,-27.759762942720744,GS,1.452,-1.0,E,nan,nan,nan,nan
goods-s-deephst_10012669,1210,goods-s-deephst,10012669,266740,266740,2022-10-24,53.11819323294661,-27.759496993825397,GS,1.379,1.863085,C,nan,nan,1.863085,nan
goods-s-mediumjwst_10012996,1180,goods-s-mediumjwst,10012996,215666,215666,2023-01-28,53.1542734,-27.7545519,GS,1.815,1.9439200217859547,A,1.9439200217859547,6.0,1.950725,nan
goods-s-ultradeep_10013164,3215,goods-s-ultradeep,10013164,199397,199397,2023-10-16,53.1692538,-27.8105852,GS,3.07,2.8035773325200957,A,2.8035773325200957,7.0,2.794815,nan
goods-s-mediumjwst_10013169,1180,goods-s-mediumjwst,10013169,308086,-1,2023-10-08,53.20059578434295,-27.80497923085327,GS,5.43,5.035897666315618,A,5.035897666315618,10.0,5.034074,-20.300303610855604
goods-s-mediumjwst_10013204,1180,goods-s-mediumjwst,10013204,211739,211739,2023-01-28,53.1940683,-27.769121,GS,4.7,4.870928222777186,A,4.870928222777186,3.0,4.861581,-18.421658708599427
goods-s-mediumjwst_10013268,1180,goods-s-mediumjwst,10013268,475083,-1,2023-10-08,53.201827882422606,-27.820880213127584,GS,3.187,4.038419553224965,A,4.038419553224965,4.0,4.048128,-18.392415276632434
goods-s-mediumjwst_10013314,1180,goods-s-mediumjwst,10013314,308452,-1,2023-10-08,53.202897317388874,-27.80318556732103,GS,3.51,3.7046793269272245,A,3.7046793269272245,3.0,3.704281,-18.935248559723583
goods-s-mediumjwst_10013316,1180,goods-s-mediumjwst,10013316,202187,202187,2023-01-28,53.1244399,-27.8004242,GS,3.64,3.705599130894618,A,3.705599130894618,5.0,3.715601,-19.676619009338502
goods-s-mediumjwst_10013368,1286,goods-s-mediumjwst,10013368,211172,211172,2023-01-13,53.1302432,-27.7705709,GS,3.087,-1.0,E,nan,nan,nan,nan
goods-s-deephst_10013385,1210,goods-s-deephst,10013385,330743,-1,2022-10-24,53.13846356703114,-27.765247868667927,GS,4.533,-1.0,E,nan,nan,nan,nan
goods-s-deephst_10013393,1210,goods-s-deephst,10013393,142055,142055,2022-10-24,53.127985442996284,-27.761356624410535,GS,0.442,-1.0,E,nan,nan,nan,nan
goods-s-mediumjwst_10013468,1286,goods-s-mediumjwst,10013468,289115,-1,2023-01-13,53.1798711,-27.8247325,GS,3.91,3.814330133850904,A,3.814330133850904,3.0,3.805019,-17.616950499218348
goods-s-mediumjwst_10013482,1286,goods-s-mediumjwst,10013482,196286,196286,2023-01-13,53.1784223,-27.8213092,GS,3.82,4.144368313794162,A,4.144368313794162,3.0,4.142706,-19.101320611276563
goods-s-mediumjwst_10013487,1180,goods-s-mediumjwst,10013487,469899,-1,2023-10-08,53.19163277662643,-27.82036832674758,GS,4.06,-1.0,E,nan,nan,nan,nan
goods-s-mediumjwst_10013523,1180,goods-s-mediumjwst,10013523,307312,-1,2023-10-08,53.20440016383026,-27.809348396074697,GS,3.91,1.71,D,nan,nan,1.71,nan
goods-s-mediumjwst_10013534,1180,goods-s-mediumjwst,10013534,308166,-1,2023-10-08,53.20532,-27.804598,GS,5.82,5.378109597840526,A,5.378109597840526,4.0,5.374553,-19.2701405033102
goods-s-deephst_10013545,1210,goods-s-deephst,10013545,202385,202385,2022-10-24,53.124126948138894,-27.79914146528708,GS,4.22,4.0363544043627115,A,4.0363544043627115,4.0,4.03745,-19.22247468046993
goods-s-mediumjwst_10013560,1286,goods-s-mediumjwst,10013560,206860,206860,2023-01-13,53.1389809,-27.7843043,GS,4.08,3.9381440146265967,A,3.9381440146265967,7.0,nan,nan
goods-s-deephst_10013578,1210,goods-s-deephst,10013578,127673,127673,2022-10-24,53.11875151532594,-27.77811146274969,GS,3.77,4.022384,B,nan,nan,4.022384,-18.66057888906167
goods-s-deephst_10013597,1210,goods-s-deephst,10013597,291656,291656,2022-10-24,53.12324849442879,-27.76939410823454,GS,3.32724,3.3236162182261797,A,3.3236162182261797,2.0,3.322597,-17.735392586132694
goods-s-mediumjwst_10013601,1286,goods-s-mediumjwst,10013601,413763,-1,2023-12-17,53.1589408,-27.7680983,GS,6.24,-1.0,E,nan,nan,nan,nan
goods-s-deephst_10013609,1210,goods-s-deephst,10013609,140125,140125,2022-10-24,53.117303,-27.764082,GS,7.16,6.928147496756044,A,6.928147496756044,4.0,6.926956,-18.750880977886858
goods-s-deephst_10013618,1210,goods-s-deephst,10013618,142466,142466,2022-10-24,53.119112,-27.760802,GS,6.03,5.942624093904442,A,5.942624093904442,4.0,5.942579,-19.32896208745194
goods-s-deephst_10013620,1210,goods-s-deephst,10013620,214119,214119,2022-10-24,53.12259,-27.760569,GS,5.89,5.917031319789648,A,5.917031319789648,6.0,5.916102,-19.465727611739574
goods-s-mediumjwst_10013664,1180,goods-s-mediumjwst,10013664,115858,115858,2023-01-28,53.1457145,-27.7937881,GS,6.1,-1.0,E,nan,nan,nan,nan
goods-s-deephst_10013682,1210,goods-s-deephst,10013682,334273,-1,2022-10-24,53.167464,-27.772006,GS,6.84,7.274610198881437,A,7.274610198881437,2.0,7.272121,-15.501255202004387
goods-s-deephst_10013704,1210,goods-s-deephst,10013704,197348,197348,2022-10-24,53.12653501824446,-27.818092314239077,GS,5.82,5.917657275848125,A,5.917657275848125,7.0,5.92316,-18.935537138796192
goods-s-mediumjwst_10013728,1286,goods-s-mediumjwst,10013728,118125,118125,2023-01-13,53.140366,-27.7902704,GS,6.0,-1.0,E,nan,nan,nan,nan
goods-s-deephst_10013774,1210,goods-s-deephst,10013774,102696,102696,2022-10-24,53.123493227678104,-27.81385915263416,GS,4.0,1.79,C,nan,nan,1.79,nan
goods-s-deephst_10013797,1210,goods-s-deephst,10013797,209966,209966,2022-10-24,53.130295700958385,-27.772975584973036,GS,4.0,-1.0,E,nan,nan,nan,nan
goods-s-mediumjwst_10013834,1180,goods-s-mediumjwst,10013834,513284,-1,2023-10-08,53.190769990066016,-27.824389097464564,GS,5.0,-1.0,E,nan,nan,nan,nan
goods-s-deephst_10013905,1210,goods-s-deephst,10013905,135743,135743,2022-10-24,53.11832671919192,-27.769010092747077,GS,7.0,7.194875686594384,A,7.194875686594384,4.0,7.198216,-18.53225866796722
goods-s-mediumjwst_10013913,1286,goods-s-mediumjwst,10013913,407218,-1,2023-12-17,53.162113,-27.79188,GS,-1.0,-1.0,E,nan,nan,nan,nan
goods-s-mediumjwst_10013922,1180,goods-s-mediumjwst,10013922,212745,212745,2023-01-28,53.1915,-27.765341,GS,3.91,4.356982851047849,A,4.356982851047849,1.0,4.351567,-18.502655448807406
goods-n-mediumjwst_10013990,1181,goods-n-mediumjwst,10013990,1077335,1077335,2024-05-19,189.28394057634426,62.19696597095106,GN,1.122,1.122,D,nan,nan,1.122,nan
goods-n-mediumjwst_10014109,1181,goods-n-mediumjwst,10014109,1187851,-1,2023-05-05,189.2275966890794,62.19760171777597,GN,12.388,3.1457755945652934,A,3.1457755945652934,2.0,3.14556,-18.14507495814045
goods-s-deephst_10014117,1210,goods-s-deephst,10014117,127202,127202,2022-10-24,53.159993,-27.778883,GS,6.17,-1.0,E,nan,nan,nan,nan
goods-s-deephst_10014170,1210,goods-s-deephst,10014170,129399,129399,2022-10-24,53.163391,-27.775674,GS,8.67,-1.0,E,nan,nan,nan,nan
goods-s-deephst_10014177,1210,goods-s-deephst,10014177,131067,131067,2022-10-24,53.15884,-27.773492,GS,9.8,10.40945,C,nan,nan,10.40945,-18.695958933941746
goods-s-deephst_10014220,1210,goods-s-deephst,10014220,130158,130158,2022-10-24,53.1647676,-27.7746264,GS,11.9,11.122,C,nan,nan,11.66794,-19.33005805891017
goods-n-mediumjwst_10014398,1181,goods-n-mediumjwst,10014398,1055630,1055630,2024-05-19,189.3119432664047,62.199136289219545,GN,2.217,2.1581326578361235,A,2.1581326578361235,2.0,2.16604,nan
goods-s-mediumjwst_10014581,1286,goods-s-mediumjwst,10014581,14581,-1,2023-12-11,53.1452028,-27.885513,GS,-99.0,4.618451248148235,A,4.618451248148235,2.0,4.615349,-19.291563865300734
goods-s-ultradeep_10015101,3215,goods-s-ultradeep,10015101,413860,-1,2023-10-16,53.1048469,-27.8146836,GS,3.484,3.480871,B,nan,nan,3.480871,-20.480178944822548
goods-s-deephst_10015193,1210,goods-s-deephst,10015193,113115,113115,2022-10-24,53.108891778653295,-27.798397632621874,GS,4.11,3.951644,B,nan,nan,3.951644,-19.031586598511016
goods-s-deephst_10015338,1210,goods-s-deephst,10015338,131582,131582,2022-10-24,53.11534504311848,-27.772893458172252,GS,5.08036,5.0754511437035426,A,5.0754511437035426,4.0,5.073308,-19.392273943788595
goods-s-deephst_10015344,1210,goods-s-deephst,10015344,132847,132847,2022-10-24,53.11437519702952,-27.771583708228405,GS,4.11,4.02047,B,nan,nan,4.02047,-19.361547159360473
goods-s-mediumjwst_10015858,1286,goods-s-mediumjwst,10015858,396960,-1,2023-12-11,53.0629414,-27.8485272,GS,2.699,-1.0,E,nan,nan,nan,nan
goods-n-mediumjwst_10015888,1181,goods-n-mediumjwst,10015888,-6,-1,2023-05-05,189.2916556064009,62.207334221500815,GN,2.551,-1.0,E,nan,nan,nan,nan
goods-s-deephst_10016186,1210,goods-s-deephst,10016186,400692,-1,2022-10-24,53.11694736599367,-27.802830777970122,GS,4.1,3.9265087716574136,A,3.9265087716574136,5.0,3.929346,-19.20542839337795
goods-s-deephst_10016374,1210,goods-s-deephst,10016374,129949,129949,2022-10-24,53.11571701648475,-27.774955066560974,GS,5.14,5.5032159745151725,A,5.5032159745151725,5.0,5.502809,-18.59447504070407
goods-s-deephst_10016442,1210,goods-s-deephst,10016442,144011,144011,2022-10-24,53.115926637777825,-27.7586101659,GS,3.3,2.872139,C,nan,nan,2.872139,nan
goods-s-mediumjwst_10016606,1286,goods-s-mediumjwst,10016606,378293,-1,2023-12-11,53.0880742,-27.8742743,GS,-99.0,3.7027378963662354,A,3.7027378963662354,2.0,3.70109,-17.54405227251994
goods-s-mediumjwst_10016615,1286,goods-s-mediumjwst,10016615,302447,-1,2023-12-11,53.1271139,-27.8726925,GS,-1.0,3.67009,D,nan,nan,3.67009,-18.158187023386816
goods-s-mediumjwst_10016883,1286,goods-s-mediumjwst,10016883,332767,-1,2023-12-11,53.1072249,-27.8389809,GS,4.37,5.388695,C,nan,nan,5.388695,-17.165854466079324
goods-s-mediumjwst_10019731,1286,goods-s-mediumjwst,10019731,318197,-1,2023-12-11,53.0740007,-27.9155985,GS,-99.0,2.0088848920296156,A,2.0088848920296156,4.0,2.007086,nan
goods-s-mediumjwst_10019815,1286,goods-s-mediumjwst,10019815,299879,-1,2023-12-11,53.0728179,-27.9144427,GS,-99.0,1.8160956857723578,A,1.8160956857723578,7.0,1.816542,nan
goods-n-mediumjwst_10020038,1181,goods-n-mediumjwst,10020038,1025363,1025363,2023-05-05,189.17930358183668,62.23039328268486,GN,2.516,2.992426557908495,A,2.992426557908495,3.0,2.987559,nan
goods-s-deepjwst_10020117,1287,goods-s-deepjwst,10020117,157957,-1,2024-01-10,53.115008,-27.9103074,GS,0.713,0.9641702775493649,A,0.9641702775493649,4.0,0.964479,nan
goods-s-mediumjwst_10020900,1286,goods-s-mediumjwst,10020900,-3,-1,2023-12-11,53.1062764,-27.9025379,GS,2.692,-1.0,E,nan,nan,nan,nan
goods-s-mediumjwst_10021409,1286,goods-s-mediumjwst,10021409,-3,-1,2023-12-11,53.0997196,-27.8977848,GS,2.704,-1.0,E,nan,nan,nan,nan
goods-s-mediumjwst_10021620,1286,goods-s-mediumjwst,10021620,398100,-1,2023-12-11,53.0634393,-27.8958472,GS,0.854,2.319198198961839,A,2.319198198961839,4.0,2.321586,nan
goods-s-mediumjwst_10021735,1286,goods-s-mediumjwst,10021735,331285,-1,2023-12-11,53.1040727,-27.8947734,GS,2.513,2.5369752237999963,A,2.5369752237999963,5.0,2.526038,nan
goods-s-deepjwst_10021906,1287,goods-s-deepjwst,10021906,-3,-1,2024-01-10,53.0803111,-27.8931867,GS,2.057,-1.0,E,nan,nan,nan,nan
goods-s-mediumjwst_10021915,1286,goods-s-mediumjwst,10021915,420920,-1,2023-12-11,53.0964691,-27.8931647,GS,1.359,1.7749996266238868,A,1.7749996266238868,6.0,1.778047,nan
goods-s-mediumjwst_10023142,1286,goods-s-mediumjwst,10023142,318787,-1,2023-12-11,53.1427342,-27.8836844,GS,-99.0,2.699279,C,nan,nan,2.699279,nan
goods-s-mediumjwst_10023837,1286,goods-s-mediumjwst,10023837,301892,-1,2023-12-11,53.1360354,-27.8786654,GS,-99.0,2.52677,D,nan,nan,2.52677,nan
goods-s-mediumjwst_10024670,1286,goods-s-mediumjwst,10024670,171269,171269,2023-12-11,53.142828,-27.8740482,GS,3.587,3.469864662822239,A,3.469864662822239,3.0,3.472396,-18.498208659773645
goods-s-mediumjwst_10024789,1286,goods-s-mediumjwst,10024789,302369,-1,2023-12-11,53.1165949,-27.8735944,GS,-99.0,2.5242003698385647,A,2.5242003698385647,10.0,2.514929,nan
goods-s-mediumjwst_10024792,1286,goods-s-mediumjwst,10024792,24792,-1,2023-12-11,53.1197133,-27.8738013,GS,-99.0,1.8990812249647282,A,1.8990812249647282,4.0,1.896344,nan
goods-s-mediumjwst_10025278,1286,goods-s-mediumjwst,10025278,25278,-1,2023-12-11,53.1208251,-27.8708319,GS,1.577,1.9360685765148038,A,1.9360685765148038,2.0,1.93714,nan
goods-s-mediumjwst_10025472,1286,goods-s-mediumjwst,10025472,173134,173134,2023-12-11,53.0866694,-27.870494,GS,2.41,2.304963337101645,A,2.304963337101645,2.0,2.302394,nan
goods-s-mediumjwst_10026167,1286,goods-s-mediumjwst,10026167,175041,175041,2023-12-11,53.0825811,-27.8668027,GS,4.62,3.463986,C,nan,nan,3.463986,-17.819975992719932
goods-s-mediumjwst_10026408,1286,goods-s-mediumjwst,10026408,175593,175593,2023-12-11,53.0449571,-27.865436,GS,1.685,0.7595991413298238,A,0.7595991413298238,13.0,0.756309,nan
goods-n-mediumjwst_10026494,1181,goods-n-mediumjwst,10026494,1089013,1089013,2023-05-05,189.1547888200636,62.265639465741906,GN,1.158,-1.0,E,nan,nan,nan,nan
goods-n-mediumjwst_10026755,1181,goods-n-mediumjwst,10026755,1181744,1181744,2023-05-05,189.15706248004446,62.26697641433065,GN,2.824,2.8093730107785233,A,2.8093730107785233,7.0,2.813881,nan
goods-s-mediumjwst_10027113,1286,goods-s-mediumjwst,10027113,398801,-1,2023-12-11,53.0874221,-27.8622406,GS,5.463,1.369584,C,nan,nan,1.369584,nan
goods-n-mediumjwst_10027318,1181,goods-n-mediumjwst,10027318,1094669,1094667,2023-05-05,189.15779340435833,62.26970756595032,GN,1.579,0.9232452355246203,A,0.9232452355246203,2.0,0.920257,nan
goods-s-mediumjwst_10027810,1286,goods-s-mediumjwst,10027810,27810,-1,2023-12-11,53.0842746,-27.8588522,GS,4.29,3.4792016177224325,A,3.4792016177224325,9.0,3.485748,-17.235638720587374
goods-n-mediumjwst_10028065,1181,goods-n-mediumjwst,10028065,1030875,1030875,2023-05-05,189.11788937612732,62.27389948820881,GN,0.933,0.929,D,nan,nan,0.929,nan
goods-s-deepjwst_10028337,1287,goods-s-deepjwst,10028337,423610,-1,2024-01-10,53.0707691,-27.8563487,GS,4.067,4.654705173585269,A,4.654705173585269,3.0,4.657985,-18.769914202735954
goods-n-mediumjwst_10028427,1181,goods-n-mediumjwst,10028427,1089875,1089875,2023-05-05,189.18150993681414,62.276049473762086,GN,1.756,1.4878597790591748,A,1.4878597790591748,3.0,1.488201,nan
goods-n-mediumjwst_10028655,1181,goods-n-mediumjwst,10028655,1246361,-1,2023-05-05,189.2194784469628,62.277338076360564,GN,2.44,2.3776655870302514,A,2.3776655870302514,4.0,2.372261,nan
goods-n-mediumjwst_10028721,1181,goods-n-mediumjwst,10028721,1090025,1090025,2023-05-05,189.2050559984452,62.277702049551706,GN,1.864,2.038684856320267,A,2.038684856320267,1.0,2.03784,nan
goods-n-mediumjwst_10028729,1181,goods-n-mediumjwst,10028729,1095018,1095018,2023-05-05,189.22903565522984,62.27789948998547,GN,1.946,1.8691496398091936,A,1.8691496398091936,4.0,1.866401,nan
goods-n-mediumjwst_10028785,1181,goods-n-mediumjwst,10028785,1090051,1090051,2023-05-05,189.20575218625316,62.27806503038364,GN,1.739,2.227194870583585,A,2.227194870583585,3.0,2.21883,nan
goods-n-mediumjwst_10028808,1181,goods-n-mediumjwst,10028808,1090053,1090053,2023-05-05,189.230562904127,62.278169409439606,GN,1.355,1.48524,C,nan,nan,1.48524,nan
goods-s-mediumjwst_10028994,1286,goods-s-mediumjwst,10028994,184342,184342,2023-12-11,53.0915562,-27.8533652,GS,2.261,2.034059611942112,A,2.034059611942112,5.0,2.036915,nan
goods-n-mediumjwst_10029182,1181,goods-n-mediumjwst,10029182,1090254,1090254,2023-05-05,189.18895621101626,62.280788331481105,GN,1.461,1.2216213979689947,A,1.2216213979689947,4.0,1.224743,nan
goods-n-mediumjwst_10029283,1181,goods-n-mediumjwst,10029283,1016786,1016786,2023-05-05,189.1343324205489,62.28120494423646,GN,3.514,-1.0,E,nan,nan,nan,nan
goods-s-mediumjwst_10029712,1286,goods-s-mediumjwst,10029712,303480,-1,2023-10-19,53.1697875,-27.8501987,GS,1.959,1.2948945129907947,A,1.2948945129907947,2.0,1.301715,nan
goods-s-mediumjwst_10030014,1286,goods-s-mediumjwst,10030014,303560,-1,2023-10-19,53.1655012,-27.848857,GS,1.716,-1.0,E,nan,nan,nan,nan
goods-s-mediumjwst_10030190,1286,goods-s-mediumjwst,10030190,303604,-1,2023-10-19,53.1597213,-27.8480751,GS,1.483,2.019748322645613,A,2.019748322645613,8.0,2.023333,nan
goods-s-mediumjwst_10031863,1286,goods-s-mediumjwst,10031863,189559,189559,2023-10-19,53.1161273,-27.8415034,GS,2.04348,2.035739681277787,A,2.035739681277787,15.0,2.038182,nan
goods-s-mediumjwst_10033232,1180,goods-s-mediumjwst,10033232,192113,192113,2023-01-28,53.1697571,-27.8335669,GS,1.777,1.7800197967879505,A,1.7800197967879505,15.0,1.778488,nan
goods-s-mediumjwst_10034850,1180,goods-s-mediumjwst,10034850,449811,-1,2023-10-08,53.20843863255185,-27.820164338248958,GS,2.11,2.06136986279797,A,2.06136986279797,4.0,2.068459,nan
goods-s-deephst_10035295,1210,goods-s-deephst,10035295,198071,198071,2022-10-24,53.11434211585584,-27.815487382206395,GS,3.26,3.5897735682560308,A,3.5897735682560308,7.0,3.58312,-18.08152603356129
goods-s-deephst_10035328,1210,goods-s-deephst,10035328,101709,101709,2022-10-24,53.10558274446576,-27.815106469644704,GS,7.2,-1.0,E,nan,nan,nan,nan
goods-s-deephst_10036017,1210,goods-s-deephst,10036017,200002,200002,2022-10-24,53.10597253351544,-27.808468727772812,GS,2.014,2.01748,B,nan,nan,2.01748,nan
goods-s-mediumjwst_10036100,1180,goods-s-mediumjwst,10036100,200465,200465,2023-01-28,53.1121034,-27.807011,GS,2.37,-1.0,E,nan,nan,nan,nan
goods-s-deephst_10036262,1210,goods-s-deephst,10036262,200730,200730,2022-10-24,53.10741419976224,-27.805372312482334,GS,3.566,3.566,C,nan,nan,3.566,-17.94810443915002
goods-s-deephst_10036834,1210,goods-s-deephst,10036834,202086,202086,2022-10-24,53.110847460357334,-27.80065920033987,GS,2.60745,2.616694,B,nan,nan,2.616694,nan
goods-s-deephst_10037047,1210,goods-s-deephst,10037047,203096,203096,2022-10-24,53.11077439905123,-27.797054884003295,GS,1.787,2.05803,C,nan,nan,2.05803,nan
goods-s-deephst_10037201,1210,goods-s-deephst,10037201,310080,-1,2022-10-24,53.10892370400626,-27.795095258840625,GS,1.782,-1.0,E,nan,nan,nan,nan
goods-s-mediumjwst_10037359,1286,goods-s-mediumjwst,10037359,-3,-1,2023-12-17,53.2177033,-27.7933884,GS,1.102,-1.0,E,nan,nan,nan,nan
goods-s-mediumjwst_10037541,1286,goods-s-mediumjwst,10037541,380558,-1,2023-12-17,53.2224524,-27.7913298,GS,1.773,1.8011699386543962,A,1.8011699386543962,2.0,1.802148,nan
goods-s-mediumjwst_10037924,1286,goods-s-mediumjwst,10037924,398167,-1,2023-12-17,53.2231452,-27.7872846,GS,-99.0,1.20201,D,nan,nan,1.20201,nan
goods-s-mediumjwst_10037959,1286,goods-s-mediumjwst,10037959,311654,-1,2023-12-17,53.2202337,-27.7870186,GS,2.883,-1.0,E,nan,nan,nan,nan
goods-s-mediumjwst_10038256,1286,goods-s-mediumjwst,10038256,-3,-1,2023-12-17,53.2232191,-27.7845711,GS,1.583,0.97887,D,nan,nan,0.97887,nan
goods-s-mediumjwst_10038573,1286,goods-s-mediumjwst,10038573,638573,-1,2023-12-17,53.2217134,-27.7816706,GS,0.239,-1.0,E,nan,nan,nan,nan
goods-n-mediumjwst_10038687,1181,goods-n-mediumjwst,10038687,0,-1,2024-05-19,189.20307329785237,62.14392846246134,GN,7.24,7.571039897615415,A,7.571039897615415,1.0,7.567909,-19.618843093361797
goods-n-mediumjwst_10038701,1181,goods-n-mediumjwst,10038701,1029111,1029111,2023-05-05,189.20867637689025,62.25969108823951,GN,3.6,-1.0,E,nan,nan,nan,nan
goods-n-mediumjwst_10038778,1181,goods-n-mediumjwst,10038778,1072164,1072164,2023-05-05,189.26354234910517,62.16843538802522,GN,4.14,4.12689682850903,A,4.12689682850903,3.0,4.125498,-18.244639734006732
goods-s-deephst_10038972,1210,goods-s-deephst,10038972,128023,128023,2022-10-24,53.11498620844332,-27.77762456156719,GS,1.72,1.3177,D,nan,nan,1.334575,nan
goods-n-mediumjwst_10039097,1181,goods-n-mediumjwst,10039097,1012233,1012233,2023-05-05,189.18395605912943,62.265041264315016,GN,5.64,-1.0,E,nan,nan,nan,nan
goods-n-mediumjwst_10040141,1181,goods-n-mediumjwst,10040141,1087728,1087728,2023-05-05,189.26791511302022,62.25149396748963,GN,5.18,4.416974,B,nan,nan,4.416974,-17.57242445566637
goods-s-deephst_10040620,1210,goods-s-deephst,10040620,141573,141573,2022-10-24,53.11654759353335,-27.76206251011966,GS,1.5,1.7683641061098796,A,1.7683641061098796,3.0,1.776017,nan
goods-s-deephst_10040868,1210,goods-s-deephst,10040868,214454,214454,2022-10-24,53.11625858945608,-27.759268040568067,GS,1.115,1.119641,C,nan,nan,1.119641,nan
goods-s-mediumjwst_10042096,1180,goods-s-mediumjwst,10042096,216984,-1,2023-01-28,53.1531775,-27.7494898,GS,2.837,3.0896187678732137,A,3.0896187678732137,6.0,3.107902,-18.76036118077044
goods-s-mediumjwst_10042485,1286,goods-s-mediumjwst,10042485,42485,-1,2023-12-17,53.2156958,-27.7473201,GS,2.346,2.2118643427487417,A,2.2118643427487417,10.0,2.224387,nan
goods-s-mediumjwst_10042712,1286,goods-s-mediumjwst,10042712,42712,-1,2023-12-17,53.2150799,-27.7459364,GS,2.366,-1.0,E,nan,nan,nan,nan
goods-s-mediumjwst_10044332,1286,goods-s-mediumjwst,10044332,475208,-1,2023-12-17,53.1842054,-27.7360923,GS,4.224,-1.0,E,nan,nan,nan,nan
goods-n-mediumjwst_10044700,1181,goods-n-mediumjwst,10044700,1069413,1069413,2024-05-19,189.2264083,62.15119722,GN,-99.0,1.85693,D,nan,nan,1.85693,nan
goods-n-mediumjwst_10048374,1181,goods-n-mediumjwst,10048374,3293197,-1,2023-05-05,189.1641458,62.2659988,GN,-99.0,-1.0,E,nan,nan,nan,nan
goods-n-mediumjwst_10048886,1181,goods-n-mediumjwst,10048886,-4,-1,2024-05-19,189.2016017,62.1420772,GN,-99.0,1.1,C,nan,nan,1.1,nan
goods-n-mediumjwst_10049108,1181,goods-n-mediumjwst,10049108,-4,-1,2024-05-19,189.2135847,62.1411596,GN,-99.0,1.408013,C,nan,nan,1.408013,nan
goods-n-mediumjwst_10055035,1181,goods-n-mediumjwst,10055035,1074382,1074382,2024-05-19,189.229125,62.1825,GN,-99.0,-1.0,E,nan,nan,nan,nan
goods-n-mediumjwst_10055093,1181,goods-n-mediumjwst,10055093,1068510,1068510,2024-05-19,189.2903333,62.14469444,GN,-99.0,4.43427,D,nan,nan,4.43382,nan
goods-n-mediumjwst_10055331,1181,goods-n-mediumjwst,10055331,1078820,1078820,2023-05-05,189.20904,62.20461,GN,-99.0,0.96381,D,nan,nan,0.959579,nan
goods-s-deephst_10056849,1210,goods-s-deephst,10056849,56849,-1,2022-10-24,53.11351127125536,-27.772836115357205,GS,5.49,5.813854869768269,A,5.813854869768269,3.0,5.817414,-17.99533189150201
goods-s-mediumjwst_10057026,1180,goods-s-mediumjwst,10057026,201879,201879,2023-01-28,53.1147567,-27.8015621,GS,4.0,5.16894,D,nan,nan,5.16894,-18.425248679457614
goods-s-ultradeep_10057072,3215,goods-s-ultradeep,10057072,312940,-1,2023-10-16,53.1127773,-27.7770517,GS,3.5,3.198804865740069,A,3.198804865740069,3.0,3.193989,-17.297824190154316
goods-s-mediumjwst_10057320,1286,goods-s-mediumjwst,10057320,418354,-1,2023-12-17,53.2138687,-27.7967356,GS,5.0,-1.0,E,nan,nan,nan,nan
goods-s-mediumjwst_10057321,1286,goods-s-mediumjwst,10057321,454572,-1,2023-12-17,53.2148385,-27.7945802,GS,5.3975,5.403479468958839,A,5.403479468958839,2.0,5.403302,-19.086407460530086
goods-s-mediumjwst_10057503,1286,goods-s-mediumjwst,10057503,57503,-1,2023-12-17,53.1379712,-27.74588,GS,-1.0,6.575221499468151,A,6.575221499468151,2.0,6.57982,-17.925679392458832
goods-s-mediumjwst_10057750,1286,goods-s-mediumjwst,10057750,301394,-1,2023-12-11,53.134699,-27.88452,GS,-99.0,-1.0,E,nan,nan,nan,nan
goods-s-mediumjwst_10057885,1286,goods-s-mediumjwst,10057885,425331,-1,2023-12-11,53.10065,-27.86252,GS,3.72,3.554448386812213,A,3.554448386812213,6.0,3.5513,-19.50739945767947
goods-s-deephst_10058975,1210,goods-s-deephst,10058975,265801,265801,2022-10-24,53.112434,-27.774609,GS,9.9,9.4327,A,9.431206445984628,6.0,9.431192,-20.238779463481624
goods-s-deepjwst_10059036,1287,goods-s-deepjwst,10059036,181951,181951,2024-01-10,53.1164997,-27.8572991,GS,3.58,3.5897881749709977,A,3.5897881749709977,6.0,3.59778,-18.010693958248908
goods-s-mediumjwst_10059066,1286,goods-s-mediumjwst,10059066,820521,-1,2023-12-11,53.0464382,-27.8521966,GS,4.35,-1.0,E,nan,nan,nan,nan
goods-s-mediumjwst_10059070,1286,goods-s-mediumjwst,10059070,319183,-1,2023-12-11,53.1180938,-27.868197,GS,-99.0,-1.0,E,nan,nan,nan,nan
goods-s-mediumjwst_10060591,1180,goods-s-mediumjwst,10060591,-3,-1,2023-01-28,53.1335054,-27.822299,GS,-99.0,-1.0,E,nan,nan,nan,nan
goods-s-mediumjwst_10072272,1286,goods-s-mediumjwst,10072272,342539,-1,2023-12-11,53.0649697,-27.9192354,GS,-99.0,1.24266,C,nan,nan,1.24266,nan
goods-s-mediumjwst_10072291,1286,goods-s-mediumjwst,10072291,72291,-1,2023-12-11,53.0508662,-27.9143094,GS,-99.0,0.52812,D,nan,nan,0.52812,nan
goods-s-mediumjwst_10072485,1286,goods-s-mediumjwst,10072485,354854,-1,2023-12-11,53.05572,-27.9183508,GS,-99.0,1.125887135872486,A,1.125887135872486,2.0,1.126498,nan
goods-s-mediumjwst_10072503,1286,goods-s-mediumjwst,10072503,72503,-1,2023-12-11,53.0493528,-27.9153568,GS,-99.0,2.046708577922426,A,2.046708577922426,10.0,2.060269,nan
goods-s-mediumjwst_10072507,1286,goods-s-mediumjwst,10072507,72507,-1,2023-12-11,53.0527838,-27.914852,GS,-99.0,3.612131,B,nan,nan,3.612131,-16.920570864199405
goods-s-mediumjwst_10072509,1286,goods-s-mediumjwst,10072509,-3,-1,2023-12-11,53.0621251,-27.9148124,GS,-99.0,-1.0,E,nan,nan,nan,nan
goods-s-mediumjwst_10072521,1286,goods-s-mediumjwst,10072521,345085,-1,2023-12-11,53.049065,-27.911592,GS,-99.0,1.87385,D,nan,nan,1.87385,nan
goods-s-deepjwst_10074756,1287,goods-s-deepjwst,10074756,7373,7373,2024-01-10,53.0537433,-27.8989807,GS,-99.0,-1.0,E,nan,nan,nan,nan
goods-n-mediumjwst_10080290,1181,goods-n-mediumjwst,10080290,1024482,1024482,2023-05-05,189.15106252264724,62.21674516254716,GN,-99.0,-1.0,E,nan,nan,nan,nan
goods-n-mediumjwst_10080572,1181,goods-n-mediumjwst,10080572,1076552,1076552,2024-05-19,189.19960317856535,62.19282375620478,GN,-99.0,2.24597,C,nan,nan,2.24597,nan
goods-n-mediumjwst_10080822,1181,goods-n-mediumjwst,10080822,1055800,1055800,2024-05-19,189.2299823303963,62.19952284579003,GN,-99.0,-1.0,E,nan,nan,nan,nan
goods-n-mediumjwst_10080850,1181,goods-n-mediumjwst,10080850,-3,-1,2024-05-19,189.23276900129775,62.17579250617022,GN,-99.0,-1.0,E,nan,nan,nan,nan
goods-n-mediumjwst_10080954,1181,goods-n-mediumjwst,10080954,-3,-1,2023-05-05,189.24478344972437,62.2363146510631,GN,-99.0,-1.0,E,nan,nan,nan,nan
goods-n-mediumjwst_10081280,1181,goods-n-mediumjwst,10081280,-3,-1,2023-05-05,189.2959892717921,62.20452958830633,GN,-99.0,-1.0,E,nan,nan,nan,nan
goods-n-mediumjwst_10081338,1181,goods-n-mediumjwst,10081338,-7,-1,2023-05-05,189.30352954158124,62.19522133870371,GN,-99.0,-1.0,E,nan,nan,nan,nan
goods-n-mediumjwst_10082094,1181,goods-n-mediumjwst,10082094,1075891,1075891,2024-05-19,189.26681676168172,62.18979999496516,GN,-99.0,-1.0,E,nan,nan,nan,nan
goods-n-mediumjwst_10082344,1181,goods-n-mediumjwst,10082344,1072829,-1,2023-05-05,189.25756240057345,62.173765892362226,GN,-99.0,-1.0,E,nan,nan,nan,nan
goods-n-mediumjwst_10082643,1181,goods-n-mediumjwst,10082643,1247832,-1,2023-05-05,189.1379309402155,62.26726836968593,GN,-99.0,2.9621955004232623,A,2.9621955004232623,1.0,2.962043,nan
goods-n-mediumjwst_10082784,1181,goods-n-mediumjwst,10082784,1081119,1081119,2023-05-05,189.15727135846743,62.21655111773192,GN,-99.0,-1.0,E,nan,nan,nan,nan
goods-n-mediumjwst_10083275,1181,goods-n-mediumjwst,10083275,-3,1120833,2023-05-05,189.2033174274473,62.21813847907502,GN,-99.0,-1.0,E,nan,nan,nan,nan
goods-n-mediumjwst_10083323,1181,goods-n-mediumjwst,10083323,1078023,1078023,2024-05-19,189.20739719221677,62.200354766126594,GN,-99.0,-1.0,E,nan,nan,nan,nan
goods-n-mediumjwst_10083470,1181,goods-n-mediumjwst,10083470,1081942,1081942,2023-05-05,189.2175699079139,62.22366927289019,GN,-99.0,-1.0,E,nan,nan,nan,nan
goods-n-mediumjwst_10083473,1181,goods-n-mediumjwst,10083473,-7,-1,2023-05-05,189.2177330009167,62.20744136701046,GN,-99.0,-1.0,E,nan,nan,nan,nan
goods-n-mediumjwst_10083484,1181,goods-n-mediumjwst,10083484,1081187,1081187,2023-05-05,189.21819358012638,62.21741712543482,GN,-99.0,-1.0,E,nan,nan,nan,nan
goods-n-mediumjwst_10083486,1181,goods-n-mediumjwst,10083486,1238113,-1,2023-05-05,189.2181873737898,62.27873912883374,GN,-99.0,-1.0,E,nan,nan,nan,nan
goods-n-mediumjwst_10083727,1181,goods-n-mediumjwst,10083727,-3,-1,2024-05-19,189.2343973720156,62.19040886970297,GN,-99.0,-1.0,E,nan,nan,nan,nan
goods-n-mediumjwst_10083738,1181,goods-n-mediumjwst,10083738,1077845,1077845,2024-05-19,189.23485769873935,62.199245338770716,GN,-99.0,-1.0,E,nan,nan,nan,nan
goods-n-mediumjwst_10084377,1181,goods-n-mediumjwst,10084377,-6,-1,2023-05-05,189.2893225320991,62.206863236282906,GN,-99.0,2.635253818025226,A,2.635253818025226,1.0,2.63585,nan
goods-n-mediumjwst_10084465,1181,goods-n-mediumjwst,10084465,1054195,1054195,2024-05-19,189.2966539389197,62.19524860615749,GN,-99.0,-1.0,E,nan,nan,nan,nan
goods-n-mediumjwst_10084467,1181,goods-n-mediumjwst,10084467,1073903,1073903,2024-05-19,189.29694212719588,62.179437527877575,GN,-99.0,-1.0,E,nan,nan,nan,nan
goods-s-mediumjwst_10096044,1286,goods-s-mediumjwst,10096044,-3,-1,2023-12-11,53.0731467,-27.9170842,GS,-99.0,-1.0,E,nan,nan,nan,nan
goods-s-mediumjwst_10096054,1286,goods-s-mediumjwst,10096054,-3,-1,2023-12-11,53.0734703,-27.9162398,GS,-99.0,-1.0,E,nan,nan,nan,nan
goods-s-deepjwst_10096170,1287,goods-s-deepjwst,10096170,-3,-1,2024-01-10,53.0795632,-27.892362,GS,-99.0,-1.0,E,nan,nan,nan,nan
goods-s-mediumjwst_10096431,1286,goods-s-mediumjwst,10096431,403296,-1,2023-12-11,53.0981177,-27.8903469,GS,-99.0,2.69775,C,nan,nan,2.69775,nan
goods-s-deepjwst_10096600,1287,goods-s-deepjwst,10096600,-3,-1,2024-01-10,53.10521,-27.8937473,GS,-99.0,-1.0,E,nan,nan,nan,nan
goods-s-mediumjwst_10096600,1286,goods-s-mediumjwst,10096600,-3,-1,2023-12-11,53.10521,-27.8937473,GS,-99.0,-1.0,E,nan,nan,nan,nan
goods-s-deepjwst_10096670,1287,goods-s-deepjwst,10096670,-6,-1,2024-01-10,53.1082354,-27.8982807,GS,-99.0,-1.0,E,nan,nan,nan,nan
goods-s-mediumjwst_10096985,1286,goods-s-mediumjwst,10096985,-6,-1,2023-12-11,53.1187622,-27.8416718,GS,-99.0,-1.0,E,nan,nan,nan,nan
goods-s-mediumjwst_10097222,1286,goods-s-mediumjwst,10097222,97222,-1,2023-12-17,53.1264647,-27.7611387,GS,-99.0,5.45108,D,nan,nan,5.45108,-17.724515794634502
goods-s-mediumjwst_10098260,1180,goods-s-mediumjwst,10098260,-7,-1,2023-01-28,53.175638,-27.8000069,GS,-99.0,-1.0,E,nan,nan,nan,nan
goods-s-mediumjwst_10098820,1286,goods-s-mediumjwst,10098820,-3,-1,2023-12-17,53.214962,-27.7677522,GS,-99.0,-1.0,E,nan,nan,nan,nan
goods-s-mediumjwst_10098863,1286,goods-s-mediumjwst,10098863,-3,-1,2023-12-17,53.2173415,-27.7625245,GS,-99.0,-1.0,E,nan,nan,nan,nan
goods-s-mediumjwst_10101692,1286,goods-s-mediumjwst,10101692,-3,-1,2023-12-11,53.100742,-27.875233,GS,2.6454,-1.0,E,nan,nan,nan,nan
goods-s-deephst_10101728,1210,goods-s-deephst,10101728,-7,-1,2022-10-24,53.110361,-27.81454,GS,4.4094,-1.0,E,nan,nan,nan,nan
goods-s-mediumjwst_10101788,1286,goods-s-mediumjwst,10101788,-7,-1,2023-12-11,53.127766,-27.867485,GS,-1.0,3.0255,D,nan,nan,3.0255,-17.989944478882272
goods-s-ultradeep_10101796,3215,goods-s-ultradeep,10101796,214013,214013,2023-10-16,53.129411,-27.760189,GS,0.3339,0.3342293632511856,A,0.3342293632511856,2.0,0.340796,nan
goods-s-mediumjwst_10103486,1286,goods-s-mediumjwst,10103486,103486,-1,2023-12-11,53.0915558,-27.8468198,GS,2.61,2.798589,B,nan,nan,2.798589,nan
goods-s-deephst_10104696,1210,goods-s-deephst,10104696,-3,-1,2022-10-24,53.126555426171834,-27.802581127273047,GS,-99.0,-1.0,E,nan,nan,nan,nan
goods-s-mediumjwst_10104771,1286,goods-s-mediumjwst,10104771,557248,-1,2023-12-17,53.2166747,-27.7794783,GS,-99.0,3.075369029988006,A,3.075369029988006,4.0,3.078128,-16.92706682768631
goods-s-deephst_10104786,1210,goods-s-deephst,10104786,313075,-1,2022-10-24,53.117687413784694,-27.775774957734182,GS,-99.0,-1.0,E,nan,nan,nan,nan
goods-s-ultradeep_10105227,3215,goods-s-ultradeep,10105227,-3,-1,2023-10-16,53.1659164,-27.820734,GS,3.894,-1.0,E,nan,nan,nan,nan
goods-s-deephst_10105256,1210,goods-s-deephst,10105256,99522,99522,2022-10-24,53.1599236,-27.817873,GS,4.245,-1.0,E,nan,nan,nan,nan
goods-s-mediumjwst_10105273,1180,goods-s-mediumjwst,10105273,306259,-1,2023-01-28,53.1719742,-27.8158817,GS,4.448,-1.0,E,nan,nan,nan,nan
goods-s-deephst_10105275,1210,goods-s-deephst,10105275,-3,-1,2022-10-24,53.1526604,-27.81570625,GS,4.719,-1.0,E,nan,nan,nan,nan
goods-s-mediumjwst_10105320,1180,goods-s-mediumjwst,10105320,-3,-1,2023-10-08,53.1448517,-27.81157303,GS,4.339,-1.0,E,nan,nan,nan,nan
goods-s-mediumjwst_10105435,1286,goods-s-mediumjwst,10105435,-3,-1,2023-10-19,53.1418152,-27.8032188,GS,3.467,-1.0,E,nan,nan,nan,nan
goods-s-mediumjwst_10105438,1286,goods-s-mediumjwst,10105438,-7,-1,2023-12-17,53.1610184,-27.8030796,GS,4.692,-1.0,E,nan,nan,nan,nan
goods-s-mediumjwst_10105520,1286,goods-s-mediumjwst,10105520,-3,-1,2023-01-13,53.1894684,-27.7994499,GS,2.683,-1.0,E,nan,nan,nan,nan
goods-s-mediumjwst_10105546,1180,goods-s-mediumjwst,10105546,-7,-1,2023-01-28,53.1494064,-27.7982006,GS,4.429,-1.0,E,nan,nan,nan,nan
goods-s-ultradeep_10105546,3215,goods-s-ultradeep,10105546,-7,-1,2023-10-16,53.1494064,-27.7982006,GS,4.429,-1.0,E,nan,nan,nan,nan
goods-s-mediumjwst_10105587,1180,goods-s-mediumjwst,10105587,0,203406,2023-01-28,53.1332398,-27.796196,GS,2.874,-1.0,E,nan,nan,nan,nan
goods-s-mediumjwst_10105683,1180,goods-s-mediumjwst,10105683,0,-1,2023-01-28,53.1463089,-27.7916603,GS,3.674,-1.0,E,nan,nan,nan,nan
goods-s-mediumjwst_10105727,1180,goods-s-mediumjwst,10105727,-2,-1,2023-01-28,53.1235924,-27.7889385,GS,2.129,-1.0,E,nan,nan,nan,nan
goods-s-mediumjwst_10105748,1286,goods-s-mediumjwst,10105748,0,-1,2023-10-19,53.1286011,-27.7878857,GS,-1.0,-1.0,E,nan,nan,nan,nan
goods-s-mediumjwst_10105758,1180,goods-s-mediumjwst,10105758,265018,265018,2023-01-28,53.1969719,-27.7874203,GS,4.838,-1.0,E,nan,nan,nan,nan
goods-s-mediumjwst_10105773,1180,goods-s-mediumjwst,10105773,-3,-1,2023-10-08,53.1668243,-27.78672981,GS,4.737,-1.0,E,nan,nan,nan,nan
goods-s-mediumjwst_10105794,1286,goods-s-mediumjwst,10105794,0,-1,2023-10-19,53.135994,-27.7859573,GS,3.064,-1.0,E,nan,nan,nan,nan
goods-s-mediumjwst_10105813,1180,goods-s-mediumjwst,10105813,-3,-1,2023-01-28,53.127121,-27.7849121,GS,4.779,-1.0,E,nan,nan,nan,nan
goods-s-mediumjwst_10105840,1180,goods-s-mediumjwst,10105840,-3,-1,2023-01-28,53.1827316,-27.7828617,GS,4.405,-1.0,E,nan,nan,nan,nan
goods-s-ultradeep_10105887,3215,goods-s-ultradeep,10105887,-3,-1,2023-10-16,53.1501388,-27.779007,GS,4.669,-1.0,E,nan,nan,nan,nan
goods-s-mediumjwst_10105892,1286,goods-s-mediumjwst,10105892,0,-1,2023-12-17,53.1770248,-27.7716694,GS,nan,-1.0,E,nan,nan,nan,nan
goods-s-mediumjwst_10105915,1286,goods-s-mediumjwst,10105915,-3,-1,2023-12-17,53.1774368,-27.7749405,GS,4.374,-1.0,E,nan,nan,nan,nan
goods-s-mediumjwst_10105924,1180,goods-s-mediumjwst,10105924,129268,129268,2023-01-28,53.1870346,-27.7757435,GS,4.771,-1.0,E,nan,nan,nan,nan
goods-s-mediumjwst_10106032,1286,goods-s-mediumjwst,10106032,-3,-1,2023-10-19,53.1589394,-27.8235702,GS,6.037,-1.0,E,nan,nan,nan,nan
goods-s-mediumjwst_10106037,1180,goods-s-mediumjwst,10106037,99946,99946,2023-01-28,53.1724968,-27.8172817,GS,6.045,-1.0,E,nan,nan,nan,nan
goods-s-mediumjwst_10106038,1286,goods-s-mediumjwst,10106038,-3,-1,2023-01-13,53.1770096,-27.816988,GS,6.05,-1.0,E,nan,nan,nan,nan
goods-s-mediumjwst_10106069,1286,goods-s-mediumjwst,10106069,-3,-1,2023-10-19,53.1601906,-27.8042584,GS,5.757,-1.0,E,nan,nan,nan,nan
goods-s-mediumjwst_10106071,1180,goods-s-mediumjwst,10106071,-3,-1,2023-10-08,53.1897011,-27.80394936,GS,6.058,-1.0,E,nan,nan,nan,nan
goods-s-mediumjwst_10106146,1180,goods-s-mediumjwst,10106146,208318,208318,2023-10-08,53.1801186,-27.77921867,GS,5.467,-1.0,E,nan,nan,nan,nan
goods-s-mediumjwst_10106183,1286,goods-s-mediumjwst,10106183,-3,-1,2023-12-17,53.1739159,-27.7668648,GS,-1.0,-1.0,E,nan,nan,nan,nan
goods-s-mediumjwst_10106192,1286,goods-s-mediumjwst,10106192,-3,-1,2023-10-19,53.1636925,-27.7894669,GS,7.509,-1.0,E,nan,nan,nan,nan
goods-s-mediumjwst_10106198,1180,goods-s-mediumjwst,10106198,-3,-1,2023-01-28,53.1666756,-27.8328876,GS,2.881,-1.0,E,nan,nan,nan,nan
goods-s-mediumjwst_10106221,1180,goods-s-mediumjwst,10106221,-3,-1,2023-10-08,53.1589928,-27.8276062,GS,3.66,-1.0,E,nan,nan,nan,nan
goods-s-mediumjwst_10106225,1180,goods-s-mediumjwst,10106225,-3,-1,2023-10-08,53.1556435,-27.82683754,GS,2.891,-1.0,E,nan,nan,nan,nan
goods-s-mediumjwst_10106235,1286,goods-s-mediumjwst,10106235,-3,-1,2023-10-19,53.1700096,-27.8253593,GS,3.409,-1.0,E,nan,nan,nan,nan
goods-s-deephst_10106241,1210,goods-s-deephst,10106241,93232,93232,2022-10-24,53.1588173,-27.82454872,GS,2.747,-1.0,E,nan,nan,nan,nan
goods-s-deephst_10106242,1210,goods-s-deephst,10106242,-3,-1,2022-10-24,53.1663284,-27.82452011,GS,2.917,-1.0,E,nan,nan,nan,nan
goods-s-ultradeep_10106249,3215,goods-s-ultradeep,10106249,94046,94046,2023-10-16,53.1540832,-27.8237019,GS,2.83,-1.0,E,nan,nan,nan,nan
goods-s-ultradeep_10106343,3215,goods-s-ultradeep,10106343,228485,228485,2023-10-16,53.1606598,-27.8075962,GS,2.115,-1.0,E,nan,nan,nan,nan
goods-s-mediumjwst_10106388,1180,goods-s-mediumjwst,10106388,820523,-1,2023-01-28,53.186367,-27.8038197,GS,2.887,-1.0,E,nan,nan,nan,nan
goods-s-ultradeep_10106411,3215,goods-s-ultradeep,10106411,0,110935,2023-10-16,53.1716576,-27.8018246,GS,2.75,-1.0,E,nan,nan,nan,nan
goods-s-mediumjwst_10106420,1286,goods-s-mediumjwst,10106420,-3,-1,2023-12-17,53.1885223,-27.8008499,GS,2.113,-1.0,E,nan,nan,nan,nan
goods-s-deephst_10106443,1210,goods-s-deephst,10106443,-3,-1,2022-10-24,53.1207542,-27.79802132,GS,7.37,-1.0,E,nan,nan,nan,nan
goods-s-deephst_10106467,1210,goods-s-deephst,10106467,203369,203369,2022-10-24,53.1197967,-27.79621887,GS,2.87,-1.0,E,nan,nan,nan,nan
goods-s-mediumjwst_10106485,1286,goods-s-mediumjwst,10106485,-3,-1,2023-01-13,53.1888657,-27.7946262,GS,2.799,-1.0,E,nan,nan,nan,nan
goods-s-mediumjwst_10106767,1180,goods-s-mediumjwst,10106767,-3,-1,2023-01-28,53.181118,-27.7804069,GS,3.488,-1.0,E,nan,nan,nan,nan
goods-s-mediumjwst_10106802,1286,goods-s-mediumjwst,10106802,-3,-1,2023-12-17,53.1719894,-27.7583923,GS,2.796,-1.0,E,nan,nan,nan,nan
goods-s-mediumjwst_10106930,1180,goods-s-mediumjwst,10106930,-3,-1,2023-10-08,53.1581446,-27.77848372,GS,6.33542,-1.0,E,nan,nan,nan,nan
goods-s-mediumjwst_10106939,1180,goods-s-mediumjwst,10106939,-3,-1,2023-10-08,53.1588915,-27.80813822,GS,3.17676,-1.0,E,nan,nan,nan,nan
goods-s-deephst_10106944,1210,goods-s-deephst,10106944,400608,-1,2022-10-24,53.1644476,-27.81937181,GS,3.33628,3.32997,D,nan,nan,3.32997,nan
goods-s-mediumjwst_10106976,1286,goods-s-mediumjwst,10106976,-3,-1,2023-10-19,53.1367809,-27.7904018,GS,5.69672,-1.0,E,nan,nan,nan,nan
goods-s-deephst_10106979,1210,goods-s-deephst,10106979,-7,-1,2022-10-24,53.1639754,-27.7995717,GS,5.45089,-1.0,E,nan,nan,nan,nan
goods-s-mediumjwst_10106991,1286,goods-s-mediumjwst,10106991,0,-1,2023-12-17,53.1787487,-27.8000818,GS,4.75981,-1.0,E,nan,nan,nan,nan
goods-s-deepjwst_10107188,1287,goods-s-deepjwst,10107188,184528,-1,2024-01-10,53.109662,-27.8528687,GS,0.6701,0.665286,C,nan,nan,0.665286,nan
goods-s-mediumjwst_10107244,1180,goods-s-mediumjwst,10107244,-3,-1,2023-10-08,53.2026882,-27.82262605,GS,4.84882,-1.0,E,nan,nan,nan,nan
goods-s-ultradeep_10107433,3215,goods-s-ultradeep,10107433,95567,95567,2023-10-16,53.1425968,-27.8219856,GS,0.97627,-1.0,E,nan,nan,nan,nan
goods-s-ultradeep_10107543,3215,goods-s-ultradeep,10107543,334597,-1,2023-10-16,53.1314346,-27.7603257,GS,0.36608,-1.0,E,nan,nan,nan,nan
goods-s-ultradeep_10110205,3215,goods-s-ultradeep,10110205,321388,-1,2023-10-16,53.123309,-27.767785,GS,2.28,2.1515613751374847,A,2.1515613751374847,2.0,2.158734,nan
goods-s-mediumjwst_10110494,1286,goods-s-mediumjwst,10110494,-3,-1,2023-12-11,53.07808,-27.85112,GS,3.35,-1.0,E,nan,nan,nan,nan
goods-s-mediumjwst_10110569,1286,goods-s-mediumjwst,10110569,110569,-1,2023-12-11,53.090586,-27.84812,GS,2.97,3.20371,D,nan,nan,3.20371,-17.855770733155875
goods-s-mediumjwst_10110778,1286,goods-s-mediumjwst,10110778,195915,195915,2023-01-13,53.138995,-27.822753,GS,3.1,-1.0,E,nan,nan,nan,nan
goods-s-mediumjwst_10110793,1180,goods-s-mediumjwst,10110793,193946,193946,2023-01-28,53.17236,-27.828138,GS,3.05,3.0670533253789447,A,3.0670533253789447,1.0,3.067717,-16.777340263914414
goods-s-mediumjwst_10110822,1180,goods-s-mediumjwst,10110822,520267,-1,2023-10-08,53.20284,-27.824736,GS,3.19,3.3038283046540107,A,3.3038283046540107,2.0,3.296625,nan
goods-n-mediumjwst_20000002,1181,goods-n-mediumjwst,20000002,1026837,1026837,2023-05-05,189.2264275,62.24287833333333,GN,-99.0,0.5771596593805508,A,0.5771596593805508,6.0,0.582308,nan
goods-s-mediumjwst_20004040,1286,goods-s-mediumjwst,20004040,4040,4040,2023-12-11,53.098312,-27.9054104,GS,8.58,1.81398,D,nan,nan,1.81398,nan
goods-s-deepjwst_20005936,1287,goods-s-deepjwst,20005936,5936,5936,2024-01-10,53.1199136,-27.9015789,GS,8.02,7.948940060660342,A,7.948940060660342,2.0,7.948679,-18.45651791566589
goods-s-deepjwst_20006347,1287,goods-s-deepjwst,20006347,6347,6347,2024-01-10,53.1089999,-27.9008416,GS,8.81,8.714216706446418,A,8.714216706446418,7.0,8.710354,-19.765009273695842
goods-s-mediumjwst_20006347,1286,goods-s-mediumjwst,20006347,6347,6347,2023-12-11,53.1089999,-27.9008416,GS,8.81,8.71521926529647,A,8.71521926529647,5.0,8.71552,-19.883212669338363
goods-s-deepjwst_20012702,1287,goods-s-deepjwst,20012702,12702,12702,2024-01-10,53.0600576,-27.8914295,GS,10.92,6.8,E,nan,nan,nan,nan
goods-s-mediumjwst_20013405,1286,goods-s-mediumjwst,20013405,13405,13405,2023-12-11,53.1039334,-27.8905893,GS,8.35,7.9548517168370205,A,7.9548517168370205,5.0,7.953913,-20.524562856506435
goods-s-deepjwst_20013731,1287,goods-s-deepjwst,20013731,13731,13731,2024-01-10,53.0647541,-27.8902378,GS,14.0,13.01,C,nan,nan,13.0275,-18.532293655806743
goods-s-deepjwst_20015285,1287,goods-s-deepjwst,20015285,15285,15285,2024-01-10,53.0790506,-27.8885972,GS,9.39,10.26148,D,nan,nan,10.26148,-18.271880571722903
goods-s-deepjwst_20015720,1287,goods-s-deepjwst,20015720,15720,15720,2024-01-10,53.1176273,-27.8881759,GS,11.47,11.275,C,nan,nan,11.228946,-19.3858755750973
goods-s-mediumjwst_20017264,1286,goods-s-mediumjwst,20017264,17264,17264,2023-12-11,53.0666884,-27.8865904,GS,8.04,7.963877,C,nan,nan,7.963877,-18.95356536131296
goods-s-deepjwst_20018044,1287,goods-s-deepjwst,20018044,18044,18044,2024-01-10,53.0742705,-27.8859192,GS,14.36,13.86,C,nan,nan,14.36,-19.099747433004172
goods-s-deepjwst_20021387,1287,goods-s-deepjwst,20021387,21387,21387,2024-01-10,53.0671523,-27.8831711,GS,10.95,-1.0,E,nan,nan,nan,nan
goods-s-mediumjwst_20021468,1286,goods-s-mediumjwst,20021468,21468,21468,2023-12-11,53.1010793,-27.8830991,GS,8.9,8.806525301316395,A,8.806525301316395,1.0,8.806327,-19.182107671095327
goods-s-mediumjwst_20025526,1286,goods-s-mediumjwst,20025526,25526,25526,2023-12-11,53.0994268,-27.8803761,GS,8.27,7.949597,B,nan,nan,7.949597,-19.90640245589951
goods-s-mediumjwst_20027503,1286,goods-s-mediumjwst,20027503,27503,27503,2023-12-11,53.07581,-27.8793836,GS,8.55,8.194827422563293,A,8.194827422563293,4.0,8.192703,-20.095647615264237
goods-s-mediumjwst_20030133,1286,goods-s-mediumjwst,20030133,86029,86029,2023-01-13,53.1659385,-27.8342421,GS,11.03291,10.22557,D,nan,nan,nan,nan
goods-s-mediumjwst_20030333,1286,goods-s-mediumjwst,20030333,30333,30333,2023-12-11,53.0537283,-27.8778909,GS,8.52,7.889296286167401,A,7.889296286167401,1.0,7.88592,-19.303828325824288
goods-s-mediumjwst_20030902,1286,goods-s-mediumjwst,20030902,30902,30902,2023-12-11,53.1079846,-27.8776018,GS,10.97,10.84993,C,nan,nan,10.84993,-19.462034161358574
goods-s-mediumjwst_20037458,1286,goods-s-mediumjwst,20037458,37458,37458,2023-12-11,53.0893204,-27.8726954,GS,-1.0,8.22357883576359,A,8.22357883576359,1.0,8.221842,-19.582276044739288
goods-s-mediumjwst_20040324,1286,goods-s-mediumjwst,20040324,40324,40324,2023-12-11,53.1208458,-27.8701833,GS,-99.0,8.33967,C,nan,nan,8.33967,-19.46531094886808
goods-s-mediumjwst_20042645,1286,goods-s-mediumjwst,20042645,42645,42645,2023-12-11,53.1249688,-27.8683555,GS,8.78,8.505708917252672,A,8.505708917252672,3.0,8.501936,-19.31998378292473
goods-s-mediumjwst_20046019,1180,goods-s-mediumjwst,20046019,112098,112098,2023-01-28,53.1839343,-27.7999891,GS,7.33,7.263402,C,nan,nan,7.263402,-19.09412330420966
goods-s-mediumjwst_20046866,1180,goods-s-mediumjwst,20046866,203038,203038,2023-01-28,53.1840414,-27.7978251,GS,-1.0,7.262005200850931,A,7.262005200850931,2.0,7.264791,-18.194964826612956
goods-s-mediumjwst_20047266,1180,goods-s-mediumjwst,20047266,114111,114111,2023-01-28,53.176853,-27.796785,GS,-1.0,7.480233574325837,A,7.480233574325837,1.0,7.483982,-17.90004770270706
goods-s-mediumjwst_20049790,1286,goods-s-mediumjwst,20049790,205144,205144,2023-01-13,53.1830152,-27.7894591,GS,7.33224,6.954666271929845,A,6.954666271929845,2.0,nan,nan
goods-s-deepjwst_20050575,1287,goods-s-deepjwst,20050575,50575,50575,2024-01-10,53.0703713,-27.8630784,GS,8.47,8.414349786159427,A,8.414349786159427,2.0,8.415025,-17.465604706796036
goods-s-deepjwst_20051718,1287,goods-s-deepjwst,20051718,51718,51718,2024-01-10,53.1137767,-27.8623769,GS,8.02,7.94797,B,nan,nan,7.94797,-18.869579718867918
goods-s-mediumjwst_20053246,1286,goods-s-mediumjwst,20053246,125433,125433,2023-01-13,53.1768838,-27.781557,GS,7.24796,7.001304483424567,A,7.001304483424567,1.0,7.002009,-18.301679862185022
goods-s-deepjwst_20055733,1287,goods-s-deepjwst,20055733,55733,55733,2024-01-10,53.1076259,-27.8601385,GS,14.44,-1.0,E,nan,nan,nan,nan
goods-s-mediumjwst_20057250,1286,goods-s-mediumjwst,20057250,57250,57250,2023-12-11,53.1022356,-27.8592532,GS,8.46,8.258583704411528,A,8.258583704411528,1.0,8.263642,-19.453218768313082
goods-s-mediumjwst_20057378,1286,goods-s-mediumjwst,20057378,57378,57378,2023-12-11,53.0864954,-27.8591967,GS,8.5,7.949086287135849,A,7.949086287135849,5.0,7.952533,-19.455881819734138
goods-s-mediumjwst_20057765,1286,goods-s-mediumjwst,20057765,57765,57765,2023-12-11,53.040801,-27.8590081,GS,8.78,8.9133263591509,A,8.9133263591509,1.0,8.916058,-19.42559130514725
goods-s-deepjwst_20062446,1287,goods-s-deepjwst,20062446,62446,62446,2024-01-10,53.1200125,-27.856452,GS,8.33,7.649021747654061,A,7.649021747654061,2.0,7.65153,-18.265696528174836
goods-s-mediumjwst_20062600,1286,goods-s-mediumjwst,20062600,62600,62600,2023-12-11,53.1202108,-27.8563344,GS,8.27,7.647273467709875,A,7.647273467709875,2.0,7.649785,-19.831615021898042
goods-s-deepjwst_20064312,1287,goods-s-deepjwst,20064312,64312,64312,2024-01-10,53.0724799,-27.8553518,GS,10.6,10.48,D,nan,nan,10.48,-17.655013440832263
goods-s-mediumjwst_20065369,1286,goods-s-mediumjwst,20065369,65369,65369,2023-12-11,53.0874525,-27.8546468,GS,8.5,7.954539,C,nan,nan,7.954539,-18.8417285588658
goods-s-mediumjwst_20066293,1286,goods-s-mediumjwst,20066293,66293,66293,2023-12-11,53.0460129,-27.853991,GS,8.3,8.063322460563588,A,8.063322460563588,3.0,8.067903,-18.77260852073783
goods-s-deepjwst_20074794,1287,goods-s-deepjwst,20074794,74794,74794,2024-01-10,53.0671723,-27.8472697,GS,8.76,8.589369,C,nan,nan,8.589369,-18.178040082536622
goods-s-mediumjwst_20076576,1286,goods-s-mediumjwst,20076576,76576,76576,2023-12-11,53.055107,-27.8455474,GS,9.65,9.864436,C,nan,nan,9.864436,-19.864593377599604
goods-s-mediumjwst_20077159,1286,goods-s-mediumjwst,20077159,77159,77159,2023-10-19,53.1336265,-27.8449872,GS,9.36,9.048957760385145,A,9.048957760385145,3.0,9.051288,-20.01297708491097
goods-s-mediumjwst_20079187,1180,goods-s-mediumjwst,20079187,192042,192042,2023-01-28,53.1586152,-27.8340754,GS,-1.0,8.835827019309589,A,8.835827019309589,1.0,8.833838,-19.6698610644009
goods-s-mediumjwst_20083087,1286,goods-s-mediumjwst,20083087,83087,83087,2023-12-11,53.0677326,-27.8378744,GS,9.43,9.059601,C,nan,nan,9.059601,-19.850737791015536
goods-s-mediumjwst_20085619,1286,goods-s-mediumjwst,20085619,203173,203173,2023-01-13,53.1910547,-27.7973142,GS,7.44087,7.266348760857019,A,7.266348760857019,3.0,7.267869,-18.962703756806153
goods-s-mediumjwst_20086025,1286,goods-s-mediumjwst,20086025,203955,203955,2023-01-13,53.183741,-27.7939021,GS,7.39981,7.26135452118135,A,7.26135452118135,3.0,nan,nan
goods-s-mediumjwst_20087722,1286,goods-s-mediumjwst,20087722,87722,87722,2023-12-11,53.0693907,-27.8319578,GS,8.95,8.95,D,nan,nan,8.95,-18.521987471374644
goods-s-mediumjwst_20087739,1180,goods-s-mediumjwst,20087739,423665,-1,2023-01-28,53.2004188,-27.7821002,GS,-1.0,7.480175869190015,A,7.480175869190015,2.0,7.480463,-18.735342664647046
goods-s-mediumjwst_20088041,1286,goods-s-mediumjwst,20088041,207868,207868,2023-01-13,53.1755177,-27.7806356,GS,9.9665,9.702543946883004,A,9.702543946883004,1.0,nan,nan
goods-s-mediumjwst_20089104,1286,goods-s-mediumjwst,20089104,407187,-1,2023-01-13,53.1305149,-27.7735837,GS,9.43003,9.37925,D,nan,nan,9.37925,-18.611374933331845
goods-s-mediumjwst_20089745,1286,goods-s-mediumjwst,20089745,89745,89745,2023-10-19,53.1171895,-27.8290334,GS,8.22,8.0,C,nan,nan,8.0,-18.660503137755363
goods-s-ultradeep_20095279,3215,goods-s-ultradeep,20095279,95279,95279,2023-10-16,53.1600823,-27.8225409,GS,8.01,-1.0,E,nan,nan,nan,nan
goods-s-ultradeep_20096216,3215,goods-s-ultradeep,20096216,96216,96216,2023-10-16,53.1663464,-27.8215573,GS,12.46,12.48,C,nan,nan,12.461954,-18.51322019099449
goods-s-ultradeep_20100293,3215,goods-s-ultradeep,20100293,100293,100293,2023-10-16,53.1687381,-27.8169753,GS,9.92,8.747483537601713,A,8.747483537601713,2.0,8.745362,-16.956355378460657
goods-s-ultradeep_20107038,3215,goods-s-ultradeep,20107038,107038,107038,2023-10-16,53.1171115,-27.8079696,GS,8.51,-1.0,E,nan,nan,nan,nan
goods-s-ultradeep_20110306,3215,goods-s-ultradeep,20110306,110306,110306,2023-10-16,53.1691329,-27.8029208,GS,9.1,8.917855,C,nan,nan,8.917855,-18.502630468568036
goods-s-ultradeep_20111790,3215,goods-s-ultradeep,20111790,111790,111790,2023-10-16,53.1168521,-27.8005613,GS,9.13,8.815875,C,nan,nan,8.815875,-16.435177565857018
goods-s-mediumjwst_20117085,1286,goods-s-mediumjwst,20117085,117085,117085,2023-12-17,53.1356328,-27.7918485,GS,8.02,7.762091638833999,A,7.762091638833999,3.0,7.763098,-19.393545497673962
goods-s-ultradeep_20128771,3215,goods-s-ultradeep,20128771,128771,128771,2023-10-16,53.1498813,-27.7765025,GS,13.41,13.2,C,nan,nan,13.2,-18.79437733216409
goods-s-ultradeep_20130158,3215,goods-s-ultradeep,20130158,130158,130158,2023-10-16,53.1647617,-27.7746259,GS,12.31,11.122,C,nan,nan,11.122,-19.087602320915714
goods-s-ultradeep_20132865,3215,goods-s-ultradeep,20132865,132865,132865,2023-10-16,53.1301736,-27.7715686,GS,8.01,1.82365,D,nan,nan,1.82365,nan
goods-s-mediumjwst_20165595,1286,goods-s-mediumjwst,20165595,165595,165595,2023-12-11,53.0583174,-27.8848528,GS,8.98,8.583060677290856,A,8.583060677290856,3.0,8.58187,-19.845844081847826
goods-s-mediumjwst_20173624,1286,goods-s-mediumjwst,20173624,173624,173624,2023-12-11,53.0768775,-27.8696739,GS,8.57,8.268871281286753,A,8.268871281286753,3.0,8.270282,-19.198376938336484
goods-s-mediumjwst_20174121,1286,goods-s-mediumjwst,20174121,174121,174121,2023-12-11,53.0556731,-27.8688147,GS,8.36,7.622160718631674,A,7.622160718631674,6.0,7.620485,-19.42090031476181
goods-s-mediumjwst_20175729,1286,goods-s-mediumjwst,20175729,175729,175729,2023-12-11,53.0605843,-27.8660249,GS,8.44,7.881897049261156,A,7.881897049261156,3.0,7.883552,-19.704229807175803
goods-s-deepjwst_20176151,1287,goods-s-deepjwst,20176151,176151,176151,2024-01-10,53.0707635,-27.8654376,GS,11.03,10.407481,C,nan,nan,10.407481,-19.14315825190212
goods-s-mediumjwst_20176151,1286,goods-s-mediumjwst,20176151,176151,176151,2023-12-11,53.0707635,-27.8654376,GS,-1.0,10.53683,C,nan,nan,10.53683,-19.176769991918718
goods-s-deepjwst_20177294,1287,goods-s-deepjwst,20177294,177294,177294,2024-01-10,53.079003,-27.8635899,GS,10.5,10.8,D,nan,nan,10.8,-17.380134999469757
goods-s-deepjwst_20179485,1287,goods-s-deepjwst,20179485,179485,179485,2024-01-10,53.0873786,-27.8603251,GS,8.46,7.953887454567437,A,7.953887454567437,4.0,7.954839,-19.361636346794974
goods-s-mediumjwst_20179485,1286,goods-s-mediumjwst,20179485,179485,179485,2023-12-11,53.0873786,-27.8603251,GS,8.46,7.951639596317872,A,7.951639596317872,4.0,7.954857,-19.76388074055848
goods-s-deepjwst_20180445,1287,goods-s-deepjwst,20180445,180445,180445,2024-01-10,53.0863236,-27.8593897,GS,8.88,7.955505184885951,A,7.955505184885951,1.0,7.958408,-17.62568867434723
goods-s-mediumjwst_20189546,1286,goods-s-mediumjwst,20189546,332743,-1,2023-12-11,53.0721288,-27.8419459,GS,8.99,8.697172188017191,A,8.697172188017191,1.0,8.703832,-19.228425104810366
goods-s-mediumjwst_20190104,1286,goods-s-mediumjwst,20190104,190104,190104,2023-10-19,53.1356943,-27.8388392,GS,8.24,8.221384825532562,A,8.221384825532562,2.0,8.2224,-19.835217037201666
goods-s-mediumjwst_20190996,1286,goods-s-mediumjwst,20190996,190996,190996,2023-12-11,53.1367539,-27.8374569,GS,8.13,8.223310812072352,A,8.223310812072352,2.0,8.222836,-19.335535972391092
goods-s-mediumjwst_20191095,1286,goods-s-mediumjwst,20191095,191095,191095,2023-10-19,53.1571047,-27.8370815,GS,8.39,7.6741300793645975,A,7.6741300793645975,2.0,7.673329,-19.7317072006664
goods-s-mediumjwst_20191918,1286,goods-s-mediumjwst,20191918,424617,-1,2023-12-11,53.1054082,-27.8337075,GS,8.43,-1.0,E,nan,nan,nan,nan
goods-s-mediumjwst_20192042,1286,goods-s-mediumjwst,20192042,192042,192042,2023-10-19,53.1586178,-27.8340768,GS,8.86,8.836051,C,nan,nan,8.836051,-19.5370110335853
goods-s-ultradeep_20198852,3215,goods-s-ultradeep,20198852,198851,198851,2023-10-16,53.1077607,-27.812944,GS,8.26,8.267214726278604,A,8.267214726278604,2.0,8.268562,-18.15830927794594
goods-s-mediumjwst_20201124,1286,goods-s-mediumjwst,20201124,201125,201125,2023-12-17,53.16672,-27.804329,GS,-99.0,5.819379919931382,A,5.819379919931382,5.0,5.82154,-18.00376610898081
goods-s-mediumjwst_20211388,1180,goods-s-mediumjwst,20211388,334323,-1,2023-10-08,53.18353846364278,-27.770135760499297,GS,8.95,8.38368433532069,A,8.38368433532069,1.0,8.383166,-17.637968626155047
goods-s-ultradeep_20213084,3215,goods-s-ultradeep,20213084,213084,213084,2023-10-16,53.1589064,-27.765076,GS,8.52,8.483132477663892,A,8.483132477663892,4.0,8.485689,-19.217136378885588
goods-s-deepjwst_30010919,1287,goods-s-deepjwst,30010919,9470,9470,2024-01-10,53.0545311,-27.895853,GS,7.49,7.609616,C,nan,nan,7.609616,-17.288242366403555
goods-s-deepjwst_30040883,1287,goods-s-deepjwst,30040883,55162,55162,2024-01-10,53.070034,-27.8604202,GS,7.61,-1.0,E,nan,nan,nan,nan
goods-s-mediumjwst_30053944,1286,goods-s-mediumjwst,30053944,76572,76572,2023-12-11,53.086441,-27.8455238,GS,7.46,7.3807694963041595,A,7.3807694963041595,1.0,7.386841,-17.54891030994925
goods-s-mediumjwst_30056758,1180,goods-s-mediumjwst,30056758,152062,152062,2023-01-28,53.1500475,-27.7450069,GS,6.77,6.571784263120607,A,6.571784263120607,3.0,6.569785,-19.203684516390496
goods-s-mediumjwst_30070205,1180,goods-s-mediumjwst,30070205,197182,197182,2023-01-28,53.1669511,-27.818811,GS,6.526,-1.0,E,nan,nan,nan,nan
goods-s-mediumjwst_30070837,1286,goods-s-mediumjwst,30070837,198478,198478,2023-01-13,53.1331264,-27.8142059,GS,2.18559,-1.0,E,nan,nan,nan,nan
goods-s-ultradeep_30071751,3215,goods-s-ultradeep,30071751,95101,95101,2023-10-16,53.1676865,-27.8227749,GS,6.21,-1.0,E,nan,nan,nan,nan
goods-s-mediumjwst_30074749,1180,goods-s-mediumjwst,30074749,206996,206996,2023-01-28,53.145552,-27.7837956,GS,-99.0,6.875454029966329,A,6.875454029966329,3.0,6.873962,-20.051532909989202
goods-s-ultradeep_30080593,3215,goods-s-ultradeep,30080593,105740,105740,2023-10-16,53.1488457,-27.8096962,GS,6.02,5.959828817578699,A,5.959828817578699,3.0,5.956897,-17.083913446901967
goods-s-ultradeep_30080873,3215,goods-s-ultradeep,30080873,199712,199712,2023-10-16,53.1516685,-27.8092499,GS,5.68,5.559196147393616,A,5.559196147393616,3.0,5.560682,-17.53830315703047
goods-s-ultradeep_30083556,3215,goods-s-ultradeep,30083556,108591,108591,2023-10-16,53.1474152,-27.8055363,GS,6.85,7.47519,D,nan,nan,7.475361,-17.565014436418227
goods-s-mediumjwst_30085267,1286,goods-s-mediumjwst,30085267,109945,109945,2023-10-19,53.1657677,-27.8034458,GS,5.73,5.884525471190777,A,5.884525471190777,3.0,5.882996,-18.60240103555708
goods-s-mediumjwst_30087919,1286,goods-s-mediumjwst,30087919,112098,112098,2023-12-17,53.1839371,-27.7999954,GS,7.4,7.259851467317246,A,7.259851467317246,1.0,7.261674,-18.770177149233927
goods-s-mediumjwst_30091375,1286,goods-s-mediumjwst,30091375,203522,203522,2023-12-17,53.173233,-27.795681,GS,6.02,6.000004879827143,A,6.000004879827143,3.0,5.998914,-19.3037122275962
goods-s-mediumjwst_30099449,1180,goods-s-mediumjwst,30099449,122436,122436,2023-10-08,53.1617088,-27.7853947,GS,7.37,7.23393370922102,A,7.23393370922102,3.0,7.235748,-20.19623177175344
goods-s-mediumjwst_30129688,1286,goods-s-mediumjwst,30129688,146141,146141,2023-12-17,53.2115936,-27.7556591,GS,7.26,-1.0,E,nan,nan,nan,nan
goods-s-mediumjwst_30139499,1180,goods-s-mediumjwst,30139499,211999,211999,2023-10-08,53.1941452,-27.7683773,GS,7.32,7.24298648812585,A,7.24298648812585,1.0,7.240081,-18.597479138932446
goods-s-mediumjwst_30141478,1180,goods-s-mediumjwst,30141478,133839,133839,2023-10-08,53.1867447,-27.7706356,GS,7.28,7.239423,C,nan,nan,7.239423,-17.570178518111327
goods-s-mediumjwst_30141733,1286,goods-s-mediumjwst,30141733,141733,-1,2023-12-17,53.1610489,-27.7713051,GS,6.14,6.093887,C,nan,nan,6.093887,-18.751696938417627
goods-s-mediumjwst_30141745,1180,goods-s-mediumjwst,30141745,210869,210869,2023-10-08,53.1801224,-27.7714367,GS,7.26,7.274995745291644,A,7.274995745291644,1.0,7.277243,-18.9859640542159
goods-s-mediumjwst_30141885,1180,goods-s-mediumjwst,30141885,132845,132845,2023-10-08,53.1595306,-27.7715263,GS,6.09,6.097884434060707,A,6.097884434060707,4.0,6.098642,-20.43274346927737
goods-s-mediumjwst_30142058,1286,goods-s-mediumjwst,30142058,142058,-1,2023-12-17,53.1822395,-27.7718258,GS,7.29,7.269933,C,nan,nan,7.269933,-18.476555820338447
goods-s-mediumjwst_30142600,1180,goods-s-mediumjwst,30142600,131752,131752,2023-10-08,53.1655502,-27.7726707,GS,7.3,7.237699344227112,A,7.237699344227112,1.0,7.238101,-18.563634303571753
goods-s-mediumjwst_30143240,1180,goods-s-mediumjwst,30143240,131701,131701,2023-10-08,53.1570587,-27.7727184,GS,5.89,5.971527562266617,A,5.971527562266617,1.0,5.973004,-18.229620825705396
goods-s-mediumjwst_30147912,1180,goods-s-mediumjwst,30147912,127088,127088,2023-10-08,53.1862755,-27.7790413,GS,7.53,7.2736146528256915,A,7.2736146528256915,1.0,7.274623,-19.4696809742274
goods-s-mediumjwst_30148179,1286,goods-s-mediumjwst,30148179,208145,208145,2023-12-17,53.1420822,-27.7798519,GS,5.89,5.919773537758692,A,5.919773537758692,7.0,5.921536,-20.267458125716992
goods-s-mediumjwst_30149072,1286,goods-s-mediumjwst,30149072,125827,125827,2023-12-17,53.1560326,-27.7809811,GS,6.51,6.3095789676080845,A,6.3095789676080845,1.0,6.307736,-18.7203663400853
goods-s-mediumjwst_30149608,1286,goods-s-mediumjwst,30149608,125493,125493,2023-12-17,53.1282349,-27.7815208,GS,7.3,7.034756902108694,A,7.034756902108694,1.0,7.033504,-17.882674403750038
goods-s-mediumjwst_40000170,1180,goods-s-mediumjwst,40000170,202809,202809,2023-01-28,53.136002,-27.798489,GS,5.61,5.776175486892329,A,5.776175486892329,7.0,5.773178,-18.93418278008513
goods-s-mediumjwst_40000190,1180,goods-s-mediumjwst,40000190,208359,208359,2023-01-28,53.131975,-27.779204,GS,5.62,5.542754699417545,A,5.542754699417545,3.0,5.543834,-18.690113606997926
goods-s-mediumjwst_50039680,1180,goods-s-mediumjwst,50039680,203108,203108,2023-01-28,53.1697109,-27.797087,GS,2.08638,2.0827997661787965,A,2.0827997661787965,10.0,2.084704,nan
goods-s-deepjwst_60042862,1287,goods-s-deepjwst,60042862,42862,42862,2024-01-10,53.1173569,-27.8682095,GS,3.55902,3.583945605155651,A,3.583945605155651,8.0,3.583011,-17.696828232200936
goods-s-deepjwst_60043679,1287,goods-s-deepjwst,60043679,43679,43679,2024-01-10,53.121325,-27.8675397,GS,1.30642,1.159881965814908,A,1.159881965814908,2.0,1.166373,nan
goods-s-mediumjwst_60139813,1286,goods-s-mediumjwst,60139813,139813,139813,2023-12-17,53.1303718,-27.7645604,GS,4.1142,5.541985749907788,A,5.541985749907788,3.0,5.548106,-18.347615311898608
goods-s-mediumjwst_60141305,1286,goods-s-mediumjwst,60141305,141305,141305,2023-12-17,53.1330494,-27.762417,GS,1.79572,1.7553607616932054,A,1.7553607616932054,7.0,1.77009,nan
goods-s-mediumjwst_60141568,1286,goods-s-mediumjwst,60141568,141568,141568,2023-12-17,53.1246034,-27.7620924,GS,0.47994,0.6676402316407803,A,0.6676402316407803,1.0,0.667737,nan
goods-s-mediumjwst_60142495,1286,goods-s-mediumjwst,60142495,142495,142495,2023-12-17,53.1283363,-27.7607052,GS,1.63036,1.618672,B,nan,nan,1.618672,nan
goods-s-mediumjwst_60142682,1286,goods-s-mediumjwst,60142682,142682,142682,2023-12-17,53.1235116,-27.760556,GS,1.38646,1.2926,D,nan,nan,1.2926,nan
goods-s-mediumjwst_60144721,1286,goods-s-mediumjwst,60144721,144721,144721,2023-12-17,53.1226522,-27.7575172,GS,2.42805,2.7224042752079995,A,2.7224042752079995,3.0,2.719283,nan
goods-s-mediumjwst_60146727,1286,goods-s-mediumjwst,60146727,146727,146727,2023-12-17,53.1262678,-27.7548196,GS,2.87336,2.9246984552480138,A,2.9246984552480138,4.0,2.924247,nan
goods-s-mediumjwst_60148140,1286,goods-s-mediumjwst,60148140,148140,148140,2023-12-17,53.1320749,-27.7528914,GS,4.13592,3.915459455207705,A,3.915459455207705,13.0,3.917873,-20.334456351669154
goods-s-mediumjwst_60148771,1286,goods-s-mediumjwst,60148771,148771,148771,2023-12-17,53.1299079,-27.7520041,GS,3.42826,3.432146,B,nan,nan,3.432146,-20.31349790621248
goods-s-mediumjwst_60148970,1286,goods-s-mediumjwst,60148970,148970,148970,2023-12-17,53.1281225,-27.751711,GS,-1.0,1.68794,D,nan,nan,1.68794,nan
goods-s-mediumjwst_60149824,1286,goods-s-mediumjwst,60149824,149824,149824,2023-12-17,53.1286802,-27.7501079,GS,3.44106,3.461176806602483,A,3.461176806602483,2.0,3.454158,-17.989998224288104
goods-s-mediumjwst_60150352,1286,goods-s-mediumjwst,60150352,150352,150352,2023-12-17,53.1252688,-27.7490175,GS,1.57438,1.4361850052875615,A,1.4361850052875615,1.0,1.43608,nan
goods-s-mediumjwst_60150492,1286,goods-s-mediumjwst,60150492,150492,150492,2023-12-17,53.1255413,-27.7487802,GS,-1.0,3.079262743645949,A,3.079262743645949,2.0,3.079,-17.254217560271325
goods-s-mediumjwst_60151588,1286,goods-s-mediumjwst,60151588,151588,151588,2023-12-17,53.1264165,-27.7462193,GS,2.21553,2.3373921926297685,A,2.3373921926297685,10.0,2.329129,nan
goods-s-mediumjwst_60212827,1286,goods-s-mediumjwst,60212827,212827,212827,2023-12-17,53.1273487,-27.765854,GS,6.49169,5.812530216805515,A,5.812530216805515,5.0,5.810103,-18.225532908546057
goods-s-mediumjwst_60214830,1286,goods-s-mediumjwst,60214830,214830,214830,2023-12-17,53.1251838,-27.7574432,GS,1.17958,1.2208185163912657,A,1.2208185163912657,2.0,1.219854,nan
goods-s-mediumjwst_60216375,1286,goods-s-mediumjwst,60216375,216375,216375,2023-12-17,53.1238642,-27.7523852,GS,2.57792,2.577613,B,nan,nan,2.577613,nan
goods-s-mediumjwst_60217134,1286,goods-s-mediumjwst,60217134,217134,217134,2023-12-17,53.121986,-27.7488955,GS,1.11677,1.079977808999908,A,1.079977808999908,4.0,1.101276,nan
goods-s-mediumjwst_60217631,1286,goods-s-mediumjwst,60217631,217631,217631,2023-12-17,53.1329237,-27.7458954,GS,1.69312,1.6127564156648835,A,1.6127564156648835,6.0,1.620392,nan
goods-s-mediumjwst_60267287,1286,goods-s-mediumjwst,60267287,267287,267287,2023-12-17,53.1288603,-27.7506574,GS,6.71332,2.5755321844248096,A,2.5755321844248096,1.0,2.57657,nan
goods-s-deepjwst_60302222,1287,goods-s-deepjwst,60302222,302222,-1,2024-01-10,53.1154465,-27.8750618,GS,2.04958,1.9375598808094985,A,1.9375598808094985,2.0,1.92888,nan
goods-s-deepjwst_60302380,1287,goods-s-deepjwst,60302380,302380,-1,2024-01-10,53.1109128,-27.8735141,GS,4.43262,6.369323712943793,A,6.369323712943793,2.0,6.373528,-17.81648091124712
goods-s-deepjwst_60302465,1287,goods-s-deepjwst,60302465,302465,-1,2024-01-10,53.1127201,-27.8724755,GS,0.8128,-1.0,E,nan,nan,nan,nan
goods-s-deepjwst_60302481,1287,goods-s-deepjwst,60302481,302481,-1,2024-01-10,53.1130973,-27.8721663,GS,2.57886,2.6970358044152007,A,2.6970358044152007,7.0,2.699435,nan
goods-s-deepjwst_60302504,1287,goods-s-deepjwst,60302504,302504,-1,2024-01-10,53.1241202,-27.8719094,GS,3.75084,3.461,D,nan,nan,3.463636,-16.008155096693677
goods-s-deepjwst_60302507,1287,goods-s-deepjwst,60302507,302507,-1,2024-01-10,53.1261428,-27.8718528,GS,3.346,-1.0,E,nan,nan,nan,nan
goods-s-deepjwst_60302650,1287,goods-s-deepjwst,60302650,302650,-1,2024-01-10,53.12377,-27.8699923,GS,1.52194,1.365537473429153,A,1.365537473429153,2.0,1.354282,nan
goods-s-mediumjwst_60308517,1286,goods-s-mediumjwst,60308517,308517,-1,2023-12-17,53.2160839,-27.8028966,GS,0.23873,-1.0,E,nan,nan,nan,nan
goods-s-mediumjwst_60308582,1286,goods-s-mediumjwst,60308582,308582,-1,2023-12-17,53.218543,-27.8025939,GS,2.05704,2.8848608149965242,A,2.8848608149965242,3.0,2.874188,nan
goods-s-mediumjwst_60308861,1286,goods-s-mediumjwst,60308861,308861,-1,2023-12-17,53.2224234,-27.8012114,GS,3.55168,3.59832,D,nan,nan,3.598114,-17.400798190691525
goods-s-mediumjwst_60309007,1286,goods-s-mediumjwst,60309007,309007,-1,2023-12-17,53.2254824,-27.8004396,GS,1.7205,1.54757,B,nan,nan,1.54757,nan
goods-s-mediumjwst_60309096,1286,goods-s-mediumjwst,60309096,309096,-1,2023-12-17,53.2165245,-27.8000697,GS,2.05115,1.900205790106969,A,1.900205790106969,7.0,1.902293,nan
goods-s-mediumjwst_60309214,1286,goods-s-mediumjwst,60309214,309214,-1,2023-12-17,53.2201399,-27.7994801,GS,-1.0,-1.0,E,nan,nan,nan,nan
goods-s-mediumjwst_60309514,1286,goods-s-mediumjwst,60309514,309514,-1,2023-12-17,53.2250206,-27.7978938,GS,0.77887,4.697304200428237,A,4.697304200428237,2.0,4.701496,-18.245656437323944
goods-s-mediumjwst_60309548,1286,goods-s-mediumjwst,60309548,309548,-1,2023-12-17,53.2150042,-27.797756,GS,2.68689,2.589191713701247,A,2.589191713701247,3.0,2.587004,nan
goods-s-mediumjwst_60309711,1286,goods-s-mediumjwst,60309711,309711,-1,2023-12-17,53.2242018,-27.7969589,GS,2.61802,2.70200622380223,A,2.70200622380223,3.0,2.695029,nan
goods-s-mediumjwst_60309960,1286,goods-s-mediumjwst,60309960,309960,-1,2023-12-17,53.2223684,-27.7956773,GS,1.76595,1.600122,C,nan,nan,1.600122,nan
goods-s-mediumjwst_60309998,1286,goods-s-mediumjwst,60309998,309998,-1,2023-12-17,53.2175818,-27.7954794,GS,2.08375,2.1981420893165295,A,2.1981420893165295,10.0,2.197356,nan
goods-s-mediumjwst_60310158,1286,goods-s-mediumjwst,60310158,310158,-1,2023-12-17,53.210317,-27.7946932,GS,2.16257,2.154071449431264,A,2.154071449431264,11.0,2.152067,nan
goods-s-mediumjwst_60310305,1286,goods-s-mediumjwst,60310305,310305,-1,2023-12-17,53.2222836,-27.7939707,GS,5.51735,-1.0,E,nan,nan,nan,nan
goods-s-mediumjwst_60310684,1286,goods-s-mediumjwst,60310684,310684,-1,2023-12-17,53.213157,-27.7921799,GS,3.24197,3.347510991090069,A,3.347510991090069,9.0,3.340497,-19.22191593812575
goods-s-mediumjwst_60311023,1286,goods-s-mediumjwst,60311023,311023,-1,2023-12-17,53.2107746,-27.790673,GS,5.19781,4.923545,C,nan,nan,4.923545,-18.056622148756006
goods-s-mediumjwst_60311155,1286,goods-s-mediumjwst,60311155,311155,-1,2023-12-17,53.2187991,-27.7899706,GS,8.44493,8.51179,C,nan,nan,8.51179,-19.325699060188295
goods-s-mediumjwst_60311826,1286,goods-s-mediumjwst,60311826,420405,-1,2023-12-17,53.2194688,-27.785965,GS,2.90778,2.785722914253206,A,2.785722914253206,4.0,2.805133,nan
goods-s-mediumjwst_60311982,1286,goods-s-mediumjwst,60311982,311982,-1,2023-12-17,53.2143663,-27.7848966,GS,5.63326,4.505888141720384,A,4.505888141720384,3.0,4.500668,-19.004479144991677
goods-s-mediumjwst_60312119,1286,goods-s-mediumjwst,60312119,312119,-1,2023-12-17,53.216656,-27.7837896,GS,1.41032,1.7181964368453635,A,1.7181964368453635,10.0,1.723642,nan
goods-s-mediumjwst_60313977,1286,goods-s-mediumjwst,60313977,313977,-1,2023-12-17,53.1261577,-27.7682523,GS,-1.0,3.60007,D,nan,nan,3.60007,-17.07363543662148
goods-s-mediumjwst_60314746,1286,goods-s-mediumjwst,60314746,314746,-1,2023-12-17,53.1285966,-27.7624194,GS,5.58774,-1.0,E,nan,nan,nan,nan
goods-s-mediumjwst_60315272,1286,goods-s-mediumjwst,60315272,315272,-1,2023-12-17,53.123329,-27.7581355,GS,4.30692,-1.0,E,nan,nan,nan,nan
goods-s-mediumjwst_60316193,1286,goods-s-mediumjwst,60316193,316193,-1,2023-12-17,53.1213845,-27.7504764,GS,4.89104,-1.0,E,nan,nan,nan,nan
goods-s-mediumjwst_60316839,1286,goods-s-mediumjwst,60316839,316839,-1,2023-12-17,53.1427713,-27.7433465,GS,-1.0,-1.0,E,nan,nan,nan,nan
goods-s-deepjwst_60318988,1287,goods-s-deepjwst,60318988,318988,-1,2024-01-10,53.1212122,-27.8762383,GS,6.5421,6.045151571212392,A,6.045151571212392,5.0,6.04576,-19.4030703830011
goods-s-deepjwst_60319101,1287,goods-s-deepjwst,60319101,319101,-1,2024-01-10,53.1255611,-27.8727297,GS,2.18744,2.689001295202055,A,2.689001295202055,3.0,2.68627,nan
goods-s-deepjwst_60322514,1287,goods-s-deepjwst,60322514,322514,-1,2024-01-10,53.1202095,-27.875783,GS,1.86703,1.937707816137266,A,1.937707816137266,4.0,1.946245,nan
goods-s-deepjwst_70347078,1287,goods-s-deepjwst,70347078,347078,-1,2024-01-10,53.1124819,-27.8919738,GS,1.65914,-1.0,E,nan,nan,nan,nan
goods-s-deepjwst_70347582,1287,goods-s-deepjwst,70347582,-3,-1,2024-01-10,53.0594085,-27.888573,GS,5.66814,-1.0,E,nan,nan,nan,nan
goods-s-deepjwst_70347654,1287,goods-s-deepjwst,70347654,347654,-1,2024-01-10,53.0728891,-27.8881175,GS,8.76841,4.836,D,nan,nan,4.828352,-15.199567777961143
goods-s-deepjwst_70347759,1287,goods-s-deepjwst,70347759,347759,-1,2024-01-10,53.1190894,-27.8874248,GS,4.22257,-1.0,E,nan,nan,nan,nan
goods-s-deepjwst_70348550,1287,goods-s-deepjwst,70348550,348550,-1,2024-01-10,53.0582428,-27.8829293,GS,3.54822,-1.0,E,nan,nan,nan,nan
goods-s-deepjwst_70348626,1287,goods-s-deepjwst,70348626,348626,-1,2024-01-10,53.0678046,-27.8824735,GS,2.52683,-1.0,E,nan,nan,nan,nan
goods-s-deepjwst_70361006,1287,goods-s-deepjwst,70361006,361006,-1,2024-01-10,53.0554263,-27.8956179,GS,3.56599,-1.0,E,nan,nan,nan,nan
goods-s-deepjwst_70373762,1287,goods-s-deepjwst,70373762,-3,-1,2024-01-10,53.0827508,-27.8502058,GS,4.66485,-1.0,E,nan,nan,nan,nan
goods-s-deepjwst_70377059,1287,goods-s-deepjwst,70377059,377059,-1,2024-01-10,53.0685674,-27.8644894,GS,0.57996,-1.0,E,nan,nan,nan,nan
goods-s-deepjwst_70378732,1287,goods-s-deepjwst,70378732,378732,-1,2024-01-10,53.0774518,-27.8591244,GS,6.67552,3.793477537627164,A,3.793477537627164,4.0,3.787512,-14.495579090265458
goods-s-deepjwst_70378948,1287,goods-s-deepjwst,70378948,378948,-1,2024-01-10,53.0633829,-27.850607,GS,8.81573,2.07913,C,nan,nan,2.07913,nan
