source_id,band,x,y,phase_x,phase_y,response,total_pointsource_multiplier,aperture_pixels,annulus_pixels,modeled_not_observed
1002,F090W,1863.3585069306644,1583.3206366277495,0.3585069306643618,0.3206366277495363,0.8220321397460671,1.2164974477870276,116,818,True
938,F090W,254.0457774126304,437.3622818460269,0.04577741263040025,0.36228184602691726,0.8203809283699972,1.2189459376961447,113,814,True
262,F090W,1859.000345406074,1326.3001378570466,0.00034540607407507196,0.3001378570465931,0.821637639976187,1.217081534907508,116,814,True
923,F090W,612.93073881678,123.04593756242764,-0.06926118321996455,0.04593756242763902,0.8214382516930004,1.2173769579624278,114,819,True
1025,F090W,843.4768721073106,2008.1364956392915,0.4768721073105553,0.13649563929152464,0.8215654716537877,1.217188446329212,114,816,True
361,F090W,99.76935839636292,1624.4659851582733,-0.23064160363708197,0.4659851582732699,0.8222438586985861,1.2161842127744913,116,816,True
110,F090W,1018.7233481296304,589.3741310178783,-0.27665187036961925,0.3741310178783124,0.8224349079286527,1.215901696729477,116,815,True
121,F090W,657.7331073981306,611.1999702961729,-0.26689260186935826,0.19997029617286444,0.8214930909766467,1.2172956912043316,114,813,True
1026,F090W,869.6487787577901,2005.8356197833768,-0.351221242209931,-0.16438021662315805,0.8211297983371432,1.217834259608023,114,812,True
107,F090W,1556.9743243952166,532.2892730059095,-0.025675604783373274,0.28927300590953564,0.820630671873651,1.2185749744362049,114,816,True
98,F090W,373.07766902911646,514.5818949209017,0.07766902911646412,-0.4181050790982681,0.8211528234400344,1.2178001115684236,114,814,True
135,F090W,1666.6798710209778,690.0756347759009,-0.32012897902222903,0.07563477590088041,0.8205813608316724,1.218648202033841,112,816,True
1017,F090W,1377.42510363181,1777.298179354585,0.4251036318100887,0.2981793545850451,0.8221824882642544,1.2162749928074288,116,818,True
972,F090W,646.9146842788019,1075.740431024948,-0.08531572119807151,-0.2595689750519341,0.8208712672335344,1.2182178130928587,113,818,True
939,F090W,179.9321223025231,464.1967447209739,-0.06787769747688799,0.1967447209739248,0.8213006952552747,1.2175808516625966,114,819,True
346,F090W,871.2093983909887,1598.2178286143228,0.20939839098866742,0.21782861432279788,0.8204192274725315,1.2188890344278054,113,813,True
994,F090W,1976.419846254199,1409.2882206522504,0.4198462541990011,0.28822065225040205,0.8221985809949525,1.2162511868968295,116,818,True
420,F090W,1332.2371945688315,1839.4221819091385,0.2371945688314554,0.42218190913854414,0.8217485444060093,1.216917275737723,116,814,True
454,F090W,1958.9950588450956,1974.7117223469418,-0.0049411549043725245,-0.2882776530582305,0.8206803328870147,1.2185012360198386,113,816,True
968,F090W,1420.1946224837097,950.3994199183,0.19462248370973612,0.39941991830005463,0.8217439557112128,1.2169240711171498,116,814,True
138,F090W,502.38246393781594,667.0727997099863,0.3824639378159418,0.0727997099862705,0.8209234052543007,1.2181404423354527,113,814,True
466,F090W,316.0990143588258,1992.8877855998503,0.0990143588257979,-0.1122144001496963,0.8216895235398071,1.2170046852879883,115,818,True
956,F090W,1724.8300917156275,561.6930224497703,-0.1699082843724682,-0.3069775502297034,0.8212598865155856,1.217641353753155,114,813,True
456,F090W,1676.5349208656714,1973.5359889190381,-0.46507913432856185,-0.4640110809618818,0.8222371878372692,1.2161940797524622,116,816,True
247,F090W,936.8572224876364,1196.7067299853893,-0.14277751236363656,-0.2932700146106981,0.8212365924247867,1.2176758917273713,114,814,True
49,F090W,150.04598869464462,335.40116844900297,0.04598869464462041,0.40116844900296655,0.8203480758056961,1.2189947529502774,113,814,True
356,F090W,806.0389468349158,1640.056230781452,0.038946834915805084,0.056230781452086376,0.8216281621400404,1.217095574469315,115,819,True
925,F090W,634.4789589734919,196.0867554700883,0.4789589734918991,0.08675547008829199,0.8209084232256183,1.2181626740662157,113,817,True
276,F090W,1625.048803150478,1364.426523363928,0.04880315047807926,0.4265233639280268,0.820326076187804,1.2190274441197475,113,815,True
24,F090W,2000.2737461896209,157.17663224515877,0.2737461896208515,0.17663224515877118,0.8209203800591096,1.2181449313366979,114,813,True
459,F090W,1541.2962669209405,1960.5247104756868,0.29626692094052487,-0.4752895243132116,0.8216678486718172,1.2170367887905646,116,816,True
210,F090W,469.03245438243243,1041.7646621227163,0.032454382432433704,-0.23533787728365496,0.8213311581535369,1.2175356919955829,114,817,True
999,F090W,1348.3243003290715,1508.13298010174,0.3243003290715478,0.1329801017400314,0.820777238109859,1.218357373436509,113,815,True
220,F090W,802.103130161522,1103.2913646659335,0.10313016152201726,0.2913646659335427,0.8209799411367925,1.218056556430992,114,818,True
190,F090W,427.0134033910268,952.5918853178629,0.013403391026827194,-0.4081146821371249,0.8218343680193821,1.216790193880546,115,815,True
44,F090W,179.05860675707595,286.6659487448485,0.058606757075949645,-0.3340512551515076,0.8208040923019252,1.2183175125205872,113,815,True
391,F090W,1030.9443260306834,1747.669604531807,-0.055673969316558214,-0.3303954681930463,0.8207343014889653,1.2184211116628283,113,815,True
311,F090W,1750.3807919335004,1492.4806274932025,0.3807919335004044,0.48062749320251896,0.8217649852284482,1.2168929292138226,116,817,True
215,F090W,361.6469852340558,1061.0053967748513,-0.3530147659441809,0.005396774851305963,0.8219433440470699,1.216628867722461,116,816,True
1001,F090W,1823.3833001036048,1530.3711120411863,0.38330010360482447,0.3711120411862794,0.8219755880506283,1.2165811424784145,116,819,True
326,F090W,257.0997465830542,1532.99408864402,0.09974658305418416,-0.005911355980060762,0.8212676034372186,1.217629912363205,114,821,True
92,F090W,483.0923267819526,470.0637035238999,0.09232678195257904,0.0637035238999033,0.8215099289871648,1.2172707410035746,115,823,True
1022,F090W,1677.6465393777776,1874.9363617771592,-0.35346062222242836,-0.06363822284083653,0.8207911632637773,1.2183367033626682,113,814,True
396,F090W,1149.1738382944036,1769.2211527994236,0.17383829440359477,0.22115279942363486,0.820419204481706,1.2188890685850569,113,815,True
960,F090W,93.40989318320476,646.2277649140918,0.4098931832047583,0.22776491409183564,0.8222858796739407,1.216122062556307,116,812,True
334,F090W,1075.6465296575168,1546.4923142567377,-0.35347034248320597,0.4923142567376999,0.8222837553883664,1.2161252042826722,116,816,True
60,F090W,1917.7752677896672,379.9620316736082,-0.22473221033283153,-0.037968326391819573,0.8219130609288218,1.2166736940156748,115,817,True
398,F090W,1555.4839478083527,1769.1067913779248,0.4839478083526956,0.10679137792476467,0.8216066635804224,1.2171274215841552,114,815,True
941,F090W,1829.4419305650356,426.11362979755177,0.4419305650355909,0.11362979755176639,0.820858042760596,1.2182374392494695,113,813,True
282,F090W,789.0526858091367,1352.495449325777,0.05268580913673304,0.49544932577691725,0.8202399357311123,1.21915546468566,112,817,True
254,F090W,1201.6295203084665,1227.7143851832507,-0.37047969153354643,-0.2856148167493302,0.8220341464107669,1.216494478199333,116,814,True
950,F090W,875.6286922505656,520.6042714328629,-0.3713077494344361,-0.39572856713709825,0.82215140212447,1.216320981045538,116,819,True
182,F090W,394.2157419841906,904.1744406337907,0.2157419841905721,0.1744406337907094,0.8204242598574999,1.2188815579072354,113,814,True
927,F090W,1913.9281364049011,122.97570847878421,-0.07186359509887552,-0.024291521215786815,0.8215459437098646,1.2172173785975844,114,819,True
280,F090W,1181.9545580716706,1350.181866479218,-0.045441928329410075,0.1818664792178879,0.8212950296169436,1.2175892510470998,114,820,True
1000,F090W,1360.5423268771656,1525.9293982118697,-0.4576731228344215,-0.07060178813026141,0.8209872067359218,1.2180457768346922,114,812,True
253,F090W,1857.6835473115948,1227.990659611603,-0.3164526884052066,-0.009340388397049537,0.8217548736912551,1.216907902849523,115,811,True
431,F090W,1912.4794701673063,1873.7347587127347,0.4794701673063173,-0.2652412872653258,0.8221427566907168,1.2163337715522702,116,816,True
329,F090W,1669.2638423290664,1542.6514416628104,0.26384232906639227,-0.3485583371896155,0.82176483121163,1.216893157286344,116,815,True
962,F090W,95.67859954248843,692.1085036779009,-0.3214004575115723,0.10850367790089877,0.8209711788855022,1.2180695567870432,113,815,True
364,F090W,673.0845095545598,1648.4254616141461,0.08450955455975873,0.4254616141461156,0.8209408035015258,1.218114626212682,114,814,True
312,F090W,1245.1305103804384,1487.587018961498,0.1305103804384089,-0.41298103850203915,0.8209889830205066,1.2180431414815003,114,814,True
455,F090W,889.6581672175568,1953.835790102823,-0.3418327824432481,-0.1642098971769883,0.8211356463003003,1.2178255864370142,114,811,True
267,F090W,1330.218291668927,1299.255208498208,0.218291668926895,0.2552084982080487,0.8214617488506786,1.2173421360143883,115,814,True
333,F090W,434.96593423809395,1530.5404956046355,-0.034065761906049374,-0.45950439536454724,0.8212595295771609,1.2176418829683069,113,814,True
125,F090W,1304.7113585721404,636.3649575889881,-0.2886414278596021,0.3649575889880907,0.8224492961369723,1.2158804253307527,116,815,True
198,F090W,1306.5710196076966,1009.557433282312,-0.42898039230340146,-0.4425667176880097,0.8222062547528308,1.216239835466366,116,818,True
1005,F090W,1904.2649960113952,1618.2594633775914,0.26499601139516926,0.2594633775913735,0.8225331364572707,1.2157564913519425,117,811,True
386,F090W,1550.8558327646967,1726.548267923416,-0.14416723530325726,-0.45173207658399406,0.8217143556270706,1.2169679075849602,115,813,True
46,F090W,2032.9614763863096,313.91653221903607,-0.038523613690358616,-0.08346778096392882,0.821846518859739,1.216772203875047,115,813,True
316,F090W,1973.5652623214876,1497.5783937962838,-0.43473767851241973,-0.42160620371623736,0.822184652155994,1.2162717917170132,116,818,True
9,F090W,312.54252157542464,84.9275395915214,-0.45747842457535626,-0.07246040847860513,0.8209928629779527,1.2180373850909523,114,814,True
132,F090W,2020.9679625887659,663.0176110614277,-0.03203741123411419,0.017611061427714958,0.821093111159735,1.2178886735361496,113,817,True
982,F090W,572.3804385704892,1262.2689068506525,0.38043857048921836,0.26890685065245634,0.8220871358339665,1.2164160663888137,116,814,True
118,F090W,1135.3440126150936,585.442213005758,0.3440126150935612,0.4422130057580489,0.8217825818936569,1.2168668721301827,116,817,True
472,F090W,507.40241575759796,2022.6649569631334,0.40241575759796433,-0.3350430368666366,0.8218052410094725,1.2168333202300343,116,817,True
22,F090W,505.4759302033211,123.83504867182126,0.475930203321127,-0.16495132817874492,0.8220535422747656,1.216465775736244,116,816,True
926,F090W,1914.5264682994834,105.4149667153481,-0.4735317005165598,0.4149667153481005,0.8220068105487535,1.2165349327609856,116,816,True
155,F090W,1555.3832223742668,768.8711648561009,0.3832223742667793,-0.12883514389909578,0.8216588834258302,1.2170500680654643,115,813,True
1019,F090W,1935.6176784443473,1830.8230819763803,-0.382321555652652,-0.17691802361969167,0.8220651244970401,1.2164486367327954,116,814,True
418,F090W,308.10343240381485,1824.0763016519425,0.10343240381484975,0.07630165194245819,0.8215346648639809,1.2172340897697447,115,821,True
957,F090W,1728.0910018655193,588.2762597029464,0.09100186551927436,0.27625970294639046,0.8205903601333933,1.2186348372864657,113,818,True
196,F090W,524.3167017328383,987.9365892529512,0.3167017328382826,-0.06341074704880612,0.8207285248277181,1.2184296874656737,112,816,True
281,F090W,187.53826882723843,1345.3614976733425,-0.46173117276157427,0.3614976733424555,0.8220807905857286,1.2164254553223472,116,818,True
129,F090W,972.1435139995731,640.0776359963902,0.14351399957308786,0.07763599639019958,0.8215207470310046,1.2172547115992185,115,820,True
111,F090W,2014.2601695383078,566.4010383718161,0.260169538307764,0.40103837181607105,0.8217766100443163,1.2168757150998402,116,815,True
336,F090W,442.1367220055595,1534.0932885135528,0.1367220055594771,0.09328851355280676,0.8214977116530588,1.217288844283875,115,818,True
195,F090W,1510.7871368771455,985.8682130192794,-0.21286312285451459,-0.1317869807205625,0.8207610586913173,1.218381390552903,113,817,True
943,F090W,1823.7083785665195,454.11747771179955,-0.2916214334804863,0.1174777117995518,0.8215659978591032,1.217187666731429,114,816,True
940,F090W,150.62719676189909,457.73706005787517,-0.3728032381009143,-0.26293994212483085,0.8220325627269455,1.2164968218323122,116,815,True
189,F090W,1465.365578393822,933.9957786036622,0.36557839382203383,-0.004221396337811711,0.8223630864446957,1.2160078881012013,116,814,True
108,F090W,1972.7726259442252,550.807121025337,-0.22737405577481695,-0.1928789746630173,0.8208583243827356,1.2182370212935032,113,811,True
981,F090W,534.4792315435294,1254.5437059480187,0.47923154352940855,-0.456294051981331,0.8224549770277627,1.2158720269574637,117,815,True
437,F090W,1011.8037026146051,1892.4111727459333,-0.19629738539492791,0.41117274593329967,0.8222818012010118,1.2161280944554724,116,813,True
186,F090W,1649.4354167548238,923.2250585522779,0.43541675482379105,0.22505855227791471,0.8223080731389764,1.2160892403533443,116,816,True
211,F090W,1524.7231566051162,1053.0310169923855,-0.2768433948838265,0.031016992385502817,0.8210452934050695,1.2179596034863838,113,818,True
394,F090W,654.3890554680939,1752.4149798035244,0.3890554680939431,0.4149798035243748,0.8219479644427731,1.2166220287167868,116,819,True
20,F090W,1981.6858923346203,120.70852312557668,-0.31410766537965173,-0.29147687442332426,0.8220244850962125,1.2165087757488837,116,816,True
202,F090W,153.34667791954996,1003.678183147671,0.3466779195499612,-0.32181685232899326,0.821779846887152,1.2168709220455263,116,818,True
1018,F090W,1412.2905324200292,1797.3493173424292,0.2905324200291943,0.34931734242923085,0.8219863400700045,1.2165652289487376,116,817,True
16,F090W,1459.3090523574583,97.69237524524021,0.30905235745831305,-0.3076247547597859,0.8217583661642243,1.216902730991065,116,815,True
964,F090W,132.08687109380116,708.5879595988802,0.08687109380116453,-0.41204040111983886,0.8211335139239916,1.2178287489707371,114,814,True
995,F090W,590.8026697030106,1413.3161929113087,-0.19733029698943483,0.3161929113086899,0.8224265015623282,1.2159141249708552,116,813,True
57,F090W,1191.6940079425272,357.5208911028536,-0.3059920574728494,-0.47910889714637506,0.8222197304074496,1.216219902074658,116,816,True
443,F090W,700.8473907972523,1906.4443213694685,-0.15260920274772616,0.4443213694685255,0.8217165679594894,1.2169646311053812,115,812,True
449,F090W,1541.1906480828386,1939.6015001274936,0.19064808283860657,-0.3984998725063633,0.8215016800632288,1.2172829639533211,116,815,True
470,F090W,1166.9268123457562,2010.1733052385127,-0.07318765424383855,0.17330523851273938,0.821680039332375,1.2170187325135855,115,821,True
223,F090W,1101.0056748340858,1107.5865606419363,0.0056748340857666335,-0.4134393580636697,0.8213932876644382,1.2174435985999044,114,816,True
219,F090W,1598.4940750162968,1099.6356224187118,0.494075016296847,-0.3643775812881813,0.8222050112793826,1.2162416748639875,116,817,True
284,F090W,1344.0962937490324,1363.174250765771,0.09629374903238386,0.17425076577092113,0.8214248239202316,1.217396858336375,115,820,True
94,F090W,1903.9084044075598,481.6920612097226,-0.09159559244017146,-0.30793879027737603,0.8201532118469836,1.2192843794978279,112,818,True
1004,F090W,1814.974567093224,1548.3706368737503,-0.025432906775904485,0.37063687375029986,0.8211099475715732,1.2178637013928437,114,813,True
226,F090W,1326.8586964490703,1129.5256272058184,-0.14130355092970603,-0.4743727941815905,0.8217318318686959,1.2169420256312882,115,814,True
996,F090W,580.7363193909756,1425.4257117051498,-0.26368060902439083,0.42571170514975165,0.8223088881933587,1.2160880349925864,116,817,True
952,F090W,112.37254500239817,526.6637005897604,0.37254500239816934,-0.336299410239576,0.8217941834309356,1.2168496932225379,116,819,True
411,F090W,1308.3076347600686,1806.1557746357805,0.3076347600685949,0.1557746357805172,0.8209444880120186,1.2181091591486026,114,813,True
222,F090W,357.300411406442,1102.0698470154352,0.30041140644198094,0.06984701543524352,0.8205868753260536,1.2186400124942993,112,818,True
154,F090W,1477.3036815526605,764.6516768847628,0.30368155266046415,-0.34832311523723547,0.8217613755163203,1.216898274601542,116,817,True
169,F090W,836.2371097571184,854.3056370672132,0.2371097571184464,0.3056370672131834,0.8224902136927873,1.2158199372491443,117,815,True
445,F090W,460.90145994151123,1909.980857334387,-0.09854005848876568,-0.019142665612889687,0.8215615947330884,1.2171941901993157,114,821,True
973,F090W,643.1742485907399,1102.0926391071487,0.17424859073992138,0.09263910714867052,0.8214812342610592,1.217313260843411,115,821,True
214,F090W,1157.3665737184763,1050.124570191369,0.36657371847627473,0.12457019136900271,0.8214970523454738,1.2172898212414502,115,813,True
1028,F090W,2002.9836160011923,2025.0996249372943,-0.01638399880766883,0.09962493729426569,0.8212741760845765,1.2176201676856546,114,821,True
174,F090W,850.7194208455203,882.8352281702068,-0.28057915447971027,-0.1647718297931533,0.8210768294900611,1.217912823847509,114,813,True
10,F090W,518.6125874899562,78.63082640820312,-0.38741251004375954,-0.3691735917968799,0.822116904541308,1.216372020178736,116,819,True
406,F090W,1840.4536587440173,1787.0184395653064,0.45365874401727524,0.018439565306380246,0.8212221367178333,1.2176973260812058,115,815,True
31,F090W,689.4912444355678,185.07520243874285,0.49124443556775077,0.07520243874284915,0.820951249697396,1.2180991263106082,113,815,True
128,F090W,129.13615613000252,625.1146401356195,0.1361561300025187,0.11464013561953834,0.8214908224212643,1.2172990527789431,115,817,True
1006,F090W,1819.800975810891,1675.3920709606932,-0.19902418910896813,0.3920709606932178,0.8222948511539673,1.2161087943049262,116,814,True
942,F090W,1830.360750847082,443.36139946758885,0.36075084708204486,0.36139946758885344,0.8219978833220352,1.2165481448183106,116,817,True
177,F090W,347.7372091467453,884.6023186973033,-0.26279085325472806,-0.39768130269669655,0.8220934653832088,1.2164067008291597,116,815,True
227,F090W,411.65860488524993,1119.1145616544322,-0.3413951147500711,0.11456165443223654,0.8211945283759009,1.2177382647418848,114,814,True
30,F090W,1167.4971128239458,183.66459848221734,0.4971128239458267,-0.3354015177826568,0.822188504339278,1.2162660931432188,116,816,True
11,F090W,1014.7018553926175,86.16284841375136,-0.2981446073824827,0.1628484137513624,0.8215286708558297,1.2172429709096426,114,814,True
977,F090W,1443.805241967788,1160.546175580205,-0.1947580322118938,-0.45382441979495525,0.8221110892798865,1.2163806242729702,116,815,True
404,F090W,679.3155341497957,1777.3304494128456,0.31553414979566696,0.3304494128456099,0.8220016031604294,1.216542639521873,116,815,True
385,F090W,1463.1839251506274,1721.5553558303345,0.18392515062737402,-0.44464416966548015,0.821580750706788,1.2171658101041458,116,815,True
70,F090W,285.5978057825746,384.6633313177666,-0.4021942174254036,-0.3366686822333804,0.8221090343869204,1.216383664662851,116,817,True
95,F090W,323.9697992948629,475.3477569721397,-0.03020070513707651,0.3477569721396776,0.8212530849171182,1.2176514382298134,115,815,True
68,F090W,1463.1891139919035,382.23879842529027,0.18911399190346856,0.23879842529026973,0.821001963356809,1.2180238837813815,114,813,True
171,F090W,1869.300797163292,866.5144220871359,0.30079716329191797,-0.48557791286407337,0.821680708431371,1.2170177414887218,116,816,True
409,F090W,583.6380362659822,1787.7036715168056,-0.3619637340177633,-0.2963284831944293,0.8220253868561138,1.2165074412416397,116,816,True
383,F090W,187.16870757207664,1709.2859667639477,0.16870757207664155,0.2859667639477266,0.8209740751176337,1.2180652596815735,114,812,True
17,F090W,1076.4289624546298,92.81043669445512,0.4289624546297546,-0.18956330554487977,0.8220667831646935,1.2164461823287893,116,812,True
143,F090W,855.1324490094669,705.5081362321268,0.13244900946688176,-0.49186376787315567,0.8207731599123024,1.2183634271213835,114,815,True
299,F090W,1228.8396407251162,1435.5728860635695,-0.16035927488383095,-0.42711393643048723,0.8217030223563833,1.2169846925137475,115,812,True
365,F090W,1954.6800347381102,1663.2510164696519,-0.3199652618898199,0.25101646965185864,0.8226473575015658,1.2155876887966501,116,816,True
359,F090W,1672.7276693289145,1634.2773168185508,-0.27233067108545583,0.2773168185508439,0.8226083025026029,1.2156454012896811,116,813,True
924,F090W,648.9539638974875,93.36435587414235,-0.04603610251251666,0.3643558741423476,0.8207020971797923,1.2184689224462024,113,814,True
944,F090W,443.4871368373533,435.6317208043657,0.4871368373533187,-0.3682791956342726,0.8222109949405483,1.2162328236346525,116,818,True
458,F090W,1086.1987702201502,1957.8973210420995,0.19877022015020884,-0.10267895790047987,0.8214638754433856,1.2173389845782925,114,822,True
187,F090W,167.822251940383,917.9689357069096,-0.17774805961698803,-0.031064293090366846,0.821915096339844,1.216670681014626,115,819,True
88,F090W,2013.244191278285,456.9161179926698,0.24419127828491582,-0.08388200733020312,0.821147795808037,1.2178075677789117,113,818,True
100,F090W,1402.883239043333,495.244617577031,-0.11676095666689434,0.24461757703102194,0.820913667080811,1.218154892652749,113,816,True
1003,F090W,1964.7751730972177,1550.2379812379097,-0.2248269027822971,0.2379812379097075,0.8218331697772078,1.216791967974585,115,813,True
6,F090W,828.5633886431501,61.102934253502895,-0.4366113568498804,0.10293425350289453,0.8210800444005474,1.217908055152014,114,813,True
322,F090W,761.6799747805037,1507.3322107674867,-0.32002521949630136,0.33221076748668565,0.8224979932301588,1.2158084375048086,116,815,True
434,F090W,202.707214403095,1854.6676382083342,-0.2927855969049915,-0.3323617916657895,0.8220456349741982,1.216477476985067,116,817,True
380,F090W,1691.6108457746705,1717.3304754884502,-0.38915422532954835,0.3304754884502472,0.822517522874354,1.215779569662442,116,816,True
390,F090W,841.835077533634,1725.7580952063652,-0.1649224663659652,-0.24190479363483064,0.8211892668580553,1.2177460670255602,114,816,True
976,F090W,1457.7339878629348,1151.0653876560796,-0.26601213706521776,0.0653876560795652,0.8213281148964923,1.2175402033157294,113,818,True
40,F090W,1770.399825443942,274.73199169097927,0.39982544394206343,-0.26800830902072903,0.8221174865230361,1.2163711591019413,116,816,True
66,F090W,958.5883556203244,370.0624371275777,-0.4116443796756357,0.06243712757770936,0.8207997315290226,1.2183239852395602,113,814,True
317,F090W,1170.870012328613,1488.792232686531,-0.12998767138697076,-0.20776731346904853,0.8208678697101903,1.2182228552240115,113,818,True
288,F090W,1046.5630998709591,1391.3777394196873,-0.4369001290408505,0.3777394196872592,0.8224540413152641,1.2158734102647308,116,818,True
1021,F090W,1666.2082906377073,1845.156785989103,0.20829063770725043,0.1567859891029002,0.8204407715409757,1.218857027450953,113,815,True
173,F090W,805.1947660345011,873.455021227337,0.19476603450107177,0.4550212273370562,0.8217015469971394,1.2169868776010486,116,815,True
124,F090W,1169.9313859381184,598.8253544409455,-0.0686140618815898,-0.17464555905451107,0.8215088897947319,1.2172722808268905,114,821,True
206,F090W,388.1506254575586,1018.817893411105,0.15062545755858991,-0.18210658889495335,0.8209240681735757,1.2181394586527832,113,815,True
993,F090W,1978.7946503504697,1397.2741423805173,-0.20534964953026247,0.27414238051733264,0.8213361528091958,1.217528287997216,114,814,True
435,F090W,932.9977594681495,1862.5003465688824,-0.002240531850475236,-0.49965343111762195,0.8222885073052608,1.2161181764258402,116,812,True
74,F090W,896.6302740125145,389.08023887106594,-0.3697259874854808,0.0802388710659443,0.8207856570929357,1.2183448764709253,113,813,True
170,F090W,1072.1744773907108,857.3380446131671,0.17447739071076285,0.3380446131670851,0.8216064369678988,1.21712775728785,115,811,True
444,F090W,814.4186797025744,1903.3645698731057,0.41867970257442266,0.36456987310566547,0.8220019339142987,1.2165421500142837,116,817,True
228,F090W,1665.3385218949654,1127.8032889135459,0.3385218949654245,-0.1967110864541155,0.8221674427305941,1.2162972504466802,117,815,True
89,F090W,1246.8177864619722,460.3699285354197,-0.1822135380277814,0.36992853541971726,0.8223150813604884,1.2160788761718182,116,814,True
423,F090W,1841.9263281321369,1845.9755258145287,-0.0736718678631405,-0.0244741854712629,0.8215471687367312,1.217215563578255,114,819,True
204,F090W,441.33440937429987,1016.6774558672747,0.3344093742998666,-0.3225441327252838,0.8217757025912357,1.2168770588456008,116,814,True
302,F090W,723.7316385222057,1444.8423492462357,-0.26836147779431485,-0.15765075376430104,0.8210773688330709,1.2179120238342667,114,814,True
80,F090W,122.91539829443377,404.0849804864033,-0.0846017055662287,0.08498048640331035,0.8217942897015522,1.2168495358651932,115,822,True
401,F090W,598.8247946029483,1766.7951008218952,-0.17520539705174087,-0.2048991781048244,0.8208689425135745,1.218221263114073,113,813,True
205,F090W,998.4783057744252,1021.8302999136675,0.4783057744251664,-0.1697000863324547,0.8220618726033849,1.2164534487326404,116,815,True
73,F090W,183.42875957689319,387.4645475426464,0.4287595768931851,0.4645475426464145,0.8218923617877872,1.2167043356198024,116,816,True
1020,F090W,1953.2647631428601,1826.594867127164,0.2647631428601471,-0.4051328728360204,0.8215685082427475,1.2171839474944086,116,816,True
221,F090W,902.376950166851,1100.912854065536,0.3769501668509747,-0.08714593446393337,0.8212122444801715,1.217711994337105,113,815,True
252,F090W,483.92361183405706,1208.5871644855147,-0.0763881659429444,-0.4128355144853231,0.8214742047460863,1.2173236776303828,114,814,True
112,F090W,475.56826313374245,547.183915535902,-0.4317368662575518,0.18391553590197418,0.8223474721759385,1.2160309769713178,116,813,True
958,F090W,103.67077887078005,626.6533771476811,-0.3292211292199454,-0.34662285231888745,0.8220886768080142,1.2164137862630289,116,819,True
236,F090W,520.8695880332688,1148.3518558655073,-0.13041196673123068,0.35185586550733206,0.8210847361080422,1.2179010959819077,114,813,True
965,F090W,101.73978172963211,709.1175632648599,-0.26021827036788636,0.11756326485988211,0.8215816245345722,1.2171645155361188,114,819,True
250,F090W,1409.2668220322819,1208.6480241301633,0.26682203228187973,-0.3519758698366786,0.8217664589015675,1.2168907469607269,116,815,True
224,F090W,830.0888118364078,1106.610955042986,0.08881183640778545,-0.38904495701399355,0.8208408827537405,1.218262906990232,113,815,True
424,F090W,328.4522667909084,1831.5839228292825,0.4522667909084248,-0.41607717071747174,0.8218449706204557,1.2167744961011873,116,817,True
246,F090W,1380.6772506729567,1181.414606487182,-0.3227493270433115,0.4146064871820272,0.8223999004530543,1.2159534545773985,116,817,True
166,F090W,268.30250821122854,813.043635274677,0.30250821122854177,0.04363527467694439,0.8214441387353494,1.2173682333889988,113,815,True
38,F090W,117.36341507934094,243.88929530117503,0.363415079340939,-0.11070469882497491,0.821236642291064,1.2176758177889224,113,814,True
340,F090W,1355.1585202527162,1565.8982731773203,0.1585202527162437,-0.10172682267966593,0.8216812722336144,1.2170169064236471,115,820,True
945,F090W,453.8852896886277,443.4977264064747,-0.11471031137227783,0.497726406474726,0.8212595219272552,1.217641894310453,114,814,True
181,F090W,426.7461229210844,891.8505180996012,-0.2538770789155933,-0.14948190039876863,0.8210783539309061,1.2179105626308475,114,816,True
188,F090W,1275.2946040523007,926.5898449319193,0.2946040523006559,-0.4101550680807122,0.821599727458846,1.2171376968355798,116,817,True
343,F090W,926.6313603967521,1575.4987720935628,-0.36863960324785694,0.4987720935628204,0.8222920850819964,1.2161128851195049,116,818,True
412,F090W,746.7204572704475,1803.1767295712746,-0.27954272955253145,0.17672957127456357,0.8215060597291199,1.2172764742961677,114,813,True
352,F090W,952.7333644115888,1600.9159634042167,-0.26663558841119084,-0.08403659578334555,0.8211108488134458,1.2178623646795799,113,817,True
354,F090W,1661.1308351493099,1609.0588613322516,0.13083514930985984,0.05886133225158119,0.8213083462158387,1.217569509195273,114,819,True
327,F090W,1559.396285071058,1532.8892064669005,0.39628507105794597,-0.11079353309946782,0.8213522556787886,1.2175044179717653,114,812,True
305,F090W,1948.7644433029836,1460.2367961826794,-0.23555669701636361,0.23679618267942715,0.8218372892287588,1.216785868816485,115,812,True
410,F090W,1150.4742889272725,1797.2564718789329,0.4742889272724824,0.2564718789328708,0.8222441219920993,1.216183823336117,116,816,True
351,F090W,1052.505615954041,1596.99681878505,-0.4943840459588955,-0.0031812149500183295,0.8213500534146302,1.2175076824341358,116,811,True
103,F090W,1788.4126680104935,520.2272054687303,0.41266801049346213,0.2272054687302898,0.8222870268298369,1.2161203659691677,116,812,True
413,F090W,1336.4718258870885,1809.7900220334695,0.47182588708847106,-0.20997796653045953,0.822085267916351,1.2164188302931032,116,816,True
260,F090W,1877.1309283094058,1267.6319972704173,0.13092830940581734,-0.3680027295827131,0.8214893474934754,1.2173012383559147,115,813,True
368,F090W,1588.1877518473352,1676.551884655141,0.1877518473352211,-0.4481153448589339,0.8215899466777252,1.2171521864936565,116,814,True
239,F090W,110.05980279231733,1152.8481684130043,0.05980279231732766,-0.1518315869957405,0.8213639549573052,1.2174870761792564,114,822,True
287,F090W,1596.696587002439,1389.4827317525092,-0.303412997561054,0.482731752509153,0.8222699639538534,1.216145601611834,116,816,True
19,F090W,1141.9728835628441,103.60151446443865,-0.027116437155882522,-0.398485535561349,0.8212334244767274,1.2176805889716178,114,816,True
61,F090W,1371.07625533307,369.63245734740826,0.07625533307009391,-0.36754265259173735,0.8208336300878105,1.218273671234721,113,814,True
191,F090W,1310.1520326924744,943.9305472572346,0.1520326924744495,-0.06945274276540658,0.8216602321265479,1.2170480703585824,115,819,True
139,F090W,434.42498006183416,691.3707562568231,0.42498006183416237,0.3707562568231424,0.8219955565327866,1.216551588451456,116,817,True
233,F090W,416.32426591658714,1136.158551491377,0.3242659165871373,0.1585514913770112,0.8209422196088625,1.2181125249916487,114,813,True
93,F090W,1807.211143834541,478.7723639463818,0.21114383454096242,-0.22763605361819828,0.8213924631202992,1.2174448207148236,114,814,True
75,F090W,2047.218057454339,396.092420345772,0.21805745433903212,0.0924203457719841,0.8188250363657879,1.2212621202184115,109,491,True
1027,F090W,2002.9111939753152,2008.2249502447485,-0.08880602468479992,0.22495024474847014,0.8210465976332616,1.2179576687639742,114,819,True
172,F090W,1856.718589322251,881.3221737022961,-0.2814106777489087,0.3221737022961406,0.8225226977169021,1.2157719206724948,116,816,True
67,F090W,498.616974313848,371.659228166607,-0.3830256861519956,-0.3407718333929779,0.8220910047297233,1.2164103417343284,116,819,True
308,F090W,657.451561959912,1465.7114199310859,0.4515619599120555,-0.28858006891414334,0.8221572564351463,1.2163123200249737,116,816,True
307,F090W,1062.1020114747716,1465.337281120704,0.1020114747716434,0.33728112070389216,0.8203638376921094,1.2189713320534123,113,814,True
951,F090W,854.6677257574207,519.8065249715976,-0.33227424257927396,-0.1934750284024176,0.8216367501749436,1.2170828529603612,116,813,True
969,F090W,1387.2710801530125,949.2077108942395,0.2710801530124627,0.2077108942395398,0.820899622665744,1.218175733535673,114,814,True
422,F090W,1527.9588201821498,1835.7658608737775,-0.041179817850206746,-0.2341391262225443,0.8208348699833222,1.2182718309960663,113,817,True
416,F090W,1992.0423225369193,1824.7217401563034,0.042322536919300546,-0.27825984369656,0.8201109936002108,1.2193471466710784,112,818,True
65,F090W,455.64296315499223,367.4946071251485,-0.35703684500776944,0.4946071251484909,0.8222825766819924,1.216126947545354,116,816,True
251,F090W,171.83379979124777,1202.6365202353672,-0.16620020875222963,-0.363479764632757,0.8219520205999359,1.2166160249476707,115,814,True
156,F090W,966.5012629875362,759.3746032781074,-0.4987370124638346,0.3746032781074291,0.8220663874582773,1.2164467678722035,116,818,True
468,F090W,1020.2307710410864,1993.7327042012178,0.23077104108642743,-0.26729579878224285,0.8218042034313985,1.216834856556531,115,812,True
78,F090W,1476.2924505948,407.25826842821107,0.2924505947999023,0.25826842821106766,0.822103998987646,1.2163911150309674,116,814,True
325,F090W,609.0196751487697,1512.9164255597361,0.019675148769692896,-0.08357444026387384,0.8214503992012233,1.2173589555405877,114,820,True
379,F090W,1446.847106014096,1717.1612847058027,-0.15289398590402925,0.16128470580270005,0.821062299276623,1.217934377063745,113,814,True
332,F090W,233.1203392285181,1525.2995795386225,0.1203392285181053,0.29957953862253817,0.820969512906932,1.2180720285935436,114,816,True
349,F090W,1007.0096957254539,1595.605322326546,0.009695725453866544,-0.39467767345399807,0.8218263290736524,1.2168020962861845,115,815,True
106,F090W,441.7743610021482,516.8714474057656,-0.22563899785177455,-0.12855259423440657,0.8207540139953334,1.2183918481642488,113,820,True
59,F090W,222.54952105800066,352.26014070401027,-0.4504789419993358,0.26014070401026856,0.8222207411878947,1.21621840693931,116,816,True
28,F090W,1804.829326695305,169.38883840006588,-0.17067330469490116,0.3888384000658789,0.821822091900317,1.216808369908478,115,813,True
273,F090W,1949.8224918547196,1321.598323188744,-0.17750814528039882,-0.4016768112560385,0.8220105411642742,1.2165294116345835,116,813,True
430,F090W,1340.1284715543636,1855.7498162135987,0.1284715543636139,-0.25018378640129413,0.8209958177651511,1.218033001339909,113,820,True
388,F090W,1383.943304409324,1723.7695658095984,-0.05669559067609953,-0.23043419040163826,0.8208509003896534,1.2182480393519768,113,817,True
157,F090W,1048.8207403050908,755.7554955087421,-0.1792596949092058,-0.2445044912578851,0.8211933724473324,1.2177399788551453,114,815,True
141,F090W,1259.3350757660696,700.963270274339,0.33507576606962175,-0.036729725660961776,0.8218769740869251,1.2167271155284074,114,815,True
320,F090W,1366.6835650069254,1504.6863143373434,-0.31643499307460843,-0.3136856626565532,0.8220293393648359,1.21650159199023,116,815,True
953,F090W,115.85625548241512,539.0483432958204,-0.14374451758487794,0.048343295820359344,0.8214821209008836,1.2173119469762088,114,821,True
213,F090W,625.71160620169,1045.0161488297385,-0.28839379831003953,0.01614882973854037,0.8210572675524682,1.2179418409886942,113,815,True
81,F090W,189.93559015376604,407.2296356722301,-0.06440984623395707,0.2296356722300743,0.8206643178799333,1.2185250146897506,113,818,True
243,F090W,1561.7363222650717,1181.3591509412672,-0.2636777349282511,0.3591509412672167,0.822459706966651,1.2158650345171838,116,816,True
419,F090W,571.8602411869714,1822.096465323512,-0.1397588130286067,0.09646532351189308,0.8218160790290316,1.2168172727667863,115,818,True
237,F090W,1631.8098366284112,1161.5139164273771,-0.1901633715888238,-0.48608357262287427,0.8221390304303696,1.2163392844596181,116,815,True
232,F090W,1787.7090561181974,1147.427339606821,-0.29094388180260466,0.42733960682107863,0.822335567793505,1.2160485806095012,116,818,True
258,F090W,1758.0376274850867,1264.2756146497723,0.03762748508665936,0.27561464977225114,0.8195296701964814,1.220212075738821,112,817,True
417,F090W,1341.6091713923774,1824.2664747860313,-0.3908286076225522,0.2664747860312673,0.8219877064981465,1.21656320659615,115,815,True
358,F090W,1280.7817090930316,1625.4788720587776,-0.21829090696837739,0.478872058777597,0.8222111177376776,1.2162326419904297,116,816,True
207,F090W,1767.005266316252,1037.9098643691318,0.005266316251891112,-0.09013563086818976,0.8214310231084,1.2173876708672047,114,821,True
460,F090W,1811.0115222344502,1967.4603517383732,0.011522234450239921,0.46035173837321963,0.8217766047077376,1.216875723002174,115,814,True
120,F090W,298.79481839407833,575.9242477423389,-0.20518160592166623,-0.07575225766106541,0.8211399578139789,1.2178191920682784,113,819,True
318,F090W,1876.4527558814486,1502.5776310843855,0.4527558814486383,-0.4223689156144701,0.8218584154500561,1.2167545908164634,116,816,True
216,F090W,1982.3465041126747,1078.897680641809,0.3465041126746655,-0.10231935819092541,0.8212346391439976,1.217678787931225,113,814,True
217,F090W,505.96209762088165,1072.8777224178966,-0.03790237911834993,-0.12227758210337925,0.8218811532943227,1.2167209285572844,115,822,True
452,F090W,1325.032624279141,1938.7877351006973,0.03262427914091859,-0.21226489930268144,0.8219411315657951,1.216632142614646,115,818,True
229,F090W,1110.758662722839,1127.9018297758025,-0.24133727716093745,-0.09817022419747445,0.8214398421223802,1.217374600940062,114,820,True
408,F090W,575.0324956740726,1777.3176188002112,0.03249567407260656,0.31761880021122124,0.8210885092393341,1.2178954993858233,115,814,True
328,F090W,1488.269332453252,1531.3844658647818,0.26933245325199096,0.3844658647817596,0.8219310384801995,1.216647082520525,116,814,True
101,F090W,349.74582769195445,490.2990517825383,-0.254172308045554,0.29905178253829945,0.8225649525305578,1.2157094669832174,116,815,True
433,F090W,999.5032074192898,1857.4022057541438,-0.4967925807102347,0.4022057541437789,0.8220134785440557,1.216525064493094,116,816,True
18,F090W,576.2340544741701,97.35278439656577,0.23405447417007963,0.35278439656576666,0.8219647057440524,1.2165972492636261,116,815,True
414,F090W,1278.2510527500915,1811.399258573595,0.2510527500915032,0.39925857359503425,0.82177165323116,1.2168830551261487,116,812,True
1002,F200W,1829.9879716642956,1780.0776221933336,-0.012028335704371784,0.07762219333358189,0.8286764671244586,1.2067435720360697,114,819,True
938,F200W,220.70933116921753,634.1466840320137,-0.2906688307824652,0.1466840320136953,0.8281945158825069,1.2074458123336167,114,813,True
262,F200W,1825.6295724764987,1523.062809570389,-0.37042752350134833,0.06280957038893575,0.8279422810284799,1.2078136639643382,113,814,True
923,F200W,579.5859521002146,319.836824664059,-0.4140478997853734,-0.16317533594099132,0.8283043879803018,1.2072856482607228,115,813,True
361,F200W,66.43785586991362,1821.224347685135,0.43785586991361924,0.22434768513494419,0.828615104290459,1.2068329370562192,116,816,True
110,F200W,985.3701940722636,786.1541817306115,0.37019407226364365,0.1541817306115263,0.8283107664739198,1.2072763514314238,115,812,True
121,F200W,624.3879618820898,807.9800061732569,0.38796188208982585,-0.01999382674307526,0.8280057154849311,1.2077211319904217,114,815,True
107,F200W,1523.6091969168763,729.0698884687072,-0.39080308312372836,0.0698884687071768,0.8279084159211716,1.2078630688726009,113,814,True
98,F200W,339.7386912259931,711.3644356533362,-0.26130877400692043,0.3644356533361588,0.8287618682137426,1.206619221218916,116,814,True
135,F200W,1633.3125230652577,886.8526196441188,0.3125230652576647,-0.14738035588118237,0.82803900266027,1.207672581590076,114,813,True
362,F200W,2029.4197264043446,1859.8252849898684,0.4197264043446012,-0.17471501013164925,0.8281365200075622,1.207530371913641,116,631,True
1017,F200W,1344.0655608021216,1974.051508160976,0.06556080212158122,0.051508160976027284,0.828757098266356,1.2066261659681228,115,820,True
972,F200W,613.5703790539682,1272.5102118228901,-0.4296209460318323,-0.4897881771098582,0.8283697259937325,1.2071904230932338,116,814,True
939,F200W,146.5973491153054,660.9806496328792,-0.4026508846945944,-0.01935036712075089,0.8279286599298803,1.207833534938497,114,815,True
346,F200W,837.860811904873,1794.975771128466,-0.1391880951269968,-0.024228871533978236,0.8286695562029288,1.206753636011596,115,822,True
994,F200W,1943.0465856508001,1606.0489059534193,0.04658565080012522,0.04890595341930748,0.8285703011930844,1.2068981938648642,114,819,True
420,F200W,1298.8787310702617,2036.1741965012998,-0.12126892973833492,0.17419650129977526,0.8286635038528327,1.2067624498370522,115,626,True
968,F200W,1386.833061430311,1147.1709692421784,-0.1669385696889094,0.1709692421784439,0.8282393002814067,1.2073805235518709,113,814,True
138,F200W,469.0408248991653,863.8518016415233,0.040824899165272654,-0.14819835847674767,0.8288542630916851,1.206484715744755,115,821,True
956,F200W,1691.4612914447732,758.472770349131,0.4612914447732237,0.4727703491309967,0.8283479754118337,1.207222121238149,116,816,True
247,F200W,903.5066649424623,1393.4734612521179,-0.49333505753770623,0.47346125211788603,0.8283172715105378,1.2072668703097036,116,817,True
49,F200W,116.71170979852116,532.1879596893593,-0.2882902014788442,0.1879596893593316,0.8281714492604028,1.2074794426842999,114,813,True
356,F200W,772.6918549256993,1836.8133331918175,-0.3081450743006826,-0.18666680818250825,0.8281670200578772,1.2074859005253724,114,812,True
925,F200W,601.1337903727051,392.8759995797534,0.13379037270510707,-0.12400042024660252,0.8286659911088395,1.2067588277176649,115,816,True
276,F200W,1591.6832511629189,1561.1886556367622,-0.31674883708114976,0.1886556367621779,0.8283071405480871,1.2072816363001586,115,812,True
24,F200W,1966.8983303776386,353.9649676826873,-0.10166962236144172,-0.03503231731269807,0.8287066877058066,1.2066995655222745,115,823,True
210,F200W,435.69203713928744,1238.535424443342,-0.3079628607125642,-0.4645755566580192,0.8284984533653322,1.2070028567199305,116,816,True
999,F200W,1314.9650515279436,1704.8922949857724,-0.03494847205638507,-0.10770501422757661,0.8288050892981897,1.2065562976293662,115,823,True
220,F200W,768.7554302715075,1300.0603353663273,-0.24456972849247904,0.06033536632730829,0.8282813744048287,1.207319192368127,113,818,True
190,F200W,393.67379963587894,1149.364673200556,-0.326200364121064,0.3646732005558988,0.8286477025260305,1.2067854613626794,116,818,True
44,F200W,145.72362352163816,483.45377995508727,-0.2763764783618399,0.45377995508727054,0.8285913596256634,1.2068675208630881,116,816,True
391,F200W,997.5924026886827,1944.4240372792462,-0.4075973113173177,0.42403727924624945,0.8284786387235843,1.2070317244880016,116,819,True
311,F200W,1717.0126358899179,1689.2397671267613,0.01263588991787401,0.23976712676130774,0.8284436275003395,1.2070827353905744,114,815,True
215,F200W,328.30896651010903,1257.7758729658551,0.3089665101090304,-0.22412703414488533,0.8287057596902694,1.2067009168293366,117,814,True
1001,F200W,1790.0135796421241,1727.1293196350289,0.013579642124113889,0.1293196350288781,0.8286876670970169,1.2067272625199177,114,822,True
326,F200W,223.76464868876997,1729.7542686485235,-0.2353513112300334,-0.24573135147647918,0.8285077673962382,1.2069892876716324,115,812,True
92,F200W,449.7508593770692,666.8470859805191,-0.24914062293078132,-0.15291401948093153,0.8282576985793599,1.2073537037026218,114,817,True
396,F200W,1115.819329799514,1965.9749560186094,-0.1806702004860199,-0.025043981390581393,0.8286502786756619,1.2067817096473883,115,819,True
960,F200W,60.07726777299354,843.0077575546551,0.07726777299353671,0.007757554655086096,0.8285023251595294,1.2069972161000857,114,820,True
334,F200W,1042.29335759676,1743.251134863957,0.29335759675996087,0.25113486395707696,0.8288528253522462,1.2064868085296319,117,815,True
60,F200W,1884.4019656199011,576.7455477179117,0.4019656199011479,-0.25445228208832305,0.8284018810181194,1.207143565114777,116,813,True
398,F200W,1522.1204588354142,1965.8600703467619,0.12045883541418334,-0.13992965323814133,0.8286811876319462,1.2067366979303795,115,817,True
941,F200W,1796.0706413424627,622.896239823094,0.07064134246274989,-0.10376017690600747,0.8286599487751435,1.2067676270321948,115,822,True
282,F200W,755.7055970295178,1549.2589288900122,-0.2944029704822242,0.25892889001215735,0.8288358733707188,1.2065114845152503,116,814,True
254,F200W,1168.2731503597563,1424.4800879295628,0.27315035975630053,0.48008792956284196,0.8285530291352746,1.2069233529248662,116,816,True
950,F200W,842.278612503113,717.3860279514337,0.27861250311298136,0.3860279514336753,0.8284760882878461,1.2070354402945176,116,815,True
182,F200W,360.8768006010039,1100.9483412830987,-0.12319939899612109,-0.05165871690132917,0.8284932292909781,1.2070104674914444,114,821,True
927,F200W,1880.5545852735731,319.76491204725346,-0.4454147264268613,-0.23508795274653949,0.8284927281795768,1.2070111975481925,116,816,True
280,F200W,1148.5987817967975,1546.9448879098768,-0.40121820320246115,-0.055112090123202506,0.8277694207223164,1.2080658876325658,113,814,True
1000,F200W,1327.1828311021782,1722.6883039493043,0.1828311021781701,-0.31169605069567297,0.8282747981785623,1.2073287780807458,114,812,True
253,F200W,1824.3126757305283,1424.7555059577303,0.3126757305283263,-0.24449404226970728,0.8284105917638408,1.2071308719880238,116,815,True
329,F200W,1635.897544444254,1739.4095776411477,-0.10245555574601894,0.40957764114773454,0.8284282505641913,1.2071051407517328,114,812,True
962,F200W,62.34598323828823,888.8874790894528,0.34598323828822686,-0.11252091054723223,0.8279853953182842,1.2077507715164373,114,814,True
364,F200W,639.7403670090662,1845.1825514339791,-0.25963299093382375,0.18255143397914253,0.8282378215115263,1.2073826792587297,114,813,True
312,F200W,1211.7735158540827,1684.346921690653,-0.22648414591731125,0.3469216906530619,0.8288281244723109,1.206522764459361,116,815,True
267,F200W,1296.8591721318885,1496.019163344368,-0.14082786811150072,0.019163344368053004,0.828762377115983,1.2066184802933602,115,822,True
333,F200W,401.62690202984083,1727.3004992634708,-0.373097970159165,0.30049926347078326,0.8286470547086973,1.2067864047999786,116,815,True
125,F200W,1271.3519430739088,833.1435988829738,0.35194307390884205,0.1435988829738335,0.8283051788163291,1.2072844955877584,115,811,True
294,F200W,2026.0467758836971,1618.1592144131205,0.04677588369713703,0.15921441312048046,0.828488856734032,1.207016837790768,114,784,True
198,F200W,1273.2120470316372,1206.3278221466844,0.21204703163721206,0.32782214668441156,0.8288002584011098,1.2065633303845276,117,814,True
1005,F200W,1870.8936019682237,1815.015623766351,-0.10639803177627982,0.015623766350927326,0.8285219480777126,1.2069686292802992,114,822,True
386,F200W,1517.492390840415,1923.3024933703723,0.4923908404150552,0.3024933703723036,0.8285294975591857,1.2069576314976829,116,815,True
46,F200W,1999.585541641849,510.7013594119419,-0.4144583581510233,-0.298640588058106,0.8285483343469128,1.206930191692716,116,818,True
316,F200W,1940.1921795946168,1694.3371314552544,0.19217959461684586,0.3371314552543936,0.8286801166403645,1.20673825752475,116,814,True
9,F200W,279.20432664001214,281.71965865255083,0.20432664001214107,-0.2803413474491663,0.8282669278791218,1.2073402502748982,114,814,True
132,F200W,1987.5927469322353,859.794735104085,-0.4072530677647137,-0.2052648959149792,0.8285059961027351,1.2069918681385132,116,813,True
982,F200W,539.0380221718573,1459.0346614167188,0.03802217185727841,0.03466141671879086,0.8287896877270842,1.2065787193159363,115,820,True
118,F200W,1101.9882753217867,782.2221995565449,-0.011724678213340667,0.22219955654486512,0.8288823460789161,1.2064438393827153,115,819,True
22,F200W,472.1335201578412,320.62605750455975,0.13352015784118976,-0.3739424954402466,0.8283923831841882,1.207157405475149,115,813,True
926,F200W,1881.1528811130709,302.2045578388893,0.15288111307086183,0.20455783888928636,0.8282844041020939,1.2073147762380667,113,815,True
155,F200W,1522.0184371872515,965.6465519431567,0.018437187251493015,-0.35344805684326275,0.8284694944836806,1.2070450471121097,115,815,True
1019,F200W,1902.245867690767,2027.5745042832095,0.24586769076699966,-0.42549571679046494,0.8284662879247943,1.2070497189509986,116,815,True
418,F200W,274.76758347257,2020.8299831686436,-0.2324165274300185,-0.17001683135640633,0.8281952436609851,1.2074447512878277,113,815,True
957,F200W,1694.7221640309797,785.0554156445972,-0.27783596902031604,0.05541564459724668,0.8282172075708607,1.20741273045144,113,817,True
196,F200W,490.9749928545531,1184.7084697599828,-0.02500714544692073,-0.2915302400172095,0.8282413816267706,1.2073774894413918,114,816,True
281,F200W,154.204465931114,1542.1259145675422,0.2044659311139867,0.1259145675421678,0.8283290642831861,1.2072496826673267,113,817,True
129,F200W,938.7914553656607,836.8566260939111,-0.2085446343393187,-0.14337390608886835,0.8282138848037253,1.2074175745519957,113,816,True
111,F200W,1980.8849765545986,763.1803072051648,-0.11502344540144804,0.1803072051648087,0.8284310401810148,1.2071010760068779,114,818,True
336,F200W,408.79753590437997,1730.8532043615178,-0.2024640956200301,-0.14679563848221733,0.8282226117638891,1.207404852024351,113,815,True
195,F200W,1477.4236192222531,1182.638860893121,0.4236192222531372,-0.36113910687890893,0.8284755080316142,1.2070362856904644,116,817,True
943,F200W,1790.3372524940494,650.8994759864197,0.3372524940493804,-0.10052401358029783,0.8278188027986171,1.2079938225844689,113,815,True
940,F200W,117.29306305256,654.5211457512357,0.29306305256000087,-0.4788542487642644,0.8285117976956402,1.2069834162667616,116,815,True
189,F200W,1432.0029975069758,1130.7676320053731,0.0029975069758165773,-0.23236799462688396,0.8286735514779819,1.2067478179030193,114,816,True
108,F200W,1939.3983299187641,747.5867883819875,0.3983299187641478,-0.41321161801249673,0.828510670698642,1.206985058088328,116,819,True
981,F200W,501.1376428919232,1451.3096803802994,0.13764289192317847,0.30968038029936906,0.828319289225569,1.2072639295107357,114,814,True
186,F200W,1616.0687527896143,1119.9969115245697,0.0687527896143365,-0.0030884754303315276,0.8285025965579438,1.2069968207155306,114,817,True
211,F200W,1491.3594180575412,1249.8001621730398,0.3594180575412338,-0.1998378269602199,0.82823217784506,1.2073909064990145,115,814,True
394,F200W,621.0454606930264,1949.1697958780146,0.04546069302637079,0.16979587801461093,0.8285696615046384,1.2068991256378532,114,820,True
20,F200W,1948.31084009791,317.4976890684733,0.3108400979099315,0.497689068473278,0.8285404384249851,1.2069416936377313,116,816,True
202,F200W,120.01318934362371,1200.4501964356557,0.013189343623707828,0.4501964356556982,0.8284785856322641,1.2070318018381092,114,814,True
1018,F200W,1378.9302450039622,1994.1021578570676,-0.0697549960377728,0.10215785706759561,0.828784421375201,1.2065863862893333,115,822,True
16,F200W,1425.9455200825837,294.4827267447231,-0.05447991741630176,0.4827267447230952,0.8280496838895427,1.2076570035058363,112,815,True
964,F200W,98.75347126786073,905.3665235294455,-0.24652873213926796,0.3665235294455442,0.8287483267783963,1.2066389369222772,116,813,True
995,F200W,557.4600415378901,1610.0785852391045,0.46004153789010616,0.07858523910454096,0.8279038150205145,1.2078697813165908,113,815,True
57,F200W,1158.3367294096931,554.3058439173578,0.3367294096931346,0.30584391735783356,0.8285494248692746,1.206928603152161,116,817,True
223,F200W,1067.6513734077216,1304.3550490305956,-0.34862659227837867,0.3550490305956373,0.8286297479046844,1.206811609803596,116,815,True
219,F200W,1565.128766220179,1296.4036418241285,0.1287662201789317,0.40364182412849914,0.8285804796352727,1.206883368095014,115,815,True
32,F200W,2035.2379020518147,394.9685403039812,0.23790205181467172,-0.031459696018828254,0.8282748707809032,1.2073286722524772,114,759,True
284,F200W,1310.736950363149,1559.9367748801824,-0.26304963685106486,-0.06322511981761636,0.8281969191074765,1.2074423086210833,113,817,True
94,F200W,1870.5355410406137,678.4733459061397,-0.4644589593863202,0.4733459061396843,0.8283551504707977,1.2072116645036222,116,816,True
309,F200W,2019.281489974235,1674.884779605507,0.2814899742350008,-0.11522039449300792,0.8280169663105438,1.207704721867927,114,817,True
1004,F200W,1781.6050558842976,1745.1284575681407,-0.3949441157024012,0.128457568140675,0.8282149692900108,1.207415993527927,115,814,True
226,F200W,1293.4994310130714,1326.2933379543833,0.4994310130714439,0.29333795438333254,0.828546239946741,1.2069332425722914,116,814,True
996,F200W,547.3939293838021,1622.1878494531798,0.39392938380206033,0.18784945317975144,0.8286021995246994,1.2068517324400265,116,815,True
952,F200W,79.03934598513774,723.4463119641136,0.0393459851377429,0.44631196411364726,0.8283335008974085,1.2072432165505917,114,815,True
411,F200W,1274.9496569997798,2002.9085553610705,-0.05034300022020943,-0.09144463892948806,0.82850893746371,1.2069875830926706,114,822,True
222,F200W,323.962541844916,1298.8394211691802,-0.03745815508398209,-0.16057883081975888,0.828864160087396,1.2064703097966731,115,820,True
154,F200W,1443.9406169873214,961.4272584224709,-0.05938301267860879,0.4272584224709135,0.8284637503688912,1.2070534161026703,114,815,True
169,F200W,802.888332948464,1051.0800673210476,-0.11166705153596013,0.08006732104763614,0.8287573050251347,1.2066258649384356,115,821,True
973,F200W,609.8300601462151,1298.861842270615,-0.16993985378485377,-0.13815772938505688,0.8285878583003313,1.2068726206672682,114,816,True
214,F200W,1124.0109519547614,1246.8942556894383,0.010951954761367233,-0.10574431056170397,0.8285983716369022,1.2068573077503069,114,822,True
174,F200W,817.3703608449724,1079.6090089890135,0.3703608449724243,-0.39099101098645406,0.8285010501211507,1.2069990736327627,116,819,True
13,F200W,2029.7555293839464,292.45640118297354,-0.24447061605360432,0.4564011829735364,0.8286398716659453,1.2067968657959245,116,816,True
10,F200W,485.2698285467278,275.42281780752205,0.2698285467278083,0.4228178075220512,0.8286148610286225,1.2068332913539883,116,817,True
406,F200W,1807.0838944507566,1983.7709532598055,0.08389445075658841,-0.22904674019446247,0.8282717674464593,1.207333195821674,114,818,True
31,F200W,656.1448453615479,381.86461877548527,0.1448453615479366,-0.135381224514731,0.8286817238657394,1.2067359170600185,115,816,True
128,F200W,95.80271370704213,821.8950532444554,-0.1972862929578696,-0.10494675554457444,0.8285304919446249,1.2069561829316902,114,822,True
1006,F200W,1786.4315229616864,1872.1470782381734,0.43152296168636894,0.14707823817343524,0.8284764092551433,1.2070349726663527,115,812,True
942,F200W,1796.9894637223165,640.1436269453727,-0.010536277683513617,0.14362694537271636,0.8286745601449805,1.2067463490432786,114,822,True
177,F200W,314.3992698500215,1081.3767122208208,0.39926985002148285,0.37671222082076383,0.828481989047106,1.2070268433356874,116,819,True
227,F200W,378.3195558459199,1315.883688616066,0.3195558459199219,-0.11631138393408946,0.8278857931413703,1.2078960748988712,113,815,True
30,F200W,1134.1401438569615,380.4534268652178,0.14014385696145837,0.45342686521780706,0.8283837583607861,1.2071699739488009,115,814,True
11,F200W,981.3481382289526,282.95403072155057,0.3481382289526209,-0.04596927844943366,0.8277828895046886,1.2080462312990778,113,815,True
977,F200W,1410.4434316713227,1357.313049093375,0.44343167132274175,0.313049093374957,0.828484942478737,1.2070225404557244,116,816,True
404,F200W,645.9714207144511,1974.084682600327,-0.028579285548858024,0.08468260032691433,0.8289202355530163,1.2063886935186803,115,819,True
385,F200W,1429.8224145213421,1918.3098052772511,-0.17758547865787477,0.3098052772511437,0.8284280593795701,1.207105419327448,114,813,True
70,F200W,252.26059392410957,581.4488577771162,0.26059392410957116,0.4488577771162454,0.8285865050347764,1.2068745917579593,116,816,True
95,F200W,290.6318563723412,672.1312287463903,-0.36814362765881015,0.13122874639032034,0.8282341685579515,1.2073880044590675,115,813,True
68,F200W,1429.8258651929823,579.0228530085747,-0.17413480701770823,0.022853008574656997,0.8287219637509341,1.2066773221187874,115,820,True
171,F200W,1835.929199025356,1063.2872438169024,-0.07080097464404389,0.28724381690244627,0.8281999604963689,1.2074378745450138,113,818,True
409,F200W,550.296050820513,1984.4577995278053,0.29605082051295994,0.457799527805264,0.8285708939002873,1.2068973305262434,116,816,True
383,F200W,153.83538302091222,1906.0423416243289,-0.16461697908778206,0.04234162432885569,0.828585065550876,1.2068766884365223,114,820,True
17,F200W,1043.0738891649555,289.60139205740063,0.07388916495551712,-0.3986079425993694,0.8280004435582652,1.207728821620651,113,815,True
143,F200W,821.7830618201449,902.285831416892,-0.21693817985510577,0.2858314168920515,0.8285553074844979,1.206920034144745,115,813,True
299,F200W,1195.4829388348435,1632.3339594630052,0.48293883484348044,0.3339594630051579,0.8284815988408166,1.2070274118328834,116,816,True
365,F200W,1921.3075848203775,1860.0061171983707,0.3075848203775422,0.006117198370702681,0.8284733613737351,1.2070394132429891,115,815,True
359,F200W,1639.3614138726416,1831.0334233762533,0.36141387264160585,0.033423376253267634,0.8279576033177031,1.2077913120103094,113,814,True
924,F200W,615.6083423549248,290.1558526568499,-0.3916576450751563,0.1558526568499019,0.8284136348178731,1.2071264377726596,115,813,True
944,F200W,410.146500446923,632.4159158363893,0.146500446923028,0.41591583638933116,0.8284158323918707,1.207123235576893,115,814,True
187,F200W,134.48833267272585,1114.742824795794,0.48833267272584635,-0.257175204206078,0.8284794147542861,1.2070305938700772,116,817,True
88,F200W,1979.8688784050769,653.6978088490437,-0.13112159492311548,-0.3021911509563324,0.8284916557417229,1.2070127599592189,114,817,True
100,F200W,1369.5214701359505,692.02625170901,-0.4785298640495057,0.026251709010011837,0.8277353548791214,1.208115606160178,113,813,True
1003,F200W,1931.4023531274581,1746.9955664739725,0.40235312745812735,-0.00443352602746927,0.8278114300936292,1.2080045812932245,114,813,True
6,F200W,795.2137543817724,257.89491180051334,0.21375438177244632,-0.1050881994866586,0.8284553862500409,1.2070656025624344,114,821,True
322,F200W,728.3336914703718,1704.0923038045748,0.3336914703718321,0.09230380457483989,0.8279196418414484,1.207846691226956,113,816,True
380,F200W,1658.2442808034239,1914.0847221574304,0.24428080342386238,0.08472215743040579,0.8283331213077421,1.2072437697785603,113,818,True
390,F200W,808.4873054384119,1922.5132573261812,0.48730543841190865,-0.48674267381875325,0.828540395431681,1.2069417562664355,116,818,True
976,F200W,1424.371857370404,1347.8324526785543,0.3718573704040864,-0.16754732144568152,0.8284417397339522,1.2070854859644595,116,815,True
40,F200W,1737.0296449167095,471.51802543691565,0.029644916709457902,-0.48197456308434994,0.828163440445308,1.2074911197025247,113,813,True
66,F200W,925.2362468562978,566.8474146094609,0.23624685629783926,-0.1525853905391159,0.8280086477538465,1.2077168550264752,113,818,True
317,F200W,1137.51466075942,1685.5522050412496,-0.4853392405800605,-0.44779495875036446,0.8285380205237677,1.2069452158246656,116,813,True
288,F200W,1013.2103696295171,1588.1400258546237,0.21036962951711757,0.14002585462367279,0.8283288018216044,1.2072500651925515,113,816,True
1021,F200W,1632.8424531386313,2041.9082408529057,-0.15754686136870077,-0.09175914709430799,0.8290421111598518,1.2062113450437077,115,549,True
173,F200W,771.8467002243367,1070.2290683925653,-0.15329977566329944,0.22906839256529565,0.8282002965629357,1.2074373845916742,113,817,True
124,F200W,1136.5749013655723,795.6050002977249,-0.42509863442774076,-0.3949997022750722,0.8285572375510677,1.2069172227083051,116,819,True
206,F200W,354.81196636102004,1215.5892677652687,-0.1880336389799595,-0.41073223473131293,0.8285769639117533,1.2068884890052338,116,815,True
993,F200W,1945.4213216303551,1594.0350901347126,0.4213216303551235,0.03509013471261824,0.8279670072650163,1.2077775940653144,113,815,True
74,F200W,863.2795596376883,585.8648761267077,0.27955963768829406,-0.1351238732922866,0.8280553721459354,1.2076487076081204,114,816,True
170,F200W,1038.8204889563867,1054.1121021092126,-0.17951104361327452,0.11210210921262842,0.8286992741985898,1.2067103606034528,115,818,True
228,F200W,1631.9717720398462,1324.5705990635588,-0.02822796015379936,-0.4294009364411977,0.8283978294521879,1.2071494690676472,114,815,True
89,F200W,1213.4594226033594,657.152535920295,0.45942260335937135,0.1525359202950085,0.8285199637473932,1.2069715200065947,115,814,True
423,F200W,1808.5566078996133,2042.7267347628326,-0.44339210038674537,-0.2732652371673794,0.8289255416181046,1.2063809712606386,116,548,True
204,F200W,407.9945719309869,1213.4488086123783,-0.0054280690130781295,0.44880861237834324,0.8284727572597783,1.207040293403923,114,815,True
302,F200W,690.3861130742911,1641.603872520916,0.38611307429107455,-0.39612747908404344,0.8285043758778757,1.2069942285342898,116,820,True
80,F200W,89.58180788554318,600.8702882868147,-0.41819211445681503,-0.1297117131853156,0.827946638869216,1.2078073067193908,114,814,True
401,F200W,565.4824464631331,1963.5496711721455,0.48244646313310113,-0.45032882785449146,0.8285294725921305,1.2069576678683598,116,814,True
205,F200W,965.1261595751071,1218.6008167460195,0.1261595751070672,-0.3991832539804818,0.8284118116693957,1.2071290943870343,115,815,True
73,F200W,150.09380995547804,584.2501444209976,0.0938099554780365,0.2501444209975716,0.8283229361415154,1.2072586142044899,114,820,True
1020,F200W,1919.8925568455486,2023.3463599921085,-0.10744315445140273,0.34635999210854607,0.8281415310169683,1.2075230652567168,113,814,True
221,F200W,869.0270307038093,1297.6817473880453,0.02703070380925965,-0.31825261195467647,0.8284597758466153,1.2070592069217665,115,815,True
252,F200W,450.5830811861158,1405.354220188298,-0.4169188138841946,0.3542201882980862,0.8285547864137404,1.2069207931660517,116,819,True
112,F200W,442.22706179812917,743.965602704031,0.2270617981291707,-0.034397295969029074,0.8284198989526519,1.2071173100311472,114,817,True
958,F200W,70.33790135832328,823.4337892314561,0.33790135832327906,0.43378923145610315,0.8285955942168665,1.2068613530888173,116,817,True
236,F200W,487.5281628425805,1345.1201950526151,-0.4718371574194862,0.12019505261514496,0.8282534687707265,1.2073598695387,114,816,True
965,F200W,68.40705340937211,905.8961548072809,0.40705340937211076,-0.10384519271906356,0.8280051982477007,1.207721886428117,114,812,True
250,F200W,1375.9058376208127,1405.4138791917544,-0.09416237918730985,0.413879191754404,0.8284293704626419,1.2071035089467474,114,814,True
224,F200W,796.7404976397304,1303.3798160993144,-0.2595023602696074,0.37981609931443927,0.8287345189422908,1.2066590411562612,116,813,True
424,F200W,295.1159778498277,2028.3374120668195,0.11597784982768644,0.3374120668195246,0.8279699460007057,1.2077733072682661,113,812,True
246,F200W,1347.316862896154,1378.181100551236,0.31686289615390706,0.18110055123611346,0.8283806514831799,1.2071745014922102,115,811,True
166,F200W,234.96623230500268,1009.8197135776331,-0.033767694997322906,-0.1802864223668621,0.8288847795507566,1.2064402974584543,115,819,True
38,F200W,84.02974048803321,440.6781522524882,0.029740488033212387,-0.32184774751181067,0.8284624228086057,1.2070553503318322,115,814,True
340,F200W,1321.7991953269916,1762.656302578029,-0.2008046730084061,-0.34369742197100095,0.8289927704645476,1.206283137354291,117,815,True
945,F200W,420.54443360092387,640.2817340559327,-0.45556639907613317,0.2817340559327022,0.828594411933595,1.206863075103796,116,816,True
91,F200W,2027.9633619368065,665.0455084616367,-0.0366380631935499,0.045508461636700304,0.8287830655727524,1.2065883601385166,114,819,True
181,F200W,393.40644653149843,1088.6246490190856,0.4064465314984318,-0.3753509809143907,0.8284963635681224,1.2070059012609968,116,819,True
188,F200W,1241.936215260881,1123.3621083493917,-0.06378473911900073,0.36210834939174674,0.8281680112097298,1.2074844554056972,113,814,True
343,F200W,893.2815195337068,1772.257144840245,0.2815195337068417,0.2571448402450187,0.8288494373752078,1.2064917401244672,117,813,True
412,F200W,713.3748875674594,1999.930304230934,0.3748875674593819,-0.06969576906590191,0.8278025926128784,1.208017477746231,113,813,True
352,F200W,919.3829795577936,1797.6737406061648,0.38297955779364656,-0.3262593938352438,0.8284707408516052,1.20704323120944,116,817,True
354,F200W,1627.7648032718625,1805.8155402431412,-0.23519672813745274,-0.18445975685881422,0.8281954309700631,1.2074444782057088,113,814,True
327,F200W,1526.0324029788542,1729.6477006168557,0.03240297885417931,-0.3522993831443273,0.8282733146281682,1.2073309405711374,114,815,True
305,F200W,1915.3918602428812,1656.9963912857768,0.3918602428811937,-0.003608714223219067,0.8281591863775566,1.2074973223132266,115,814,True
410,F200W,1117.1197880319871,1994.0096538896287,0.1197880319871274,0.00965388962868019,0.8285106539579018,1.2069850824764552,114,824,True
351,F200W,1019.1530208177694,1793.7545532584636,0.15302081776940213,-0.2454467415363979,0.8280580832351656,1.2076447537267787,113,817,True
103,F200W,1755.0424081729318,717.0077877808849,0.042408172931800436,0.0077877808848825225,0.8288677818651318,1.206465038066486,115,817,True
413,F200W,1303.1132303576003,2006.542685932895,0.11323035760028688,-0.4573140671050169,0.828118800973444,1.207556209114576,114,815,True
260,F200W,1843.7596783577637,1464.395942211548,-0.2403216422362675,0.3959422115478901,0.8286728933209256,1.2067487763386069,116,812,True
368,F200W,1554.8234198761754,1873.3071665690486,-0.17658012382457855,0.3071665690486043,0.8284332846148365,1.2070978056669102,114,813,True
239,F200W,76.72746368705714,1349.616940633986,-0.2725363129428615,-0.38305936601409485,0.8287293094436133,1.2066666263696806,116,814,True
287,F200W,1563.3316942538181,1586.2443469865623,0.3316942538181138,0.24434698656227738,0.8286393684410639,1.2067975986722914,116,815,True
19,F200W,1108.6163751274782,300.3921463116051,-0.38362487252175015,0.3921463116050745,0.8285447713114157,1.2069353819193211,116,820,True
61,F200W,1337.7150266559902,566.4169099931477,-0.28497334400981345,0.4169099931476694,0.8286143137658332,1.2068340884135396,116,818,True
191,F200W,1276.7928958367957,1140.7023821777454,-0.20710416320434888,-0.29761782225455136,0.8288617340882974,1.2064738410199927,116,812,True
139,F200W,401.0848746966717,888.149309077322,0.08487469667170444,0.1493090773219592,0.8287665351949698,1.2066124264594575,115,819,True
233,F200W,382.9851357888789,1332.9272956796956,-0.014864211121107473,-0.07270432030441043,0.8285572416702738,1.2069172167080668,114,819,True
93,F200W,1773.8404145280933,675.5538384687513,-0.1595854719066665,-0.44616153124866287,0.8286088551429166,1.2068420386691647,116,816,True
75,F200W,2013.8419143599517,592.8754120458873,-0.1580856400482844,-0.1245879541127124,0.8287175475285342,1.2066837524827096,115,817,True
172,F200W,1823.3472885836416,1078.0946843865777,0.3472885836415571,0.09468438657768274,0.8279182594731372,1.2078487079586462,113,816,True
67,F200W,465.27503643764817,568.444766198804,0.27503643764816843,0.44476619880401813,0.8285863390695826,1.2068748334939934,116,816,True
308,F200W,624.1075284811834,1662.4725679043918,0.10752848118340808,0.47256790439178076,0.8281813166835639,1.2074650560875735,114,816,True
307,F200W,1028.749033615355,1662.097912836541,-0.2509663846449257,0.09791283654089966,0.8281397416598282,1.2075256743453886,113,820,True
951,F200W,821.3181083624099,716.5883262822878,0.3181083624099301,-0.41167371771223316,0.8285388311115788,1.2069440350289757,116,818,True
969,F200W,1353.9102453599476,1145.9793292250465,-0.08975464005243339,-0.020670774953487125,0.8285470326439109,1.2069320878610585,114,820,True
422,F200W,1494.5960261065688,2032.5177025011035,-0.4039738934311572,-0.4822974988965143,0.8283336731165203,1.207242965552279,116,768,True
416,F200W,1958.669256708696,2021.4732241362153,-0.3307432913040884,0.4732241362153218,0.8285140706958513,1.2069801049487565,116,817,True
65,F200W,422.30196992326194,564.280292906005,0.30196992326193595,0.2802929060050019,0.8286019244716405,1.206852133052493,116,814,True
251,F200W,138.50015961326426,1399.4041119464441,-0.49984038673574105,0.4041119464441181,0.828391962622838,1.2071580183296566,116,816,True
156,F200W,933.149483629927,956.1509633295615,0.1494836299269764,0.15096332956147762,0.8287734717616858,1.206602327502527,115,814,True
78,F200W,1442.92894456773,604.0417528434039,-0.07105543226998634,0.04175284340385588,0.8287946575242099,1.206571484168609,115,819,True
325,F200W,575.676773209343,1709.6765930789747,-0.3232267906570314,-0.3234069210252528,0.828625345376077,1.2068180216550624,116,815,True
379,F200W,1413.4859507681724,1913.9158524353786,0.48595076817241534,-0.08414756462138939,0.8280353496706556,1.207677909400537,114,817,True
332,F200W,199.78576137287826,1722.059960672077,-0.21423862712174468,0.05996067207706801,0.8283515925224556,1.2072168497374998,113,818,True
349,F200W,973.6581043567217,1792.3631465286567,-0.34189564327834887,0.36314652865667085,0.8286269226711158,1.2068157244715818,116,817,True
106,F200W,408.4338675287438,713.6538485228026,0.43386752874380363,-0.34615147719739525,0.8284665931613668,1.2070492742309311,116,815,True
59,F200W,189.21366112259966,549.0464652701321,0.2136611225996603,0.04646527013210289,0.8284937452236306,1.2070097158429067,114,818,True
28,F200W,1771.4582480783258,366.1771569399572,0.45824807832582337,0.17715693995717174,0.8286516897996886,1.2067796545997893,116,815,True
273,F200W,1916.4497051895785,1518.3609811053673,0.4497051895784807,0.3609811053672729,0.8284395513672601,1.2070886745443234,116,817,True
388,F200W,1350.5835480669762,1920.5240690573542,-0.4164519330238363,-0.4759309426458458,0.8283811699293533,1.2071737459764842,116,816,True
157,F200W,1015.4671364883969,952.5318289082695,0.4671364883969318,-0.46817109173048266,0.828529061980084,1.206958266026446,116,816,True
141,F200W,1225.9767471797884,897.7405422209838,-0.023252820211610015,-0.25945777901620204,0.8285461290416025,1.206933404126481,114,817,True
320,F200W,1333.3239059357113,1701.4456815954825,0.3239059357113092,0.4456815954824833,0.8285807105005479,1.2068830318242592,116,816,True
953,F200W,82.52299544836126,735.8306763520043,-0.47700455163874267,-0.16932364799572497,0.8284470465547502,1.2070777536822472,116,815,True
213,F200W,592.3677298983387,1241.7866362339,0.3677298983386663,-0.21336376609997387,0.8282560675713234,1.2073560812325559,115,812,True
81,F200W,156.60052222621937,604.0147871244229,-0.39947777378063165,0.014787124422923625,0.8280667589687306,1.207632101118748,114,815,True
243,F200W,1528.3719321085073,1378.125411570301,0.37193210850728065,0.125411570300912,0.8283156672638625,1.2072692084930068,115,813,True
419,F200W,538.5185605357743,2018.8498486192711,-0.48143946422567296,-0.15015138072885748,0.8282574557484315,1.2073540576780903,115,813,True
237,F200W,1598.4438717155213,1358.2805248926206,0.4438717155212544,0.2805248926206332,0.8285363649410623,1.2069476275445492,116,817,True
232,F200W,1754.3396266846225,1344.1940573933307,0.3396266846225444,0.19405739333069505,0.8288560952081694,1.206482048912058,117,815,True
258,F200W,1724.6690057460246,1461.0397881341642,-0.3309942539754047,0.03978813416415505,0.8282776716334143,1.2073245896245626,114,815,True
417,F200W,1308.250481095757,2021.0188121289873,0.2504810957570953,0.018812128987292454,0.8285001068397649,1.2070004478507614,114,815,True
358,F200W,1247.4241053904104,1822.2356811702725,0.42410539041043194,0.2356811702725281,0.8285881648292525,1.2068721741953319,116,814,True
207,F200W,1733.6361522755199,1234.679029819188,-0.3638477244801379,-0.3209701808120826,0.8285953453718355,1.2068617155352785,116,818,True
120,F200W,265.4575619917863,772.7055285332974,0.4575619917862923,-0.29447146670258917,0.8284731492877451,1.2070397222405096,116,816,True
318,F200W,1843.081826252155,1699.3363841421442,0.08182625215499684,0.33638414214419754,0.8282249324765812,1.2074014688374235,113,815,True
216,F200W,1948.9726829732285,1275.6656609901263,-0.02731702677147041,-0.3343390098737018,0.8284829157515432,1.207025493208714,115,812,True
119,F200W,2035.4776814310626,780.4541102342416,0.4776814310625923,0.4541102342416252,0.8283798710149516,1.207175638846433,117,692,True
217,F200W,472.62090432162154,1269.6477491609971,-0.37909567837846225,-0.35225083900286336,0.8285941592961127,1.2068634430750704,116,819,True
183,F200W,2028.1625292790695,1106.8306918367257,0.16252927906953119,-0.16930816327430875,0.8279968064960568,1.207734126695285,113,807,True
229,F200W,1077.4041720393382,1324.669856482845,0.4041720393381638,-0.3301435171549656,0.8284700251635804,1.2070442739344145,116,817,True
408,F200W,541.6906869826691,1974.0719874722627,-0.3093130173308509,0.07198747226266278,0.827887172846026,1.207894061895297,112,819,True
328,F200W,1454.9070205622902,1728.1430854721575,-0.09297943770980055,0.14308547215750878,0.828739108758677,1.2066523583010886,115,820,True
101,F200W,316.40733428111184,687.0821596068429,0.40733428111184367,0.08215960684287893,0.8280503916877344,1.2076559712287527,114,815,True
18,F200W,542.8900458253235,294.14428717032763,-0.10995417467654534,0.1442871703276296,0.8287354270542312,1.2066577189230763,115,818,True
414,F200W,1244.8937460986062,2008.1519624006733,-0.10625390139375668,0.15196240067325562,0.8287402531901105,1.206650691999877,115,818,True
928,F444W,1754.110904411834,136.9805037134081,0.11090441183409894,-0.01949628659190239,0.6961155089727129,1.4365431988086894,27,200,True
988,F444W,1897.5288167548501,702.327955273927,-0.47118324514985943,0.3279552739270457,0.7026700220781414,1.4231431092541948,29,200,True
1046,F444W,579.6042022078782,1188.8340223734333,-0.39579779212181165,-0.16597762656670056,0.700087550290064,1.428392776854373,28,202,True
363,F444W,1785.5842250414028,806.9470013071109,-0.4157749585972397,-0.05299869288910486,0.696310264163996,1.4361414034311557,27,201,True
1049,F444W,637.8004498663308,1234.4969436398258,-0.1995501336691632,0.4969436398257585,0.6995873487580915,1.4294140707021097,28,200,True
481,F444W,924.0475612943953,1011.0176396099872,0.04756129439533652,0.01763960998721359,0.6956406587491436,1.4375237954005389,27,200,True
1002,F444W,902.927942437919,767.2381840898903,-0.07205756208099956,0.2381840898902965,0.698921987544212,1.4307748472954467,28,200,True
852,F444W,1687.750054969421,1878.4266582014798,-0.24994503057905604,0.42665820147976774,0.7024552628259981,1.4235782019440935,29,201,True
1050,F444W,1003.2956340559674,1189.1708440944958,0.29563405596741177,0.17084409449580562,0.70345942226462,1.4215461025182352,29,202,True
929,F444W,1749.8331571771269,186.55654492655606,-0.16684282287315,-0.44345507344394264,0.6996858458609723,1.4292128473307721,28,204,True
1112,F444W,1467.6553008274855,1667.9581893301774,-0.3446991725145381,-0.04181066982255288,0.6962570198690303,1.4362512283008728,27,200,True
938,F444W,99.27875216218092,205.24071086011645,0.2787521621809219,0.24071086011645093,0.7034431659279097,1.4215789539740615,29,203,True
1051,F444W,1047.972963596831,1204.536730399075,-0.02703640316894962,-0.4632696009250594,0.6929269656082335,1.4431535351236124,26,202,True
1142,F444W,1171.892628159032,1901.7771296860537,-0.10737184096797137,-0.22287031394625956,0.7029269115516296,1.4226230118187053,29,200,True
1140,F444W,1262.646698406907,1886.0851820935247,-0.35330159309296505,0.08518209352473605,0.6996403391788968,1.4293058075719414,28,200,True
985,F444W,1099.5554107413234,658.7598231075366,-0.4445892586766149,-0.24017689246340979,0.6998019934951236,1.428975637816568,28,200,True
930,F444W,1641.8188828384236,109.38031673553292,-0.18111716157636693,0.3803167355329151,0.7025600071082078,1.4233659614586924,29,201,True
1081,F444W,1413.3100320563378,1485.890811490092,0.3100320563378318,-0.10918850990810824,0.7031736787449675,1.4221237657598498,29,201,True
330,F444W,1103.9126262411557,766.5764228639939,-0.08737375884425091,-0.42357713600608804,0.6993610654486002,1.429876567919258,28,201,True
262,F444W,899.6769561124979,639.6818173107152,-0.3230438875020809,-0.3181826892847539,0.7063700223915992,1.41568861687284,30,200,True
203,F444W,1027.1935168201371,487.3325440718663,0.1935168201371198,0.33254407186632307,0.7031376472752126,1.4221966408358073,29,202,True
69,F444W,1070.7687750516143,195.4860424200233,-0.23122494838571583,0.48604242002329556,0.6995110061266225,1.4295700728674228,28,200,True
1093,F444W,1490.052895376836,1525.5136074470845,0.052895376835977004,-0.486392552915504,0.6992137960647945,1.430177730513962,28,202,True
685,F444W,628.5846915834455,1486.8986819022223,-0.41530841655446693,-0.10131809777772105,0.700101558790575,1.428364195799677,28,202,True
923,F444W,276.08480934101385,47.70761703401001,0.08480934101385174,-0.2923829659899866,0.7024499063719915,1.4235890572820962,29,202,True
1106,F444W,494.5592409195126,1622.8672921076875,-0.4407590804873962,-0.13270789231251,0.7001981849902523,1.4281670838862877,28,204,True
1040,F444W,1453.5854914211268,1155.2611556660006,-0.41450857887321035,0.26115566600060447,0.7028591944901149,1.422760074619845,29,201,True
1025,F444W,398.49694422716584,982.4163459052295,0.49694422716584086,0.4163459052294911,0.7113167351302729,1.4058434880164272,32,202,True
361,F444W,27.726141351507408,795.1250128070758,-0.2738586484925918,0.125012807075791,0.7027764503089692,1.4229275889372206,29,202,True
33,F444W,2002.361798287901,108.88545672642942,0.3617982879009105,-0.11454327357057537,0.7000251903787621,1.428520021485128,28,201,True
1095,F444W,1585.587745743609,1535.5362050990916,-0.4122542563909519,-0.4637949009083968,0.7082949965595222,1.4118411182592112,31,199,True
1055,F444W,1678.7509305399763,1197.0167086305007,-0.24906946002374752,0.016708630500716026,0.6987045362794546,1.4312201339423378,28,200,True
1029,F444W,1159.8668111912316,1035.0315308806955,-0.13318880876840922,0.03153088069552723,0.6958735209670932,1.4370427525540068,27,199,True
1069,F444W,1534.3000015002128,1382.4660813404698,0.30000150021282934,0.4660813404698274,0.7027948403602511,1.4228903551531513,29,199,True
87,F444W,1678.7661717512594,219.45932035872215,-0.23382824874056496,0.4593203587221524,0.6994739677742596,1.4296457710671067,28,200,True
192,F444W,1560.7677903631284,474.35776709119125,-0.2322096368716302,0.35776709119124916,0.7025755313193941,1.4233345105572648,29,201,True
837,F444W,405.4835486713864,1845.0005024697234,0.48354867138641566,0.0005024697234148334,0.6925630219535677,1.443911916029274,26,204,True
833,F444W,1450.8777245076803,1832.2691999744566,-0.12227549231965895,0.2691999744565692,0.7024568902028385,1.423574903950681,29,201,True
978,F444W,1534.0264659593936,574.627551925756,0.02646595939359031,-0.3724480742439482,0.6960086122865046,1.4367638307158772,27,202,True
1129,F444W,1914.8614161149972,1739.2035816585276,-0.1385838850028449,0.20358165852758248,0.699536993942522,1.4295169643053443,28,200,True
832,F444W,1857.9295605498146,1838.9131559585755,-0.07043945018540398,-0.08684404142445601,0.695978356947596,1.436826289233726,27,201,True
337,F444W,1441.8855923227625,751.7221304367147,-0.11440767723752288,-0.2778695632853214,0.7029547676971051,1.4225666372190937,29,202,True
1087,F444W,1284.0678009915437,1475.332940752809,0.06780099154366326,0.3329407528090087,0.696168985693043,1.4364328497117553,27,200,True
594,F444W,364.3661976908319,1279.0589457525984,0.36619769083188203,0.05894575259844714,0.6962247759356294,1.4363177447342907,27,199,True
522,F444W,29.57841731016117,1119.1871610830735,-0.42158268983882863,0.18716108307353352,0.6999155514269182,1.4287437933923592,28,195,True
110,F444W,479.4778371491593,277.45711068791593,0.4778371491593134,0.4571106879159288,0.7113321764082093,1.405812970600298,32,203,True
1098,F444W,905.608772635199,1597.3595414572872,-0.3912273648010114,0.3595414572871505,0.7054209895339902,1.417593202976016,30,203,True
874,F444W,1292.4420993077247,1944.8585934386747,0.4420993077246749,-0.1414065613253115,0.7001080472919192,1.4283509579244087,28,204,True
759,F444W,1169.4953287686176,1684.3770688789095,0.4953287686175827,0.3770688789095402,0.7058202681831843,1.4167912782868202,30,196,True
955,F444W,1868.9610496220107,251.64062670783824,-0.03895037798929479,-0.35937329216176295,0.6960345031512335,1.4367103864428992,27,199,True
375,F444W,1743.409461415239,841.6196083045103,0.4094614152390932,-0.3803916954897204,0.7052835386233796,1.4178694741009668,30,203,True
716,F444W,1514.0731153273794,1584.3964679208664,0.07311532737935522,0.39646792086637106,0.6993758192046968,1.4298464038078431,28,200,True
1130,F444W,1895.2533568609215,1772.280031847502,0.25335686092148535,0.2800318475019594,0.7031131618722475,1.4222461677963802,29,202,True
614,F444W,436.75377007379245,1330.5348965783032,-0.24622992620754758,-0.4651034216967673,0.6995485863917158,1.4294932753106084,28,199,True
828,F444W,872.0940485176657,1832.3632725531568,0.09404851766566935,0.36327255315677576,0.6995431738651291,1.429504335629181,28,201,True
992,F444W,1808.7509707519635,785.2174974403532,-0.2490292480365497,0.21749744035321328,0.6996670708068736,1.4292511992121837,28,204,True
1119,F444W,1232.1811622840514,1674.1577463121678,0.18116228405142465,0.1577463121677738,0.6999626182254459,1.4286477219815148,28,200,True
1044,F444W,752.8258159171804,1168.0554408084831,-0.1741840828195791,0.0554408084831266,0.6990763739299123,1.4304588701495118,28,200,True
771,F444W,1759.7556750591175,1701.692787164568,-0.24432494088250678,-0.30721283543198297,0.7031278756231583,1.4222164056768964,29,202,True
715,F444W,365.2027268790649,1560.420947217287,0.20272687906492592,0.4209472172869937,0.6997591497963555,1.4290631287794107,28,201,True
991,F444W,1838.5372317676924,774.6537691698605,-0.46276823230755326,-0.34623083013946143,0.7028320864796292,1.4228149500243168,29,201,True
121,F444W,300.3889180029797,289.81838202283836,0.3889180029797217,-0.1816179771616362,0.6998756387618912,1.4288252721141161,28,202,True
505,F444W,1256.28944158791,1065.1920021656422,0.2894415879100052,0.19200216564217953,0.7034741957822337,1.4215162489194677,29,202,True
109,F444W,1907.216814139467,263.57255911317225,0.21681413946703287,-0.4274408868277533,0.6997061335980886,1.429171407799035,28,200,True
331,F444W,2031.737391622164,754.9755826926422,-0.2626083778359316,-0.024417307357794016,0.6959636567429996,1.4368566380029706,27,200,True
1037,F444W,2009.4638810149072,1128.4165230548042,0.46388101490720146,0.4165230548042018,0.7085952018777273,1.4112429739152488,31,199,True
1127,F444W,1926.4596359781058,1727.8930158236403,0.45963597810577994,-0.10698417635967417,0.7000818834793034,1.428404338975532,28,202,True
494,F444W,598.2646156773959,1068.7778981009915,0.2646156773959092,-0.2221018990085213,0.7029517026748536,1.4225728399189104,29,204,True
1031,F444W,1149.0316248880315,1056.7425597430758,0.03162488803150154,-0.2574402569241556,0.6989504419676392,1.430716600142445,28,201,True
954,F444W,1864.0314304612589,247.18403898695192,0.031430461258878495,0.18403898695191856,0.7021156210339194,1.4242668444371354,29,197,True
651,F444W,489.8817054372706,1406.2408496317516,-0.11829456272937477,0.24084963175164376,0.7024100955095829,1.423669742779711,29,201,True
1077,F444W,1831.4371887188977,1447.8469119268843,0.43718871889768707,-0.15308807311566852,0.7000635746845115,1.4284416960997535,28,204,True
82,F444W,1261.1346302920604,203.9962508954186,0.1346302920603648,-0.0037491045814022073,0.6960754683176007,1.4366258337145228,27,200,True
1026,F444W,411.4779062079642,981.1635166159988,0.47790620796422445,0.16351661599878753,0.7000482945569992,1.4284728750504485,28,203,True
1011,F444W,1250.2052412110747,833.6441799098958,0.20524121107473547,-0.3558200901042028,0.7027599788279386,1.4229609399041157,29,202,True
1096,F444W,1583.5959300100235,1543.686051502918,-0.4040699899765059,-0.31394849708203765,0.7032131844730312,1.4220438724415738,29,202,True
867,F444W,284.1551784370894,1925.7580850239813,0.15517843708937562,-0.2419149760187338,0.7029440790396527,1.422588268139592,29,200,True
540,F444W,1991.2953976367844,1169.4501945457387,0.2953976367844007,0.45019454573866824,0.7028309416101848,1.4228172677045225,29,200,True
107,F444W,746.4027511772098,246.8444512408746,0.4027511772097796,-0.155548759125395,0.7000000193908065,1.4285713889983553,28,202,True
98,F444W,158.68829334528584,243.06570844674923,-0.3117066547141576,0.06570844674922682,0.6961136202622663,1.4365470964685938,27,201,True
135,F444W,801.5240345511702,324.69906811850296,-0.47596544882981107,-0.30093188149703565,0.6994979982806944,1.4295966571139782,28,199,True
1064,F444W,1262.4362984568334,1265.958068596619,0.4362984568333559,-0.04193140338111334,0.6962387603488721,1.4362888953480828,27,202,True
362,F444W,1002.2576316236912,805.9787148158487,0.257631623691168,-0.0212851841513384,0.6959654201437715,1.436852997370791,27,200,True
885,F444W,393.6104908624652,1984.8916153670002,-0.38950913753478744,-0.10838463299978685,0.7001077475241806,1.4283515695067517,28,201,True
736,F444W,1100.5505176385138,1631.3294575314376,-0.4494823614861616,0.3294575314375834,0.7027334838584769,1.4230145894135158,29,201,True
1017,F444W,662.5507747427966,865.5775442543543,-0.44922525720335216,-0.4224557456457205,0.7085266761567657,1.4113794634018044,31,199,True
972,F444W,296.98512476502515,520.443695984353,-0.014875234974851992,0.44369598435298485,0.6928552139586867,1.4433029871947065,26,201,True
781,F444W,1798.5125992318667,1744.9154224643062,-0.48740076813328415,-0.08457753569382476,0.6999836210265749,1.4286048558299553,28,203,True
387,F444W,1375.926828293144,850.2000960662356,-0.07317170685610108,0.20009606623557374,0.6989493631423574,1.430718808447253,28,200,True
939,F444W,62.60523093520726,218.87394280086687,-0.3947690647927402,-0.12605719913312896,0.7001663428191486,1.4282320340815036,28,202,True
900,F444W,1689.418763788282,2017.2315823106028,0.41876378828192173,0.23158231060278922,0.7033806952712353,1.4217052113072046,29,201,True
826,F444W,1426.2508098909786,1822.8039852979573,0.25080989097864403,-0.196014702042703,0.7030452403027151,1.422383571744861,29,202,True
1012,F444W,1271.2383227323717,837.2925860163004,0.238322732371671,0.2925860163004472,0.7031182932562505,1.4222357881898422,29,203,True
546,F444W,1158.3348764322893,1175.8184241350446,0.3348764322893203,-0.1815758649554482,0.7031639204014005,1.4221435016591164,29,203,True
1061,F444W,864.3334959543396,1198.696767061564,0.33349595433958257,-0.30323293843594,0.7028663822564738,1.422745524959683,29,201,True
76,F444W,1652.9348815831484,191.13618177715387,-0.06511841685164654,0.13618177715386537,0.6960580057985071,1.4366618754033513,27,200,True
1015,F444W,1184.4491749268557,840.0075290353824,0.44917492685567595,0.007529035382390248,0.5814417802102918,1.7198626483950414,24,199,True
346,F444W,410.527402892601,778.8315582570506,-0.47259710739899674,-0.16844174294942604,0.7000942159401614,1.4283791770184717,28,203,True
1131,F444W,1907.31261312479,1781.9289147317018,0.3126131247900048,-0.07108526829824768,0.69622119069806,1.4363251411485463,27,201,True
256,F444W,1937.7298999194113,613.4002762301405,-0.2701000805886906,0.40027623014054825,0.7024756864137146,1.4235368132172792,29,201,True
1034,F444W,346.34543442830613,1068.3432654091496,0.3454344283061346,0.3432654091495806,0.7064131473213839,1.4156021922749524,30,200,True
721,F444W,405.9691972456159,1588.5555379184175,-0.030802754384126274,-0.44446208158251466,0.6929344868182656,1.4431378709287241,26,201,True
623,F444W,964.7834090799718,1353.0314866561955,-0.21659092002823854,0.03148665619551139,0.6987747494001442,1.4310763244642704,28,200,True
1054,F444W,1700.589096896113,1182.287348445476,-0.41090310388699436,0.28734844547602734,0.702847220216259,1.422784313911507,29,202,True
1057,F444W,222.94282220252694,1193.5149326985857,-0.0571777974730594,-0.48506730141434673,0.6990245848912415,1.4305648493830672,28,202,True
586,F444W,521.6236806728382,1275.1894793970705,-0.37631932716180927,0.18947939707049954,0.7029242985384787,1.4226283002013183,29,202,True
994,F444W,958.3105760315214,680.376874618376,0.31057603152135016,0.3768746183759504,0.7030433726362045,1.4223873503711386,29,203,True
814,F444W,777.9659439026959,1803.0881212044608,-0.034056097304073774,0.08812120446077643,0.6957788237289346,1.4372383376668927,27,201,True
697,F444W,1274.2393310025054,1522.080575965896,0.23933100250542338,0.08057596589605964,0.6996252093948355,1.4293367171045535,28,200,True
369,F444W,1018.3591052783471,814.0544246426532,0.3591052783471014,0.05442464265320268,0.6961954359058197,1.436378276020871,27,200,True
654,F444W,1351.5900388652644,1411.6672791503906,-0.4099611347355676,-0.332720849609359,0.7031164057827194,1.4222396060959288,29,203,True
1038,F444W,1201.8978777704315,1121.7921055587233,-0.10212222956852202,-0.2078944412767214,0.6965269569364131,1.4356946131681323,27,201,True
737,F444W,723.9821383520234,1626.014133595983,-0.017861647976587847,0.014133595982912084,0.6953237378678487,1.438179002871979,27,200,True
420,F444W,640.3842063640285,896.6046876927567,0.3842063640285005,-0.39531230724333,0.7053097838083205,1.417816713955816,30,202,True
1114,F444W,1450.653257865087,1689.385144601881,-0.3467421349130291,0.38514460188093835,0.705448088774125,1.417538747234719,30,202,True
415,F444W,1078.499673200204,892.932713877564,0.49967320020391526,-0.06728612243603038,0.6999119822226568,1.428751079277678,28,202,True
241,F444W,1395.5337076639491,574.1661510813321,-0.46629233605085574,0.16615108133214562,0.7000033693232541,1.4285645524346193,28,203,True
454,F444W,952.0545967390807,961.1044822406923,0.054596739080693624,0.10448224069227763,0.6960893742618816,1.4365971338958863,27,200,True
968,F444W,680.2802505593861,454.956683825567,0.2802505593861042,-0.043316174433016386,0.6960524305199269,1.4366733828557063,27,201,True
767,F444W,808.0803249573682,1690.5799685618008,0.08032495736824785,-0.42003143819920297,0.6994699642679405,1.4296539538285846,28,201,True
946,F444W,1635.1041360988488,232.3335275000752,0.10413609884881225,0.33352750007520626,0.6995741459701099,1.4294410474722234,28,201,True
659,F444W,1965.703583028884,1418.9627097716666,-0.29641697111605936,-0.03729022833340423,0.6960781816635064,1.4366202336785978,27,201,True
138,F444W,223.51546325795084,318.20892390888275,-0.4845367420491584,0.20892390888275258,0.6999347172471585,1.4287046711056104,28,200,True
1094,F444W,1479.2155666683009,1539.7784755191583,0.21556666830088034,-0.22152448084170828,0.6999342677767191,1.4287055885639288,28,202,True
642,F444W,1892.7402092705318,1379.0938546822808,-0.25979072946825,0.09385468228083482,0.7024980648993846,1.4234914656216529,29,201,True
990,F444W,1851.780355174059,755.5732985814434,-0.21964482594103174,-0.42670141855660404,0.699638034557183,1.4293105157339294,28,200,True
193,F444W,1691.9204065826702,465.99568627880944,-0.079593417329761,-0.0043137211905559525,0.6957315205706064,1.4373360562704516,27,201,True
806,F444W,936.7918862780326,1777.6461388878593,-0.2081137219673792,-0.35386111214074845,0.7030695707241499,1.422334348747332,29,202,True
466,F444W,136.6628843144025,977.0794731713972,-0.33711568559749594,0.07947317139723964,0.6995554440183296,1.4294792622238506,28,200,True
510,F444W,1005.0208223928008,1099.8262522121008,0.020822392800823764,-0.173747787899174,0.6990718859227925,1.430468053625093,28,197,True
956,F444W,829.8441613027553,260.7289094165528,-0.15583869724468968,-0.27109058344717596,0.7031280620455991,1.4222160286004177,29,202,True
456,F444W,811.8475813290905,961.7163305385169,-0.15241867090946926,-0.28366946148310035,0.7030902351751326,1.4222925450684296,29,203,True
247,F444W,441.41309984439533,579.259485509967,0.4130998443953331,0.25948550996702124,0.7033678913728256,1.4217310916030175,29,201,True
49,F444W,47.22584058637847,155.071390360696,0.22584058637846738,0.07139036069600024,0.6995332492220903,1.4295246167527291,28,199,True
564,F444W,1996.505837942465,1209.437022504278,-0.4941620575350498,0.43702250427804756,0.7113428043034471,1.4057919668973224,32,202,True
356,F444W,378.3564365994532,799.8743028907497,0.35643659945321815,-0.1256971092502681,0.7000387027350843,1.4284924477646062,28,201,True
925,F444W,287.08962056026235,83.87099753660254,0.08962056026234677,-0.12900246339745536,0.6963427144708536,1.4360744777230758,27,199,True
841,F444W,689.9503715969424,1859.3962252845745,-0.049628403057567994,0.39622528457448425,0.695936027444566,1.4369136825290367,27,201,True
1032,F444W,262.4096154529832,1058.3092627768451,0.40961545298318924,0.3092627768451166,0.7033467661811111,1.4217737936432069,29,202,True
1080,F444W,1420.0473725237207,1469.9418420221496,0.047372523720696336,-0.058157977850441966,0.6959659592688512,1.4368518843228375,27,202,True
348,F444W,1900.3596060054176,781.6857679771431,0.3596060054176178,-0.3142320228569133,0.7028415420557282,1.4227958083910612,29,200,True
140,F444W,1277.2210066599605,337.27686659085373,0.2210066599604943,0.27686659085372867,0.7031090177932423,1.4222545504231636,29,203,True
743,F444W,351.9022338573484,1644.2496886761674,-0.09776614265160788,0.24968867616735224,0.702227783415358,1.4240393553447799,29,200,True
1122,F444W,980.2010759320403,1704.5363964287176,0.20107593204033947,-0.4636035712824196,0.6997496598254909,1.4290825096640818,28,201,True
1141,F444W,1240.880719401966,1869.910306085986,-0.11928059803403812,-0.08969391401410576,0.6962117329067656,1.436344653119939,27,199,True
1097,F444W,893.9942490508246,1585.8603510505823,-0.005750949175421738,-0.1396489494177331,0.6957003442455897,1.4374004674158811,27,199,True
541,F444W,463.96982131182165,1164.866796449917,-0.030178688178352786,-0.13320355008295337,0.6958453127673783,1.4371010074394235,27,199,True
739,F444W,1600.4052637463783,1634.3578856505037,0.40526374637829576,0.3578856505037038,0.7061430139748676,1.4161437275588358,30,203,True
935,F444W,2035.7898238691523,147.62879783521737,-0.21017613084768527,-0.37120216478263046,0.702998460904681,1.4224782209524485,29,202,True
855,F444W,1489.5134434552,1891.7391495602872,-0.4865565447998961,-0.26085043971283994,0.6996641478474086,1.4292571701388541,28,199,True
1091,F444W,1528.935155527323,1497.5294462504235,-0.06484447267689575,-0.4705537495765384,0.6991148207485123,1.4303802041120268,28,203,True
1144,F444W,554.3738054673772,1981.5333757758613,0.373805467377224,-0.46662422413874083,0.7019957344052169,1.424510080317332,29,200,True
1134,F444W,180.60307424940208,1791.4838149315979,-0.3969257505979158,0.4838149315978626,0.7080806929152873,1.412268418000259,31,199,True
1102,F444W,35.99677664363139,1590.3717665062782,-0.0032233563686077105,0.37176650627816343,0.6928270348771217,1.4433616900895876,26,200,True
949,F444W,1822.0462619242212,239.08486308173542,0.04626192422119857,0.08486308173542056,0.695952984873779,1.436878671023107,27,202,True
1058,F444W,239.2676996184257,1199.069686414412,0.267699618425695,0.06968641441198997,0.699528352009341,1.4295346244760165,28,200,True
682,F444W,264.5941150892453,1488.895440392545,-0.40588491075470756,-0.10455960745503035,0.7001207497270132,1.4283250430585208,28,202,True
276,F444W,783.7140217960524,659.5963820624058,-0.2859782039475931,-0.40361793759416287,0.7028233625336716,1.4228326110205123,29,202,True
24,F444W,964.8514986506589,58.77722436478928,-0.14850134934113157,-0.22277563521072352,0.7000137461017814,1.4285433758533663,28,200,True
480,F444W,252.5426045519714,1014.3452101510329,-0.457395448028592,0.34521015103291575,0.7026588761214493,1.4231656839230726,29,201,True
839,F444W,991.5230709878709,1860.7329517277499,-0.47692901212906236,-0.26704827225012195,0.6996453663479427,1.4292955375662233,28,199,True
310,F444W,1094.9253427481583,721.8003312014664,-0.07465725184169969,-0.19966879853359387,0.6995584937093793,1.4294730304788987,28,200,True
147,F444W,1957.604352556274,343.4354970947122,-0.3956474437259203,0.4354970947122183,0.7050917134007065,1.4182552155902248,30,199,True
405,F444W,1444.9346274591826,873.5649368984982,-0.06537254081740684,-0.4350631015017825,0.6991341486213936,1.4303406606183904,28,202,True
459,F444W,744.6653956798186,955.830407473433,-0.33460432018137,-0.16959252656704393,0.7036230897696905,1.4212154412489781,29,203,True
1110,F444W,738.628695875674,1646.019292748168,-0.37130412432600224,0.019292748168027174,0.6925911407054978,1.4438532941402697,26,201,True
1115,F444W,1509.6383253245658,1703.9114366387262,-0.3616746754341875,-0.08856336127382747,0.6999654030174008,1.4286420381481917,28,200,True
1047,F444W,667.1734045020462,1189.63260858626,0.17340450204619628,-0.3673914137400516,0.7027308561480455,1.4230199104695755,29,203,True
210,F444W,208.5476210328336,504.33230328945524,-0.45237896716639625,0.3323032894552398,0.7027242010075341,1.4230333871613434,29,202,True
999,F444W,646.9671186235494,732.0977444328939,-0.03288137645063216,0.09774443289393275,0.6958283812754318,1.4371359762115927,27,200,True
842,F444W,1034.5066746904772,1868.3238822403682,-0.4933253095227883,0.32388224036822066,0.6995837604609928,1.4294214024365675,28,200,True
848,F444W,1806.4887432632781,1877.7405988586381,0.48874326327813833,-0.2594011413618773,0.6996473038550809,1.4292915794714927,28,199,True
48,F444W,1183.2480884293614,144.7280797602125,0.24808842936135989,-0.2719202397875051,0.6998422829243044,1.4288933726917454,28,203,True
1149,F444W,218.8934179472742,2042.669868162417,-0.10658205272579835,-0.3301318375829396,0.6995939845541523,1.429400512409058,28,201,True
220,F444W,374.1311386252971,533.4620992597831,0.13113862529712605,0.4620992597831446,0.699817470080085,1.4289440357720178,28,204,True
766,F444W,859.6514412916438,1686.5921276937531,-0.34855870835622227,-0.40787230624687254,0.7026961033882498,1.4230902877904326,29,203,True
209,F444W,1974.150455725976,500.1683598989015,0.15045572597591672,0.1683598989014854,0.6999316920492077,1.4287108461573939,28,199,True
1010,F444W,1235.581814411058,822.310731152442,-0.4181855889419239,0.3107311524420311,0.7028331380023365,1.4228128213224283,29,201,True
824,F444W,1053.200419773823,1814.5835086116101,0.20041977382288678,-0.4164913883898862,0.6997181756238616,1.4291468120124364,28,202,True
758,F444W,212.2408117187108,1676.846095834695,0.24081171871080187,-0.1539041653049935,0.7031070692694377,1.422258491923639,29,200,True
819,F444W,1305.3969162742396,1810.86404194404,0.3969162742396293,-0.13595805595991806,0.7000210466631995,1.4285284774889477,28,202,True
208,F444W,1376.6697236125276,506.75675755171505,-0.33027638747239507,-0.24324244828494557,0.7034664864246861,1.4215318274541016,29,201,True
1009,F444W,1248.087758678196,809.3471434706352,0.08775867819599625,0.34714347063516016,0.6994443310829188,1.4297063476828014,28,198,True
717,F444W,1439.8176495537612,1585.3433707437857,-0.18235044623884278,0.3433707437857265,0.7025725376974504,1.423340575305309,29,203,True
1083,F444W,931.379066064884,1468.4169013488054,0.3790660648840003,0.4169013488053679,0.7059659163717046,1.4164989793550895,30,202,True
190,F444W,187.313623877772,460.2482944470603,0.3136238777719882,0.2482944470602888,0.7034905593304966,1.421483183728418,29,202,True
293,F444W,1077.5800263779252,689.553991920354,-0.4199736220748491,-0.4460080796460488,0.7053085526364616,1.4178191888670202,30,199,True
44,F444W,61.42029915270177,130.7583647266447,0.420299152701773,-0.24163527335531398,0.7029543730024612,1.42256743596145,29,201,True
779,F444W,852.2286713749949,1727.410119794426,0.22867137499486034,0.4101197944260093,0.7030032481933608,1.422468534206474,29,201,True
391,F444W,490.4460210478062,852.3374763575155,0.4460210478061981,0.3374763575154702,0.7031489596507767,1.4221737603034443,29,202,True
311,F444W,846.465818064575,722.626942926962,0.46581806457504626,-0.3730570730380123,0.7022036514856302,1.4240882938793202,29,201,True
1146,F444W,147.298768975312,2036.2611752655448,0.29876897531198665,0.2611752655448072,0.7034757342357255,1.4215131401603016,29,202,True
235,F444W,1660.627626098897,563.7817351247961,-0.37237390110294655,-0.21826487520388582,0.6982091368666347,1.4322356256861912,28,202,True
1128,F444W,1942.917853336335,1730.95633821425,-0.08214666366507117,-0.043661785749918636,0.6958808585446019,1.4370275999421038,27,202,True
215,F444W,155.3271482544228,514.3371222641263,0.32714825442280926,0.3371222641262648,0.7064347062914039,1.4155589909359585,30,200,True
916,F444W,310.5085354396257,2049.084176668383,-0.4914645603743111,0.0841766683829519,0.699690879760675,1.4292025649127282,28,192,True
1145,F444W,559.0411465286026,1993.357721650814,0.04114652860255319,0.3577216508140282,0.696099558139294,1.4365761166018347,27,200,True
660,F444W,52.425131912864686,1417.5844584815868,0.42513191286468555,-0.41554151841319253,0.7049653712798705,1.4185093917230172,30,199,True
485,F444W,350.445962404582,1026.1191961380814,0.4459624045820192,0.11919613808140639,0.7000330246600995,1.4285040344854434,28,203,True
690,F444W,1455.3207491320695,1499.0942514530425,0.3207491320695226,0.09425145304248872,0.6997268468037623,1.429129101688518,28,201,True
1001,F444W,882.8617368022253,741.125318147074,-0.13826319777467688,0.1253181470740401,0.6962447792681938,1.4362764788715199,27,199,True
326,F444W,105.43159880421831,749.0561216337842,0.43159880421831076,0.056121633784187,0.6995635952878352,1.429462606024475,28,202,True
989,F444W,1865.2530014143285,752.1272524555875,0.25300141432853707,0.1272524555874952,0.7032788906427025,1.4219110132626533,29,201,True
92,F444W,213.10681198337727,220.50303171567975,0.10681198337726983,-0.4969682843202463,0.699682347067689,1.4292199941743815,28,204,True
966,F444W,1798.9497964109307,411.60432914848536,-0.05020358906926958,-0.39567085151463743,0.6959943700300254,1.4367932314694725,27,201,True
1022,F444W,811.9820492530375,912.7706711312566,-0.017950746962469566,-0.22932886874343694,0.6991084620315061,1.4303932140860482,28,200,True
1082,F444W,1426.6179801727912,1510.0538232158142,-0.38201982720875094,0.05382321581419092,0.6962155096216164,1.436336861474813,27,200,True
142,F444W,1159.0762169328375,339.24029886732444,0.07621693283749664,0.24029886732444083,0.6994106684989384,1.4297751593440526,28,200,True
396,F444W,549.2216878102197,862.5344386679135,0.22168781021969153,-0.46556133208650863,0.6997127384143574,1.4291579173849738,28,200,True
591,F444W,1435.783231565509,1274.5434763999822,-0.21676843449108674,-0.45652360001781744,0.6996133125806403,1.4293610227503153,28,200,True
167,F444W,1369.3864296306979,402.2829657649055,0.38642963069787584,0.28296576490549796,0.7034247335008375,1.421616204797282,29,201,True
475,F444W,812.0124889725181,1002.1625603596625,0.012488972518099217,0.16256035966250693,0.6958549217988119,1.4370811625718782,27,197,True
937,F444W,1263.0772863233167,167.32586666602833,0.0772863233166845,0.3258666660283325,0.6993260337249133,1.4299481955127096,28,200,True
663,F444W,973.0937113007101,1425.7131008006704,0.09371130071008338,-0.2868991993295822,0.7025422417332832,1.4234019544972005,29,202,True
504,F444W,880.1077393947837,1068.6415446405706,0.10773939478372085,-0.3584553594293993,0.6997373687711036,1.4291076118404613,28,201,True
583,F444W,232.25912930595905,1260.2943610032075,0.2591293059590498,0.2943610032075412,0.7031233386808035,1.422225582607164,29,202,True
476,F444W,1184.9486369264503,1001.9938753796926,-0.05136307354973724,-0.006124620307446094,0.6956175718741281,1.4375715054261882,27,202,True
1109,F444W,740.4679986004182,1630.3342914333525,0.46799860041824104,0.33429143335251865,0.7030447451780045,1.4223845734695153,29,200,True
402,F444W,1842.062255105659,875.8973061586703,0.062255105659005494,-0.10269384132971027,0.6961754574893777,1.436419496323968,27,201,True
960,F444W,20.42941299106087,309.59313096328697,0.4294129910608717,-0.406869036713033,0.7049956386311744,1.418448491314937,30,199,True
334,F444W,511.7829991340526,752.2918343601244,-0.21700086594739787,0.291834360124426,0.7024835371384572,1.4235209042385049,29,202,True
353,F444W,1992.132205662108,784.4655320799529,0.1322056621079355,0.46553207995293633,0.6998171053979151,1.4289447804100206,28,204,True
60,F444W,924.8453924581709,169.70824332415282,-0.1546075418291366,-0.2917566758471821,0.7031025812524822,1.422267570428536,29,201,True
398,F444W,750.8974758858466,860.7580779289317,-0.10252411415342522,-0.2419220710683021,0.7028749150348652,1.4227282530781402,29,200,True
941,F444W,881.1955401050038,192.98991786232568,0.195540105003829,-0.010082137674316982,0.7024071202165982,1.4236757732348078,29,197,True
1126,F444W,1921.967803151379,1703.6417352970707,-0.03219684862096983,-0.35826470292931845,0.6959942068113097,1.4367935684141535,27,200,True
911,F444W,889.1451950709517,2029.5897557447806,0.14519507095167228,-0.4102442552193679,0.6997997394510607,1.4289802405248442,28,202,True
338,F444W,1439.0570136472525,760.362462614007,0.05701364725246094,0.3624626140069722,0.6961670690903804,1.4364368043242997,27,200,True
641,F444W,1333.5480832344329,1359.5902889601423,-0.4519167655671481,-0.4097110398577115,0.7053599703295851,1.4177158359762634,30,199,True
282,F444W,368.70810367375566,657.2123889444553,-0.29189632624434125,0.21238894445525602,0.702829263301557,1.4228206652956885,29,202,True
891,F444W,502.3141047741253,1986.7156566483923,0.314104774125326,-0.28434335160773117,0.7029036844045539,1.4226700217784793,29,201,True
879,F444W,1505.9684240596005,1965.3476137348616,-0.031575940399534375,0.34761373486162483,0.6958388885690637,1.4371142751972643,27,201,True
254,F444W,572.9668341315821,593.5298854090661,-0.03316586841788194,-0.4701145909339175,0.692924909479619,1.4431578174191946,26,202,True
950,F444W,408.16025460379694,243.92807642508876,0.16025460379694323,-0.07192357491123857,0.6995718494928339,1.429445739883568,28,200,True
947,F444W,1652.6425147601585,245.8320355880843,-0.3574852398414805,-0.16796441191570466,0.703649985786295,1.421161117316798,29,203,True
798,F444W,962.5102176694711,1762.496603328413,-0.48978233052889664,0.49660332841290256,0.71136221505835,1.4057536074192165,32,204,True
182,F444W,170.82924635256245,436.3545948913778,-0.17075364743755017,0.35459489137781475,0.7025910416230957,1.4233030892193599,29,203,True
619,F444W,1697.915585657456,1330.3168437362597,-0.08441434254405067,0.31684373625967055,0.6990762159191618,1.4304591934731703,28,200,True
1133,F444W,1881.2139025835409,1802.8903731848416,0.21390258354085745,-0.10962681515843542,0.7030247692612519,1.4224249894506757,29,200,True
927,F444W,921.8482059777621,42.16666961957867,-0.1517940222379366,0.16666961957866988,0.6995581131481156,1.4294738081155993,28,199,True
1033,F444W,243.95099637652208,1073.8716348122055,-0.049003623477915426,-0.1283651877945431,0.6959532777780731,1.4368780662872054,27,200,True
280,F444W,563.7192710252932,654.4011703364949,-0.2807289747067898,0.4011703364949426,0.7024587708063167,1.4235710927947427,29,202,True
932,F444W,1684.1632196014602,117.58958788545715,0.1632196014602414,-0.41041211454285076,0.6997801705441588,1.4290202010474033,28,202,True
624,F444W,465.42416525642784,1336.7193799723984,0.4241652564278411,-0.28062002760157156,0.702824544056501,1.4228302190875233,29,201,True
148,F444W,1065.3029967765501,349.8591658405812,0.3029967765501169,-0.1408341594187732,0.7032142098859924,1.4220417988455092,29,201,True
785,F444W,271.8486773234706,1740.0452152223997,-0.15132267652938935,0.04521522239974729,0.6958782451615209,1.4370329967247204,27,199,True
1090,F444W,1507.6179650795011,1494.3365570111514,-0.38203492049888155,0.3365570111513989,0.7028331945032533,1.4228127069421892,29,202,True
85,F444W,1568.7175077480188,204.14612797156065,-0.28249225198123895,0.14612797156064516,0.7028117175945703,1.4228561860388165,29,201,True
645,F444W,116.22327024704919,1381.7995719771043,0.22327024704918585,-0.20042802289572137,0.6999818394242716,1.4286084919324342,28,201,True
708,F444W,1988.7204275827626,1548.2382766682178,-0.2795724172374321,0.23827666821784987,0.7027823307481894,1.4229156827767562,29,203,True
679,F444W,1795.6055527007723,1464.3098422389867,-0.3944472992277497,0.3098422389866755,0.7028649793289552,1.4227483647780088,29,202,True
319,F444W,1007.1670052103844,734.7300474805581,0.1670052103844455,-0.2699525194418584,0.7029042481262684,1.4226688808122865,29,202,True
665,F444W,1263.2852444782566,1431.8198852903176,0.2852444782565726,-0.180114709682357,0.7031548464896772,1.4221618538110734,29,201,True
446,F444W,1596.648077383392,941.5065737928339,-0.3519226166079079,-0.4934262071660669,0.7053519593105003,1.4177319376521271,30,199,True
259,F444W,1518.46929385992,611.9318071476131,0.46929385992007155,-0.06819285238691464,0.6998930571251335,1.4287897126849345,28,202,True
671,F444W,279.341610743773,1447.2043454052107,0.3416107437730034,0.2043454052106881,0.7034771562963277,1.4215102666088095,29,203,True
688,F444W,932.898981014673,1497.3800223843937,-0.10101898532695941,0.3800223843936692,0.699318983013885,1.4299626126124265,28,201,True
373,F444W,1819.2460571661313,828.2246689765088,0.24605716613132245,0.22466897650883766,0.7001257489171894,1.4283148442213338,28,203,True
1000,F444W,653.1069823850872,740.8794732796172,0.10698238508723534,-0.12052672038282708,0.6964611899904982,1.4358301860490503,27,198,True
1076,F444W,759.6530126317334,1443.5253979389795,-0.34698736826658205,-0.47460206102050506,0.7024087632523275,1.4236724430511816,29,200,True
507,F444W,1197.4998392139637,1090.1748260954867,0.49983921396369624,0.17482609548665096,0.7000045560672765,1.4285621305354637,28,202,True
253,F444W,898.6072822589721,590.8904525876396,-0.3927177410279228,-0.1095474123603708,0.7001152408860265,1.4283362818019163,28,201,True
884,F444W,1983.9656520979636,1978.3257962566236,-0.03434790203641569,0.32579625662356193,0.6957793568409661,1.4372372364427153,27,202,True
823,F444W,1789.703839440575,1816.5750278573773,-0.29616055942506136,-0.42497214262266425,0.702741547304729,1.4229982613599066,29,201,True
844,F444W,1894.4712619439529,1871.3942563724966,0.471261943952868,0.39425637249655665,0.708676514990559,1.4110810487537069,31,199,True
431,F444W,928.538741979163,911.180376555135,-0.46125802083702183,0.1803765551350125,0.6999666851458364,1.428639421305676,28,203,True
329,F444W,806.4149062964755,747.8730560600909,0.41490629647546484,-0.12694393990909703,0.7001168250079197,1.4283330499716071,28,204,True
29,F444W,1242.5831780257658,76.63113487205192,-0.41682197423415346,-0.3688651279480837,0.7058708191130713,1.4166898147971365,30,202,True
47,F444W,1233.9131636522802,138.19458210953508,-0.08683634771978177,0.1945821095350766,0.696025255958118,1.4367294741674905,27,201,True
615,F444W,763.7460918521499,1323.5321210589427,-0.2539081478500975,-0.467878941057279,0.699530787104271,1.4295296482082376,28,199,True
1060,F444W,857.363742355682,1186.8984133855595,0.36374235568200675,-0.10158661444052086,0.6999732446273181,1.4286260334599261,28,201,True
783,F444W,1451.8152916791003,1744.5276431133716,-0.18470832089974465,-0.472356886628404,0.69964487880027,1.4292965335711023,28,202,True
367,F444W,1867.2998850492495,812.5186832317911,0.29988504924949666,-0.4813167682088988,0.6995517089670096,1.4294868945094084,28,198,True
962,F444W,21.749687624133003,332.3569155458049,-0.25031237586699717,0.3569155458048954,0.7025643115823612,1.4233572407737802,29,201,True
364,F444W,312.39852949556825,804.5911512354991,0.3985294955682548,-0.4088487645009309,0.7051586199902417,1.4181206492431995,30,202,True
797,F444W,1976.8648668054786,1758.3144942498807,-0.13513319452135875,0.3144942498806813,0.702513947387508,1.4234592832196085,29,201,True
312,F444W,595.6588461066412,722.3362808129071,-0.3411538933587508,0.3362808129071482,0.7055727228619251,1.4172883497307365,30,200,True
975,F444W,1193.047069399754,521.3570960709758,0.04706939975403657,0.35709607097578555,0.6961259642359346,1.4365216230622806,27,200,True
840,F444W,1418.3159830280129,1854.7960060683738,0.3159830280128517,-0.20399393162620072,0.703074912587975,1.4223235420519589,29,203,True
455,F444W,421.1897002608297,955.2681732709325,0.1897002608296816,0.2681732709324933,0.7030836949554454,1.422305775507097,29,202,True
793,F444W,1599.9432584374952,1754.9654422209164,-0.05674156250483975,-0.034557779083570495,0.6957117478023798,1.4373769066841384,27,202,True
611,F444W,597.4611706742227,1315.0288713347122,0.46117067422267155,0.02887133471222114,0.6926819477681305,1.4436640123538222,26,202,True
917,F444W,1315.4213814390814,2042.8194883174388,0.421381439081415,-0.18051168256124583,0.6999266998447177,1.428721036391175,28,202,True
639,F444W,616.4837020467315,1356.423747332689,0.48370204673153694,0.4237473326888903,0.7113363404800388,1.4058047411512242,32,201,True
710,F444W,129.8653512917665,1554.2085333850227,-0.13464870823349884,0.2085333850227471,0.6995252265865541,1.4295410115224305,28,200,True
931,F444W,1623.897888545162,112.13446275824049,-0.10211145483799555,0.13446275824048826,0.696274638687815,1.4362148848112284,27,196,True
869,F444W,196.24888791364583,1932.3581673969322,0.24888791364583085,0.358167396932231,0.7031417627857265,1.4221883166748228,29,201,True
477,F444W,626.2508200087022,1006.0333758824545,0.25082000870224874,0.03337588245449297,0.6992777072885672,1.430047017911491,28,201,True
986,F444W,1092.7830361957251,668.2315137415733,-0.21696380427488293,0.23151374157328064,0.6996600445662015,1.429265552272623,28,203,True
41,F444W,1289.9992468351552,124.59860239594548,-0.000753164844809362,-0.40139760405452307,0.6929251693701158,1.4431572761442941,26,200,True
913,F444W,921.5182776562962,2039.0429300243268,-0.4817223437038365,0.04293002432677895,0.696099777142606,1.4365756646336862,27,203,True
747,F444W,394.4024750763914,1649.154263132266,0.4024750763913971,0.15426313226589627,0.700031443900452,1.4285072602284492,28,202,True
267,F444W,637.0959937215778,628.4957058819813,0.09599372157776997,0.49570588198128007,0.699596069117015,1.429396253272457,28,204,True
277,F444W,1221.654303649727,651.2590094001209,-0.3456963502731014,0.2590094001209309,0.7029116583127143,1.4226538828512585,29,200,True
333,F444W,193.7069620211289,747.0854856025893,-0.29303797887109795,0.08548560258930138,0.7025205541279291,1.423445896528032,29,202,True
1067,F444W,1528.8989460705893,1285.7146785879927,-0.10105392941068203,-0.2853214120073062,0.7028103806888448,1.4228588926359782,29,202,True
125,F444W,621.6298584531598,299.57113828144224,-0.3701415468401592,-0.428861718557755,0.7057373940812653,1.4169576508012702,30,202,True
294,F444W,999.560745385961,686.0368561844925,-0.4392546140389868,0.03685618449253525,0.6960922301394248,1.436591239927651,27,201,True
667,F444W,231.49222250592015,1430.1994946913183,0.4922225059201537,0.19949469131825026,0.6999735949005471,1.4286253185623108,28,200,True
198,F444W,624.132356004505,484.8012629263784,0.13235600450502716,-0.19873707362160076,0.6998794206031408,1.42881755136938,28,200,True
1005,F444W,923.380174429254,784.4073104457765,0.3801744292539979,0.40731044577648845,0.70600449925101,1.4164215682207202,30,203,True
386,F444W,748.4201454076479,839.6532972740683,0.42014540764785124,-0.34670272593166374,0.6975019825354329,1.4336876812378097,28,203,True
780,F444W,744.6901043497139,1723.9872508658386,-0.3098956502860801,-0.012749134161367692,0.6923915270874231,1.4442695510826744,26,201,True
58,F444W,1491.885389323848,166.64629510580608,-0.11461067615209686,-0.3537048941939247,0.6996862095694046,1.4292121044023607,28,201,True
46,F444W,981.7397529513055,136.43837548498323,-0.26024704869450943,0.43837548498322576,0.7024319170919343,1.4236255153951383,29,201,True
857,F444W,1948.813523126225,1891.0996194695276,-0.18647687377506372,0.09961946952762446,0.6960980688385718,1.436579190154174,27,201,True
397,F444W,1899.2786793164234,857.9287045910614,0.27867931642344956,-0.07129540893856756,0.6994043454326375,1.4297880854334986,28,200,True
677,F444W,561.0132445082586,1462.6669155556754,0.013244508258594578,-0.33308444432464057,0.6929855796970403,1.4430314703477385,26,201,True
316,F444W,957.2673367943344,724.2127061649255,0.2673367943343692,0.21270616492552108,0.7034264155008678,1.4216128054957389,29,203,True
1108,F444W,473.299908056734,1622.3098107071332,0.29990805673401155,0.3098107071332379,0.7031370068238106,1.4221979362417148,29,200,True
9,F444W,126.82263714388239,30.05845444287513,-0.17736285611761105,0.05845444287513146,0.6991060726211362,1.4303981028955044,28,199,True
910,F444W,1328.5375031340363,2028.2243009038293,-0.4624968659636579,0.22430090382931667,0.6998572621529696,1.4288627897118646,28,200,True
314,F444W,1621.0009951953452,718.8391584617609,0.000995195345240063,-0.1608415382390831,0.6927639985615651,1.4434930251519575,26,196,True
132,F444W,977.2641189042217,309.7691122074449,0.264118904221732,-0.23088779255510872,0.6998869886521799,1.428802101216038,28,204,True
725,F444W,845.9671537203603,1606.531982744306,-0.032846279639670684,-0.4680172556938942,0.6929260589845165,1.4431554233441595,26,202,True
462,F444W,1036.4282912255162,966.1049369936884,0.4282912255162046,0.1049369936883977,0.6999339926804166,1.4287061500906284,28,203,True
484,F444W,1527.8951715654694,1016.9902593918926,-0.10482843453064561,-0.009740608107449589,0.695891490279519,1.437005645231169,27,200,True
808,F444W,1457.6671091984153,1779.1260748658033,-0.3328908015846537,0.12607486580327532,0.7028811683729622,1.4227155954609112,29,201,True
851,F444W,1466.9907133614822,1881.5096113256523,-0.009286638517778556,-0.49038867434774147,0.6928747597146094,1.443262272119558,26,204,True
982,F444W,260.77870295668185,613.3445044153618,-0.22129704331814537,0.3445044153618255,0.7025478914827264,1.4233905077837488,29,203,True
118,F444W,537.3470853401407,275.01189864622745,0.3470853401406657,0.011898646227450627,0.6925594079059603,1.4439194509300288,26,202,True
472,F444W,231.74435629713253,991.0500437458293,-0.2556437028674736,0.05004374582927085,0.6989408577673386,1.43073621879017,28,200,True
22,F444W,222.75182667059755,48.55407148008658,-0.24817332940244796,-0.44592851991342286,0.6995684507925629,1.42945268453297,28,200,True
669,F444W,849.1285216815705,1444.5657130196696,0.12852168157053256,-0.43428698033039836,0.6998089647057039,1.428961402945928,28,204,True
1148,F444W,207.6190739226406,2036.9333451811663,-0.38092607735939055,-0.06665481883374014,0.6999016393419072,1.4287721928187862,28,200,True
1143,F444W,1146.5851414434946,1923.3082209897523,-0.41485855650535086,0.30822098975227163,0.7028386140833379,1.4228017356505496,29,202,True
261,F444W,1790.9896381387034,614.8316058224448,-0.010361861296587449,-0.16839417755522845,0.6988311283889461,1.4309608707691013,28,197,True
579,F444W,534.9326112393492,1242.801285266432,-0.06738876065082877,-0.19871473356806746,0.6995052238955946,1.4295818899406192,28,199,True
533,F444W,1878.690116746503,1138.0118544088205,-0.30988325349699153,0.01185440882045441,0.6923869275141308,1.444279145463201,26,201,True
926,F444W,922.0708733569386,33.44767902974854,0.07087335693859131,0.44767902974854223,0.6993441783605197,1.4299110951982343,28,203,True
303,F444W,1416.4243669278417,709.6498782652457,0.4243669278416746,-0.35012173475433883,0.7025630918092388,1.4233597119723473,29,202,True
1121,F444W,1242.71792664912,1696.4706040805447,-0.2820733508799549,0.47060408054471736,0.699392558805542,1.4298121811702582,28,199,True
760,F444W,1699.9180910939126,1683.0252130624367,-0.0819089060873921,0.025213062436705513,0.6956875257078076,1.4374269525424914,27,201,True
155,F444W,746.6142586084867,364.2810860043379,-0.38574139151330655,0.281086004337908,0.7028885809388267,1.422700591698802,29,201,True
898,F444W,1353.2054489163534,2000.2723168296707,0.2054489163533617,0.2723168296706717,0.7030835120795422,1.4223061454566817,29,202,True
728,F444W,749.2425115114747,1611.0357208933724,0.24251151147473138,0.03572089337239959,0.6992823937127931,1.4300374340766209,28,201,True
1019,F444W,939.8420216593393,889.7827915083324,-0.15797834066074756,-0.217208491667634,0.7000578655069483,1.428453345461447,28,200,True
727,F444W,1824.8140899907025,1610.7517141090575,-0.1859100092974586,-0.24828589094249764,0.7031297244670851,1.4222126660310348,29,200,True
683,F444W,818.5984561370132,1487.8821784064935,-0.4015438629868413,-0.11782159350650545,0.7001613316174632,1.4282422562381025,28,201,True
418,F444W,131.9797427973068,893.3219661013818,-0.020257202693187537,0.32196610138180404,0.6957131042088376,1.4373741042828228,27,200,True
1036,F444W,2005.6481742689664,1108.7281746726565,-0.3518257310336139,-0.27182532734354936,0.7034326892649992,1.4216001264383622,29,200,True
880,F444W,504.41917957084354,1966.1993409436395,0.4191795708435393,0.1993409436395268,0.6999888993103903,1.428594083399283,28,201,True
888,F444W,746.9839422276639,1981.966911821826,-0.01605777233612571,-0.03308817817401177,0.6955276486911555,1.4377573657665528,27,200,True
377,F444W,1077.572518993698,834.9964790270848,-0.42748100630205954,-0.003520972915225684,0.692568114718589,1.4439012982951571,26,200,True
438,F444W,1308.6375460961765,923.0875616246063,-0.36245390382350706,0.08756162460633732,0.6996661143580499,1.429253153009288,28,200,True
795,F444W,410.82832145379007,1754.008003891201,-0.1716785462099324,0.00800389120104228,0.698824588058373,1.4309742631958877,28,196,True
957,F444W,831.5752543360484,273.9099768950523,-0.42474566395162583,-0.09002310494770427,0.7000258387904379,1.4285186982924545,28,201,True
196,F444W,235.76072391021842,477.3802001687825,-0.23927608978158332,0.3802001687824941,0.7025362018044913,1.4234141919398053,29,200,True
711,F444W,1920.4477100962363,1552.81145666344,0.44771009623627833,-0.18854333656008748,0.6999252724063177,1.428723950146901,28,201,True
854,F444W,1416.7909871452985,1884.7054017252403,-0.20901285470154107,-0.2945982747596645,0.70315161689786,1.4221683858337202,29,203,True
281,F444W,70.10992332081264,656.2171192985577,0.10992332081264067,0.21711929855769085,0.6838370915685912,1.4623365891226985,27,200,True
1137,F444W,1153.3546684507328,1848.4894843629766,0.3546684507327882,0.4894843629765546,0.7025339114322459,1.4234188324963764,29,199,True
168,F444W,1974.015412593026,407.83308121036896,0.015412593025985188,-0.16691878963104045,0.6990650535670743,1.430482034393458,28,197,True
53,F444W,1345.2782558340323,156.50701740689965,0.2782558340322794,-0.49298259310035064,0.6996013177307038,1.429385529523728,28,199,True
1062,F444W,1989.7598685051903,1248.5132779613746,-0.24013149480970242,-0.4867220386254303,0.6995283857592814,1.4295345555056795,28,200,True
471,F444W,1470.2839984738503,988.3146766851369,0.2839984738502608,0.31467668513687386,0.7031546909503164,1.4221621683963965,29,201,True
129,F444W,456.5720372021009,302.82146276944013,-0.42796279789911296,-0.17853723055986848,0.7000450428183264,1.4284795103670451,28,202,True
1048,F444W,542.8696757385727,1204.531592110638,-0.13032426142729037,-0.46840788936196986,0.6996716975438092,1.429241747966211,28,204,True
1052,F444W,997.0097710509341,1229.4809521064062,0.009771050934091363,0.480952106406221,0.6928547186152368,1.4433040190570314,26,204,True
34,F444W,1192.745953702554,97.3475635544279,-0.25404629744593876,0.347563554427893,0.7025346867192095,1.4234172616727778,29,200,True
722,F444W,1308.6220804905327,1596.0827816334822,-0.37791950946734687,0.08278163348222733,0.6996668393543088,1.4292516720141477,28,199,True
111,F444W,973.5257332606279,261.8408532915687,-0.4742667393720694,-0.15914670843130807,0.7001222745760588,1.4283219322018066,28,203,True
1103,F444W,51.72444778986505,1591.6673741132033,-0.275552210134947,-0.33262588679667715,0.7031014260633589,1.4222699072009655,29,200,True
1023,F444W,1075.9140109901293,916.5963685699426,-0.08598900987067282,-0.4036314300574304,0.6993597964113445,1.4298791625302794,28,201,True
705,F444W,1883.9259827082774,1534.676064428474,-0.07401729172261184,-0.323935571525908,0.6961710135035071,1.4364286656628549,27,200,True
1092,F444W,1542.6352057118245,1495.2279449400205,-0.36479428817551707,0.2279449400205067,0.7029317358109034,1.422613248278509,29,200,True
160,F444W,1899.5648670501912,370.5877040426401,-0.43513294980880346,-0.4122959573599019,0.7054349628984987,1.4175651230712882,30,199,True
184,F444W,1788.6762718727437,437.88048639187264,-0.32372812725634503,-0.11951360812736311,0.703614592087745,1.4212326055274505,29,201,True
336,F444W,197.28129397306748,748.8186031846351,0.28129397306747705,-0.1813968153649057,0.7031315252407645,1.4222090236354892,29,202,True
853,F444W,1396.117938473408,1884.428865493296,0.11793847340800312,0.42886549329591617,0.6997842269558402,1.4290119175022573,28,203,True
195,F444W,725.3969050680189,472.1785835806628,0.3969050680188957,0.1785835806628029,0.7000035429842257,1.4285641980279729,28,202,True
297,F444W,1435.5701412055794,695.8247196079103,-0.4298587944206247,-0.17528039208968949,0.7000581592987067,1.4284527459857967,28,202,True
799,F444W,1091.4360417648568,1761.2056537146718,0.4360417648567818,0.20565371467182558,0.6999673710241059,1.428638021422232,28,201,True
371,F444W,1540.5990519885695,821.9563654198685,-0.40094801143050063,-0.043634580131538314,0.6962999377253182,1.4361627020487941,27,201,True
179,F444W,1577.312955872114,432.0396241070189,0.3129558721138892,0.03962410701888075,0.6960286912643384,1.436722383072308,27,200,True
943,F444W,878.4681500475549,206.9141868379893,0.4681500475549001,-0.08581316201070877,0.6999744881244878,1.4286234955211021,28,202,True
647,F444W,497.7993933696325,1385.4955479116911,-0.20060663036747428,0.4955479116911192,0.6995836329190307,1.429421663036161,28,200,True
940,F444W,48.03208437168439,215.79163509290424,0.032084371684391044,-0.20836490709575628,0.6990434947733939,1.4305261510575475,28,199,True
151,F444W,1206.4488295563458,354.4819949288269,0.4488295563457996,0.4819949288269072,0.7113522432846225,1.4057733133483423,32,203,True
689,F444W,1201.470655639367,1494.4506221704933,0.47065563936689614,0.45062217049326136,0.7113398372063714,1.4057978306505046,32,202,True
1073,F444W,1153.5126364014309,1399.7692857642228,-0.48736359856911804,-0.23071423577721362,0.6998265469557293,1.4289255021119676,28,200,True
829,F444W,1321.3729844861282,1826.113995483491,0.372984486128189,0.11399548349095312,0.699949990553435,1.4286734959583642,28,201,True
585,F444W,1084.5444647798,1259.0152803287685,-0.4555352202000904,0.01528032876854013,0.6926243207701659,1.4437841265638012,26,202,True
26,F444W,1099.7017072728447,63.06376451339452,-0.2982927271552853,0.06376451339451705,0.6960495725000347,1.4366792819198952,27,200,True
635,F444W,1556.382362607806,1350.5802399142508,0.38236260780604425,-0.4197600857492034,0.7051713453955649,1.4180950580728027,30,202,True
1059,F444W,244.75052487139067,1217.551895095044,-0.2494751286093333,-0.44810490495592603,0.6995637388693449,1.4294623126353416,28,200,True
122,F444W,1688.849931821133,278.98340091064165,-0.15006817886705903,-0.016599089358351193,0.6958894039038706,1.4370099535789727,27,199,True
738,F444W,1016.8681434827855,1628.4169787173535,-0.1318565172144872,0.4169787173534587,0.6995490200799296,1.4294923890905333,28,202,True
240,F444W,1174.5055844988856,561.1919893629363,-0.49441550111441757,0.19198936293628321,0.6999823429663476,1.4286074642429603,28,200,True
189,F444W,702.63190338338,446.6233914475022,-0.36809661662005055,-0.376608552497828,0.7060739684996696,1.4162822092491119,30,202,True
627,F444W,735.3668667609899,1338.2347816171755,0.3668667609898648,0.23478161717548574,0.7034822567696345,1.4214999602007938,29,200,True
1124,F444W,1722.647027527768,1698.6024347906352,-0.35297247223206796,-0.3975652093647568,0.7059851974531489,1.4164602935125459,30,203,True
967,F444W,1798.5883918035934,419.5233077105263,-0.4116081964066325,-0.47669228947370357,0.7082670751683253,1.4118967760323209,31,199,True
499,F444W,1446.9078624336144,1062.289236921358,-0.09213756638564519,0.28923692135799683,0.7021797864201603,1.4241366945325797,29,202,True
821,F444W,294.8569584951282,1809.1420391429633,-0.14304150487180323,0.14203914296331277,0.6994984489533851,1.4295957360537914,28,199,True
108,F444W,952.8669602931033,254.27623310835156,-0.1330397068967386,0.2762331083515619,0.7024678360109354,1.4235527218991886,29,202,True
981,F444W,241.93334659589846,609.6704262662305,-0.06665340410154386,-0.32957373376950727,0.696138475710871,1.4364958049170273,27,200,True
116,F444W,1814.309832834154,270.13584366587213,0.3098328341538945,0.13584366587213026,0.7033989807398539,1.4216682528430356,29,201,True
892,F444W,1369.9676511114956,1985.2096299139307,-0.03234888850442985,0.20962991393071206,0.6986967531981355,1.4312360769142165,28,200,True
709,F444W,1105.5194412556914,1553.651066080698,-0.4805587443086097,-0.3489339193019987,0.7027520542814795,1.4229769858480714,29,199,True
374,F444W,1855.6492703219049,829.6087813015471,-0.3507296780951492,-0.3912186984529171,0.7060261264320713,1.4163781800165616,30,203,True
763,F444W,642.9475859273475,1680.695586026262,-0.05241407265248199,-0.30441397373806467,0.696045382643702,1.436687930033851,27,200,True
395,F444W,1696.832627734782,856.618230471492,-0.16737226521809134,-0.38176952850801626,0.6997363731668634,1.4291096452142469,28,203,True
542,F444W,691.4242054982988,1158.5540885501505,0.4242054982987611,-0.44591144984951825,0.7048018020514167,1.418838597020284,30,199,True
1063,F444W,1992.8062679131144,1258.448328316641,-0.19373208688557497,0.44832831664098194,0.6995383385948557,1.4295142164883683,28,201,True
437,F444W,481.5579519706332,924.2624745514686,-0.4420480293667879,0.26247455146858556,0.7028137768742053,1.422852016998789,29,201,True
266,F444W,2041.093098075918,622.0526274072355,0.0930980759180784,0.052627407235490864,0.6960240976318596,1.4367318651787817,27,200,True
768,F444W,1647.5924551594082,1688.8584958690794,-0.4075448405917541,-0.14150413092056624,0.7001483959214462,1.4282686439407282,28,202,True
810,F444W,871.9668002799817,1778.2514520395066,-0.03319972001827409,0.2514520395066029,0.6987166346661136,1.4311953521442304,28,201,True
186,F444W,793.951309551793,440.49820853296785,-0.04869044820702584,0.49820853296785117,0.6989434975405926,1.4307308151785516,28,202,True
877,F444W,1093.6906991066,1961.150230536101,-0.3093008933999499,0.15023053610093484,0.7028804728342107,1.4227170033159695,29,201,True
211,F444W,732.5984423372113,505.45656421641684,-0.4015576627887185,0.45656421641683664,0.704991470766106,1.4184568770928698,30,199,True
394,F444W,303.55895307633136,856.2865600037858,-0.44104692366863674,0.2865600037857803,0.7027951845831721,1.4228896582339279,29,201,True
693,F444W,1336.097954891407,1508.3676086752334,0.097954891406971,0.3676086752334413,0.6995748600747373,1.4294395883425077,28,201,True
432,F444W,1975.914837354672,906.6345006897119,-0.08516264532795503,-0.3654993102881008,0.6994025864172563,1.4297916813870781,28,200,True
54,F444W,1628.2412162900696,159.4412486060345,0.24121629006958756,0.4412486060344918,0.6996966304174791,1.4291908186028317,28,200,True
633,F444W,1638.1726977473745,1349.4965467772245,0.1726977473745137,0.4965467772244665,0.6997987416709476,1.4289822779793024,28,202,True
20,F444W,955.4708819021638,40.75456365321895,0.47088190216379644,-0.2454363467810481,0.6996913039988331,1.4292016983559193,28,199,True
626,F444W,150.90393749787904,1340.22932037171,-0.09606250212095802,0.2293203717099459,0.6990891949867459,1.430432636022874,28,201,True
244,F444W,1765.7133395842113,570.7895909710041,-0.2866604157886741,-0.2104090289958549,0.7034986046064284,1.4214669275135932,29,202,True
878,F444W,687.5071159278259,1963.9722293048478,-0.4928840721740926,-0.027770695152185,0.6926748272261612,1.4436788528962896,26,203,True
872,F444W,484.41800127999363,1946.4222248366464,0.4180012799936321,0.42222483664636457,0.7056807665571818,1.4170713549112568,30,199,True
202,F444W,51.69248211257684,486.7637308624646,-0.30751788742315966,-0.23626913753537337,0.7034719009604087,1.4215208861004385,29,202,True
680,F444W,1786.1334194704718,1471.7645634336327,0.13341947047183567,-0.23543656636729793,0.7029358475354776,1.4226049269019951,29,200,True
1086,F444W,1259.7710741808423,1460.2301534194887,-0.2289258191576664,0.23015341948871537,0.6996620681062002,1.4292614185970307,28,203,True
1018,F444W,679.9414558457594,875.382577777568,-0.05854415424062154,0.3825777775680308,0.6959914854558072,1.4367991863364484,27,200,True
461,F444W,1982.4390834378833,961.5755407871611,0.4390834378832551,-0.4244592128388831,0.7048518933726412,1.4187377651993054,30,199,True
830,F444W,1895.1898189047577,1825.8869776316715,0.18981890475765795,-0.11302236832852941,0.6999500950694014,1.4286732826300252,28,201,True
16,F444W,696.0862588853721,31.541063278877346,0.08625888537210358,-0.4589367211226545,0.6995041952977246,1.4295839920936826,28,202,True
1068,F444W,1505.749224087833,1358.377709766212,-0.25077591216700057,0.3777097662120923,0.7025245524390913,1.4234377952031787,29,201,True
389,F444W,1802.9022017542165,839.5705898464289,-0.09779824578345142,-0.4294101535710979,0.6994486343704347,1.429697551558004,28,201,True
421,F444W,1542.3049770500759,895.374717610035,0.30497705007587683,0.3747176100349634,0.7030574625013183,1.4223588445277684,29,203,True
964,F444W,39.891060634815176,340.38257887533916,-0.10893936518482406,0.38257887533916346,0.6993733698232237,1.4298514114896366,28,202,True
163,F444W,1390.2736694703635,386.4127617112629,0.2736694703635294,0.4127617112628741,0.7029577175025982,1.4225606677350462,29,201,True
907,F444W,1492.5925462733262,2023.8514334066776,-0.4074537266737934,-0.14856659332235722,0.7001284157368081,1.4283094037079043,28,202,True
427,F444W,1501.8990320943922,903.7016779249249,-0.1009679056078312,-0.2983220750751343,0.7028046508362388,1.4228704929743143,29,202,True
871,F444W,1650.239612865435,1939.2810795340008,0.23961286543499227,0.28107953400080987,0.7031086157929948,1.4222553635929478,29,203,True
550,F444W,1493.4343869873119,1166.6332762681925,0.43438698731188197,-0.36672373180749673,0.70526774017332,1.4179012352872533,30,202,True
1111,F444W,1451.7478031132046,1639.767417057701,-0.2521968867954456,-0.23258294229890453,0.7001583155204346,1.4282484087283747,28,203,True
597,F444W,147.62831030183918,1284.458693983188,-0.37168969816082154,0.45869398318791355,0.7020759881152225,1.4243472457797304,29,201,True
883,F444W,127.8881640108109,1965.5442533814025,-0.1118359891891032,-0.455746618597459,0.6995952298122495,1.4293979681198943,28,203,True
995,F444W,270.5620382703572,688.2404398124169,-0.4379617296427796,0.24043981241686652,0.6997931110548063,1.4289937757356432,28,200,True
57,F444W,564.3523807876974,161.64227526252853,0.3523807876973706,-0.3577247374714716,0.7056345582754964,1.417164151432584,30,201,True
201,F444W,1722.1446820926435,485.52929609292846,0.14468209264350662,-0.4707039070715382,0.6997936058102414,1.4289927654342753,28,204,True
764,F444W,1909.9618629863203,1682.5625604591364,-0.03813701367971589,-0.43743954086357917,0.6958900404147638,1.4370086391867039,27,200,True
300,F444W,1601.8019963903198,696.9590725820722,-0.1980036096801996,-0.04092741792783272,0.7022997591190264,1.423893411631541,29,199,True
537,F444W,413.65161827168276,1151.0865592677305,-0.3483817283172357,0.0865592677305358,0.6996322089754307,1.4293224170803114,28,200,True
443,F444W,327.2709227696221,932.5440125546381,0.27092276962207507,-0.4559874453618704,0.6995959048134567,1.4293965889732365,28,199,True
859,F444W,1928.5656705971492,1899.098507277084,-0.4343294028508353,0.09850727708408158,0.6998168645476281,1.4289452721983409,28,202,True
933,F444W,1679.6723742408265,124.61135169888905,-0.327625759173543,-0.3886483011109476,0.7028244784162025,1.4228303519727643,29,202,True
449,F444W,744.5244189534359,945.4454004590418,-0.47558104656411615,0.4454004590418208,0.7113569860416827,1.4057639407809286,32,202,True
429,F444W,1263.08548211879,904.1591034063981,0.08548211878996881,0.15910340639811693,0.6963654916985444,1.4360275055572376,27,200,True
1104,F444W,27.812594317879302,1600.5203854249867,-0.18740568212069775,-0.47961457501332916,0.6997495243974632,1.429082786245657,28,130,True
1123,F444W,989.7588904012673,1702.206083081926,-0.24110959873269167,0.2060830819259536,0.6996643724000762,1.429256711428188,28,203,True
1045,F444W,758.0625212057212,1141.1178809485177,0.06252120572116837,0.11788094851772257,0.6961752917429916,1.4364198383087285,27,200,True
470,F444W,559.0533268317417,982.0584233652581,0.05332683174174235,0.05842336525813607,0.695862859650263,1.4370647694900613,27,203,True
979,F444W,1523.747078732074,574.5751763158953,-0.25292126792601266,-0.4248236841046946,0.7027829452725528,1.4229144385571006,29,201,True
587,F444W,160.12324784189354,1269.8156673187036,0.12324784189354432,-0.18433268129638236,0.6998939290271524,1.428787932751457,28,200,True
21,F444W,2022.5955876732996,45.68467402787212,-0.404412326700367,-0.31532597212788005,0.7032062542801591,1.422057886876526,29,202,True
565,F444W,467.75657974789397,1206.7607460126499,-0.24342025210603424,-0.23925398735013914,0.7001411034612182,1.4282835203595377,28,203,True
912,F444W,181.33005002100094,2032.8540809082133,0.33005002100094316,-0.14591909178670903,0.7032457584429005,1.4219780041249894,29,202,True
581,F444W,181.26553703960258,1246.3751776425652,0.26553703960257735,0.37517764256517694,0.703080650385733,1.4223119345573902,29,201,True
544,F444W,1109.1917556482679,1163.5407121107773,0.19175564826787195,-0.45928788922265085,0.6997566479227461,1.4290682381775688,28,202,True
194,F444W,1905.3522181334802,468.0046260795875,0.3522181334801644,0.004626079587524146,0.6925331409363715,1.443974217100865,26,201,True
223,F444W,522.5127263719721,534.3290440663949,-0.48727362802787866,0.3290440663948857,0.7026378237262538,1.4232083247337364,29,200,True
400,F444W,1154.8378095314513,864.6322382630268,-0.16219046854871522,-0.36776173697319336,0.7030196736727551,1.4224352993931784,29,203,True
1135,F444W,177.6690410191809,1802.4330107331957,-0.3309589808191049,0.43301073319571515,0.7023354345533803,1.4238210843454118,29,201,True
987,F444W,1954.210502243201,665.0937959755905,0.2105022432010628,0.093795975590524,0.699696752430749,1.42919056938023,28,200,True
219,F444W,769.4126505671098,528.2770333743498,0.4126505671098357,0.2770333743497986,0.7033531581092113,1.4217608728568867,29,201,True
32,F444W,998.9468237721776,78.84103818158155,-0.05317622782240505,-0.15896181841844736,0.6991103316775787,1.430389388754146,28,199,True
272,F444W,1296.7935973915821,643.9984726326153,-0.20640260841787494,-0.0015273673847104874,0.6363251766210415,1.5715235491861455,27,200,True
284,F444W,644.255005145804,660.163856574481,0.2550051458040343,0.1638565744809739,0.7034090194374677,1.4216479635130679,29,202,True
524,F444W,493.9147266279208,1108.5604697287783,-0.08527337207920027,-0.4395302712216562,0.6993366177413934,1.4299265541530508,28,202,True
905,F444W,465.36121805241623,2013.365676458029,0.36121805241623406,0.3656764580289291,0.7063173526990093,1.4157941839865018,30,202,True
94,F444W,918.392973593346,220.26169696496981,0.3929735933460279,0.26169696496981487,0.703414526783779,1.4216368327965847,29,201,True
463,F444W,1911.1523913398141,961.4824601287773,0.15239133981413033,0.48246012877734756,0.6998191606407015,1.4289405838566576,28,203,True
934,F444W,2042.7310001355718,135.86254905084752,-0.2689998644282241,-0.13745094915248046,0.703564252273047,1.421334294301111,29,201,True
309,F444W,996.4426944268147,714.2224344481941,0.44269442681468263,0.22243444819412161,0.6999391732066907,1.428695575672119,28,200,True
915,F444W,1232.191345592106,2039.9297444242986,0.19134559210601765,-0.07025557570136698,0.6962958154772882,1.4361712044966584,27,200,True
1004,F444W,878.7641522682202,750.0951580733285,-0.23584773177981333,0.0951580733285482,0.6992403561598916,1.430123406337456,28,200,True
226,F444W,634.7100893953566,544.2628702408924,-0.2899106046434099,0.2628702408924255,0.7027927418292762,1.4228946038872468,29,202,True
567,F444W,43.89243630641431,1213.5417831548632,-0.10756369358568918,-0.4582168451368034,0.6995567034090087,1.4294766887757655,28,203,True
1014,F444W,1259.56718756375,850.8338310453801,-0.4328124362500603,-0.16616895461993408,0.7000738900437931,1.4284206484796127,28,203,True
678,F444W,1339.2044899345992,1466.2344140177815,0.2044899345992235,0.23441401778154614,0.7000728365597266,1.4284227979965127,28,202,True
996,F444W,265.61675012081605,694.2937292921825,-0.3832498791839498,0.2937292921825474,0.7028884995629957,1.4227007564097667,29,202,True
643,F444W,1036.9083443080922,1377.1706205072906,-0.09165569190781753,0.17062050729055045,0.6961037393957178,1.4365674875817966,27,199,True
574,F444W,1602.8435087505013,1230.9778339647105,-0.15649124949868565,-0.02216603528950145,0.6958527033315168,1.4370857441701737,27,198,True
909,F444W,846.8394676024666,2023.1247748319763,-0.16053239753341586,0.12477483197631045,0.6995125088436653,1.4295670018153899,28,199,True
1007,F444W,1232.5954505710931,798.0973276758859,-0.4045494289068756,0.0973276758859356,0.6997925538277879,1.4289949136070548,28,201,True
980,F444W,1538.7523157424384,583.1285032850249,-0.2476842575615592,0.12850328502486263,0.7027273572412347,1.4230269957409905,29,201,True
873,F444W,1094.498445882537,1946.0558965147156,0.4984458825369984,0.05589651471564139,0.6995797593830982,1.4294295776679098,28,202,True
744,F444W,905.3988516552141,1641.2982079767658,0.39885165521411636,0.2982079767657524,0.7033879742618442,1.421690498830932,29,202,True
275,F444W,1517.5437643720552,647.0379091684506,-0.45623562794480677,0.03790916845059655,0.6961298288851856,1.4365136480381053,27,200,True
952,F444W,29.335700331390854,250.16599855365985,0.33570033139085353,0.16599855365984695,0.7034857696922581,1.4214928618065052,29,203,True
784,F444W,1018.9288195761643,1735.855795951898,-0.071180423835699,-0.14420404810198306,0.6959672019483095,1.436849318761822,27,199,True
411,F444W,628.3657281137904,880.1938340742603,0.3657281137903965,0.19383407426028043,0.7034804443846457,1.421503622427953,29,202,True
222,F444W,153.34347529676552,534.7382882286441,0.3434752967655186,-0.26171177135586277,0.7029764342692872,1.4225227920185626,29,200,True
154,F444W,707.8408034845277,362.51714824119495,-0.15919651547233116,-0.4828517588050545,0.6996634901775749,1.4292585136123075,28,203,True
566,F444W,765.6566666110286,1206.551782998606,-0.34333338897135945,-0.44821700139391396,0.7025250648331804,1.423436757003762,29,202,True
152,F444W,1355.0658320491948,354.36990880401675,0.06583204919479613,0.3699088040167453,0.6962156981002627,1.4363364726314876,27,199,True
169,F444W,390.02013151002416,409.7309618851765,0.02013151002415725,-0.26903811482350193,0.6960016241408444,1.4367782564220537,27,200,True
776,F444W,1871.9986011873445,1706.5447565504803,-0.001398812655452275,-0.4552434495196849,0.6929091711157903,1.4431905965246525,26,200,True
658,F444W,1843.2241108844826,1408.708327599321,0.22411088448257033,-0.29167240067909006,0.7028215462139444,1.4228362880832799,29,202,True
445,F444W,208.1862138329916,935.3149150563822,0.18621383299159788,0.31491505638223316,0.7031325988752664,1.422206852021374,29,204,True
973,F444W,295.24004904138667,533.5397209316081,0.24004904138666916,-0.4602790683918556,0.6996691371897301,1.4292469781024926,28,200,True
495,F444W,1040.4484782737084,1047.9615678342495,0.4484782737083606,-0.038432165750464264,0.6962277839418447,1.4363115392182182,27,201,True
676,F444W,1079.383016845401,1451.8464165984037,0.3830168454010163,-0.15358340159627915,0.6999503249491745,1.4286728134208853,28,204,True
1053,F444W,1010.8187139386645,1235.4912711458796,-0.18128606133552694,0.4912711458796366,0.6996065728038907,1.4293747927384235,28,202,True
1101,F444W,51.130865241489914,1581.951338126775,0.1308652414899143,-0.04866187322500082,0.6962356537062213,1.4362953041499265,27,200,True
843,F444W,1580.4342532693977,1867.4589092339738,0.4342532693976864,0.4589092339738272,0.7113569851854025,1.405763942473086,32,200,True
1042,F444W,1464.769655519292,1185.5369048710022,-0.23034448070802682,-0.4630951289977929,0.6995812156058371,1.429426602219444,28,200,True
214,F444W,550.2448564423486,505.56865174825055,0.24485644234857773,-0.4313482517494549,0.7025042463736366,1.4234789400378032,29,201,True
908,F444W,1222.7245251676175,2021.7458131626533,-0.27547483238254244,-0.2541868373466514,0.7033926898863563,1.421680967656296,29,202,True
948,F444W,1816.401670500452,230.77327191707627,0.4016705004519281,-0.22672808292372792,0.7030336915427573,1.4224069372913997,29,201,True
1028,F444W,974.1020289095363,985.9288740571446,0.10202890953632959,-0.07112594285536034,0.6962814487014354,1.4362008378436617,27,200,True
984,F444W,1117.2855048241377,648.5413082093014,0.28550482413766076,-0.45869179069859456,0.7024039544199552,1.4236821898672245,29,199,True
245,F444W,1722.981446899486,572.2186406190823,-0.018553100514054677,0.2186406190822936,0.701885782438898,1.4247332329844622,29,200,True
713,F444W,1060.2773377097956,1555.9894674188263,0.2773377097955745,-0.010532581173720246,0.6923337116953315,1.4443901591203465,26,200,True
526,F444W,1912.4171395284866,1112.6890458536752,0.41713952848658664,-0.31095414632477514,0.7027481278247227,1.4229849364314733,29,202,True
159,F444W,1275.0168592216983,369.7424485826383,0.01685922169826881,-0.2575514173616966,0.6959817236073321,1.4368193389000439,27,200,True
831,F444W,815.8156921060174,1824.945657925004,-0.1843078939825773,-0.05434207499592958,0.6991167791309179,1.4303761972972733,28,200,True
1035,F444W,363.41269497315125,1073.8116569605988,0.4126949731512468,-0.18834303940116115,0.699867084500674,1.428842736208202,28,203,True
755,F444W,1922.2463649240472,1670.5232566831423,0.24636492404715682,-0.47674331685766447,0.6996616995512546,1.4292621714771223,28,199,True
903,F444W,1709.9234966603312,2009.6954944373228,-0.07650333966876133,-0.30450556267715,0.6961605317004141,1.4364502933790855,27,201,True
602,F444W,863.2267036267261,1297.449498300387,0.22670362672613464,0.44949830038694927,0.699722519211292,1.4291379404612738,28,200,True
861,F444W,1035.2485648898048,1905.5213356739323,0.24856488980481117,-0.47866432606770104,0.6996576926210106,1.4292703568424543,28,199,True
640,F444W,642.4521720346356,1353.9826831077794,0.4521720346356233,-0.01731689222060595,0.6926419563080429,1.4437473659988103,26,201,True
174,F444W,397.32932229871676,423.83063120345014,0.329322298716761,-0.16936879654986114,0.7031985773061943,1.4220734117961238,29,203,True
13,F444W,995.7917334298306,27.980136937352654,-0.20826657016937133,-0.01986306264734594,0.702199164135323,1.424097394407161,29,200,True
10,F444W,229.08102945799533,26.060883883157885,0.0810294579953279,0.060883883157885066,0.6960012822994908,1.436778962096363,27,202,True
15,F444W,1177.2225264594792,28.640443172843902,0.22252645947924066,-0.3595568271560978,0.7027304382210029,1.4230207567663495,29,202,True
847,F444W,1383.775616568754,1874.6970476080542,-0.2243834312459967,-0.302952391945837,0.7031106247543908,1.422251299856716,29,202,True
734,F444W,1610.0782264752788,1621.079245448282,0.07822647527882509,0.07924544828210855,0.6960803576771131,1.4366157426666886,27,201,True
675,F444W,396.7292534687459,1448.2206915544573,-0.2707465312540762,0.22069155445728939,0.7027824526369648,1.4229154359899312,29,203,True
406,F444W,892.4209757086256,868.4426553921635,0.42097570862563316,0.4426553921634877,0.7055540428632047,1.417325873354656,30,199,True
813,F444W,890.1589369296292,1790.5302691882855,0.15893692962924888,-0.4697308117144985,0.6998126035521403,1.4289539727123448,28,203,True
1043,F444W,766.9425809507964,1133.7685317737858,-0.057419049203645045,-0.2314682262142469,0.6993785356993225,1.4298408500628064,28,201,True
165,F444W,1403.877098582123,388.84456902800025,-0.12290141787707398,-0.1554309719997491,0.6999782016577547,1.4286159163695458,28,199,True
704,F444W,298.94798398268995,1535.1391448191948,-0.05201601731005212,0.1391448191948257,0.6959703049236803,1.4368429125861333,27,200,True
572,F444W,448.5455342784378,1227.344360844692,-0.454465721562201,0.34436084469189154,0.7026663288053182,1.4231505894130605,29,201,True
31,F444W,314.3489423277548,78.17247420830483,0.3489423277547985,0.17247420830483406,0.7034973581968619,1.4214694459736221,29,203,True
1117,F444W,1077.1241891044428,1632.382017337188,0.12418910444284847,0.38201733718801734,0.6997654137555063,1.4290503365023322,28,202,True
800,F444W,592.2428775144127,1761.5827451083444,0.24287751441272576,-0.4172548916556025,0.7025465687205428,1.4233931877586004,29,201,True
723,F444W,1956.480321861773,1592.6261124539142,0.4803218617730636,-0.3738875460858253,0.7057201849235368,1.4169922036569602,30,199,True
866,F444W,678.7479667083226,1921.3269200137968,-0.25203329167743505,0.32692001379678004,0.7025078452005552,1.4234716477999123,29,200,True
1079,F444W,1430.7850752613685,1452.4528187484166,-0.21492473863145278,0.45281874841657554,0.6995043195311988,1.4295837381964853,28,200,True
998,F444W,1263.3253065488486,711.5667392557434,0.32530654884863,-0.4332607442565859,0.7023894201871168,1.4237116494915307,29,201,True
128,F444W,38.073162997612144,298.96220874450705,0.07316299761214395,-0.03779125549294804,0.6959664893944688,1.4368507898563592,27,202,True
515,F444W,1478.72850500271,1090.442445204052,-0.2714949972898921,0.44244520405209187,0.702417751910396,1.4236542246836112,29,201,True
983,F444W,1080.78632787104,648.515456088738,-0.21367212896007004,-0.48454391126199425,0.6995815735444376,1.429425870858046,28,200,True
1075,F444W,754.7181039025565,1436.31546552917,-0.28189609744345034,0.3154655291700692,0.7025091497801123,1.4234690043724034,29,201,True
1006,F444W,881.6973733905737,813.1231479125304,-0.3026266094262837,0.12314791253038493,0.7028347141299883,1.4228096306225582,29,201,True
440,F444W,1279.2328453139926,923.5173375329588,0.23284531399258412,-0.48266246704122295,0.6996846139426072,1.4292153637124665,28,200,True
313,F444W,1034.6678293615694,719.8118409692568,-0.33217063843062533,-0.18815903074323614,0.7035709076161595,1.4213208493628626,29,203,True
23,F444W,1649.8515565965604,49.63565509944351,-0.14844340343961449,-0.36434490055648894,0.6997620893375167,1.4290571256106863,28,204,True
942,F444W,881.7246025329968,201.54714045066078,-0.27539746700324486,-0.4528595493392231,0.7026801507818591,1.4231225955184854,29,199,True
580,F444W,1541.644289590346,1245.9076887259707,-0.35571040965396605,-0.09231127402927086,0.699982452268585,1.4286072411659507,28,200,True
801,F444W,238.53476616149123,1765.7971776958998,-0.465233838508766,-0.2028223041002093,0.6999772828065934,1.4286177916952543,28,201,True
557,F444W,161.09361794452843,1177.3372978750594,0.09361794452843242,0.3372978750594484,0.6994950755429599,1.4296026304742504,28,201,True
84,F444W,1141.674515679352,201.8601247640711,-0.3254843206480018,-0.13987523592891193,0.7036159720342159,1.4212298181761163,29,201,True
702,F444W,1568.5931770526454,1527.691549274788,-0.40682294735461255,-0.30845072521196926,0.7032160360374535,1.4220381060063592,29,201,True
652,F444W,1804.7030064763496,1401.741992890364,-0.29699352365037157,-0.25800710963608253,0.7034169712626543,1.4216318923965827,29,202,True
825,F444W,1745.0578966459466,1813.7884726800357,0.05789664594658461,-0.21152731996426155,0.6992288228689623,1.430146995223913,28,198,True
668,F444W,716.2382490689572,1431.208481750869,0.23824906895720233,0.20848175086894116,0.7001154226360896,1.4283359110056146,28,203,True
1089,F444W,1258.260145486265,1491.551098582758,0.26014548626494616,-0.44890141724204113,0.6996160796567494,1.429355369434372,28,200,True
558,F444W,825.0310459279222,1177.056467828329,0.03104592792215044,0.05646782832900499,0.6957654375466654,1.4372659894203632,27,202,True
1071,F444W,1150.47892018107,1394.704629637055,0.4789201810699524,-0.29537036294505015,0.6994714333100176,1.4296509512444706,28,199,True
598,F444W,271.5876932915803,1289.5047787114863,-0.41230670841969186,-0.495221288513676,0.711406394800911,1.40566630734301,32,202,True
177,F444W,147.67630495454932,426.836474086698,-0.32369504545067684,-0.16352591330200994,0.7036162322233385,1.4212292926218122,29,203,True
914,F444W,759.0705466947754,2039.5996481612049,0.0705466947754303,-0.4003518387951317,0.699417990491347,1.429760191466467,28,200,True
629,F444W,1671.242818583557,1340.8571711841273,0.24281858355698205,-0.14282881587269003,0.7031259516832196,1.4222202972399056,29,200,True
39,F444W,1212.4696163306226,117.88523372335794,0.46961633062255714,-0.11476627664205807,0.7001430432450262,1.4282795632235312,28,203,True
1116,F444W,1499.4868442984368,1697.7163893515217,0.48684429843683574,-0.28361064847831585,0.6995349601558652,1.4295211203985965,28,199,True
741,F444W,947.8244783102043,1630.0624065216014,-0.17552168979568705,0.06240652160136051,0.6991281506260604,1.4303529318688035,28,199,True
126,F444W,1649.4201928333214,289.1854369665747,0.42019283332138,0.18543696657468445,0.7000168362486493,1.4285370697066995,28,201,True
180,F444W,2055.7399539918474,429.52365239775975,-0.2600460081525853,-0.47634760224025285,0.6995080975955691,1.4295760169715215,28,199,True
347,F444W,1426.527064694114,774.7874808782105,-0.4729353058860397,-0.2125191217894553,0.6999372187419259,1.4286995650801508,28,198,True
227,F444W,180.396872180669,542.9685552557178,0.39687218066899277,-0.031444744282225656,0.696254393299666,1.4362566464548006,27,201,True
30,F444W,551.606198670577,75.4492866145697,-0.39380132942301316,0.44928661456970076,0.7050518921705383,1.4183353184422338,30,199,True
487,F444W,1195.30330705823,1022.0207615338527,0.3033070582300752,0.020761533852692082,0.6958829108440431,1.4370233618570836,27,201,True
453,F444W,1001.0994196247697,952.7520212987306,0.09941962476966637,-0.24797870126940325,0.702659495620374,1.4231644291907075,29,199,True
720,F444W,1297.5368546711793,1577.2795034974383,-0.46314532882070125,0.27950349743832703,0.6997210325076173,1.4291409769637213,28,199,True
753,F444W,183.6179512763299,1664.9838817356358,-0.38204872367009557,-0.016118264364195056,0.6926006787037895,1.4438334104314077,26,201,True
809,F444W,362.6321370917808,1776.5324736341256,-0.36786290821919465,-0.46752636587439156,0.7022715584816352,1.4239505899428369,29,200,True
1072,F444W,1163.226495695168,1400.2225143177723,0.22649569516806878,0.2225143177722657,0.7001335769895514,1.428298874480239,28,201,True
11,F444W,475.35202075151255,27.699930524627916,0.35202075151255485,-0.3000694753720836,0.7028938043833128,1.4226900191236636,29,201,True
1132,F444W,1895.954771163656,1795.5671747272663,-0.04522883634399477,-0.4328252727336803,0.6959400014640671,1.4369054773346466,27,202,True
115,F444W,1828.9796508760967,268.6062281367447,-0.020349123903315558,-0.3937718632553242,0.6929771017916689,1.4430491244436991,26,202,True
102,F444W,1324.987764371798,232.619079930785,-0.01223562820200641,-0.38092006921499433,0.6929916158160713,1.4430189012061765,26,201,True
974,F444W,1202.9557104335177,513.103442078927,-0.044289566482348164,0.10344207892694612,0.6959009468859166,1.4369861177440475,27,200,True
977,F444W,692.8890170859859,559.1653008289139,-0.11098291401413007,0.16530082891392794,0.6962333474531057,1.4363000618371764,27,200,True
404,F444W,316.0369200041405,868.5481194976778,0.0369200041404838,-0.451880502322183,0.6959544496973686,1.436875646724931,27,202,True
385,F444W,704.8821463505163,837.5460604555806,-0.1178536494836635,-0.45393954441942697,0.6996588071663644,1.4292680800375042,28,202,True
234,F444W,1175.4035543529646,554.7483472396538,0.4035543529646475,-0.2516527603462464,0.7029522880322354,1.4225716553242698,29,201,True
1088,F444W,1265.4746092778805,1467.9846286688376,0.47460927788051777,-0.015371331162441493,0.6926104727420884,1.4438129935300243,26,205,True
274,F444W,1597.8396416906844,638.7625025214181,-0.16035830931559758,-0.2374974785818722,0.7031720874153208,1.4221269841295068,29,201,True
770,F444W,110.62176479157938,1688.2959083239232,-0.37823520842061953,0.2959083239231859,0.7028912160973907,1.4226952579550272,29,202,True
729,F444W,1270.49490968731,1610.5681090889123,0.4949096873099279,-0.43189091108774846,0.7114651802981153,1.4055501628076639,32,202,True
70,F444W,114.71689819542507,178.94949864569708,-0.28310180457492606,-0.05050135430292357,0.6961198513151197,1.4365342377620542,27,200,True
95,F444W,134.14703835302294,223.79926708421192,0.14703835302293555,-0.2007329157880804,0.6998886799184051,1.4287986485459125,28,199,True
1125,F444W,1719.4757085133438,1712.8676190181968,0.4757085133437613,-0.13238098180318048,0.7001618655689937,1.4282411670440516,28,204,True
699,F444W,545.5375346758001,1516.3054600402793,-0.46246532419991127,0.30546004027928575,0.7027517002012241,1.4229777028126187,29,199,True
532,F444W,814.1391912638048,1135.799239956468,0.1391912638048325,-0.20076004353200005,0.6998905786639751,1.428794772332706,28,200,True
695,F444W,688.0178642807448,1509.775701996292,0.01786428074478863,-0.2242980037080997,0.6989196650426861,1.4307796017428207,28,200,True
811,F444W,1557.108424904652,1785.0677432699003,0.10842490465211085,0.06774326990034751,0.696182545414043,1.4364048719510292,27,200,True
14,F444W,1138.9346500576435,30.348345167439447,-0.06534994235653357,0.3483451674394473,0.6960018118340435,1.4367778689611266,27,200,True
488,F444W,496.2403587515363,1027.7261309334758,0.2403587515362915,-0.27386906652418475,0.7028406143028101,1.4227976864882235,29,203,True
742,F444W,696.8514868819577,1633.8420830348955,-0.14851311804227407,-0.15791696510450492,0.7000778676027161,1.4284125327719763,28,199,True
68,F444W,699.2164326977733,172.7622438535435,0.21643269777325713,-0.23775614645649057,0.699919416693932,1.428735903232258,28,203,True
171,F444W,902.8437786631413,411.41877281954316,-0.15622133685872086,0.4187728195431646,0.6995326403129408,1.429525861084399,28,203,True
1120,F444W,1254.4435987772702,1661.8821898052195,0.44359877727015373,-0.11781019478053167,0.7001414785494303,1.428282755182315,28,203,True
63,F444W,1247.8730154456553,169.16948714778368,-0.12698455434474454,0.16948714778368412,0.6994924497844699,1.4296079969242321,28,198,True
467,F444W,1725.9439430592136,970.9921666399872,-0.05605694078644774,-0.00783336001279622,0.6956440182514441,1.4375168531076838,27,202,True
409,F444W,268.59029352566495,874.1019056415355,-0.4097064743350529,0.1019056415354953,0.6998444297252178,1.4288889895039005,28,202,True
1074,F444W,1152.5424910690176,1406.9522560765433,-0.4575089309823852,-0.04774392345666456,0.6963103287025217,1.4361412703203211,27,200,True
383,F444W,71.46670375615076,836.8564050482273,0.4667037561507641,-0.143594951772684,0.7001181780767068,1.428330289533544,28,204,True
493,F444W,1559.3274591038657,1040.6965008946036,0.32745910386574906,-0.3034991053964404,0.7028573727365093,1.422763762307271,29,200,True
71,F444W,1213.795810124898,177.18943652221287,-0.2041898751019744,0.18943652221287266,0.6996301665150645,1.4293265897625755,28,201,True
516,F444W,892.2313709774003,1092.108944614995,0.23137097740027457,0.10894461499492536,0.7031055037651235,1.4222616586629022,29,201,True
17,F444W,506.01905178475045,30.738288969728956,0.019051784750445222,-0.26171103027104436,0.6959925375478935,1.436797014409349,27,200,True
143,F444W,398.76928555308575,335.7937933132321,-0.23071444691424858,-0.20620668676792775,0.7002021830306469,1.4281589292849026,28,202,True
299,F444W,587.352566809432,696.5874683721755,0.35256680943200536,-0.41253162782447816,0.7023931184025337,1.4237041534152832,29,203,True
365,F444W,948.5946196089282,806.5259701687264,-0.4053803910718443,-0.4740298312735831,0.708302398400095,1.4118263643590478,31,199,True
359,F444W,808.5219941163602,793.3378572839806,-0.47800588363975294,0.3378572839806111,0.7026438303539257,1.423196158281635,29,199,True
130,F444W,1198.783635415953,306.03850492168044,-0.2163645840469144,0.03850492168044184,0.6988464382456151,1.430929522242971,28,200,True
924,F444W,293.83969579299094,32.82239453185184,-0.16030420700906234,-0.17760546814815825,0.7001271664277209,1.428311952387634,28,200,True
1099,F444W,901.117421141407,1605.3405736213817,0.11742114140702142,0.3405736213817363,0.6997054820681854,1.4291727385702422,28,201,True
862,F444W,1347.175987335333,1904.607839826167,0.17598733533304767,-0.39216017383296276,0.6997589912795623,1.4290634525058752,28,202,True
944,F444W,193.30263588817854,203.57997315956698,0.3026358881785427,-0.4200268404330245,0.7024639313983831,1.423560634649692,29,202,True
458,F444W,518.7618746772757,956.4523518619146,-0.23812532272427234,0.4523518619146216,0.6994545776853897,1.4296854033169168,28,200,True
187,F444W,58.514843018158786,444.1597832559122,-0.4851569818412145,0.15978325591220255,0.7000232931217764,1.4285238931699942,28,203,True
523,F444W,730.03405135411,1103.4904819104324,0.03405135411003357,0.49048191043243605,0.6928883550960456,1.443233953414304,26,203,True
681,F444W,116.89320637523701,1482.2326588107303,-0.10679362476298593,0.2326588107302996,0.7022934226400442,1.423906258784006,29,201,True
88,F444W,972.5580777366638,207.50116597899955,-0.44192226333620965,-0.49883402100044805,0.7114047707315768,1.4056695163453075,32,202,True
175,F444W,1043.9774098536154,426.29675244577834,-0.022590146384573018,0.29675244577833837,0.6956783522062531,1.4374459070468852,27,201,True
342,F444W,1921.0754480275434,764.2390767497785,0.07544802754341617,0.23907674977851912,0.6994045526282188,1.4297876618649468,28,200,True
100,F444W,669.7612462284864,229.1090941081818,-0.2387537715136432,0.10909410818180731,0.7026051924316536,1.4232744232064234,29,201,True
1003,F444W,953.1271510815653,750.3880443571682,0.12715108156533006,0.38804435716815533,0.6997778892555371,1.429024859679199,28,202,True
137,F444W,1092.576739641153,315.04719391633387,-0.4232603588470738,0.04719391633386749,0.6961569907891942,1.436457599695086,27,201,True
834,F444W,1703.8520771168892,1833.534428319882,-0.14792288311082302,-0.46557168011804606,0.6996695828778017,1.429246067675135,28,204,True
6,F444W,382.85418080225725,16.04895516288002,-0.1458191977427532,0.04895516288002,0.6962542074513487,1.4362570298289734,27,148,True
322,F444W,355.7766771254902,734.1830837479524,-0.22332287450979038,0.18308374795242344,0.6996345618084603,1.4293176103466585,28,201,True
706,F444W,1009.3286713001096,1537.2126238985852,0.32867130010959045,0.21262389858520692,0.7034741900959776,1.4215162604097336,29,204,True
543,F444W,1198.48108609633,1158.9865806985545,0.4810860963300456,-0.013419301445537712,0.6925881908678188,1.4438594437294574,26,204,True
434,F444W,79.79469481625847,908.9523568691359,-0.20530518374152962,-0.047643130864116756,0.699489809116258,1.4296133938869093,28,199,True
380,F444W,818.2463555199118,834.4822427196918,0.24635551991184457,0.48224271969183974,0.6996730217839419,1.4292390429036703,28,199,True
601,F444W,76.14147638275142,1293.1439120287282,0.14147638275142072,0.1439120287282094,0.6998246270516473,1.428929422236808,28,199,True
77,F444W,2043.4342957055362,183.71566742359346,0.4342957055362149,-0.2843325764065412,0.7027945802898938,1.4228908816962031,29,201,True
344,F444W,1705.6639937678192,769.299336117544,-0.3360062321808073,0.2993361175440441,0.7028989162869376,1.422679672466275,29,201,True
479,F444W,1199.189318295955,1009.6708759516696,0.1893182959549904,-0.32912404833041364,0.7028045036357163,1.4228707909907312,29,203,True
296,F444W,1310.28313199515,685.5924001304398,0.2831319951499154,-0.40759986956015837,0.702543542462777,1.4233993191290109,29,202,True
836,F444W,104.40656239326051,1839.7425577700005,0.4065623932605149,-0.2574422299994694,0.7029287981577877,1.4226191936093193,29,201,True
653,F444W,754.0995847960503,1404.0699674105415,0.09958479605029424,0.06996741054149425,0.6961543367511257,1.4364630760858117,27,200,True
390,F444W,396.4869312012929,842.2618225754438,0.48693120129291856,0.2618225754438299,0.6998099377439919,1.4289594160719465,28,199,True
425,F444W,1824.5385649376735,896.7072384646318,-0.4614350623264727,-0.29276153536818583,0.7030987903107785,1.422275238957512,29,199,True
815,F444W,1140.9245191249966,1794.5247119806957,-0.07548087500344991,-0.47528801930434383,0.6992125018405935,1.4301803777358375,28,202,True
1147,F444W,158.69354825000073,2044.5451119016461,-0.30645174999926894,-0.45488809835387656,0.7026191287745401,1.4232461927760651,29,201,True
1113,F444W,1513.562601911286,1680.1718706222118,-0.43739808871396235,0.17187062221182714,0.6999256837696445,1.4287231104511293,28,203,True
1065,F444W,1275.9431163016102,1258.13469441427,-0.05688369838981089,0.1346944142699158,0.6960098774473633,1.436761219061329,27,200,True
976,F444W,699.762571021593,554.4004630163042,-0.23742897840702426,0.4004630163042293,0.7024992929852868,1.4234889771212114,29,201,True
473,F444W,1972.6544132806669,989.3465391655748,-0.34558671933314145,0.34653916557476805,0.7055709450219901,1.4172919208979524,30,200,True
1136,F444W,1148.8364017943359,1840.5439054468893,-0.16359820566412964,-0.45609455311068814,0.6996881734422262,1.4292080929142226,28,203,True
399,F444W,1028.253482454937,856.376519722484,0.2534824549370569,0.3765197224839767,0.7031066780995985,1.4222592831899474,29,198,True
40,F444W,851.2486928216363,118.0999334624214,0.2486928216362685,0.09993346242140433,0.7030512561313348,1.4223714007747867,29,200,True
66,F444W,448.7010254159263,168.85395496187766,-0.29897458407367594,-0.14604503812233816,0.7036013221586517,1.4212594099908682,29,201,True
870,F444W,305.86397790829596,1936.4520997331229,-0.13602209170403512,0.45209973312285,0.6995786199227735,1.4294319058955662,28,204,True
1139,F444W,1161.1788078379855,1855.9311082466716,0.17880783798545963,-0.06889175332844388,0.6963002771748393,1.4361620019130086,27,199,True
610,F444W,1609.3190315885558,1311.856345185694,0.3190315885558448,-0.14365481430604632,0.7032396124436611,1.421990431575857,29,202,True
317,F444W,558.8039714858577,723.2487882138477,-0.19602851414231282,0.2487882138476607,0.7024486580364524,1.4235915871706408,29,202,True
599,F444W,1262.4931864327402,1290.8594665928422,0.4931864327402309,-0.14053340715781815,0.7001615811753676,1.4282417471711184,28,203,True
661,F444W,216.01957011703882,1415.408714105414,0.01957011703882472,0.408714105413992,0.6928451353947018,1.443323982393724,26,201,True
634,F444W,315.7816567936271,1344.980205766521,-0.21834320637287874,-0.019794233478933165,0.6993115133102377,1.4299778867738546,28,200,True
1105,F444W,30.127392725823483,1608.0320940239965,0.1273927258234835,0.03209402399647843,0.6957762802961797,1.4372435915382422,27,150,True
525,F444W,1313.8775473515257,1112.5395987980712,-0.12245264847433646,-0.4604012019287893,0.6996809674114304,1.429222812362101,28,204,True
288,F444W,496.69065371495105,675.4221796057244,-0.3093462850489459,0.42217960572440916,0.7023849110949373,1.4237207892765165,29,202,True
666,F444W,1679.6337435789408,1426.7796045464195,-0.3662564210592336,-0.22039545358052237,0.7034917445074977,1.4214807889466883,29,201,True
846,F444W,1960.5098842365649,1868.6313435716609,-0.49011576343514207,-0.36865642833913626,0.7057972600275867,1.4168374640061852,30,197,True
489,F444W,1211.5245029113805,1035.6168953042713,-0.4754970886194769,-0.3831046957286617,0.7056515866276626,1.4171299532947135,30,199,True
1021,F444W,806.1785211884367,898.0376768646306,0.17852118843666176,0.03767686463061182,0.6990374900594579,1.4305384392401375,28,199,True
173,F444W,374.69298345325694,419.36733730210153,-0.307016546743057,0.36733730210153226,0.7024859806986431,1.4235159525966203,29,202,True
269,F444W,1911.3175867748723,633.0616192511341,0.3175867748723249,0.061619251134061415,0.6961597777479024,1.4364518490784253,27,201,True
899,F444W,1926.2702425465432,2002.065424580488,0.2702425465431588,0.0654245804880702,0.6995028893210886,1.429586661136686,28,200,True
630,F444W,1449.4806984634522,1342.7147859241832,0.4806984634521996,-0.2852140758168389,0.6995198980796068,1.4295519008755888,28,199,True
649,F444W,1568.2576846798233,1388.9020834949727,0.25768467982334187,-0.09791650502734228,0.7029865252774173,1.4225023724393198,29,201,True
97,F444W,1435.1098386173064,225.236839381035,0.10983861730642275,0.23683938103499713,0.7028462256900311,1.4227863271489196,29,201,True
392,F444W,1457.0167743428183,840.1500613650815,0.016774342818280275,0.15006136508145573,0.695922720007909,1.4369411591974397,27,199,True
450,F444W,2041.9772532316063,943.8741917093607,-0.022746768393744787,-0.12580829063927013,0.6958526030512532,1.437085951270552,27,199,True
79,F444W,1300.1766896083286,188.72029657295514,0.17668960832861558,-0.27970342704486484,0.7028817865778257,1.4227143441413903,29,202,True
483,F444W,1433.7815914506377,1014.6279459911976,-0.21840854936226606,-0.3720540088023654,0.7029893290598102,1.422496698971828,29,202,True
124,F444W,554.5715310090541,281.5083801317471,-0.4284689909459303,-0.49161986825288295,0.711409379643266,1.405660409624409,32,202,True
249,F444W,1294.145765286789,580.6639762736564,0.145765286788901,-0.33602372634356925,0.7027780542990655,1.4229243413091162,29,202,True
206,F444W,168.3039605657084,493.284743559071,0.3039605657083939,0.28474355907098925,0.7035104195307051,1.4214430550539336,29,201,True
993,F444W,959.4384886482285,674.4035105769179,0.43848864822848554,0.4035105769179381,0.7056657419871114,1.417101526260948,30,199,True
321,F444W,1357.5668803534043,732.1405749853918,-0.43311964659574187,0.14057498539182234,0.6999944743952133,1.4285827054049074,28,204,True
535,F444W,1627.8869017235752,1143.961566478901,-0.11309827642480741,-0.03843352109902298,0.6959958215987485,1.4367902348938442,27,199,True
478,F444W,1449.8163021370472,1008.4364571912049,-0.1836978629528403,0.43645719120490867,0.6995447109356966,1.4295011946590528,28,201,True
283,F444W,1880.4753063032827,652.6429526642274,0.47530630328265033,-0.3570473357725632,0.7023829591776743,1.4237247457864943,29,200,True
384,F444W,2052.538480268582,839.3890476517508,-0.46151973141786584,0.3890476517508432,0.7050732705044318,1.418292313484765,30,192,True
435,F444W,442.31520775634885,909.7494479518524,0.3152077563488547,-0.2505520481475969,0.7029594577833365,1.4225571459744357,29,202,True
474,F444W,1981.4993741665076,991.4751301385941,0.4993741665075504,0.47513013859406783,0.7113413830103552,1.4057947757349059,32,204,True
500,F444W,1641.690894980633,1059.259286037025,-0.3091050193670526,0.25928603702504915,0.7028600682748422,1.422758305866604,29,201,True
655,F444W,390.4315207827826,1406.0433278128005,0.43152078278262707,0.04332781280049858,0.6961324036119504,1.436508334925085,27,201,True
534,F444W,1174.1201581503874,1143.861400515443,0.12015815038739674,-0.13859948455706217,0.6965861400280637,1.4355726342182353,27,199,True
74,F444W,418.0279696597893,178.55585994101693,0.027969659789278012,-0.4441400589830664,0.6929265211111333,1.443154460874817,26,200,True
162,F444W,1585.5040387687918,374.86110824985553,-0.49596123120818447,-0.13889175014446664,0.7001898674748971,1.4281840490013256,28,200,True
170,F444W,507.1429502882612,410.2375915316884,0.14295028826120415,0.23759153168839475,0.7030254756840018,1.4224235601520128,29,200,True
620,F444W,1894.405359230659,1328.2153135323833,0.4053592306590872,0.21531353238333395,0.7034169527374793,1.4216319298366524,29,202,True
263,F444W,1383.8369386659356,614.6446123572052,-0.16306133406442314,-0.3553876427947671,0.7030672845757244,1.42233897372065,29,203,True
345,F444W,1029.7966420492562,769.8281416690365,-0.20335795074379348,-0.1718583309634596,0.7002097003691273,1.4281435968008342,28,201,True
444,F444W,383.6301870331987,930.5346861153055,-0.36981296680130527,-0.46531388469452395,0.7022625349261052,1.4239688866575002,29,200,True
185,F444W,1719.7854533987638,436.39040815700537,-0.2145466012361794,0.3904081570053677,0.702529082431112,1.4234286167050703,29,201,True
752,F444W,1999.147259582913,1663.2579274290665,0.14725958291296593,0.25792742906651256,0.7030506245109862,1.4223726786325805,29,201,True
228,F444W,802.7108027626705,541.9754491626179,-0.2891972373295175,-0.02455083738209396,0.6959990663603732,1.436783536548915,27,201,True
89,F444W,592.1489264724189,212.4591783122852,0.148926472418907,0.45917831228518935,0.6998079738692738,1.428963426168109,28,204,True
423,F444W,893.4014699170316,897.7003883130401,0.40146991703159074,-0.29961168695990636,0.7028143976879131,1.422850760157667,29,202,True
204,F444W,194.69323082393726,491.99722963504405,-0.306769176062744,-0.0027703649559498444,0.6923451072982146,1.4443663852877764,26,200,True
864,F444W,333.54218737122426,1918.7246067881065,-0.45781262877574136,-0.2753932118935154,0.6996267470222248,1.4293335757333951,28,199,True
788,F444W,1099.7844760413197,1742.4137624252364,-0.21552395868025087,0.4137624252364276,0.6994359980265494,1.4297233811549426,28,201,True
176,F444W,1197.2329518496522,425.93636764425037,0.2329518496521814,-0.06363235574963255,0.6993555295565923,1.4298878864002453,28,200,True
692,F444W,359.38640762735554,1506.3099754671741,0.38640762735553835,0.3099754671741266,0.7034014387957589,1.4216632847837578,29,203,True
792,F444W,282.3484994293759,1748.5772854853992,0.34849942937592004,-0.42271451460078424,0.7023677229649579,1.423755630140042,29,203,True
622,F444W,1871.1341545391306,1334.45467163405,0.13415453913057718,0.4546716340501007,0.6998146862265503,1.4289497200924288,28,204,True
551,F444W,1400.3452730898573,1163.4071552229834,0.3452730898573009,0.40715522298341966,0.7028433151024901,1.422792219136605,29,203,True
302,F444W,336.67615111783243,703.326192673322,-0.32384888216756735,0.326192673321998,0.7055749033932162,1.4172839696974044,30,200,True
530,F444W,1137.7702576154618,1128.7108900762623,-0.22974238453821272,-0.2891099237376693,0.7031417742653127,1.4221882934559873,29,203,True
80,F444W,34.04997350603969,189.27814414187765,0.04997350603969153,0.2781441418776467,0.6992678311393055,1.4300672152624505,28,199,True
401,F444W,276.0399101368914,863.6594440336632,0.039910136891421644,-0.3405559663367512,0.696112261459419,1.4365499005914244,27,200,True
158,F444W,1997.040880183823,366.08539311311404,0.04088018382299197,0.08539311311403708,0.6959370510886203,1.4369115689928407,27,201,True
573,F444W,1120.6802249341135,1228.9826830794175,-0.31977506588646065,-0.017316920582516104,0.6960429367457464,1.436692978561586,27,201,True
547,F444W,1709.3970510288293,1161.3153372298625,0.39705102882930987,0.31533722986250723,0.7033639644917787,1.421739029127769,29,203,True
777,F444W,729.5504439235627,1709.957143208373,-0.44955607643726125,-0.04285679162694578,0.6962658566974476,1.4362329997671217,27,202,True
609,F444W,1219.1703253489618,1312.0991596322256,0.1703253489617964,0.09915963222556456,0.6964255193982113,1.4359037286056242,27,200,True
465,F444W,1011.8115681408368,967.2412177646166,-0.18843185916318816,0.24121776461663558,0.6996012581422385,1.4293856512714938,28,202,True
355,F444W,1241.5965247187758,786.6686675474131,-0.4034752812242459,-0.3313324525869348,0.7031428231485263,1.4221861719674667,29,202,True
700,F444W,1036.8059632923316,1516.1082841848836,-0.19403670766837422,0.10828418488358693,0.6961552790862634,1.4364611316494607,27,201,True
403,F444W,1665.9132084813882,864.872084703399,-0.0867915186117898,-0.12791529660103151,0.6961266326473319,1.4365202437336066,27,199,True
1013,F444W,1276.707429683891,845.7103756790549,-0.2925703161090496,-0.2896243209451086,0.703369254625721,1.4217283360389745,29,200,True
886,F444W,1213.525752852628,1973.6422811874672,-0.4742471473718979,-0.3577188125327666,0.7027073528358015,1.4230675059318263,29,201,True
205,F444W,471.2592525746993,492.19694396601653,0.2592525746993033,0.19694396601653352,0.7034218780575395,1.421621975650579,29,202,True
73,F444W,64.01607440518319,180.77231250172895,0.01607440518318981,-0.2276874982710524,0.6989025588682253,1.4308146211674484,28,200,True
726,F444W,1615.5701990049079,1603.885711926509,-0.4298009950921369,-0.11428807349102499,0.7001746269945383,1.4282151358332507,28,203,True
790,F444W,1137.2815120691691,1741.845207783073,0.28151206916913907,-0.15479221692703504,0.7031953374194119,1.4220799638259871,29,202,True
1039,F444W,1216.9244520693817,1121.1035119801315,-0.07554793061831333,0.10351198013154317,0.6960723534946331,1.4366322624070575,27,200,True
335,F444W,1380.634091700705,747.2794088819381,-0.3659082992949152,0.2794088819381386,0.6979609149882564,1.4327449840322728,28,200,True
1100,F444W,42.993011541510555,1578.523801435947,-0.006988458489445293,-0.4761985640529929,0.6928955976111985,1.4432188679615854,26,203,True
1020,F444W,948.5834416968994,887.6093864464991,-0.4165583031006008,-0.39061355350088434,0.7057113421460379,1.4170099589997276,30,202,True
469,F444W,1439.929243551462,979.2510225098717,-0.07075644853807717,0.25102250987174557,0.6989229952889466,1.430772784327382,28,200,True
221,F444W,423.89303354146205,531.8571199522528,-0.10696645853795417,-0.1428800477472123,0.6966258193253551,1.4354908650506906,27,198,True
765,F444W,1918.5982827864934,1682.4075107777655,-0.4017172135065721,0.40751077776553757,0.7052117273139448,1.4180138549437677,30,200,True
428,F444W,1204.4784387851241,902.2746531070849,0.4784387851241263,0.2746531070848732,0.6997812928495193,1.429017909192722,28,197,True
617,F444W,1659.0182147506803,1322.317413946996,0.018214750680272118,0.3174139469961119,0.6959122235058324,1.4369628327007236,27,201,True
1138,F444W,1147.6441729057194,1849.3199615039784,-0.3558270942805848,0.3199615039784476,0.7029035981402438,1.4226701963766009,29,200,True
686,F444W,1238.090577379206,1487.5031990465868,0.09057737920602449,-0.4968009534131852,0.6995555659113362,1.4294790131463884,28,204,True
593,F444W,1989.4907932354627,1275.6910443262443,0.49079323546266096,-0.30895567375569044,0.6993948633733883,1.4298074698128382,28,198,True
252,F444W,216.64503565265,587.0733779313634,-0.3549643473500055,0.07337793136343862,0.6995771577507395,1.429434893522212,28,200,True
257,F444W,1098.6494826829962,604.0254300947721,-0.35051731700377786,0.025430094772104894,0.6960515328297451,1.4366752357179293,27,201,True
849,F444W,73.30171629707036,1874.2714505825952,0.30171629707035663,0.2714505825952074,0.7034920485577851,1.4214801745806223,29,202,True
775,F444W,105.64107569186967,1699.5760363528252,-0.3589243081303266,-0.4239636471747872,0.7025696310451528,1.4233464639118907,29,202,True
707,F444W,770.21586716715,1538.8378026529927,0.21586716715000875,-0.1621973470073499,0.7000500174275628,1.4284693594818378,28,200,True
289,F444W,1417.9653190764286,676.544918503216,-0.0346809235713863,-0.4550814967840324,0.6929336528908978,1.443139607707074,26,202,True
36,F444W,1674.184943012726,108.20699600460193,0.18494301272608027,0.20699600460193324,0.7000441603862291,1.4284813110194063,28,201,True
1024,F444W,1069.3584125375035,921.343695332548,0.3584125375034546,0.343695332548009,0.7026107513289269,1.4232631625812546,29,200,True
684,F444W,1521.7620290718735,1481.6476215820296,-0.237970928126515,-0.35237841797038527,0.7030706218276805,1.4223322223312802,29,201,True
600,F444W,1847.9747778699252,1291.1580885933697,-0.02522213007478058,0.15808859336971182,0.6957795557038686,1.4372368256615045,27,197,True
393,F444W,1313.6373170484264,842.7383184589717,-0.3626829515735608,-0.26168154102833796,0.7034468729532304,1.42157146253529,29,200,True
376,F444W,1394.307265732739,831.180727137048,0.3072657327390971,0.1807271370480521,0.7034689404611663,1.4215268684704683,29,204,True
136,F444W,1365.1122281970838,315.3829935225408,0.11222819708382303,0.38299352254080077,0.6996819485559902,1.4292208082026538,28,202,True
112,F444W,209.698555075812,258.81430172772707,-0.3014449241879902,-0.1856982722729299,0.7035490212380606,1.421365064569721,29,204,True
958,F444W,25.439667827860376,299.8337518892124,0.43966782786037584,-0.16624811078759194,0.7000196180527537,1.4285313928511068,28,204,True
1070,F444W,1509.810438616912,1366.9940853135588,-0.18956138308794834,-0.005914686441201411,0.6985275512514169,1.4315827603485263,28,196,True
590,F444W,1535.4982788958591,1270.5322566538541,0.49827889585913,-0.4677433461458804,0.7113952150805423,1.4056883976746775,32,204,True
212,F444W,1503.1305715223325,503.16987246765996,0.13057152233250235,0.16987246765995678,0.699872428141755,1.4288318267589417,28,199,True
83,F444W,1900.9950872847721,197.28386700263934,-0.004912715227874287,0.28386700263934017,0.6926995193354701,1.4436273912234463,26,201,True
672,F444W,524.0606798638574,1444.527996866243,0.060679863857444616,-0.4720031337569708,0.6992940103542709,1.4300136783573876,28,203,True
513,F444W,196.82212653606507,1085.964467133838,-0.17787346393492953,-0.03553286616192963,0.6990526093574307,1.4305074991697695,28,199,True
1107,F444W,466.3486787497667,1617.7092460265294,0.348678749766691,-0.2907539734706006,0.7029181291780506,1.4226407863022947,29,201,True
236,F444W,234.7286282774054,557.0185878991736,-0.2713717225946084,0.018587899173553524,0.695805564254278,1.4371831031155078,27,200,True
965,F444W,24.830205523238078,340.77388856332095,-0.16979447676192194,-0.22611143667904798,0.7000528203006653,1.4284636401729094,28,200,True
51,F444W,1608.3130231905461,143.58909502770405,0.3130231905461187,-0.4109049722959526,0.7024784355167323,1.4235312422998656,29,202,True
714,F444W,449.9211515087127,1559.0998376001708,-0.0788484912873173,0.09983760017075838,0.6960667753230713,1.4366437753559802,27,200,True
250,F444W,675.9490888309992,583.1873309520336,-0.05091116900075576,0.18733095203356243,0.6990210915500764,1.4305719985966434,28,199,True
224,F444W,388.03617429061853,534.9913712148065,0.03617429061853272,-0.008628785193536714,0.6957321901491472,1.4373346729660812,27,200,True
603,F444W,1145.0739003153212,1298.6037852554334,0.07390031532122521,-0.3962147445665778,0.6994482266036042,1.4296983850481995,28,200,True
582,F444W,930.2501611849257,1254.6900146130265,0.2501611849256733,-0.3099853869734943,0.7027985466290496,1.422882851418045,29,202,True
596,F444W,1981.6017281073339,1281.3051049553776,-0.3982718926661164,0.3051049553776011,0.7028666567281179,1.4227449693730725,29,202,True
491,F444W,339.43878442853725,1042.377600626559,0.43878442853724664,0.3776006265588876,0.7058219067874254,1.4167879891282167,30,201,True
424,F444W,142.1118741188111,896.9623315456083,0.11187411881110165,-0.0376684543916781,0.6961674644973345,1.4364359884615505,27,199,True
246,F444W,661.6430979438127,569.790736395289,-0.35690205618732307,-0.20926360471105454,0.7035469305614461,1.4213692883315938,29,202,True
618,F444W,1517.4280827761586,1325.517901566987,0.4280827761585897,-0.48209843301310684,0.711436424916651,1.4056069734089816,32,201,True
197,F444W,1759.6165977899755,481.407220964295,-0.383402210024542,0.4072209642949929,0.7052678868950798,1.4179009403114458,30,203,True
166,F444W,107.9452039202913,391.65375574960706,-0.05479607970869438,-0.3462442503929424,0.6960934756367141,1.436588669481931,27,200,True
555,F444W,1748.3373500414311,1172.999202223238,0.33735004143113656,-0.0007977767620559462,0.6924115912873112,1.4442277000892338,26,202,True
1084,F444W,930.1424594074574,1481.6072154049702,0.14245940745740882,-0.3927845950297524,0.6997908761917652,1.4289983393924215,28,204,True
38,F444W,30.61620138817898,109.78683028497153,-0.38379861182102104,-0.21316971502847082,0.7035155663930209,1.421432655892858,29,201,True
149,F444W,1619.266671730347,346.0484597101424,0.2666717303470705,0.04845971014242423,0.6993915005676303,1.4298143445958293,28,200,True
340,F444W,650.6038309740517,760.7412278416,-0.3961690259483248,-0.25877215840000645,0.7033810154261051,1.4217045641958426,29,201,True
945,F444W,198.49715901668935,207.44034044482464,0.49715901668935203,0.44034044482464196,0.7113443331610639,1.4057889454973391,32,202,True
612,F444W,1473.9153801857983,1313.8356508056956,-0.0846198142016874,-0.16434919430435002,0.6964838761334561,1.4357834176313164,27,200,True
1056,F444W,236.26002591111614,1178.3348458624698,0.2600259111161449,0.3348458624698196,0.7031388639241377,1.4221941799932865,29,199,True
91,F444W,996.4788253140464,212.93032065814714,0.4788253140463894,-0.0696793418528614,0.6999041284039264,1.4287671116905933,28,202,True
571,F444W,733.4835789991387,1223.3617087385371,0.48357899913867186,0.3617087385371178,0.7028447721193095,1.422789269648644,29,199,True
181,F444W,186.9238844835396,430.0998111324709,-0.07611551646039061,0.09981113247090434,0.6960525555457039,1.4366731247987472,27,200,True
751,F444W,1141.5369456299427,1662.459694565459,-0.4630543700573071,0.4596945654589035,0.7113729597438349,1.4057323747027153,32,202,True
527,F444W,733.3294998380043,1116.3314435120938,0.3294998380042671,0.331443512093756,0.7064351623922605,1.4155580769983425,30,200,True
188,F444W,608.2568419999977,443.7518000564928,0.2568419999977323,-0.24819994350718844,0.6998698698891258,1.428837049605266,28,205,True
145,F444W,1370.0139249198978,337.73316949926163,0.013924919897817745,-0.2668305007383651,0.6959764321497588,1.4368302629316936,27,200,True
343,F444W,437.9405217801384,767.3201586928443,-0.059478219861603066,0.3201586928443021,0.6958861817217628,1.437016607408123,27,201,True
803,F444W,530.6673352447099,1764.7166478262614,-0.33266475529012496,-0.28335217373864907,0.7034245534891916,1.4216165685995852,29,201,True
231,F444W,1979.5354736807885,548.1292865821174,-0.4645263192114726,0.12928658211740185,0.7000267677459459,1.428516802607355,28,204,True
412,F444W,349.60344710140384,881.0919181077628,-0.3965528985961555,0.09191810776280818,0.6997537943990114,1.4290740657703145,28,201,True
762,F444W,184.9072994112795,1676.8184061797738,-0.09270058872050413,-0.18159382022622594,0.6964895133278797,1.43577179679551,27,200,True
407,F444W,1312.4261531262532,868.1626663281509,0.42615312625321167,0.16266632815086268,0.7000211218817359,1.4285283239909774,28,203,True
352,F444W,451.00409621835377,779.8257779963401,0.004096218353765835,-0.17422200365990648,0.6992312624926932,1.430142005429069,28,196,True
895,F444W,2019.29040314892,1989.8857052031212,0.29040314891994967,-0.11429479687876665,0.7031646069340239,1.4221421131536378,29,202,True
357,F444W,1039.9148293081369,789.7105895355418,-0.08517069186314075,-0.2894104644582285,0.6994989147055395,1.4295947841762688,28,201,True
606,F444W,2044.1563696661742,1308.2335440821794,0.15636966617421422,0.23354408217937817,0.7030397661299921,1.4223946470406341,29,199,True
447,F444W,1169.3628710211335,937.6526107988728,0.36287102113351466,-0.3473892011271573,0.7056414083945513,1.4171503941005423,30,201,True
354,F444W,802.659054147475,780.8694937121139,-0.3409458525250102,-0.1305062878860781,0.7036517268542262,1.4211576008924762,29,201,True
1041,F444W,1476.6392922332677,1174.855408046154,-0.36070776673227556,-0.14459195384597479,0.7001097582951452,1.4283474671673269,28,204,True
327,F444W,751.8396796970757,743.492452574978,-0.1603203029243332,0.49245257497796047,0.699637804701026,1.4293109853137893,28,202,True
305,F444W,944.7991533843715,705.7827764659801,-0.2008466156285067,-0.21722353401992223,0.7001308505608547,1.4283044365191575,28,201,True
146,F444W,1902.491674405791,338.8488155663256,0.49167440579094546,-0.15118443367441614,0.7001185753230529,1.4283294791008423,28,202,True
410,F444W,549.9858319756058,876.4445585971587,-0.014168024394166423,0.4445585971586752,0.6928556857688927,1.4433020043564422,26,201,True
351,F444W,500.5105110626963,777.4582110422311,-0.48948893730369036,0.4582110422311416,0.7113484076662732,1.4057808933328586,32,203,True
113,F444W,2010.570199150978,261.8895964907915,-0.4298008490220582,-0.11040350920848141,0.7001474190664779,1.4282706366800897,28,204,True
127,F444W,1390.7401232255465,298.2057823364171,-0.2598767744534598,0.2057823364170872,0.7027867468865572,1.4229067415259875,29,203,True
804,F444W,914.6820172660762,1765.7422231930925,-0.31798273392382725,-0.2577768069074864,0.7034532899645982,1.4215584947371924,29,201,True
625,F444W,723.5265107327803,1334.8212776775495,-0.4734892672197475,-0.17872232245053965,0.70004691787942,1.4284756842144195,28,203,True
103,F444W,861.2285458023107,239.87782181705643,0.22854580231069122,-0.1221781829435713,0.7031192106205268,1.422233932589419,29,201,True
896,F444W,946.5091890023007,1992.2041352995975,-0.49081099769932734,0.2041352995975103,0.699951047937952,1.4286713377256721,28,200,True
628,F444W,1587.6877481614688,1339.6888700278244,-0.3122518385312105,-0.3111299721756495,0.7063901244729838,1.4156483299452547,30,200,True
413,F444W,642.3606998894932,881.8785335163191,0.3606998894931621,-0.12146648368093338,0.700034523050473,1.4285009768409656,28,202,True
265,F444W,1739.1301904114425,615.0601811029741,0.13019041144252697,0.0601811029740702,0.6961433224117662,1.4364858037214694,27,200,True
865,F444W,1668.7995741174698,1920.039117701257,-0.20042588253022586,0.03911770125705516,0.7021785634998352,1.4241391748214978,29,199,True
970,F444W,1710.6765065646975,496.2560076695013,-0.3234934353024528,0.2560076695012867,0.7028839972653576,1.4227098694672276,29,201,True
260,F444W,908.4279639386913,610.4845395649261,0.4279639386912777,0.48453956492608086,0.7113925489749139,1.4056936658121555,32,201,True
368,F444W,766.7386378146712,814.679072805182,-0.26136218532883504,-0.32092719481795484,0.7031260912920029,1.4222200148517994,29,200,True
536,F444W,1180.8036227809805,1146.1002742344722,-0.1963772190194959,0.10027423447218098,0.696095140701581,1.4365852331509155,27,201,True
850,F444W,1986.2952176019087,1875.8716364865422,0.2952176019086892,-0.12836351345777075,0.7032106478697148,1.4220490020015624,29,202,True
604,F444W,537.0706481347313,1301.4457539064642,0.07064813473130016,0.4457539064642333,0.6993412709378316,1.4299170398723624,28,203,True
789,F444W,553.3745897746683,1742.2686766551678,0.3745897746682658,0.26867665516783745,0.7034588802403909,1.4215471978380214,29,200,True
560,F444W,1320.4202499155372,1182.8115396772641,0.4202499155371697,-0.18846032273586388,0.6999001845630789,1.4287751625958807,28,201,True
279,F444W,1307.5712589650218,649.1953425371363,-0.42874103497820215,0.19534253713629823,0.6998855213923406,1.42880509659725,28,201,True
239,F444W,30.837910681314042,560.989016577372,-0.16208931868595755,-0.010983422627987238,0.6957970664040706,1.4372006555993002,27,197,True
496,F444W,1379.0689202447797,1046.287037120916,0.06892024477974701,0.2870371209160112,0.6994025141477426,1.4297918291279674,28,200,True
787,F444W,213.36168315051736,1740.462701852251,0.361683150517365,0.4627018522510298,0.7025366322231423,1.4234133198656838,29,200,True
637,F444W,1703.5206724409793,1351.4049385797082,-0.4793275590207031,0.4049385797081868,0.7083237722380586,1.411783762163375,31,199,True
45,F444W,1930.2656560016703,129.78005878071622,0.26565600167032244,-0.21994121928378263,0.7029600227272035,1.4225560027160582,29,204,True
662,F444W,204.81448795185963,1416.9941393697168,-0.18551204814036737,-0.005860630283223145,0.7021838737307394,1.4241284048392453,29,196,True
578,F444W,1391.8313123200332,1240.279437991444,-0.1686876799667516,0.279437991443956,0.7025191731754813,1.4234486946169245,29,202,True
287,F444W,769.7471463134892,672.1532860127459,-0.25285368651077533,0.15328601274586617,0.7027604982967037,1.422959888075272,29,200,True
19,F444W,538.5981345779759,35.817158363809995,-0.401865422024116,-0.18284163619000537,0.7000214288203344,1.42852769762375,28,202,True
61,F444W,653.4418976442638,166.89479510943875,0.44189764426380407,-0.1052048905612537,0.7000833940052226,1.4284012569973057,28,203,True
772,F444W,1602.6962221784809,1691.0380472893212,-0.3037778215191338,0.03804728932118451,0.6959550363670389,1.4368744354809313,27,201,True
301,F444W,1168.180541362625,698.860640596693,0.18054136262503562,-0.1393594033070258,0.7000327374656055,1.4285046205415968,28,200,True
191,F444W,625.6320814562195,452.21151512513256,-0.3679185437805472,0.2115151251325642,0.7029115199930017,1.4226541628026756,29,202,True
731,F444W,1255.4267585278817,1612.6227094012704,0.4267585278817023,-0.37729059872958715,0.7052257698768558,1.417985619235974,30,202,True
1078,F444W,1846.7925525567587,1437.56085325101,-0.20744744324133535,-0.43914674898996964,0.6996470358756229,1.429292126920082,28,200,True
178,F444W,1290.7761433702462,428.092319673117,-0.22385662975375453,0.09231967311700373,0.6992134175939494,1.4301785046418043,28,201,True
548,F444W,1893.3986423449662,1160.5551837334226,0.39864234496621975,-0.4448162665773907,0.7049342721276566,1.4185719712304041,30,199,True
605,F444W,1005.2546036543098,1306.1952372081887,0.2546036543097898,0.1952372081887006,0.7034179142668541,1.421629986552535,29,201,True
426,F444W,1058.290643853309,901.0825969821364,0.2906438533088931,0.08259698213635147,0.699633274399089,1.4293202404629688,28,197,True
732,F444W,984.2968034205317,1614.9984300050105,0.29680342053165987,-0.0015699949894951715,0.6923390454424612,1.444379031607149,26,200,True
592,F444W,930.8702747574486,1274.2811135573018,-0.12972524255144435,0.2811135573017509,0.7024692544110827,1.423549847513758,29,202,True
636,F444W,747.6303031668106,1347.8285527257503,-0.3696968331894368,-0.17144727424965822,0.7036277493304646,1.4212060296819558,29,203,True
144,F444W,1097.2049337043368,336.42507148524237,0.20493370433678137,0.4250714852423698,0.699755212298454,1.4290711700672376,28,201,True
25,F444W,1407.6537733833707,55.137733261987705,-0.3462266166293375,0.1377332619877052,0.7029021770308704,1.4226730726942698,29,203,True
12,F444W,1385.6630474539977,24.45463111974084,-0.3369525460022942,0.4546311197408386,0.7022947339958543,1.423903600003219,29,202,True
577,F444W,1249.8566285619788,1239.6393707763682,-0.1433714380211768,-0.36062922363180405,0.6997681854462937,1.4290446762197775,28,204,True
50,F444W,1688.3199304724749,140.96825693035112,0.31993047247487993,-0.03174306964888274,0.6961083674239931,1.4365579366623378,27,201,True
248,F444W,1973.3272830685357,573.290949142912,0.32728306853573486,0.29094914291204077,0.7035249588006577,1.4214136790608844,29,200,True
306,F444W,1173.6665010881854,707.5496766714753,-0.3334989118145586,-0.4503233285247461,0.7025402749497094,1.423405939355696,29,202,True
646,F444W,1330.7593280331625,1380.5048212088707,-0.2406719668374535,-0.4951787911293195,0.6995165209975811,1.4295588023766745,28,200,True
1066,F444W,1517.653099280301,1278.3307102098968,-0.34690071969907876,0.3307102098967789,0.7055729898979627,1.4172878133339772,30,200,True
502,F444W,1947.3249668742178,1059.2232201700804,0.32496687421780734,0.2232201700803671,0.7034689925102947,1.4215267632927913,29,204,True
139,F444W,189.88688772270052,330.5570800695549,-0.11311227729947859,-0.44291993044510036,0.6996150607497752,1.4293574511221974,28,203,True
233,F444W,182.78485620068136,551.408772140647,-0.21514379931863914,0.4087721406469882,0.7025048076140227,1.423477802801643,29,201,True
93,F444W,870.3839199064898,219.22171774079527,0.38391990648983665,0.2217177407952704,0.7034499235826809,1.42156529765045,29,201,True
616,F444W,1950.901248443446,1318.0143157292036,-0.098751556553907,0.014315729203644878,0.6957281922729945,1.4373429323496685,27,200,True
75,F444W,989.1639423460327,177.16690186422363,0.16394234603274072,0.1669018642236324,0.6999687998383737,1.4286351052088393,28,199,True
733,F444W,1456.0220897368245,1616.314333949792,0.02208973682445503,0.3143339497919442,0.6958972739351598,1.4369937021669883,27,200,True
673,F444W,1423.5389477922192,1444.2968264429787,-0.4610522077807673,0.29682644297872685,0.7027617172223964,1.4229574199807178,29,199,True
816,F444W,1813.463955985932,1794.3271699281115,0.46395598593198883,0.32716992811151613,0.7030787547143221,1.4223157694564732,29,201,True
1027,F444W,973.9946641758446,977.5532596349157,-0.00533582415539513,-0.446740365084338,0.6929191253360114,1.4431698641815933,26,199,True
568,F444W,86.29412777260973,1212.1970954052888,0.2941277726097269,0.19709540528879188,0.7034742649574912,1.4215161091364543,29,203,True
1085,F444W,934.7143541245048,1484.0929415826354,-0.28564587549522,0.09294158263537611,0.7025364196430178,1.4234137505755693,29,201,True
172,F444W,896.6611379021721,418.8220059547439,-0.33886209782792776,-0.17799404525612772,0.7036063116798799,1.4212493313376793,29,203,True
511,F444W,1142.970008207038,1083.9906240608245,-0.02999179296193688,-0.009375939175470194,0.6955264166183045,1.4377599126458291,27,200,True
890,F444W,1800.9799722119496,1979.5724313850296,-0.02002778805035632,-0.4275686149703688,0.6929337172966216,1.4431394735723817,26,201,True
67,F444W,220.39616264064512,171.59323388133998,0.39616264064511597,-0.4067661186600162,0.7051789067294083,1.4180798524419287,30,202,True
559,F444W,1219.6030552649859,1178.7867499228068,-0.39694473501413086,-0.2132500771931518,0.7035035423595077,1.4214569505166403,29,202,True
308,F444W,303.8656633961639,713.9652864000159,-0.13433660383611823,-0.03471359998411572,0.6959854160441132,1.4368117160900646,27,199,True
307,F444W,504.71656898158267,712.0670079801623,-0.28343101841733187,0.06700798016231602,0.6990604454061681,1.4304914640378201,28,200,True
1008,F444W,1225.0653591926273,801.0472843614986,0.06535919262728385,0.04728436149855497,0.6958520826327075,1.4370870260480795,27,203,True
644,F444W,1565.9626381532937,1377.1921405631902,-0.037361846706289725,0.19214056319015071,0.7019753139208534,1.42455151936119,29,198,True
691,F444W,953.6558773899988,1501.6260876762146,-0.34412261000125,-0.3739123237853619,0.706145841335769,1.416138057413702,30,199,True
1030,F444W,1185.7596041038648,1044.5365972390928,-0.2403958961351691,-0.4634027609072291,0.6995615245615208,1.4294668372832418,28,199,True
754,F444W,337.014660734465,1666.0446283382212,0.014660734464996494,0.04462833822117318,0.6956014801672261,1.4376047615074006,27,200,True
8,F444W,1258.5072034317275,23.083548989600217,-0.4927965682725244,0.08354898960021728,0.6997579563365148,1.429065566092825,28,204,True
509,F444W,354.6686937954588,1083.8647046577603,-0.33130620454119253,-0.13529534223971496,0.7036303973564486,1.4212006811488205,29,201,True
366,F444W,1021.5413001993495,804.6244139227289,-0.45869980065049276,-0.37558607727112303,0.7025452120167784,1.4233959365110833,29,201,True
951,F444W,397.75268284189167,243.62081782630548,-0.24731715810833066,-0.3791821736945167,0.7029608538848305,1.4225543207329647,29,200,True
882,F444W,99.87530754480542,1963.872396185201,-0.12469245519457672,-0.12760381479893113,0.6934322613891404,1.4421019264328976,26,199,True
802,F444W,658.4033861066263,1763.0502634359145,0.4033861066262716,0.05026343591453042,0.6961814548404378,1.4364071220903123,27,201,True
164,F444W,1474.3339527233788,383.0321787862971,0.3339527233788431,0.03217878629709503,0.6960498616339236,1.4366786851341036,27,201,True
442,F444W,1194.0821412934793,928.8233289116713,0.08214129347925336,-0.17667108832870326,0.6962808480913788,1.4362020767067853,27,200,True
562,F444W,641.2649538659198,1190.4924843023632,0.26495386591977876,0.4924843023632093,0.6996306135828507,1.4293256764150721,28,199,True
506,F444W,200.65064778579517,1073.7594882699568,-0.34935221420482776,-0.24051173004318116,0.7035069489985007,1.4214500673000903,29,201,True
856,F444W,1612.3945511538154,1884.6128071071835,0.3945511538154278,-0.3871928928165289,0.7053193340322309,1.4177975163152172,30,202,True
969,F444W,663.9332621309445,454.50450611008216,-0.06673786905548695,-0.4954938899178387,0.699098757069924,1.4304130709532643,28,202,True
718,F444W,1906.319685690866,1571.1646018125798,0.3196856908659811,0.16460181257980366,0.7034709140687542,1.4215228803365485,29,203,True
271,F444W,1341.7864241179711,633.0661154720369,-0.2135758820288629,0.0661154720369268,0.6990305188378076,1.4305527055708203,28,198,True
381,F444W,1094.86583310291,836.3186056447967,-0.13416689708992635,0.3186056447966621,0.7025163123115095,1.423454491340808,29,201,True
218,F444W,1459.5076309398369,522.0953651878406,-0.49236906016312787,0.0953651878405708,0.6998336470537041,1.4289110050795566,28,204,True
123,F444W,1559.0734711824002,280.423114008054,0.0734711824002261,0.4231140080539717,0.6993806941788214,1.4298364371841161,28,201,True
778,F444W,1821.708575647756,1712.6447309937546,-0.29142435224389374,-0.3552690062454076,0.7030339951547064,1.422406323011371,29,202,True
746,F444W,1587.6316005641952,1642.9033090789087,-0.36839943580480394,-0.09669092109129451,0.7000284712119537,1.4285133264204355,28,201,True
518,F444W,1461.0695122202428,1092.7286163478668,0.06951222024281378,-0.2713836521331814,0.6991371365254999,1.430334547767978,28,200,True
422,F444W,737.5172071849606,893.9614962017324,-0.48279281503937455,-0.03850379826758399,0.6926735562468652,1.4436815018871678,26,203,True
521,F444W,1219.5705649397175,1097.0511396219592,-0.4294350602824579,0.05113962195923705,0.6961598957941377,1.4364516055025829,27,199,True
786,F444W,1771.0752120072207,1738.793292586937,0.07521200722067078,-0.20670741306298623,0.6992897908347073,1.4300223070700773,28,200,True
531,F444W,1186.55036241446,1129.539044770068,-0.44963758553990374,-0.4609552299320967,0.711426029169277,1.4056275129090892,32,202,True
724,F444W,126.72364595536078,1594.8970237306887,-0.27635404463921986,-0.10297626931128434,0.7033597291523939,1.4217475902481393,29,201,True
997,F444W,1262.993004058495,703.810597373489,-0.0069959415050107054,-0.18940262651096873,0.7020212905185279,1.4244582229997307,29,196,True
416,F444W,967.8231607258602,886.515524891127,-0.17683927413975198,-0.48447510887297085,0.6996418938872332,1.4293026314418757,28,202,True
838,F444W,29.340204071915878,1847.492018073323,0.34020407191587765,0.49201807332292447,0.7028194225477921,1.4228405873800385,29,122,True
65,F444W,199.04793541450886,169.70795549617162,0.04793541450885641,-0.29204450382837877,0.6960895621258925,1.4365967461801177,27,200,True
670,F444W,1095.619077304789,1441.7332307896645,-0.3809226952109839,-0.2667692103354966,0.7034018067503606,1.4216625411013524,29,202,True
588,F444W,782.1403894073501,1269.0704200654468,0.1403894073500851,0.0704200654467968,0.6961534290342096,1.4364649490950925,27,199,True
251,F444W,61.7107988004434,585.4405458237479,-0.28920119955660084,0.44054582374792517,0.7024073958891497,1.4236752144873697,29,201,True
270,F444W,1944.5294043947915,631.41329623489,-0.470595605208473,0.4132962348900264,0.7083118172505698,1.4118075904502998,31,199,True
756,F444W,1522.748630317155,1671.928342593128,-0.251369682845052,-0.07165740687196376,0.6996643643876936,1.429256727795681,28,200,True
156,F444W,454.2763391427417,362.0596423860927,0.27633914274167637,0.05964238609271888,0.699470643911747,1.4296525646988714,28,200,True
528,F444W,907.5238700571099,1118.3852583520725,-0.4761299428901111,0.3852583520724693,0.7057219528097703,1.416988653985592,30,199,True
114,F444W,1467.415273815227,264.1716889048557,0.41527381522701035,0.17168890485572774,0.7000285257574852,1.4285132151120876,28,202,True
468,F444W,486.16963164587105,974.5188104829684,0.16963164587104984,-0.48118951703156654,0.6998041062515099,1.428971323641533,28,203,True
150,F444W,1150.5308566729257,347.8557682475355,-0.4691433270743346,-0.14423175246452047,0.7001517014798283,1.4282619007943815,28,204,True
497,F444W,915.8308216205427,1048.6400563239004,-0.16917837945732117,-0.35994367609964684,0.7030567745079709,1.4223602364116932,29,203,True
78,F444W,705.8262990731607,185.1254640667969,-0.17370092683927396,0.12546406679689426,0.6995280628681657,1.4295352153562733,28,199,True
749,F444W,822.4834061803354,1646.6305120971838,0.48340618033535065,-0.3694879028162177,0.7057667347615275,1.4168987439424887,30,199,True
200,F444W,1372.794575588447,482.0123521404811,-0.20542441155294,0.012352140481084461,0.7020286447635017,1.4244433007956228,29,200,True
656,F444W,919.1015231171305,1405.219098636544,0.10152311713045492,0.21909863654400397,0.69958638550018,1.4294160388570665,28,200,True
696,F444W,241.04512948981233,1509.7809522942089,0.04512948981232512,-0.21904770579112665,0.6991230861284302,1.4303632934477266,28,200,True
887,F444W,461.0515974176792,1973.6445071102178,0.05159741767920423,-0.3554928897822265,0.6961669854208704,1.4364369769638619,27,200,True
325,F444W,280.0257715238372,737.60095964687,0.025771523837192944,-0.3990403531299762,0.6929427855124568,1.443120587885857,26,202,True
464,F444W,1675.3699510035306,962.4592440152055,0.3699510035305593,0.4592440152055133,0.7024854672835473,1.4235169929805331,29,201,True
818,F444W,1825.4867958271193,1799.1908147153913,0.4867958271192947,0.1908147153912978,0.699986788818761,1.4285983906746529,28,201,True
379,F444W,696.7545986541422,835.4341584245187,-0.24540134585777196,0.43415842451872777,0.6993996207263679,1.42979774418728,28,201,True
441,F444W,1883.3857765552725,922.0189106983648,0.3857765552725141,0.01891069836483439,0.6926422026724076,1.4437468524755204,26,202,True
745,F444W,1550.2431353323573,1644.7808899936922,0.24313533235726936,-0.2191100063078011,0.69996430351066,1.4286442822648464,28,203,True
845,F444W,1118.0797950567253,1867.567333999365,0.0797950567252883,-0.4326660006349812,0.6994640681796912,1.4296660050064238,28,201,True
648,F444W,1909.1722885816514,1385.385711501414,0.17228858165140082,0.38571150141410726,0.6997943746834057,1.4289911953813725,28,202,True
332,F444W,93.4966034348181,745.3383576669294,0.4966034348180983,0.33835766692936886,0.7029478197146495,1.422580697961243,29,200,True
520,F444W,818.5608920314414,1096.9077580528908,-0.4391079685585737,-0.0922419471091871,0.700042647494536,1.4284843981706203,28,202,True
936,F444W,1256.8425586149874,158.8190454959174,-0.1574413850125893,-0.1809545040825924,0.700110916113763,1.4283451050169131,28,200,True
349,F444W,477.9222456561905,776.9600761453387,-0.07775434380948809,-0.03992385466131054,0.6958270219447323,1.437138783724078,27,201,True
556,F444W,729.5135265511909,1174.9057050801289,-0.48647344880907895,-0.0942949198711176,0.7000303467492284,1.428509499114943,28,203,True
106,F444W,192.79630748035765,243.9114129798196,-0.20369251964234536,-0.08858702018039821,0.6964975769605968,1.435755174287668,27,200,True
131,F444W,1225.8968130557032,305.3479423303959,-0.10318694429679454,0.34794233039588107,0.6993136656769036,1.4299734855489288,28,201,True
503,F444W,1494.2479443580073,1059.459860257387,0.24794435800731662,0.4598602573869357,0.6996787769114562,1.4292272868618812,28,199,True
448,F444W,1582.6879448862499,937.5300305165989,-0.31205511375014794,-0.469969483401087,0.7025667633814027,1.4233522735790587,29,200,True
225,F444W,1174.5257957987646,534.3158808917876,-0.47420420123535223,0.31588089178762857,0.7026885687887875,1.423105546919147,29,199,True
59,F444W,83.28508177460321,163.13266822808725,0.2850817746032135,0.13266822808725465,0.7033393373548572,1.4217888107337127,29,202,True
28,F444W,867.8923005888631,65.66604198016057,-0.10769941113687764,-0.33395801983942874,0.6996486921378405,1.429288743389784,28,199,True
52,F444W,1428.1088076751419,147.59379071504577,0.10880767514186118,-0.4062092849542296,0.6996800945121407,1.4292245954163674,28,202,True
273,F444W,944.7375784590748,636.9636430900164,-0.26242154092517467,-0.036356909983624064,0.6994762455442678,1.4296411155776882,28,202,True
632,F444W,1021.496685298556,1343.116067037098,0.49668529855603083,0.11606703709799149,0.7000026033515582,1.428566115628824,28,205,True
701,F444W,841.1624988234303,1520.897310388547,0.1624988234302691,-0.10268961145288813,0.6965004495914425,1.4357492526912023,27,200,True
430,F444W,644.3702264661001,904.6756819421813,0.3702264661001209,-0.3243180578186866,0.7027893736460401,1.422901423241567,29,201,True
894,F444W,1563.1356527385428,1987.3499557770608,0.13565273854283078,0.3499557770608135,0.7030825960554847,1.4223079985343339,29,202,True
199,F444W,1160.213105296771,482.7211706044229,0.21310529677089107,-0.27882939557707687,0.7028496277081797,1.4227794404057021,29,202,True
96,F444W,2045.6987965196927,221.10579382181425,-0.301203480307322,0.10579382181424535,0.7026945532794784,1.4230934270558893,29,202,True
881,F444W,669.555888126479,1962.8165921663153,-0.4441118735210239,-0.18340783368466873,0.7000339401195504,1.4285021663795643,28,201,True
104,F444W,1998.5797247495907,237.85475668582114,-0.42027525040930414,-0.14524331417885605,0.7001406927132728,1.4282843582832971,28,203,True
238,F444W,1377.4421662899663,559.5986017631876,0.4421662899662806,-0.4013982368123834,0.7049729352207377,1.4184941719597859,30,199,True
388,F444W,665.5596066727212,838.9804708996838,-0.4403933272787981,-0.01952910031616284,0.6926435511950964,1.443744041613593,26,201,True
805,F444W,218.53504835738522,1765.7130534687576,-0.4649516426147784,-0.28694653124239267,0.6995700900946049,1.4294493348976185,28,199,True
774,F444W,628.8863283677354,1698.0366041643297,-0.11367163226464072,0.03660416432967395,0.6958906076899106,1.4370074677679812,27,199,True
589,F444W,922.4273637465438,1269.8592725771032,0.4273637465438469,-0.14072742289681628,0.7000995956220639,1.4283682011149623,28,204,True
519,F444W,497.97275474869855,1094.6644921190384,-0.02724525130145139,-0.3355078809615861,0.695939288461041,1.4369069494716138,27,201,True
457,F444W,1961.809016324958,953.7582953136797,-0.19098367504193448,-0.24170468632030406,0.7000648548553312,1.4284390839855123,28,202,True
971,F444W,1706.4798995920773,498.9207369300898,0.479899592077345,-0.07926306991021193,0.6999497402469873,1.4286740068610293,28,202,True
664,F444W,1078.4282178434892,1424.2160008207788,0.4282178434891648,0.21600082077884508,0.6999598824029546,1.42865330591092,28,200,True
858,F444W,239.48006503289275,1887.1287407279065,0.48006503289275315,0.12874072790646096,0.7000597601000892,1.4284494795944673,28,204,True
812,F444W,1802.5144918388335,1785.021627990902,-0.4855081611665355,0.021627990902061356,0.6926470319947478,1.4437367862821981,26,204,True
1118,F444W,1084.6364749843842,1631.5215408971555,-0.3635250156157781,-0.4784591028444538,0.7022635831740839,1.423966761141465,29,200,True
157,F444W,495.1211574655222,359.9148667013661,0.12115746552217388,-0.08513329863387753,0.6964088205097433,1.435938159525378,27,200,True
584,F444W,598.9001120924602,1258.9809515836932,-0.09988790753982357,-0.019048416306759464,0.6958901912689865,1.4370083276737322,27,200,True
863,F444W,1359.3600785906174,1911.499894806965,0.3600785906173769,0.4998948069649032,0.7052727662213739,1.4178911307715458,30,198,True
769,F444W,1786.9947625265597,1684.2803582228364,-0.005237473440274698,0.2803582228364121,0.6926899138822068,1.4436474098423957,26,201,True
141,F444W,599.3802599838084,331.82722989066167,0.38025998380840065,-0.17277010933833026,0.6999102251537117,1.428754666043611,28,202,True
820,F444W,87.9624162415472,1805.8699345404743,-0.037583758452797156,-0.1300654595256674,0.6958948768933692,1.436998651957641,27,199,True
320,F444W,656.065344638024,730.3092553324325,0.06534463802404389,0.3092553324324854,0.6960944778081556,1.4365866012165105,27,201,True
62,F444W,1328.1455582965184,165.40673592690746,0.14555829651840213,0.40673592690745863,0.6998003323321627,1.4289790298718328,28,202,True
134,F444W,1612.9467579107709,311.81856201460096,-0.05324208922911566,-0.1814379853990431,0.699002690186144,1.4306096586462358,28,200,True
508,F444W,42.50991694452932,1083.2656795062048,-0.4900830554706772,0.26567950620483316,0.699782947517225,1.4290145302167214,28,199,True
953,F444W,31.117291427880446,256.2985021852213,0.11729142788044555,0.29850218522130945,0.7029676444553217,1.4225405790544272,29,202,True
822,F444W,807.7686131336285,1807.2745778850685,-0.2313868663715084,0.2745778850685383,0.7024582465485982,1.423572155232456,29,203,True
893,F444W,970.0517633302609,1987.7149352584947,0.05176333026088287,-0.2850647415052663,0.6960983216191805,1.4365786684759128,27,200,True
674,F444W,256.48174668409047,1444.814839574743,0.48174668409046717,-0.1851604252569814,0.6999742912146822,1.4286238974072547,28,202,True
552,F444W,75.37660881985062,1165.788730029307,0.3766088198506168,-0.21126997069291065,0.7030776793160672,1.4223179449712724,29,201,True
791,F444W,730.2023604910231,1743.205312145834,0.20236049102311426,0.20531214583388646,0.7000627694859709,1.4284433390655262,28,201,True
286,F444W,1967.31063136382,670.347812078763,0.31063136381999357,0.34781207876301323,0.7031289309200158,1.422214271131669,29,200,True
213,F444W,286.3307222528399,505.28311258883923,0.3307222528399052,0.28311258883923074,0.7035186702889791,1.421426384589392,29,201,True
492,F444W,680.0871496311134,1041.6634511413347,0.08714963111344787,-0.33654885866531004,0.6995745389598467,1.429440244476074,28,200,True
81,F444W,67.32945873414315,190.5553832825849,0.3294587341431452,-0.44461671741510145,0.7023468076267115,1.4237980284684193,29,201,True
650,F444W,1185.3386294580325,1391.4107943047256,0.3386294580325284,0.41079430472564127,0.7028488713408504,1.422780971522745,29,202,True
55,F444W,1879.6541517528267,154.82308861588717,-0.34584824717330775,-0.17691138411282736,0.7036182441346068,1.4212252287885436,29,203,True
243,F444W,751.5134277462266,568.9969288564945,-0.48657225377337454,-0.0030711435055081893,0.6925643990186229,1.4439090450173577,26,204,True
419,F444W,262.8898199621889,891.2229749448077,-0.11018003781111929,0.22297494480767455,0.7023067768701259,1.4238791834767175,29,200,True
561,F444W,1440.5351059038771,1185.965331823653,-0.4648940961228618,-0.03466817634694053,0.6926714086155442,1.4436859780292064,26,202,True
621,F444W,1468.1893926996781,1332.2376515592996,0.18939269967813743,0.23765155929959292,0.7000553508705547,1.4284584765425317,28,202,True
99,F444W,1358.0197619753753,226.76686284808306,0.01976197537533153,-0.23313715191693518,0.6989181261572621,1.4307827520486887,28,200,True
360,F444W,2021.2350306789822,794.244079958914,0.23503067898218433,0.2440799589139715,0.7001220488618033,1.4283223926824071,28,203,True
237,F444W,786.2111600603864,558.849972605949,0.211160060386419,-0.1500273940509942,0.7000377679400879,1.4284943553011045,28,200,True
613,F444W,1364.903029932268,1314.954456033261,-0.09697006773194516,-0.045543966738932795,0.6959616227000116,1.4368608374129295,27,200,True
268,F444W,1302.951189362911,627.4661620103308,-0.048810637088990916,0.46616201033077687,0.6989100589998904,1.43079926683407,28,202,True
72,F444W,1946.8003913342786,177.0178031761145,-0.19960866572137093,0.017803176114512098,0.7020648928853644,1.4243697557503183,29,198,True
232,F444W,863.5337503343472,551.1981532674613,-0.4662496656527537,0.19815326746129358,0.6999359225662416,1.4287022108161058,28,202,True
258,F444W,849.3005542814471,609.322592963333,0.30055428144714824,0.32259296333302245,0.7031363059895496,1.422199353783422,29,200,True
37,F444W,1787.9907302069173,107.44953693040429,-0.009269793082694378,0.44953693040429243,0.6361191891990707,1.5720324382276327,24,200,True
417,F444W,644.971942683708,889.0423297322463,-0.028057316292006362,0.042329732246344065,0.695495508141646,1.4378238080530321,27,200,True
920,F444W,1723.6477151501203,2048.2591037983725,-0.35228484987965203,0.2591037983725073,0.7029221427355291,1.4226326632823756,29,200,True
517,F444W,982.4678600478858,1092.7272140984867,0.46786004788577884,-0.2727859015133163,0.6995607231968349,1.4294684747740343,28,199,True
694,F444W,1381.4369651666157,1508.0691567589733,0.4369651666156642,0.0691567589733495,0.6996528351788542,1.4292802797609863,28,202,True
514,F444W,877.9927280002487,1088.8447477355999,-0.007271999751310432,-0.15525226440013284,0.6956245390011576,1.4375571072232343,27,198,True
631,F444W,1494.862234533975,1342.3595732047079,-0.13776546602503004,0.35957320470788545,0.699497687384855,1.429597292506576,28,201,True
358,F444W,613.9382813008092,790.6294604772478,-0.06171869919080564,-0.37053952275221036,0.6961243169150313,1.4365250224724726,27,199,True
730,F444W,1967.699032422473,1610.504893845432,-0.30096757752698977,-0.49510615456802043,0.6994104393719278,1.4297756277387028,28,198,True
207,F444W,852.7937056103448,496.92563137202205,-0.20629438965522695,-0.07436862797794674,0.699675631200778,1.4292337126045216,28,200,True
298,F444W,1830.8601479336858,692.2111659107023,-0.13985206631423353,0.21116591070233426,0.699537444902699,1.4295160427603606,28,200,True
64,F444W,1797.546804848398,166.71078976438866,-0.4531951516019035,-0.2892102356113355,0.7031192567527045,1.4222338392755927,29,200,True
553,F444W,1349.5440257513335,1171.7805703424704,-0.45597424866650726,-0.21942965752964483,0.6998831408653231,1.4288099564216075,28,200,True
460,F444W,878.5707336815058,958.1314888681281,-0.42926631849422847,0.13148886812814453,0.6942009407478357,1.4405051063784773,27,204,True
750,F444W,1518.1906625681397,1652.8888136295668,0.1906625681397145,-0.11118637043318813,0.6965625878079766,1.435621173894675,27,200,True
120,F444W,122.07683606058959,273.8280097994616,0.07683606058958503,-0.17199020053840286,0.6962518585874898,1.4362618751621496,27,200,True
318,F444W,909.0856875537589,727.1051315930459,0.08568755375893033,0.10513159304593955,0.6962273349883831,1.4363124654056934,27,200,True
216,F444W,959.8540495826586,516.3589919901356,-0.14595041734139613,0.35899199013556427,0.6994766079593312,1.4296403748474484,28,204,True
827,F444W,1896.067424647888,1817.6315714252573,0.06742464788794678,-0.36842857474266566,0.6994446421591096,1.4297057118246108,28,199,True
295,F444W,1965.7290243457169,683.3623350719417,-0.2709756542831201,0.3623350719417431,0.7025144669721718,1.4234582304190646,29,200,True
86,F444W,2053.6555668421424,199.93314158305043,-0.3444331578575657,-0.06685841694957162,0.6963301989023059,1.4361002891679822,27,200,True
563,F444W,1465.4791529295906,1191.5741989523008,0.4791529295905548,-0.425801047699224,0.7114914296023257,1.4054983073498588,32,201,True
439,F444W,2039.7052302767124,920.1468439681096,-0.29476972328757256,0.14684396810957878,0.7028533092963375,1.422771987800913,29,201,True
501,F444W,1929.5212747157943,1058.466074116878,-0.47872528420566596,0.4660741168779623,0.7113318629502831,1.4058135900906392,32,204,True
290,F444W,1586.4980663948027,678.5174725766306,0.4980663948026631,-0.4825274233694472,0.7113819266373583,1.4057146555956441,32,204,True
242,F444W,1551.7631448838745,564.5531716615884,-0.23685511612552546,-0.4468283384115921,0.6995875589228614,1.4294136412884137,28,200,True
570,F444W,1234.9804280859355,1212.5777612803406,-0.01957191406449965,-0.42223871965938997,0.6929354750468171,1.443135812800516,26,201,True
757,F444W,1939.2992103071133,1671.7744905293896,0.29921030711329877,-0.2255094706104046,0.7030064910259981,1.422461972634928,29,202,True
119,F444W,1000.6970894988979,270.18405816111044,-0.3029105011021329,0.1840581611104426,0.7028470661454905,1.4227846257993746,29,204,True
255,F444W,1902.988707364067,601.3515233353226,-0.011292635932932171,0.351523335322554,0.6928505233639971,1.4433127583489438,26,201,True
451,F444W,1834.8278729534097,943.6029433621939,-0.17212704659027622,-0.39705663780614486,0.6997134031505785,1.4291565596676155,28,202,True
889,F444W,1222.0486923909953,1979.4345128719929,0.048692390995256574,0.43451287199286526,0.6960950015898832,1.4365855202465134,27,202,True
153,F444W,1029.8270022275105,351.8264418827705,-0.17299777248945247,-0.1735581172295042,0.7001698323538491,1.4282249160009852,28,201,True
703,F444W,852.666848183119,1529.975761363964,-0.3331518168810135,-0.024238636035988748,0.6961434128295604,1.4364856171451472,27,202,True
897,F444W,807.7354057808524,1994.9538094206314,-0.26459421914762515,-0.046190579368612816,0.6995536660045006,1.4294828954460321,28,200,True
498,F444W,1632.46271428861,1048.4414686924065,0.4627142886099591,0.4414686924064881,0.7113259658464711,1.4058252447034034,32,202,True
436,F444W,1089.5680452414408,912.493863592721,-0.4319547585591863,0.4938635927210271,0.7113993226229414,1.4056802813825897,32,202,True
607,F444W,277.2798093865989,1306.9944711535882,0.2798093865989131,-0.00552884641183482,0.6923169208615284,1.4444251900640919,26,201,True
341,F444W,1818.4487673355181,762.366093340711,0.4487673355181414,0.36609334071101785,0.7029355330261009,1.4226055634078592,29,201,True
105,F444W,1789.1208082271999,241.78086465427805,0.12080822719985918,-0.21913534572195204,0.7029202624763432,1.422636468718463,29,200,True
698,F444W,201.88015961422832,1514.732326519699,-0.11984038577168121,-0.26767348030102767,0.7030255110078651,1.4224234886816396,29,201,True
901,F444W,1307.0872445902844,2006.023065148529,0.08724459028439924,0.023065148528985446,0.6958340035571132,1.4371243642707685,27,201,True
133,F444W,1171.9306955885359,307.7367122105138,-0.06930441146414523,-0.2632877894861849,0.699412197272992,1.4297720341438136,28,200,True
512,F444W,349.05785649470647,1085.9845716107104,0.057856494706470585,-0.0154283892895819,0.6958401747867764,1.4371116187800252,27,202,True
906,F444W,501.13235313844416,2018.5323900575158,0.1323531384441594,-0.46760994248415955,0.6998044329509219,1.4289706565350253,28,204,True
339,F444W,1891.8517694538095,757.8862586162737,-0.1482305461904616,-0.1137413837262784,0.6966308232782646,1.4354805538091393,27,199,True
875,F444W,513.199059234186,1955.7119878450667,0.19905923418605198,-0.28801215493331256,0.7028732768853837,1.4227315689554494,29,203,True
595,F444W,970.5181349405333,1280.204656076356,-0.4818650594667133,0.2046560763560592,0.6999424220399274,1.4286889442785569,28,200,True
217,F444W,227.00971465288887,519.6193025863265,0.009714652888874298,-0.38069741367348797,0.6929402414085327,1.443125886248589,26,201,True
608,F444W,406.54547706701806,1308.590655950024,-0.4545229329819449,-0.40934404997597085,0.705348168776761,1.4177395565288478,30,199,True
748,F444W,164.95019701457727,1645.1633470391844,-0.04980298542272976,0.163347039184373,0.699020551381782,1.4305731040714895,28,197,True
876,F444W,1269.9955510626223,1954.9448718853164,-0.004448937377674156,-0.055128114683611784,0.6955697551620224,1.437670330802502,27,202,True
538,F444W,1172.85310481219,1149.5636498408282,-0.14689518781005972,-0.43635015917175224,0.6996949738095148,1.4291942023757345,28,204,True
183,F444W,998.4471735463239,432.2190299305423,0.44717354632393835,0.21902993054231956,0.6999435973289986,1.4286865453388298,28,200,True
382,F444W,1222.6629708455544,835.1623200581064,-0.33702915444564496,0.1623200581063884,0.702908002097177,1.4226612828655065,29,203,True
324,F444W,1929.6428283471391,736.183743526648,-0.3571716528608704,0.1837435266479588,0.7029188532727183,1.4226393208036778,29,203,True
773,F444W,1424.632255899068,1693.2022010248556,-0.3677441009319864,0.20220102485563984,0.7029194525642245,1.422638107897052,29,202,True
452,F444W,637.2286801020476,945.9563097727895,0.22868010204763323,-0.04369022721050442,0.6992576656935414,1.430088004838924,28,201,True
56,F444W,1798.2866798914629,159.80511122888856,0.28667989146288164,-0.19488877111143665,0.7031029096274698,1.4222669061771305,29,202,True
482,F444W,802.2266983624944,1013.5101522775338,0.22669836249440323,-0.48984772246615194,0.6997005255586228,1.4291828624848122,28,200,True
229,F444W,527.4397029301416,544.3714638691772,0.4397029301416069,0.3714638691772052,0.7058568846905606,1.4167177818749876,30,201,True
904,F444W,242.02212419870693,2010.7295087373427,0.022124198706933385,-0.27049126265728773,0.6960100177065376,1.4367609295267865,27,200,True
902,F444W,475.53773436062147,2007.5170303510479,-0.46226563937852916,-0.48296964895212113,0.7113727884721269,1.4057327131499944,32,204,True
638,F444W,85.46884586446288,1353.0250876358473,0.4688458644628781,0.025087635847285128,0.6926823574965792,1.4436631584123152,26,203,True
90,F444W,1602.4935810453255,211.69691480980896,0.49358104532552716,-0.30308519019104097,0.699427547233162,1.4297406557060282,28,198,True
408,F444W,264.2748870639193,868.9831003125055,0.2748870639193228,-0.016899687494515092,0.6959903299199607,1.436801571819253,27,200,True
328,F444W,716.5287046101168,743.0465839754266,-0.4712953898831529,0.04658397542664261,0.6961102083950601,1.4365541374627777,27,202,True
161,F444W,1771.2950456998205,372.00385161731356,0.2950456998205482,0.0038516173135576537,0.6923403859809438,1.4443762349399105,26,200,True
264,F444W,1719.826256006326,614.8628548645745,-0.173743993673952,-0.13714513542549867,0.7001531512334722,1.428258943401572,28,199,True
545,F444W,542.762926298423,1161.159978993572,-0.2370737015769464,0.15997899357194,0.7027506858947851,1.4229797566497413,29,201,True
569,F444W,740.9020564475919,1211.3178659228756,-0.09794355240808272,0.317865922875626,0.7022725231044503,1.4239486340422693,29,201,True
230,F444W,1047.1477378080003,546.1523406989601,0.1477378080003291,0.1523406989600744,0.6998721205047288,1.4288324548187847,28,199,True
101,F444W,147.0045181452981,231.11140963753508,0.0045181452981069015,0.11140963753507549,0.6959077548398619,1.4369720599393436,27,200,True
712,F444W,979.8934564941828,1554.1552219337555,-0.10654350581717154,0.15522193375545612,0.6961942853059897,1.4363806499222875,27,199,True
868,F444W,1667.0893248261104,1927.9381155692809,0.08932482611044179,-0.06188443071914662,0.6961650204187269,1.436441031464815,27,202,True
835,F444W,419.02953202973777,1836.0993362305244,0.029532029737765697,0.09933623052438634,0.6959628782260829,1.4368582452973173,27,200,True
782,F444W,1105.9045900830076,1727.8778855263815,-0.09540991699236656,-0.12211447361846695,0.6961944280501281,1.4363803554141588,27,200,True
292,F444W,1099.217976668351,678.7550910159449,0.21797666835095697,-0.24490898405508688,0.6999010637946391,1.4287733677361778,28,203,True
315,F444W,1950.374626154733,718.260081988647,0.3746261547330505,0.26008198864701626,0.7034623450261777,1.4215401962457386,29,201,True
761,F444W,1746.9766242641504,1676.3395249967791,-0.023375735849640478,0.33952499677911874,0.6957805669438321,1.4372347367970202,27,201,True
433,F444W,475.3043064260904,906.9374662829216,0.30430642609042025,-0.06253371707839506,0.6961886257299429,1.4363923267943592,27,201,True
350,F444W,1416.5158078207596,776.2420991485317,-0.48419217924038094,0.24209914853167902,0.6902534587965954,1.4487431931792478,27,200,True
117,F444W,1287.8522925188636,268.20146596014797,-0.14770748113642185,0.2014659601479707,0.6995382818847022,1.429514332376194,28,199,True
323,F444W,1942.283033849968,734.854372817826,0.2830338499679783,-0.1456271821740529,0.703184489718688,1.4221019015934984,29,201,True
687,F444W,1459.524852684459,1488.3499301727907,-0.4751473155411077,0.3499301727906641,0.7026088512686515,1.4232670115020187,29,200,True
27,F444W,1570.7143670631367,60.74700377284023,-0.28563293686329416,-0.25299622715976966,0.7034110203066144,1.4216439196020891,29,202,True
372,F444W,1274.7720557128264,819.6587016149487,-0.2279442871736137,-0.3412983850513456,0.7030734501396686,1.4223265005972643,29,203,True
539,F444W,254.97025347037743,1151.852138610258,-0.02974652962257096,-0.14786138974204732,0.6957635954847148,1.437269794639563,27,199,True
18,F444W,257.7612853399439,35.10985851280407,-0.23871466005607545,0.10985851280406678,0.702611196779721,1.4232622602419398,29,201,True
575,F444W,984.1106688119067,1239.0367010204077,0.11066881190674849,0.03670102040769052,0.696011193756635,1.4367585018318783,27,199,True
740,F444W,1467.03334656614,1628.40222578134,0.033346566139925926,0.40222578133989373,0.6960338956795962,1.4367116403485154,27,201,True
549,F444W,842.9678690030997,1161.9955600493754,-0.03213099690026411,-0.004439950624600897,0.6955235508410834,1.4377658366718409,27,200,True
304,F444W,1166.7614468623472,704.1176026364785,-0.23855313765284336,0.11760263647852298,0.7026801660201163,1.4231225646567802,29,200,True
291,F444W,1089.889169958222,678.9134348838701,-0.11083004177794464,-0.08656511612991835,0.6961679839736385,1.436434916601776,27,200,True
576,F444W,710.0404848197029,1240.0018106643813,0.04048481970289686,0.0018106643813098344,0.6955439806736583,1.4377236059630127,27,200,True
285,F444W,1842.324433642937,667.7129211941598,0.3244336429370378,-0.28707880584022405,0.7029055438806501,1.4226662582274285,29,201,True
529,F444W,616.8736265442375,1119.7735978906073,-0.12637345576251846,-0.2264021093926658,0.7030964262432521,1.4222800211674342,29,200,True
860,F444W,725.8243449949352,1901.8609019560688,-0.17565500506475473,-0.13909804393119884,0.7001558737034298,1.428253389792424,28,200,True
486,F444W,1186.158570295178,1019.9234593109193,0.15857029517792398,-0.07654068908072986,0.6995899675523036,1.4294087199374206,28,200,True
657,F444W,1515.3260031845198,1407.3698866534426,0.3260031845197773,0.36988665344256333,0.7030483761986683,1.4223772273067858,29,201,True
378,F444W,1227.6093672649438,834.2805705803095,-0.3906327350562151,0.28057058030947246,0.7028848838275813,1.4227080749759038,29,201,True
370,F444W,1534.8770971535369,815.0138215235944,-0.12290284646314831,0.013821523594401697,0.6958397474857794,1.43711250128096,27,200,True
414,F444W,613.4690208844879,882.9236984006101,0.469020884487918,-0.07630159938992165,0.6999310261734593,1.428712205354041,28,202,True
554,F444W,1481.2145019450304,1173.1486793431932,0.2145019450304062,0.1486793431931801,0.6999763064772202,1.428619784336291,28,200,True
794,F444W,1930.64383705411,1750.4176656676277,-0.35616294588999153,0.4176656676277162,0.7053399757317592,1.4177560246213805,30,203,True
35,F444W,1689.897886493454,106.17272873670242,-0.10211350654594753,0.1727287367024246,0.6961609862889061,1.4364493553866016,27,200,True
43,F444W,1706.6822727320202,124.23853908867545,-0.3177272679797625,0.23853908867545215,0.7028497052718434,1.4227792833934914,29,202,True
