table_member,author_row,metallicity_dex,co_relative_to_solar,teff_k,logg_cgs,model_mass_mjupiter,model_radius_rsun,radius_author_flag,F090W,F115W,F150W,F200W,F277W,F356W,F444W
photometry_tables/flux_table_JWST-0.5,48,-0.5,1.0,200.0,3.255,0.86,0.1117,False,0.8900204796255253,0.028477378001737486,0.20403280490797204,0.0007488589075216432,0.30853184768063824,110.23004888112023,10256.519262514073
photometry_tables/flux_table_JWST-0.5,49,-0.5,1.0,225.0,3.255,0.89,0.1134,False,2.2573557110214475,0.2661950651151839,1.0148456628180955,0.007956095729300226,1.3436928307506528,311.960781764676,19213.21311403725
photometry_tables/flux_table_JWST-0.5,50,-0.5,1.0,250.0,3.255,0.91,0.1152,False,4.882025010867062,1.8121744376590256,3.965518679916798,0.06555412123990993,4.926063433495771,755.2661140948063,33250.63931774401
photometry_tables/flux_table_JWST-0.5,51,-0.5,1.0,275.0,3.255,0.94,0.117,False,9.756633693709555,9.506047936562808,12.811500562783964,0.4225713024244239,15.456102884892019,1611.758614132223,53851.77219975281
photometry_tables/flux_table_JWST-0.5,52,-0.5,1.0,300.0,3.255,0.97,0.1186,False,19.050220199277145,40.70052394402339,35.90872623694513,2.1717008433479927,42.42286549229505,3107.420310388586,82508.74854788078
photometry_tables/flux_table_JWST-0.5,53,-0.5,1.0,325.0,3.255,1.0,0.1203,False,37.428291224080525,148.59356422870073,91.0122812029189,9.111712330429194,103.99201658290589,5519.503333867389,120753.57577096693
photometry_tables/flux_table_JWST-0.5,54,-0.5,1.0,350.0,3.255,1.02,0.122,False,73.09707518686012,476.2116327398207,214.7830474130533,32.062693245054675,232.5412485873378,9183.32596483581,170372.69765132715
photometry_tables/flux_table_JWST-0.5,55,-0.5,1.0,375.0,3.255,1.05,0.1236,False,143.6150652907477,1365.2116950664467,482.83639645515854,97.43163713004509,482.72523206503956,14514.430494302607,233668.40816727313
photometry_tables/flux_table_JWST-0.5,56,-0.5,1.0,400.0,3.255,1.08,0.1252,False,279.3830151362531,3482.571166386543,1031.5730794395115,259.29849734125327,934.1142557364794,21897.77555098577,312032.62165980117
photometry_tables/flux_table_JWST-0.5,57,-0.5,1.0,425.0,3.255,1.11,0.1267,False,526.5019693769152,7870.457896950985,2079.6966871036957,610.5201468341019,1686.5530253887405,31564.578912990713,405415.1744065029
photometry_tables/flux_table_JWST-0.5,58,-0.5,1.0,450.0,3.255,1.13,0.1281,False,953.4545596724547,15867.189189515748,3930.06741341853,1290.9219936153513,2856.274877264105,43621.44019080488,512861.38399136486
photometry_tables/flux_table_JWST-0.5,59,-0.5,1.0,475.0,3.255,1.15,0.1293,False,1661.116147600014,28906.79882365476,6953.4446182566335,2492.298178052621,4574.040440300426,58103.19310119071,633140.3617108159
photometry_tables/flux_table_JWST-0.5,60,-0.5,1.0,500.0,3.255,1.17,0.1304,False,2765.03096983568,47962.299864445835,11566.447741656453,4469.922568418684,6991.977144514592,74972.15596874704,764011.6835170186
photometry_tables/flux_table_JWST-0.5,61,-0.5,1.0,525.0,3.255,1.19,0.1314,False,4422.827487168868,73994.5954312724,18272.585386997733,7568.328950209743,10308.607400626262,94427.82793644788,906358.4749580749
photometry_tables/flux_table_JWST-0.5,62,-0.5,1.0,550.0,3.255,1.21,0.1324,False,6812.397799659153,107820.16695998945,27637.57919170365,12243.342534260022,14777.46706171993,116627.24050819647,1059741.6418830976
photometry_tables/flux_table_JWST-0.5,63,-0.5,1.0,575.0,3.255,1.22,0.1333,False,10132.11242412733,149968.48355023738,40225.36559986828,19032.682375763507,20677.593819194386,141579.37799570817,1223488.805326815
photometry_tables/flux_table_JWST-0.5,64,-0.5,1.0,600.0,3.255,1.24,0.1343,False,14474.380996661586,200354.91464007593,56298.91173942433,28503.618718608905,28608.823606272057,169941.71628867512,1395082.8503573688
photometry_tables/flux_table_JWST-0.5,65,-0.5,1.0,650.0,3.255,1.28,0.1362,False,26810.19668090632,329078.8720121734,99861.94028465248,56741.39384779085,52119.47111050806,234963.28208483072,1746224.1896113455
photometry_tables/flux_table_JWST-0.5,66,-0.5,1.0,700.0,3.255,1.31,0.138,False,45930.37592608173,504312.81026639976,165196.1798229015,103538.05444147541,87902.25168308843,312535.96436133404,2129609.6202155114
photometry_tables/flux_table_JWST-0.5,67,-0.5,1.0,750.0,3.255,1.35,0.14,False,73535.99954754005,732993.2916517789,259358.2099011133,178525.3939086202,140637.13158132887,405321.83485932165,2554465.255428719
photometry_tables/flux_table_JWST-0.5,68,-0.5,1.0,800.0,3.255,1.39,0.1419,False,112512.29929657666,1025651.9262514077,391020.92612681363,291877.0848197143,214289.06011200583,514162.02813543554,3017171.5226017726
photometry_tables/flux_table_JWST-0.5,69,-0.5,1.0,850.0,3.255,1.43,0.1439,False,164664.50767206363,1384522.4429423772,567283.3016309788,461317.5745603794,318126.61175961717,646397.9939995342,3534272.2436627387
photometry_tables/flux_table_JWST-0.5,70,-0.5,1.0,900.0,3.255,1.47,0.146,False,232916.36302139662,1813426.6758708032,796342.6939899094,705342.4142580968,466444.5252037797,812456.2800558315,4120975.190973302
photometry_tables/flux_table_JWST-0.5,71,-0.5,1.0,950.0,3.255,1.51,0.1481,False,320996.28042106907,2321667.3827931318,1088930.0933334334,1034189.2044331928,680926.1296796851,1027542.988117811,4780793.661491185
photometry_tables/flux_table_JWST-0.5,72,-0.5,1.0,1000.0,3.255,1.55,0.1503,False,432613.4324915956,2916755.328939501,1464198.6429352772,1455123.9873242425,977012.2296741541,1305268.9288086465,5509345.391672405
photometry_tables/flux_table_JWST-0.5,73,-0.5,1.0,1100.0,3.255,1.64,0.1545,False,734006.6591560417,4392380.956904633,2550351.2602753397,2602555.501826247,1867669.3856443872,2151790.570339754,7231027.280500617
photometry_tables/flux_table_JWST-0.5,74,-0.5,1.0,1200.0,3.255,1.74,0.1589,False,1148153.6214968828,6327031.54866501,4254024.629440679,4269725.940480336,3177605.657161288,3723917.0625456846,9466730.200346969
photometry_tables/flux_table_JWST-0.5,75,-0.5,1.0,1300.0,3.255,1.84,0.1635,False,1680737.9257087368,8824701.010756545,6677286.334642769,6689597.686316091,4827252.320650396,6461003.852547148,12311189.039637797
photometry_tables/flux_table_JWST-0.5,76,-0.5,1.0,1400.0,3.255,1.95,0.1684,False,2352881.201938169,12092051.829432085,9860524.125308566,10174193.66180605,6916716.892895645,10587660.33113697,15794286.077385562
photometry_tables/flux_table_JWST-0.5,77,-0.5,1.0,1500.0,3.255,2.08,0.1738,False,3216621.7928790404,16451291.587709704,13986208.557452753,15048735.188025137,9682778.56261249,16614986.777666556,19911317.6123851
photometry_tables/flux_table_JWST-0.5,78,-0.5,1.0,1600.0,3.255,2.23,0.1799,False,4406563.166924704,22443986.561783127,19629082.48469171,22141141.120912626,13807021.464220049,25775078.699705373,25188366.27841739
photometry_tables/flux_table_JWST-0.5,79,-0.5,1.0,1700.0,3.255,2.4,0.1866,False,6156019.68644896,30768051.937597495,26890569.500292506,30669027.151623078,18578044.55091698,36441815.07888611,31002734.41998191
photometry_tables/flux_table_JWST-0.5,80,-0.5,1.0,1800.0,3.255,2.6,0.1943,False,8902254.38010211,42179361.3816656,36991334.567034855,42540246.2944068,25433141.05987937,49419688.08478378,38645595.158142604
photometry_tables/flux_table_JWST-0.5,81,-0.5,1.0,1900.0,3.255,2.84,0.203,False,13203832.30666653,57703213.53329299,50851058.79351044,58290797.88672337,34801663.2215004,64431760.8047901,48484173.870844625
photometry_tables/flux_table_JWST-0.5,82,-0.5,1.0,2000.0,3.255,3.13,0.2132,False,19883828.103967503,78704578.96950984,70032559.67370537,79341425.6777125,47741933.11370779,81526725.62240393,61305579.214982085
photometry_tables/flux_table_JWST-0.5,83,-0.5,1.0,2100.0,3.255,3.49,0.2251,False,29936429.427398548,106905487.92226577,96694105.46091217,107572187.45733981,65962939.37452815,102140975.1989849,78162780.45883296
photometry_tables/flux_table_JWST-0.5,84,-0.5,1.0,2200.0,3.255,3.94,0.2393,False,44688934.49197669,145044077.43049964,134307417.9794902,146184053.44787928,92150988.87349573,128884294.91602196,100646806.64383261
photometry_tables/flux_table_JWST-0.5,85,-0.5,1.0,2300.0,3.255,4.54,0.2567,False,67003887.38077562,197696964.011186,188321541.31891572,199940143.74310878,129479197.79153322,165120121.68506315,130767553.89202194
photometry_tables/flux_table_JWST-0.5,86,-0.5,1.0,2400.0,3.255,5.29,0.2772,False,100948530.18985724,270022528.68882394,265155109.30092108,274473234.3478535,182347578.3160939,213796208.95022324,170568959.42393935
photometry_tables/flux_table_JWST-0.5,87,-0.5,1.0,200.0,3.505,1.49,0.1103,False,1.50072113897163,0.03207746206134072,0.28701196364644405,0.0009092849438530652,0.3293062701752084,125.51626285350878,10444.796911933623
photometry_tables/flux_table_JWST-0.5,88,-0.5,1.0,225.0,3.505,1.53,0.1119,False,3.4946203372688553,0.29349452222697925,1.3986208557452746,0.00875588401413114,1.3934776260886812,348.49776724044847,19390.990786148497
photometry_tables/flux_table_JWST-0.5,89,-0.5,1.0,250.0,3.505,1.57,0.1134,False,7.156488866926989,1.9879250210418817,5.400077590665928,0.06678824013665394,5.002648624210062,833.1054969176099,33342.64127632349
photometry_tables/flux_table_JWST-0.5,90,-0.5,1.0,275.0,3.505,1.62,0.1149,False,13.822926539061378,10.360960070404834,17.23058410567202,0.40803742668966925,15.45254439538414,1760.759336763031,53703.17963702527
photometry_tables/flux_table_JWST-0.5,91,-0.5,1.0,300.0,3.505,1.66,0.1164,False,26.26031915578527,43.72199799574554,47.52257885621896,2.028149664478574,41.90829574049906,3366.6657436862283,81921.89693228675
photometry_tables/flux_table_JWST-0.5,92,-0.5,1.0,325.0,3.505,1.7,0.1178,False,49.62494060797454,156.02708686930617,117.59801740658483,8.338731689085957,101.6014719899765,5934.716805530554,119426.30620397741
photometry_tables/flux_table_JWST-0.5,93,-0.5,1.0,350.0,3.505,1.74,0.1192,False,92.9608315715038,484.95339049834166,268.0402411565466,28.926773831200887,224.28488158692844,9788.136113351813,167571.43933608246
photometry_tables/flux_table_JWST-0.5,94,-0.5,1.0,375.0,3.505,1.78,0.1206,False,173.54016258718963,1350.2058956622386,577.8298856282212,87.21677022030951,460.1506077890588,15335.572729958174,228402.05128404632
photometry_tables/flux_table_JWST-0.5,95,-0.5,1.0,400.0,3.505,1.82,0.122,False,322.032719816754,3366.6657436862283,1180.3206356517296,230.83411837100672,880.8460273622597,22940.347906697454,303040.02977883647
photometry_tables/flux_table_JWST-0.5,96,-0.5,1.0,425.0,3.505,1.86,0.1234,False,584.6554467527501,7528.353438447546,2287.7048874073726,542.7502097963168,1579.4286077385568,32885.163087598296,392102.85091946064
photometry_tables/flux_table_JWST-0.5,97,-0.5,1.0,450.0,3.505,1.9,0.1246,False,1027.0698960262819,15114.716300850065,4184.080195674278,1146.3045071179984,2658.887730705083,45248.06378555484,494083.10091065546
photometry_tables/flux_table_JWST-0.5,98,-0.5,1.0,475.0,3.505,1.93,0.1256,False,1740.203348538837,27422.05515393157,7211.074791828998,2203.941181810109,4226.686142656029,59937.68983266386,606736.3295885054
photometry_tables/flux_table_JWST-0.5,99,-0.5,1.0,500.0,3.505,1.96,0.1265,False,2834.001005509095,45446.45372095086,11792.340206530025,3937.3135370085056,6418.00424483918,77090.34690644301,730297.8128733654
photometry_tables/flux_table_JWST-0.5,100,-0.5,1.0,525.0,3.505,1.99,0.1274,False,4427.9223877870745,69807.1648633029,18428.924889705544,6646.606990710733,9408.058300365892,96827.78562612491,864569.6780339127
photometry_tables/flux_table_JWST-0.5,101,-0.5,1.0,550.0,3.505,2.01,0.1282,False,6668.067692136219,101321.12424127331,27656.6771505015,10712.726072029478,13399.851948997974,119261.42658558214,1009020.5237643569
photometry_tables/flux_table_JWST-0.5,102,-0.5,1.0,575.0,3.505,2.04,0.1291,False,9806.18314321971,141481.6121971318,40466.905946508734,16919.986025030048,18676.69385644388,145478.89712157103,1171116.2307544395
photometry_tables/flux_table_JWST-0.5,103,-0.5,1.0,600.0,3.505,2.06,0.1299,False,13705.66145311539,187931.68168032684,55411.51189716867,24842.76893696803,25971.67741402011,173860.12999070983,1325256.673959098
photometry_tables/flux_table_JWST-0.5,104,-0.5,1.0,650.0,3.505,2.12,0.1315,False,24917.243712538988,308602.8979436064,97656.24024994945,49579.2553906303,47173.7064268488,240104.33435693214,1659969.0854431004
photometry_tables/flux_table_JWST-0.5,105,-0.5,1.0,700.0,3.505,2.17,0.133,False,42413.098391048814,473914.50362369727,159918.9759167676,90219.4136035736,79213.64541528511,318346.4417556433,2022087.758401444
photometry_tables/flux_table_JWST-0.5,106,-0.5,1.0,750.0,3.505,2.22,0.1346,False,67826.5926015363,690239.803840242,248427.6893696803,154383.186282482,125602.99636948746,410487.55983364856,2418800.223147844
photometry_tables/flux_table_JWST-0.5,107,-0.5,1.0,800.0,3.505,2.27,0.1362,False,103228.59110529984,964495.043135074,369913.3456703485,251651.77616146434,190633.8417134332,518203.0920072271,2850361.87186089
photometry_tables/flux_table_JWST-0.5,108,-0.5,1.0,850.0,3.505,2.32,0.1376,False,150660.7066186742,1299271.762836751,530517.8488808974,393368.88067320205,279769.26378546515,644169.2655151773,3314362.45009259
photometry_tables/flux_table_JWST-0.5,109,-0.5,1.0,900.0,3.505,2.37,0.139,False,212911.93159295042,1699417.1628867514,737904.2301291008,592925.3245799998,400405.4683305463,793414.256777125,3817684.194975442
photometry_tables/flux_table_JWST-0.5,110,-0.5,1.0,950.0,3.505,2.42,0.1405,False,292280.60659319296,2164711.3787030037,998159.6274917242,864569.6780339127,570558.2638711287,980844.1360309061,4382278.76103672
photometry_tables/flux_table_JWST-0.5,111,-0.5,1.0,1000.0,3.505,2.47,0.1422,False,393278.3145683417,2710191.6318908427,1332293.7789769396,1221237.1301653085,805193.0173083078,1219270.31397004,5021113.054699536
photometry_tables/flux_table_JWST-0.5,112,-0.5,1.0,1100.0,3.505,2.6,0.1457,False,671274.2685170477,4070052.3944023354,2297206.3071583537,2216154.32595972,1521247.9290080408,1909853.2585662382,6511784.205461808
photometry_tables/flux_table_JWST-0.5,113,-0.5,1.0,1200.0,3.505,2.74,0.1495,False,1063653.0750764383,5855985.5984928785,3812413.511042991,3659316.719753481,2634510.901466034,3110999.9204245573,8406205.448507713
photometry_tables/flux_table_JWST-0.5,114,-0.5,1.0,1300.0,3.505,2.88,0.1535,False,1574707.877289848,8147042.840208396,6002055.403871973,5725323.0939417565,4120026.4106055372,5265019.693769152,10839269.140212033
photometry_tables/flux_table_JWST-0.5,115,-0.5,1.0,1400.0,3.505,3.04,0.1577,False,2225358.5780465165,11096857.26774124,8900204.796255259,8663632.065076614,5945659.032958391,8598050.666611746,13819744.059012955
photometry_tables/flux_table_JWST-0.5,116,-0.5,1.0,1500.0,3.505,3.22,0.1622,False,3054921.113215513,14941699.574067013,12589254.117941674,12729167.461935602,8277515.4493057225,13412199.35405371,17314103.12890154
photometry_tables/flux_table_JWST-0.5,117,-0.5,1.0,1600.0,3.505,3.41,0.1668,False,4136185.4257266186,20017046.589899592,17338039.977541383,18243157.181794293,11428783.34789772,20521069.9145127,21423972.39127231
photometry_tables/flux_table_JWST-0.5,118,-0.5,1.0,1700.0,3.505,3.63,0.1723,False,5665001.11919533,26933946.926107906,23631973.99154016,25521135.891302273,15424105.957495961,29281950.355742693,26254273.189937
photometry_tables/flux_table_JWST-0.5,119,-0.5,1.0,1800.0,3.505,3.9,0.1784,False,7943282.347242815,36374748.56426324,32166217.92879041,35228974.39914557,20902585.08857907,40318094.64434651,32314690.444798857
photometry_tables/flux_table_JWST-0.5,120,-0.5,1.0,1900.0,3.505,4.21,0.1855,False,11415633.046188459,49000442.27932357,43631485.55506763,47940217.49415104,28242295.971441157,52917583.04203467,39939258.71780299
photometry_tables/flux_table_JWST-0.5,121,-0.5,1.0,2000.0,3.505,4.57,0.1932,False,16772584.943293506,65599420.06647444,58925055.46643291,64431760.8047901,38027694.82436103,66742120.38584769,49510806.411766574
photometry_tables/flux_table_JWST-0.5,122,-0.5,1.0,2100.0,3.505,5.0,0.2021,False,24700173.28046605,87216770.22030956,79414535.494468,85861802.22335984,51333396.43802892,82356901.71536098,61702107.77438462
photometry_tables/flux_table_JWST-0.5,123,-0.5,1.0,2200.0,3.505,5.53,0.2126,False,36107714.5100353,115664477.41656461,107423673.60154311,114366807.99117078,70129380.09624125,101601471.9899765,77696239.59921388
photometry_tables/flux_table_JWST-0.5,124,-0.5,1.0,2300.0,3.505,6.22,0.2254,False,52674448.83319061,153850885.4276409,146588533.46709862,153073495.63507292,96649586.4314214,126911214.44451904,98855309.4656939
photometry_tables/flux_table_JWST-0.5,125,-0.5,1.0,2400.0,3.505,7.09,0.2406,False,77143617.42839135,204974577.54533985,200955547.65889192,205399792.25106287,133137378.08311361,160250723.88814196,126240876.14670482
photometry_tables/flux_table_JWST-0.5,126,-0.5,1.0,200.0,4.0,4.41,0.1074,False,3.947298776597859,0.03976490964745655,0.478630092322638,0.0014743479830613643,0.3805397250027089,170.13748158991976,10801.89620881891
photometry_tables/flux_table_JWST-0.5,127,-0.5,1.0,225.0,4.0,4.5,0.1084,False,8.163943679645648,0.33542853083268953,2.2511270159128807,0.011770637907805696,1.526159765625463,451.3360253409558,19692.461270145548
photometry_tables/flux_table_JWST-0.5,128,-0.5,1.0,250.0,4.0,4.58,0.1094,False,15.609895654550606,2.172200953521927,8.51138038202376,0.0755092227665434,5.250491986747625,1042.7975448505067,33350.31958716416
photometry_tables/flux_table_JWST-0.5,129,-0.5,1.0,275.0,4.0,4.67,0.1105,False,29.100469778377114,11.066237839776653,26.865813772687,0.4003132821780238,15.635076121283907,2147.335974820855,53088.444423098845
photometry_tables/flux_table_JWST-0.5,130,-0.5,1.0,300.0,4.0,4.75,0.1115,False,53.65373995198512,45.77201167050861,73.06342048960191,1.7939073117342048,41.07712125533876,4024.389433137699,80241.67763085848
photometry_tables/flux_table_JWST-0.5,131,-0.5,1.0,325.0,4.0,4.84,0.1125,False,96.93932693002564,158.89125671188603,175.99486638014693,6.892868607318448,96.98397942067511,6971.078929020044,116011.22161480536
photometry_tables/flux_table_JWST-0.5,132,-0.5,1.0,350.0,4.0,4.92,0.1135,False,168.3061555701663,466.76684497940215,379.2276545253622,22.443986561783117,206.06299132700005,11215.018646668646,160546.1886800972
photometry_tables/flux_table_JWST-0.5,133,-0.5,1.0,375.0,4.0,5.01,0.1144,False,288.13764348397,1249.9711805783709,774.1052270741218,66.34374757931711,414.2857544606856,17322.07840428825,217170.08433479915
photometry_tables/flux_table_JWST-0.5,134,-0.5,1.0,400.0,4.0,5.1,0.1154,False,480.2860802396913,2985.3826189179604,1479.7896996190289,172.70304704256864,775.175432069081,25480.033813619888,285233.1512299011
photometry_tables/flux_table_JWST-0.5,135,-0.5,1.0,425.0,4.0,5.18,0.1164,False,784.5127388202924,6469.9362280868145,2685.344445658506,403.27379297611304,1364.2689658817058,36008.08291734827,365342.3348834556
photometry_tables/flux_table_JWST-0.5,136,-0.5,1.0,450.0,4.0,5.26,0.1173,False,1255.1626285350878,12793.813041575246,4639.807899821257,851.5300920209447,2266.731082930537,49023.01301361681,456772.5533088668
photometry_tables/flux_table_JWST-0.5,137,-0.5,1.0,475.0,4.0,5.33,0.1181,False,1965.621980580368,23184.620954131304,7633.083267091843,1639.0794298229418,3564.5113342624427,64416.92655151772,557570.7721787938
photometry_tables/flux_table_JWST-0.5,138,-0.5,1.0,500.0,4.0,5.39,0.1187,False,2984.695288301337,38229.62165659195,12042.03818471762,2930.2184598312765,5360.434578161431,82224.26499470712,666806.7692136221
photometry_tables/flux_table_JWST-0.5,139,-0.5,1.0,525.0,4.0,5.44,0.1193,False,4410.623631214368,58789.53159960762,18314.70804661351,4934.00971187958,7773.202827984621,102517.97048255574,784874.10348873
photometry_tables/flux_table_JWST-0.5,140,-0.5,1.0,550.0,4.0,5.5,0.1199,False,6327.031548665012,85211.85113792302,26822.546076084942,7954.263981453599,11050.959823315388,125805.60772203436,911800.8652746619
photometry_tables/flux_table_JWST-0.5,141,-0.5,1.0,575.0,4.0,5.56,0.1205,False,8792.249425494785,117625.09846847232,37757.2190925416,12342.410879360517,15613.490379696503,152580.83948074895,1045923.6904631683
photometry_tables/flux_table_JWST-0.5,142,-0.5,1.0,600.0,4.0,5.61,0.1212,False,11942.630620397742,157979.23264883805,51582.21650723056,18437.41367771738,21587.383160128145,182473.58307625804,1187681.5226774688
photometry_tables/flux_table_JWST-0.5,143,-0.5,1.0,650.0,4.0,5.72,0.1223,False,20984.566404923688,261095.8686585932,90157.1137605957,36974.303349809736,38967.271730789966,250784.10100331638,1486962.4448689483
photometry_tables/flux_table_JWST-0.5,144,-0.5,1.0,700.0,4.0,5.83,0.1235,False,34849.77672404487,404110.37451349036,146487.30866134344,67204.75466282961,65087.861084040924,330978.66507284064,1811340.0926196026
photometry_tables/flux_table_JWST-0.5,145,-0.5,1.0,750.0,4.0,5.94,0.1246,False,55144.22023817437,592652.3352402154,224957.25294225218,114287.83347897718,102588.81185266034,424521.8029340836,2165209.879307928
photometry_tables/flux_table_JWST-0.5,146,-0.5,1.0,800.0,4.0,6.05,0.1258,False,83772.21525750586,833681.1846196343,331436.24500925903,184586.5275851294,153992.65260594917,531618.3950739626,2545657.6639294825
photometry_tables/flux_table_JWST-0.5,147,-0.5,1.0,850.0,4.0,6.17,0.127,False,122941.92247093774,1133704.8381054106,471302.7784024219,286088.23606272065,223254.38616167428,654636.1740672749,2956650.5650829426
photometry_tables/flux_table_JWST-0.5,148,-0.5,1.0,900.0,4.0,6.29,0.1282,False,175307.29959714436,1498304.2106226592,651778.4543191389,428745.9197337661,314992.34527844726,796709.507808649,3402514.620270236
photometry_tables/flux_table_JWST-0.5,149,-0.5,1.0,950.0,4.0,6.41,0.1295,False,243276.41092246948,1930189.727634576,877404.7879567534,626036.9976726428,438126.9820224931,965161.5228750958,3892243.4816444144
photometry_tables/flux_table_JWST-0.5,150,-0.5,1.0,1000.0,4.0,6.54,0.1308,False,330826.27885569783,2434445.183692201,1160646.5906018952,887156.0120379609,599652.9851553353,1163590.052984759,4424864.743556649
photometry_tables/flux_table_JWST-0.5,151,-0.5,1.0,1100.0,4.0,6.81,0.1335,False,577829.885628221,3682985.4234157223,1970606.903989111,1648541.9386361632,1084426.1957670741,1696680.2323464637,5645468.649299897
photometry_tables/flux_table_JWST-0.5,152,-0.5,1.0,1200.0,4.0,7.1,0.1363,False,930036.5147539602,5252910.484500484,3219585.775790117,2783556.2375774267,1868529.6772558528,2511886.43150958,7125248.247522671
photometry_tables/flux_table_JWST-0.5,153,-0.5,1.0,1300.0,4.0,7.41,0.1392,False,1401522.2602156042,7227698.036021702,5067572.8417728245,4387326.9513252955,3030400.2977883643,3843262.071909514,8966026.125642987
photometry_tables/flux_table_JWST-0.5,154,-0.5,1.0,1400.0,4.0,7.72,0.1421,False,2008167.8041839858,9736435.697988862,7601512.254993878,6623690.022431075,4556170.837990162,6074352.62863583,11246049.739669262
photometry_tables/flux_table_JWST-0.5,155,-0.5,1.0,1500.0,4.0,8.06,0.1452,False,2765667.71505015,12861748.112359105,10774571.314563666,9649393.11805582,6394402.945292841,9349750.030886004,13905928.754654452
photometry_tables/flux_table_JWST-0.5,156,-0.5,1.0,1600.0,4.0,8.42,0.1483,False,3749730.022454835,16853883.98126616,14702798.319828339,13645831.365889246,8653663.429563481,13905928.754654452,16908302.148684103
photometry_tables/flux_table_JWST-0.5,157,-0.5,1.0,1700.0,4.0,8.8,0.1517,False,5067572.8417728245,22003917.096373986,19678862.89706845,18945235.143565923,11700380.894230476,20734807.129046805,20436193.21084467
photometry_tables/flux_table_JWST-0.5,158,-0.5,1.0,1800.0,4.0,9.24,0.1554,False,6872266.615842488,28648375.47190027,25977658.302294247,25591750.90909893,15247547.676599162,28366124.19312516,24344451.836922016
photometry_tables/flux_table_JWST-0.5,159,-0.5,1.0,1900.0,4.0,9.73,0.1595,False,9405892.264269939,37239170.62545685,34142868.07579689,34095730.52931994,19819833.417975,37144968.97976222,29013491.821234
photometry_tables/flux_table_JWST-0.5,160,-0.5,1.0,2000.0,4.0,10.29,0.164,False,13034668.782410134,48250298.00597099,44761022.62460901,44988343.24565386,25870212.734646052,47076048.32565835,34761619.3815381
photometry_tables/flux_table_JWST-0.5,161,-0.5,1.0,2100.0,4.0,10.93,0.169,False,18230559.606810685,62144113.916684814,58331077.65394221,58640815.32764762,33666657.43686227,57517499.846194446,41754183.93198109
photometry_tables/flux_table_JWST-0.5,162,-0.5,1.0,2200.0,4.0,11.68,0.1748,False,25521135.891302273,79414535.494468,75613614.70777294,75770473.28658621,44136714.346343964,68896950.54811367,50489375.62011556
photometry_tables/flux_table_JWST-0.5,163,-0.5,1.0,2300.0,4.0,12.61,0.1816,False,35489509.744230404,100902052.37643562,98039254.46044208,97701222.96741542,58573341.442583784,82337940.52101344,61616922.020027876
photometry_tables/flux_table_JWST-0.5,164,-0.5,1.0,2400.0,4.0,13.73,0.1895,False,49351459.404088296,128380777.04724748,127467656.10253133,125660852.0076332,77624711.66286916,98969186.38691029,75457080.85457739
photometry_tables/flux_table_JWST-0.5,165,-0.5,1.0,200.0,4.5,11.68,0.0983,False,9.032334235672458,0.04829475864447714,0.5627299110134534,0.002176205983185727,0.41533640548907413,218.42382091375686,9865.06611023098
photometry_tables/flux_table_JWST-0.5,166,-0.5,1.0,225.0,4.5,11.82,0.0989,False,17.815581406628933,0.3397034832033798,2.5491770505091176,0.01485251501176595,1.564588018040553,548.9085556070448,17713.321286869803
photometry_tables/flux_table_JWST-0.5,167,-0.5,1.0,250.0,4.5,11.96,0.0995,False,33.35799966620481,1.954789510877667,9.425404555789752,0.08148918982138519,5.130976197780005,1214.7866204712222,29600.564950758202
photometry_tables/flux_table_JWST-0.5,168,-0.5,1.0,275.0,4.5,12.11,0.1001,False,61.108271570250054,9.28538680439702,29.45777902339458,0.3730783093184719,14.692645493623026,2419.914378339217,46601.51117021843
photometry_tables/flux_table_JWST-0.5,169,-0.5,1.0,300.0,4.5,12.26,0.1007,False,109.26976271889095,37.033946939753605,80.20473348006661,1.477746706171993,37.342208543034225,4422.827487168868,69855.40260326942
photometry_tables/flux_table_JWST-0.5,170,-0.5,1.0,325.0,4.5,12.4,0.1013,False,188.0615451350328,125.19875206248814,192.88568602156226,5.1286138399136485,85.25110168263653,7495.489497919584,100184.3765724026
photometry_tables/flux_table_JWST-0.5,171,-0.5,1.0,350.0,4.5,12.55,0.1019,False,310.17014994776895,365.09005248449824,416.1021885174549,15.76521870750091,177.13321286869802,11909.677459951869,138197.4405901295
photometry_tables/flux_table_JWST-0.5,172,-0.5,1.0,375.0,4.5,12.7,0.1025,False,492.37954197195035,938.6420366721355,820.9184188699031,43.47103696062103,341.5073066688272,17943.20421716845,184586.5275851294
photometry_tables/flux_table_JWST-0.5,173,-0.5,1.0,400.0,4.5,12.85,0.1031,False,757.879220916049,2176.205983185727,1511.1236409458827,108.96825594561707,619.7264039282265,25911.94421354662,240104.33435693214
photometry_tables/flux_table_JWST-0.5,174,-0.5,1.0,425.0,4.5,13.0,0.1037,False,1137.1035097106505,4600.446663934779,2629.056987587087,249.45947269429533,1064.6331870513122,36032.965012816,304859.6874189141
photometry_tables/flux_table_JWST-0.5,175,-0.5,1.0,450.0,4.5,13.13,0.1042,False,1645.5080073735573,8790.225168308843,4304.274894883304,522.5164890163824,1742.2079854237252,48294.75864447709,376877.31744534743
photometry_tables/flux_table_JWST-0.5,176,-0.5,1.0,475.0,4.5,13.25,0.1047,False,2363.7416081162946,15841.63490206373,6826.529950876831,1020.9394837076796,2736.5286541924665,63081.207790769586,458036.4077908268
photometry_tables/flux_table_JWST-0.5,177,-0.5,1.0,500.0,4.5,13.36,0.1051,False,3290.031075247056,26278.46540838493,10392.020624802013,1845.8652758512937,4120.975190973304,80038.69518094971,545255.4309382916
photometry_tables/flux_table_JWST-0.5,178,-0.5,1.0,525.0,4.5,13.46,0.1055,False,4479.195312542835,40663.05463404283,15272.143636465364,3152.1000945192795,6028.371389224644,99448.90371547922,638704.5353025887
photometry_tables/flux_table_JWST-0.5,179,-0.5,1.0,550.0,4.5,13.57,0.106,False,5985.494002869498,59483.977406922124,21812.226560835203,5120.354149383066,8605.973411928224,121450.6937715779,738584.178120797
photometry_tables/flux_table_JWST-0.5,180,-0.5,1.0,575.0,4.5,13.68,0.1064,False,7866.834251584494,83138.0817915622,30387.851820611788,7974.436424126813,12033.722711826847,146184.05344787936,844695.1488445787
photometry_tables/flux_table_JWST-0.5,181,-0.5,1.0,600.0,4.5,13.78,0.1068,False,10176.536626205334,111943.78834671516,41352.33143476058,11970.161227254175,16527.2272994873,173820.10182494132,957194.0712948445
photometry_tables/flux_table_JWST-0.5,182,-0.5,1.0,650.0,4.5,13.98,0.1076,False,16710.90614310708,189190.79405854794,72060.95277894146,24188.002231478433,29241.52377843335,236319.73991540167,1195914.1376940757
photometry_tables/flux_table_JWST-0.5,183,-0.5,1.0,700.0,4.5,14.19,0.1084,False,26424.08757321946,296278.4063758793,116680.96170609623,44258.83723626265,48461.85122401829,309813.2588484403,1455459.080581966
photometry_tables/flux_table_JWST-0.5,184,-0.5,1.0,750.0,4.5,14.4,0.1092,False,40578.87475917287,439845.34492163145,178607.6268241424,75196.91088652654,75910.17628812525,394548.1396833013,1735801.26287145
photometry_tables/flux_table_JWST-0.5,185,-0.5,1.0,800.0,4.5,14.61,0.1099,False,60367.056478584476,624597.1525332755,261095.8686585932,120753.57577096693,113448.82442111651,490794.8534495558,2036573.0854303287
photometry_tables/flux_table_JWST-0.5,186,-0.5,1.0,850.0,4.5,14.82,0.1107,False,87256.94427701164,855066.7128846833,367366.88011030346,185866.0202688539,163267.59670752563,599652.9851553353,2359391.443044049
photometry_tables/flux_table_JWST-0.5,187,-0.5,1.0,900.0,4.5,15.03,0.1115,False,123282.09330346719,1136841.7120933065,502573.98010959144,275994.22828542633,227876.74114329513,721938.1629371594,2705203.8697193516
photometry_tables/flux_table_JWST-0.5,188,-0.5,1.0,950.0,4.5,15.25,0.1124,False,170804.77200597082,1474008.5409738114,672357.107234319,398198.84867155866,310527.45216977596,860003.0668888559,3075388.5988131864
photometry_tables/flux_table_JWST-0.5,189,-0.5,1.0,1000.0,4.5,15.48,0.1132,False,232648.36245182436,1870682.1403658008,884504.4047552622,560660.551647698,415527.7190204326,1016950.935115944,3472162.161722195
photometry_tables/flux_table_JWST-0.5,190,-0.5,1.0,1100.0,4.5,15.98,0.115,False,412287.34072288667,2856274.877264105,1477406.4815896137,1045682.8853581377,717133.4826577211,1409288.7984218746,4365158.3224016605
photometry_tables/flux_table_JWST-0.5,191,-0.5,1.0,1200.0,4.5,16.51,0.1169,False,684069.1418893659,4108658.070106247,2386162.4108794928,1805094.7371315688,1189871.3291600405,1953439.6563982563,5412526.055151544
photometry_tables/flux_table_JWST-0.5,192,-0.5,1.0,1300.0,4.5,17.07,0.1189,False,1057547.7850857894,5645468.649299897,3744553.155859533,2906698.59029883,1910732.981042873,2749159.896551039,6666532.489563033
photometry_tables/flux_table_JWST-0.5,193,-0.5,1.0,1400.0,4.5,17.58,0.1206,False,1527214.3636465366,7464487.584100665,5618236.281342279,4404534.336784064,2931568.1860623383,3963692.9115081034,8152672.562240392
photometry_tables/flux_table_JWST-0.5,194,-0.5,1.0,1500.0,4.5,18.09,0.1224,False,2101841.6802643533,9705099.672454895,8018626.778372011,6406192.7262689825,4243263.484275838,5849247.525411861,9899197.750805842
photometry_tables/flux_table_JWST-0.5,195,-0.5,1.0,1600.0,4.5,18.62,0.1241,False,2840534.0525398017,12399380.859509425,11002718.452957354,9044821.490475902,5822372.674224979,8560517.117200946,11893234.993151847
photometry_tables/flux_table_JWST-0.5,196,-0.5,1.0,1700.0,4.5,19.27,0.1263,False,3816805.241900827,15830695.667064393,14668982.822062869,12465221.497763986,7746401.447537537,12325370.98203345,14151419.329314297
photometry_tables/flux_table_JWST-0.5,197,-0.5,1.0,1800.0,4.5,20.0,0.1287,False,5130976.197780002,20183663.636815608,19182270.0172525,16815121.12376716,10162486.928706955,17534767.02422828,16714754.414476246
photometry_tables/flux_table_JWST-0.5,198,-0.5,1.0,1900.0,4.5,20.76,0.1311,False,6911940.64398049,25585858.869056452,24700173.28046605,22156440.9631286,12965820.353826284,23415314.75169304,19520907.34043305
photometry_tables/flux_table_JWST-0.5,199,-0.5,1.0,2000.0,4.5,21.63,0.1338,False,9375620.069258804,32366817.570165303,31637342.782213803,28860244.09756971,16508210.574890299,30040004.957242284,22840205.128404632
photometry_tables/flux_table_JWST-0.5,200,-0.5,1.0,2100.0,4.5,22.62,0.1368,False,12752637.064597301,40775566.175021246,40327379.2976113,37187758.332493566,21013577.690467477,37110772.94929258,26791683.248190314
photometry_tables/flux_table_JWST-0.5,201,-0.5,1.0,2200.0,4.5,23.77,0.1402,False,17314103.12890154,51132850.03019646,51168183.55403078,47533522.59428053,26872000.56717113,44442655.434399486,31615496.026522942
photometry_tables/flux_table_JWST-0.5,202,-0.5,1.0,2300.0,4.5,25.07,0.144,False,23254124.85873379,63635579.0040944,64550557.87690063,60269834.652118504,34697645.05288518,52203545.51033099,37540495.4472084
photometry_tables/flux_table_JWST-0.5,203,-0.5,1.0,2400.0,4.5,26.73,0.1487,False,31318431.25111643,79177174.58183041,81507955.56116015,76155276.62740397,44998703.387215056,61249140.684748374,44915889.01059318
photometry_tables/flux_table_JWST-0.5,204,-0.5,1.0,200.0,5.0,27.65,0.085,False,17.947336268325248,0.05979983697142513,0.4561419344219824,0.0025609435171567697,0.4758827909888171,270.894382985978,7937.797216901172
photometry_tables/flux_table_JWST-0.5,205,-0.5,1.0,225.0,5.0,27.88,0.0854,False,35.25331811958863,0.3055624615787689,1.9787913352337383,0.015466783270971554,1.646645076720635,636.5023332473052,14024.907319545435
photometry_tables/flux_table_JWST-0.5,206,-0.5,1.0,250.0,5.0,28.11,0.0857,False,65.55412123990993,1.420038110542155,7.161434102129027,0.07559620603389211,5.106225616299567,1338.1352151540198,23189.96002505054
photometry_tables/flux_table_JWST-0.5,207,-0.5,1.0,275.0,5.0,28.35,0.0861,False,116.14486138403426,5.776968506969283,21.787128757202524,0.30967061741707724,14.190575216890926,2557.40788582677,36057.864302164235
photometry_tables/flux_table_JWST-0.5,208,-0.5,1.0,300.0,5.0,28.59,0.0865,False,196.38124092982838,20.730033312893664,58.14334323084471,1.103316212766981,34.97035169434596,4513.360253409558,53431.8240087348
photometry_tables/flux_table_JWST-0.5,209,-0.5,1.0,325.0,5.0,28.83,0.0868,False,319.3007951074664,66.29793476706686,139.79769153227804,3.517223773787032,78.10880616710563,7450.7501463625185,75997.62143610374
photometry_tables/flux_table_JWST-0.5,210,-0.5,1.0,350.0,5.0,29.06,0.0872,False,500.61055252882096,189.7579587720849,305.9144559486408,10.127447488145302,158.41634902063737,11598.451211901669,104303.76855048382
photometry_tables/flux_table_JWST-0.5,211,-0.5,1.0,375.0,5.0,29.3,0.0875,False,758.5775750291835,488.0901012475759,613.762005164794,26.399761293548085,294.6456270865045,17147.46795790127,138707.5177966819
photometry_tables/flux_table_JWST-0.5,212,-0.5,1.0,400.0,5.0,29.54,0.0879,False,1114.2945335917302,1134.749499860109,1138.4134023961324,63.635579004094396,517.4876622934801,24383.722096838275,179845.675747694
photometry_tables/flux_table_JWST-0.5,213,-0.5,1.0,425.0,5.0,29.78,0.0882,False,1598.8215745080963,2415.4608344449402,1976.5144784340346,142.10193769960063,866.961875758217,33450.29868260137,227562.1351631294
photometry_tables/flux_table_JWST-0.5,214,-0.5,1.0,450.0,5.0,30.02,0.0886,False,2242.8488158692844,4733.692033483014,3242.649439899697,294.5777902339458,1388.3533099290457,44483.607488981135,281708.531676939
photometry_tables/flux_table_JWST-0.5,215,-0.5,1.0,475.0,5.0,30.26,0.0889,False,3079.6403415023933,8615.887110661424,5072.2423989265135,569.6393733411835,2135.9938601897957,57517.49984619445,341821.9914176577
photometry_tables/flux_table_JWST-0.5,216,-0.5,1.0,500.0,5.0,30.48,0.0893,False,4143.811582642788,14675.739694005808,7627.812340691608,1033.4750585252098,3172.4880873508805,72560.4554407506,407380.27780411276
photometry_tables/flux_table_JWST-0.5,217,-0.5,1.0,525.0,5.0,30.69,0.0896,False,5415.019189534894,23458.487106449495,11073.884766913274,1767.25817784194,4568.777411858178,89495.2529765287,476979.81411922147
photometry_tables/flux_table_JWST-0.5,218,-0.5,1.0,550.0,5.0,30.87,0.0898,False,6877.015449442091,35424.19582616493,15667.510701081494,2870.780582024692,6400.295121083712,108317.84223845832,550680.8828468292
photometry_tables/flux_table_JWST-0.5,219,-0.5,1.0,575.0,5.0,31.04,0.0901,False,8568.405276916068,50815.94425605605,21612.250865714028,4485.387826207935,8796.299338442333,129240.90783552405,628492.3560377514
photometry_tables/flux_table_JWST-0.5,220,-0.5,1.0,600.0,5.0,31.2,0.0903,False,10543.868963912586,70048.68712316823,29228.060659319293,6728.217155215477,11833.139924744613,152124.79290080408,709741.173094461
photometry_tables/flux_table_JWST-0.5,221,-0.5,1.0,650.0,5.0,31.51,0.0908,False,15642.27799809099,121786.73848912594,50874.48196446909,13819.744059012954,20398.583002685627,204314.8814517168,884300.763535516
photometry_tables/flux_table_JWST-0.5,222,-0.5,1.0,700.0,5.0,31.82,0.0912,False,22667.31082930537,193820.6296074953,82546.7539811731,25751.349904103143,33311.945706820006,265460.55619755393,1073989.4123412448
photometry_tables/flux_table_JWST-0.5,223,-0.5,1.0,750.0,5.0,32.14,0.0917,False,32337.020353739117,290803.74827353144,126881.99542156115,44401.74108068947,51808.378507199275,335969.613691214,1279970.6167051801
photometry_tables/flux_table_JWST-0.5,224,-0.5,1.0,800.0,5.0,32.49,0.0922,False,45258.48373686597,415910.6104940221,184799.16305785245,72310.27280500617,77481.853277562,416389.7210251639,1502449.9029989142
photometry_tables/flux_table_JWST-0.5,225,-0.5,1.0,850.0,5.0,32.85,0.0927,False,62632.53647582226,575572.4525351101,259956.09232239326,111660.61101192395,111275.61417305202,505824.66200311406,1739001.6737436536
photometry_tables/flux_table_JWST-0.5,226,-0.5,1.0,900.0,5.0,33.21,0.0932,False,85624.88476063554,773570.6787749389,354895.097442304,165120.12168506315,154347.64233245322,604087.7096990728,1988382.8103967502
photometry_tables/flux_table_JWST-0.5,227,-0.5,1.0,950.0,5.0,33.58,0.0937,False,115664.47741656458,1013677.9508886493,472933.4149186518,236047.82331805772,208209.24052201162,711868.8672622805,2251127.015912879
photometry_tables/flux_table_JWST-0.5,228,-0.5,1.0,1000.0,5.0,33.98,0.0943,False,154489.8672515441,1298972.6288978546,618301.0727517133,328927.3604806476,274915.9896551039,831189.4074456193,2529880.455887928
photometry_tables/flux_table_JWST-0.5,229,-0.5,1.0,1100.0,5.0,34.79,0.0954,False,267177.5727117946,2009092.8126087282,1014612.0128695826,602698.346521185,458036.4077908268,1113268.702883846,3141231.905986187
photometry_tables/flux_table_JWST-0.5,230,-0.5,1.0,1200.0,5.0,35.65,0.0966,False,442690.2938351729,2911387.4126187544,1613243.782515912,1043518.1327286236,733837.6673335377,1479108.3881682074,3846803.477718909
photometry_tables/flux_table_JWST-0.5,231,-0.5,1.0,1300.0,5.0,36.58,0.0978,False,696466.1283938878,4012360.9959918936,2512464.8813287695,1717117.443244453,1144194.8798169862,1971968.6212798366,4667668.449794024
photometry_tables/flux_table_JWST-0.5,232,-0.5,1.0,1400.0,5.0,37.6,0.0992,False,1035618.9770449862,5322307.958283605,3805397.2500270884,2677934.8062597066,1743010.4866194986,2658887.730705083,5627299.110134531
photometry_tables/flux_table_JWST-0.5,233,-0.5,1.0,1500.0,5.0,38.65,0.1005,False,1467573.9694005805,6880183.161430381,5561603.195975924,3985657.723134011,2585234.8395621907,3676207.3582940875,6760829.7539198175
photometry_tables/flux_table_JWST-0.5,234,-0.5,1.0,1600.0,5.0,39.77,0.102,False,2004933.6272477256,8735746.039721522,7796505.686758152,5712155.21623043,3680442.185719931,5203553.211345587,8085371.885255467
photometry_tables/flux_table_JWST-0.5,235,-0.5,1.0,1700.0,5.0,40.93,0.1035,False,2679168.324819032,10967306.986474177,10495424.286523221,7903145.908644706,4995741.981759637,7353599.954754005,9563128.688459966
photometry_tables/flux_table_JWST-0.5,236,-0.5,1.0,1800.0,5.0,42.05,0.1049,False,3556313.1856898535,13680437.930569343,13693043.883912075,10609624.171364931,6531305.526474723,10251797.048255572,11153213.095598543
photometry_tables/flux_table_JWST-0.5,237,-0.5,1.0,1900.0,5.0,43.2,0.1063,False,4734782.131851524,17013748.158991978,17510558.57478778,13941194.940347452,8325302.0674924245,13947616.576399937,12885462.162679734
photometry_tables/flux_table_JWST-0.5,238,-0.5,1.0,2000.0,5.0,44.49,0.1079,False,6343077.2420823565,21139757.447041985,22136043.52166926,18042636.51664125,10495424.286523221,18373842.952834487,14845676.750522722
photometry_tables/flux_table_JWST-0.5,239,-0.5,1.0,2100.0,5.0,45.99,0.1097,False,8523147.415083678,26181830.082189847,27739587.58729894,23062161.016970634,13115957.477555474,23120647.90175595,17104091.06002734
photometry_tables/flux_table_JWST-0.5,240,-0.5,1.0,2200.0,5.0,47.7,0.1117,False,11415633.046188459,32247793.19316376,34514373.93358562,29221331.4244037,16439931.362213211,28022056.216667466,19778802.77942401
photometry_tables/flux_table_JWST-0.5,241,-0.5,1.0,2300.0,5.0,49.62,0.1139,False,15156537.556969779,39509360.47894299,42677601.11703539,36694417.67337162,20696647.360042114,32907887.20121735,22977353.19360636
photometry_tables/flux_table_JWST-0.5,242,-0.5,1.0,2400.0,5.0,51.88,0.1165,False,19870097.58501157,48172590.35591632,52529104.84500482,45761473.48863336,26272415.264688585,38010186.45547668,26865813.772687014
photometry_tables/flux_table_JWST-0.5,243,-0.5,1.0,200.0,5.25,41.73,0.0783,False,22.054641363927477,0.06481865274740793,0.3677900704223862,0.0025421431362049425,0.5472679310676926,302.90050681662177,6916.716892895647
photometry_tables/flux_table_JWST-0.5,244,-0.5,1.0,225.0,5.25,41.96,0.0785,False,46.38739667560314,0.28411881849832443,1.5700012565614903,0.014571357047304206,1.7819684068164154,683.2820313691988,12092.051829432085
photometry_tables/flux_table_JWST-0.5,245,-0.5,1.0,250.0,5.25,42.19,0.0787,False,84.89849665156191,1.1478892797901814,5.620824170602128,0.06739070504398617,5.307622176426454,1386.755828871888,19815.27025805098
photometry_tables/flux_table_JWST-0.5,246,-0.5,1.0,275.0,5.25,42.43,0.0789,False,147.67262673985798,4.312210969401271,17.206795610302997,0.2649720098878961,14.180776099689126,2585.830180421055,30739.726560825144
photometry_tables/flux_table_JWST-0.5,247,-0.5,1.0,300.0,5.25,42.67,0.0792,False,245.01913368807854,14.568002254601636,45.666738964953154,0.9034414246950011,34.403291876822784,4464.779341129964,45279.330838716945
photometry_tables/flux_table_JWST-0.5,248,-0.5,1.0,325.0,5.25,42.91,0.0794,False,390.39118250765995,45.237646233249954,110.33162127669812,2.769491266809683,75.09309424540652,7244.359600749898,64165.26614874052
photometry_tables/flux_table_JWST-0.5,249,-0.5,1.0,350.0,5.25,43.17,0.0796,False,601.727694025024,127.49700999437145,243.27641092246944,7.749969618775763,150.0375624939595,11137.815001346651,87821.32798980061
photometry_tables/flux_table_JWST-0.5,250,-0.5,1.0,375.0,5.25,43.44,0.0799,False,896.6026125642985,326.06185877894,492.0395356814511,19.751496220607603,274.6628992415959,16304.218992825643,116519.87230250005
photometry_tables/flux_table_JWST-0.5,251,-0.5,1.0,400.0,5.25,43.71,0.0801,False,1300.16957803329,756.8328950209743,918.332596483581,46.60151117021843,473.58724812533563,22956.20001212577,150695.40152263537
photometry_tables/flux_table_JWST-0.5,252,-0.5,1.0,425.0,5.25,43.99,0.0804,False,1846.7155239867056,1622.5571405095386,1608.792377888798,102.63606662641492,779.4710681646504,31289.59918963571,190633.8417134332
photometry_tables/flux_table_JWST-0.5,253,-0.5,1.0,450.0,5.25,44.27,0.0806,False,2572.76429534678,3226.264727075673,2662.563658512973,211.00852418604833,1230.835460994012,41390.435884583414,235993.47755516443
photometry_tables/flux_table_JWST-0.5,254,-0.5,1.0,475.0,5.25,44.55,0.0809,False,3499.451670283573,5923.794715877255,4167.734067976718,407.4740913798705,1874.9945080674192,53296.660801027676,286417.79699065804
photometry_tables/flux_table_JWST-0.5,255,-0.5,1.0,500.0,5.25,44.83,0.0811,False,4677.351412871981,10225.863706103939,6267.581644592104,738.0741584201031,2754.862960952472,66957.6187175689,341271.4832386867
photometry_tables/flux_table_JWST-0.5,256,-0.5,1.0,525.0,5.25,45.1,0.0814,False,6078.550092365217,16676.31154610125,9111.712330429193,1273.5030810166616,3947.2987765978546,82489.752393533,400589.90432775085
photometry_tables/flux_table_JWST-0.5,257,-0.5,1.0,550.0,5.25,45.34,0.0816,False,7903.1459086447085,25763.211570025753,12767.327535490127,2048.3303501601617,5436.25725168406,99151.6623805052,461317.5745603794
photometry_tables/flux_table_JWST-0.5,258,-0.5,1.0,575.0,5.25,45.55,0.0818,False,9545.528969328621,37540.4954472084,17652.247174525575,3207.007680303629,7404.572674509,118004.88880689663,526987.1189967232
photometry_tables/flux_table_JWST-0.5,259,-0.5,1.0,600.0,5.25,45.74,0.082,False,11529.221952567676,52601.72663907063,23850.63795465105,4823.918924327151,9867.337887185617,138388.4993584175,594976.7567589802
photometry_tables/flux_table_JWST-0.5,260,-0.5,1.0,650.0,5.25,46.13,0.0823,False,16599.690854431003,93669.88779521162,41067.66398748218,9963.22641954418,16737.862660019928,184374.13677717384,739605.2750582378
photometry_tables/flux_table_JWST-0.5,261,-0.5,1.0,700.0,5.25,46.55,0.0827,False,23227.367963571076,151774.91558612493,67127.42685170476,18702.514494718118,26977.394324449204,238341.68206731536,898255.7377294168
photometry_tables/flux_table_JWST-0.5,262,-0.5,1.0,750.0,5.25,46.98,0.0831,False,31856.64236573113,229403.47906697454,103133.5578304384,32613.6945940879,41744.570782629096,300538.42076633824,1069547.3105661604
photometry_tables/flux_table_JWST-0.5,263,-0.5,1.0,800.0,5.25,47.42,0.0835,False,43072.492098197494,330065.39952850755,150660.7066186742,53678.45410255124,62301.71474290641,371620.78809514234,1255740.785401958
photometry_tables/flux_table_JWST-0.5,264,-0.5,1.0,850.0,5.25,47.86,0.0839,False,57597.018125467126,458141.88671453344,212031.31167398498,83579.54450897024,89515.86239272411,450609.14357309754,1453784.3856076617
photometry_tables/flux_table_JWST-0.5,265,-0.5,1.0,900.0,5.25,48.32,0.0843,False,76418.76239634676,618301.0727517133,289667.65264870983,124251.0306929009,124279.64384409151,537279.1656065098,1662264.002393129
photometry_tables/flux_table_JWST-0.5,266,-0.5,1.0,950.0,5.25,48.78,0.0847,False,100577.3063001738,813579.5056053962,386011.28374531993,177991.80203953353,167532.8590281523,631538.7453743854,1881481.7062183588
photometry_tables/flux_table_JWST-0.5,267,-0.5,1.0,1000.0,5.25,49.27,0.0851,False,131401.40230390377,1047852.1287135911,504080.6191026694,247685.16757935457,220546.41363927495,734513.868157115,2112515.966240852
photometry_tables/flux_table_JWST-0.5,268,-0.5,1.0,1100.0,5.25,50.31,0.086,False,219533.09491398497,1640212.0569318517,822621.3938831101,450505.3989279238,363328.9468501314,972523.2662363474,2613966.394904875
photometry_tables/flux_table_JWST-0.5,269,-0.5,1.0,1200.0,5.25,51.42,0.0869,False,355631.3185689853,2398280.6309144567,1296283.520705068,773392.5780489972,573191.841158763,1271452.0899170637,3181998.7155303117
photometry_tables/flux_table_JWST-0.5,270,-0.5,1.0,1300.0,5.25,52.6,0.0879,False,554753.4349517692,3314362.45009259,2007243.2216432942,1274089.6859191111,881251.7653660824,1662646.796893536,3838839.8990276856
photometry_tables/flux_table_JWST-0.5,271,-0.5,1.0,1400.0,5.25,53.87,0.089,False,827560.9700353538,4397440.7844736865,3046491.705257325,2012333.6987652767,1328617.5963958018,2190786.2171648433,4601506.077890589
photometry_tables/flux_table_JWST-0.5,272,-0.5,1.0,1500.0,5.25,55.2,0.0901,False,1176250.9846847232,5658482.798597853,4465807.512933516,3027610.4809231306,1959295.7660924206,2926173.0085665737,5476461.009618942
photometry_tables/flux_table_JWST-0.5,273,-0.5,1.0,1600.0,5.25,56.62,0.0912,False,1616590.4169544692,7151547.04659282,6308120.779076958,4374213.7356813075,2811900.8303989405,4009590.3122771955,6493816.315762113
photometry_tables/flux_table_JWST-0.5,274,-0.5,1.0,1700.0,5.25,58.12,0.0924,False,2174202.5461617326,8935111.986052195,8586180.222335983,6096772.644572436,3871684.858187977,5571857.489319298,7648917.910070718
photometry_tables/flux_table_JWST-0.5,275,-0.5,1.0,1800.0,5.25,59.72,0.0937,False,2884031.503126606,11073884.766913272,11300560.897485359,8237586.727618757,5125072.342311759,7730364.996011331,8924830.977580352
photometry_tables/flux_table_JWST-0.5,276,-0.5,1.0,1900.0,5.25,61.43,0.095,False,3827366.048098136,13680437.930569343,14507747.890889114,10869260.563262286,6600852.070021597,10599856.845091678,10322859.110529985
photometry_tables/flux_table_JWST-0.5,277,-0.5,1.0,2000.0,5.25,63.25,0.0964,False,5106225.616299567,16884958.594867535,18335805.775977757,14086399.463612564,8327219.259852409,14099379.493587233,11871347.010435987
photometry_tables/flux_table_JWST-0.5,278,-0.5,1.0,2100.0,5.25,65.21,0.0979,False,6834393.809860218,20796966.871036958,22924506.747734424,18021876.116640497,10392020.624802014,18005284.99698873,13626991.969948696
photometry_tables/flux_table_JWST-0.5,279,-0.5,1.0,2200.0,5.25,67.39,0.0995,False,9115909.395361671,25480033.813619886,28372656.48662569,22829689.246791787,12962835.207050681,22074963.796691373,15671118.694109563
photometry_tables/flux_table_JWST-0.5,280,-0.5,1.0,2300.0,5.25,69.78,0.1012,False,12042038.184717618,31009873.885323443,34809677.5232401,28608823.60627206,16199439.939036293,26073540.04455389,18071741.260109268
photometry_tables/flux_table_JWST-0.5,281,-0.5,1.0,2400.0,5.25,72.49,0.1032,False,15765218.707500901,37549140.46098423,42432634.84275837,35505857.03126239,20290838.770092048,30040004.957242284,20912213.301552877
photometry_tables/flux_table_JWST-0.5,282,-0.5,1.0,200.0,5.5,62.23,0.0718,False,11.994993031493781,0.052941958101742743,0.29254993098970694,0.002382868081847305,0.6538829300047421,336.6665743686229,5933.35044380004
photometry_tables/flux_table_JWST-0.5,283,-0.5,1.0,225.0,5.5,62.5,0.0719,False,46.63371347469934,0.24513199515434259,1.2350939660148639,0.013082778844452348,1.9925076614963984,729.2895657917228,10301.48892582435
photometry_tables/flux_table_JWST-0.5,284,-0.5,1.0,250.0,5.5,62.77,0.0721,False,103.5142166679344,0.9358365435835292,4.373206651696446,0.057956213017630376,5.648069082416762,1431.1989205418517,16776.447418366457
photometry_tables/flux_table_JWST-0.5,285,-0.5,1.0,275.0,5.5,63.03,0.0722,False,175.9543467297462,3.1637342782213835,13.203832306666536,0.21702012035683532,14.672360869077524,2587.617025712439,25798.82936040372
photometry_tables/flux_table_JWST-0.5,286,-0.5,1.0,300.0,5.5,63.29,0.0724,False,287.8061036489526,10.174193661806054,35.481338923357534,0.719117735782509,34.300464394337695,4381.269820224929,37975.19389713327
photometry_tables/flux_table_JWST-0.5,287,-0.5,1.0,325.0,5.5,63.54,0.0725,False,450.19430828243105,30.535145939402888,86.1985578705759,2.1409178345704625,73.21498875340647,6995.197810512134,53690.81544647209
photometry_tables/flux_table_JWST-0.5,288,-0.5,1.0,350.0,5.5,63.79,0.0727,False,683.9116472814293,84.158890234291,190.6338417134331,5.839827246189302,143.648137689049,10612.067408888177,73316.20890272113
photometry_tables/flux_table_JWST-0.5,289,-0.5,1.0,375.0,5.5,64.04,0.0728,False,1008.3237577615514,212.22668969007816,387.25764492161727,14.541191703751773,257.75078699705375,15356.774248772592,97028.6524792922
photometry_tables/flux_table_JWST-0.5,290,-0.5,1.0,400.0,5.5,64.29,0.0729,False,1452.4460171418389,494.08310091065545,729.6254933925088,33.63566357483619,436.0135640003989,21409.178345704648,125169.92730317253
photometry_tables/flux_table_JWST-0.5,291,-0.5,1.0,425.0,5.5,64.54,0.0731,False,2051.6345307506313,1062.184598668702,1284.694899831193,72.91216599950674,704.8553492252092,28926.773831200917,157979.23264883805
photometry_tables/flux_table_JWST-0.5,292,-0.5,1.0,450.0,5.5,64.78,0.0732,False,2846.4266703742237,2117.8734207237057,2132.062835811657,148.6277831007335,1096.2257517731089,38010.18645547667,195388.95042902103
photometry_tables/flux_table_JWST-0.5,293,-0.5,1.0,475.0,5.5,65.03,0.0734,False,3885.08030374528,3959.1321672816607,3368.992157414906,284.64266703742237,1643.9931362213213,48651.92179849536,236973.61843832108
photometry_tables/flux_table_JWST-0.5,294,-0.5,1.0,500.0,5.5,65.29,0.0735,False,5190.39010197082,6915.124443319208,5075.747390289013,516.7732202999586,2393.8669011741927,60911.598946133825,282487.99749157066
photometry_tables/flux_table_JWST-0.5,295,-0.5,1.0,525.0,5.5,65.54,0.0736,False,6771.735710786895,11439.314495393068,7384.1413240693855,885.1156098308356,3376.758486420327,74610.50851930631,331131.1214825911
photometry_tables/flux_table_JWST-0.5,296,-0.5,1.0,550.0,5.5,65.8,0.0738,False,8588.157491027288,17943.20421716845,10408.784089172661,1444.1090844161222,4643.01407281803,89722.21776728788,382560.38866803836
photometry_tables/flux_table_JWST-0.5,297,-0.5,1.0,575.0,5.5,66.06,0.0739,False,10626.738654024648,26748.534939635447,14269.212315793646,2252.6825765754256,6240.221421389766,106169.55571987247,436214.4019080489
photometry_tables/flux_table_JWST-0.5,298,-0.5,1.0,600.0,5.5,66.33,0.0741,False,12921.115244259301,38273.66048098136,19164.61062735386,3390.002355756172,8231.898369213966,124050.92300422254,492379.5419719504
photometry_tables/flux_table_JWST-0.5,299,-0.5,1.0,650.0,5.5,66.88,0.0744,False,18310.49141471676,70469.30689671471,33059.78310704325,7072.94042404576,13759.415960633889,164626.59663282975,613055.7921498207
photometry_tables/flux_table_JWST-0.5,300,-0.5,1.0,700.0,5.5,67.37,0.0747,False,25113.081148680496,116546.70508371973,53579.66575133417,13310.672559803745,21817.249589883,210959.94327111894,741822.4971807319
photometry_tables/flux_table_JWST-0.5,301,-0.5,1.0,750.0,5.5,67.87,0.0749,False,33566.03166999334,178607.6268241424,82660.87535038561,23399.145610550993,33373.36513051487,264606.1902852945,882470.1010756545
photometry_tables/flux_table_JWST-0.5,302,-0.5,1.0,800.0,5.5,68.5,0.0753,False,44136.714346343964,259238.79852913533,121143.46740128337,38815.03659906482,49522.208008852154,325911.7363134845,1035142.1666793439
photometry_tables/flux_table_JWST-0.5,303,-0.5,1.0,850.0,5.5,69.05,0.0756,False,57240.04941344639,361160.2957582317,170411.93193155376,61192.75411239089,71154.11150074337,394548.1396833013,1198395.0320772685
photometry_tables/flux_table_JWST-0.5,304,-0.5,1.0,900.0,5.5,69.62,0.0759,False,73671.58270298777,488764.8886615809,232916.36302139662,91790.9786057337,98878.07436269285,469785.9239439368,1370881.7661648535
photometry_tables/flux_table_JWST-0.5,305,-0.5,1.0,950.0,5.5,70.2,0.0762,False,94167.27433955183,645356.962727405,310527.45216977596,132251.31530409458,133444.29143666258,551442.2023817437,1552387.0099580823
photometry_tables/flux_table_JWST-0.5,306,-0.5,1.0,1000.0,5.5,70.8,0.0765,False,119591.41376940756,833297.3486343167,405601.91798991413,184629.0350974783,175751.88836859632,640176.9013178955,1743411.8758257076
photometry_tables/flux_table_JWST-0.5,307,-0.5,1.0,1100.0,5.5,72.09,0.0772,False,190151.60697745817,1315830.6550959186,660085.2070021597,335119.73196770786,287938.6737807978,841782.7076608127,2155261.6435661577
photometry_tables/flux_table_JWST-0.5,308,-0.5,1.0,1200.0,5.5,73.5,0.078,False,297098.1859118729,1950293.6197623056,1033237.11949363,571873.5365066646,449262.3246702934,1087677.1376309998,2616375.0559858195
photometry_tables/flux_table_JWST-0.5,309,-0.5,1.0,1300.0,5.5,75.02,0.0788,False,452689.0608773582,2727093.322683902,1587449.7982957566,937346.1501481733,681239.7799659155,1399909.6265683428,3139785.64827282
photometry_tables/flux_table_JWST-0.5,310,-0.5,1.0,1400.0,5.5,76.6,0.0796,True,666039.5212984231,3622429.9841669863,2405470.3049880955,1487304.8700465306,1014612.0128695826,1810089.2952707564,3741967.403366644
photometry_tables/flux_table_JWST-0.5,311,-0.5,1.0,1500.0,5.5,77.44,0.0801,True,937130.3430676046,4608928.809808953,3517223.773787034,2246984.1036401563,1472312.5024327189,2338298.7634799127,4384297.3397456715
photometry_tables/flux_table_JWST-0.5,312,-0.5,1.0,1600.0,5.5,78.57,0.0806,True,1275263.7064597306,5737200.135493513,4959067.27504904,3254617.8349804585,2096524.7802919587,3077513.7359078685,5114462.515963048
photometry_tables/flux_table_JWST-0.5,313,-0.5,1.0,1700.0,5.5,80.13,0.0814,True,1702942.5618775487,7082718.805467452,6774854.928498456,4549880.601500486,2901349.182123401,4148585.0693445425,5957993.155981376
photometry_tables/flux_table_JWST-0.5,314,-0.5,1.0,1800.0,5.5,82.08,0.0824,True,2262038.5397696206,8719669.01287074,8984625.925706858,6178741.1298544,3884185.8339296277,5672833.016309788,6919902.892284817
photometry_tables/flux_table_JWST-0.5,315,-0.5,1.0,1900.0,5.5,84.13,0.0834,True,2986757.75503349,10668417.42340247,11577105.741152711,8177113.012534676,5040806.191026695,7755324.957585906,7978109.633536666
photometry_tables/flux_table_JWST-0.5,316,-0.5,1.0,2000.0,5.5,85.79,0.0843,True,3920125.7629516497,12941958.414499864,14527804.937031424,10522041.248852432,6332861.644521975,10301488.92582435,9080295.876478828
photometry_tables/flux_table_JWST-0.5,317,-0.5,1.0,2100.0,5.5,86.97,0.0848,True,5138069.802323447,15573993.89080855,17848429.164980076,13267833.107241604,7794710.681646506,13131066.477410138,10237643.446432743
photometry_tables/flux_table_JWST-0.5,318,-0.5,1.0,2200.0,5.5,88.83,0.0857,True,6762386.671740491,18788841.37930438,21812226.5608352,16660959.166669674,9607270.084891202,16169626.93512303,11617160.780585676
photometry_tables/flux_table_JWST-0.5,319,-0.5,1.0,2300.0,5.5,90.98,0.0868,True,8843007.63535516,22583955.01145551,26430172.644776534,20730033.31289365,11854957.462545464,19133745.80542302,13228177.080099346
photometry_tables/flux_table_JWST-0.5,320,-0.5,1.0,2400.0,5.5,93.28,0.0879,True,11449855.346901888,26971183.264949366,31710274.389478933,25450715.720695075,14598223.215980565,21912907.22414486,15073010.441631315
photometry_tables/flux_table_JWST+0.0,48,0.0,1.0,200.0,3.255,0.86,0.112,False,0.20849709101237104,0.02133044913146575,0.03837956075232978,0.00043451022417157143,0.0856248847606355,33.181804482724736,7433.613896551785
photometry_tables/flux_table_JWST+0.0,49,0.0,1.0,225.0,3.255,0.9,0.1142,False,0.7766046739608368,0.2426610095082414,0.24423055703973226,0.01036334604431043,0.4845069375499792,122.46161992650488,14934.820251270548
photometry_tables/flux_table_JWST+0.0,50,0.0,1.0,250.0,3.255,0.93,0.1163,False,1.893651254896675,1.9288568602156246,1.1716556739113038,0.14011995849400055,2.2330579830264097,356.61532304264045,27321.21443878487
photometry_tables/flux_table_JWST+0.0,51,0.0,1.0,275.0,3.255,0.96,0.1183,False,4.587752705471357,12.047585025349518,4.595153251697754,1.1882285961900014,8.491804750363144,874.7823259612849,46238.102139926035
photometry_tables/flux_table_JWST+0.0,52,0.0,1.0,300.0,3.255,0.99,0.1202,False,10.27069896026281,61.39033453609351,15.545331940607861,6.79672971950456,27.195684860989203,1867.6693856443878,73349.98004015489
photometry_tables/flux_table_JWST+0.0,53,0.0,1.0,325.0,3.255,1.03,0.1222,False,22.490546058357825,258.2854846476372,48.11716152521634,29.00681198693156,75.68328950209735,3599.979270433565,110943.02416078321
photometry_tables/flux_table_JWST+0.0,54,0.0,1.0,350.0,3.255,1.06,0.1242,False,48.128242186760275,882.8765871653017,137.72094688939458,98.4237708779116,185.2251691252974,6366.489102003724,160583.16006250074
photometry_tables/flux_table_JWST+0.0,55,0.0,1.0,375.0,3.255,1.09,0.1261,False,100.36909309200966,2494.0203914051826,364.1665065732136,278.804641783178,405.0419451364931,10456.828853581379,223975.23451784192
photometry_tables/flux_table_JWST+0.0,56,0.0,1.0,400.0,3.255,1.12,0.1277,False,200.58571459359484,5963.483198341264,875.1852708843355,685.3304051260454,804.2665380156772,16087.923778887973,300884.6276645726
photometry_tables/flux_table_JWST+0.0,57,0.0,1.0,425.0,3.255,1.15,0.1291,False,380.10186455476656,12396.526125232524,1892.7793970346022,1497.6143748873678,1475.0271017597593,23431.4950659407,390750.9117105615
photometry_tables/flux_table_JWST+0.0,58,0.0,1.0,450.0,3.255,1.17,0.1303,False,692.7874312745172,22898.129121079677,3700.8373629231564,2963.466348548615,2528.715671105163,32561.169870485282,491926.25243416487
photometry_tables/flux_table_JWST+0.0,59,0.0,1.0,475.0,3.255,1.19,0.1313,False,1206.9797949676554,38485.754041574284,6629.793476706679,5431.252578811117,4109.604232515483,43541.160491506336,603253.7079266128
photometry_tables/flux_table_JWST+0.0,60,0.0,1.0,500.0,3.255,1.21,0.1324,False,2048.3303501601617,59923.89025834782,11112.19873768735,9336.84179260766,6406.192726268982,56571.80034775734,725270.4780912471
photometry_tables/flux_table_JWST+0.0,61,0.0,1.0,525.0,3.255,1.22,0.1334,False,3345.0298682601374,88104.88730080142,17587.333541355732,15146.07140703405,9607.270084891205,71531.93940753373,855263.6219404665
photometry_tables/flux_table_JWST+0.0,62,0.0,1.0,550.0,3.255,1.24,0.1345,False,5222.759166787714,122574.46320498061,26723.90997046905,23588.48235628985,14050.765962943851,88858.70915879293,995863.9240535893
photometry_tables/flux_table_JWST+0.0,63,0.0,1.0,575.0,3.255,1.26,0.1355,False,7789.328145536725,163794.7584834956,38690.113165510855,34897.956743787436,20081.678041839856,108292.9040048044,1138937.7818757072
photometry_tables/flux_table_JWST+0.0,64,0.0,1.0,600.0,3.255,1.28,0.1365,False,11109.640353927089,211933.69012640056,53789.808731687284,49419.68808478378,28125.483690402263,129927.17628367514,1284103.4121716337
photometry_tables/flux_table_JWST+0.0,65,0.0,1.0,650.0,3.255,1.32,0.1385,False,20777.82097504267,334118.0976330429,96961.65060494635,92960.83157150376,51357.04178483553,180759.02911421694,1594777.1336421703
photometry_tables/flux_table_JWST+0.0,66,0.0,1.0,700.0,3.255,1.36,0.1406,False,35456.83774611333,498195.72895671194,162181.00973589296,164740.35594357527,87579.00363063681,243893.37302789127,1941779.8944097473
photometry_tables/flux_table_JWST+0.0,67,0.0,1.0,750.0,3.255,1.4,0.1426,False,56247.08239741311,708924.5235633984,255799.68185550155,280737.2232343649,143416.79074041112,324339.61734934925,2342070.694793825
photometry_tables/flux_table_JWST+0.0,68,0.0,1.0,800.0,3.255,1.44,0.1448,False,84937.60285796915,974765.1639013187,385123.48242893146,458458.4692493261,229773.5319360636,430724.92098197486,2815140.0151333003
photometry_tables/flux_table_JWST+0.0,69,0.0,1.0,850.0,3.255,1.48,0.1468,False,123879.65865303691,1303166.7784522993,555776.270320419,704044.3214699754,361493.0899173575,573852.132674619,3361243.690470534
photometry_tables/flux_table_JWST+0.0,70,0.0,1.0,900.0,3.255,1.53,0.1489,False,176075.93367630316,1689662.634048705,770193.7676097961,1014378.4167147651,572927.9373317531,783790.5085356169,3976490.9647456557
photometry_tables/flux_table_JWST+0.0,71,0.0,1.0,950.0,3.255,1.57,0.1511,False,246944.86510125804,2151295.159289197,1048334.7935810015,1397333.271377536,871966.901287074,1079443.7099844532,4658005.532200292
photometry_tables/flux_table_JWST+0.0,72,0.0,1.0,1000.0,3.255,1.62,0.1533,False,340408.18970100087,2687818.8786381343,1407991.3930392617,1858660.202688539,1256897.898195546,1495202.450017056,5411279.918442835
photometry_tables/flux_table_JWST+0.0,73,0.0,1.0,1100.0,3.255,1.72,0.1579,False,613762.0051647942,4036453.92967605,2476281.4252739586,3108135.9027394755,2239236.682512356,2894676.26417603,7206095.277894147
photometry_tables/flux_table_JWST+0.0,74,0.0,1.0,1200.0,3.255,1.83,0.163,False,1016014.7198997653,5786287.388179521,4087897.5211111987,4991142.8516561845,3415073.066688273,5204751.5117052235,9475453.397646612
photometry_tables/flux_table_JWST+0.0,75,0.0,1.0,1300.0,3.255,1.95,0.1684,False,1573620.483240466,8135795.056053962,6429837.54108247,8098414.473257884,5232388.711124277,9236341.884196306,12708666.993928192
photometry_tables/flux_table_JWST+0.0,76,0.0,1.0,1400.0,3.255,2.09,0.1743,False,2308872.7601076276,11246049.739669262,9306791.831626533,11978432.778258553,7011323.4068673635,13642689.65881706,15889125.671188608
photometry_tables/flux_table_JWST+0.0,77,0.0,1.0,1500.0,3.255,2.26,0.181,False,3316652.72150435,15689171.126078542,13415287.982661264,17831997.72232917,10280162.981264737,21968479.539297234,20530522.392794695
photometry_tables/flux_table_JWST+0.0,78,0.0,1.0,1600.0,3.255,2.46,0.1891,False,4711942.69420276,22192181.72251271,19164610.627353862,25627131.654112346,14521116.17587742,31361729.16512987,26121613.543992065
photometry_tables/flux_table_JWST+0.0,79,0.0,1.0,1700.0,3.255,2.73,0.199,False,6770176.640518243,31922728.184621863,27714050.24513918,36643757.46478333,21081426.762531873,44187557.878871806,33962527.25904083
photometry_tables/flux_table_JWST+0.0,80,0.0,1.0,1800.0,3.255,3.06,0.2108,False,10000000.0,46227456.64910892,40336666.08899266,52023551.86873039,30789313.097416103,60297596.32855554,44822904.999662034
photometry_tables/flux_table_JWST+0.0,81,0.0,1.0,1900.0,3.255,3.46,0.2243,False,15139097.989198236,66742120.38584769,58748935.25297766,73349980.04015489,44637514.06044468,79359696.81957693,59470282.29172612
photometry_tables/flux_table_JWST+0.0,82,0.0,1.0,2000.0,3.255,3.93,0.2389,False,23030321.463117614,94929239.13840796,84878950.30072442,102235093.85032299,63885161.93898016,102447178.03103812,78415154.05281219
photometry_tables/flux_table_JWST+0.0,83,0.0,1.0,2100.0,3.255,4.53,0.2565,False,35661532.304264046,134958424.601978,123282093.3034672,143152850.4215074,91896717.73189253,133352143.21633239,104183753.49865377
photometry_tables/flux_table_JWST+0.0,84,0.0,1.0,2200.0,3.255,5.3,0.2775,False,55705746.69415546,191646106.2735387,179638739.90638915,201233369.8765277,132739445.77297403,175428439.42496517,139219477.66296756
photometry_tables/flux_table_JWST+0.0,85,0.0,1.0,2300.0,3.255,6.39,0.3046,False,88307990.04185626,276184944.2075291,266563081.3465125,288668901.7948273,195388950.42902106,236700949.46869078,189757958.7720849
photometry_tables/flux_table_JWST+0.0,86,0.0,1.0,2400.0,3.255,7.86,0.338,False,141677211.3518365,402531618.9742118,399392587.17802984,419179465.93256366,290803748.2735315,324788018.7635371,261456835.22105616
photometry_tables/flux_table_JWST+0.0,87,0.0,1.0,200.0,3.505,1.49,0.1102,False,0.3004692272040945,0.026723909970469032,0.06293612503885451,0.0004150496003347124,0.08838936217394057,35.83438868142766,7580.537491482208
photometry_tables/flux_table_JWST+0.0,88,0.0,1.0,225.0,3.505,1.54,0.1121,False,1.0228218569340455,0.30563282803659664,0.3853896082118188,0.00906984781505791,0.4841723675840989,129.62835207050674,14989.943641122058
photometry_tables/flux_table_JWST+0.0,89,0.0,1.0,250.0,3.505,1.59,0.1139,False,2.7951170539918424,2.4350057999520236,1.8009431344419198,0.12376561379855948,2.2238218856158722,379.2276545253622,27283.494847901184
photometry_tables/flux_table_JWST+0.0,90,0.0,1.0,275.0,3.505,1.64,0.1158,False,6.4431760804790095,14.477714229790836,6.70965206461878,1.0546297058996525,8.334892445315994,924.9111180764645,45919.80128368686
photometry_tables/flux_table_JWST+0.0,91,0.0,1.0,300.0,3.505,1.69,0.1175,False,13.617582027830037,70.12938009624128,21.507998622981187,6.131969697156831,26.369384934534658,1964.264645879856,72493.65555873982
photometry_tables/flux_table_JWST+0.0,92,0.0,1.0,325.0,3.505,1.74,0.1193,False,28.70119636464441,283.857255868412,63.008624656644,26.552168778726614,72.51034976171987,3760.9711325976914,108918.08576226534
photometry_tables/flux_table_JWST+0.0,93,0.0,1.0,350.0,3.505,1.79,0.121,False,60.54802756898621,951.0426641573926,172.10758077588451,91.11712330429192,176.31935968238332,6614.545374840603,156855.58976802923
photometry_tables/flux_table_JWST+0.0,94,0.0,1.0,375.0,3.505,1.84,0.1227,False,124.22242412937331,2638.7606553132705,433.1117839310406,259.4179362118815,383.1775003613844,10806.871811443116,217320.1519399965
photometry_tables/flux_table_JWST+0.0,95,0.0,1.0,400.0,3.505,1.89,0.1241,False,243.2204009073816,6201.546436537854,990.3757549692472,635.0384185040407,755.092227665434,16546.265930505517,290134.91821234004
photometry_tables/flux_table_JWST+0.0,96,0.0,1.0,425.0,3.505,1.92,0.1253,False,448.4355146389661,12735.030810166616,2064.4292320739896,1376.8923912009654,1369.6197186808038,23944.1817286338,374455.3155859533
photometry_tables/flux_table_JWST+0.0,97,0.0,1.0,450.0,3.505,1.95,0.1263,False,790.3145908644708,23243.418403925265,3934.5946763407965,2706.4499490384806,2323.8067025176447,33105.48845016195,469245.37413644016
photometry_tables/flux_table_JWST+0.0,98,0.0,1.0,475.0,3.505,1.98,0.1272,False,1339.6766874259345,38538.96082118192,6967.86936762078,4941.96880847838,3746.277983440598,44167.21344129769,574513.1848169436
photometry_tables/flux_table_JWST+0.0,99,0.0,1.0,500.0,3.505,2.01,0.1281,False,2185.2443196532768,59156.163417547396,11566.447741656453,8485.94084500823,5798.29089865608,57266.41550089674,689763.1677186053
photometry_tables/flux_table_JWST+0.0,100,0.0,1.0,525.0,3.505,2.04,0.129,False,3442.7065038944434,85822.27050540151,18167.702098188085,13803.842646028845,8667.622733900389,72476.9651992996,813766.8607787872
photometry_tables/flux_table_JWST+0.0,101,0.0,1.0,550.0,3.505,2.06,0.1298,False,5261.38400287851,119179.0721581609,27233.28305405343,21399.321324559434,12548.736499304812,89742.87945007486,944930.7890342989
photometry_tables/flux_table_JWST+0.0,102,0.0,1.0,575.0,3.505,2.09,0.1306,False,7698.391619294355,158927.84698824686,39129.1127126853,31768.740706497705,17914.306484060264,109622.57517731094,1082430.4476091305
photometry_tables/flux_table_JWST+0.0,103,0.0,1.0,600.0,3.505,2.11,0.1314,False,10762.173768887862,204738.727634164,53740.28929503501,44884.87292745978,25084.185282523842,131583.06550959186,1218989.5989248664
photometry_tables/flux_table_JWST+0.0,104,0.0,1.0,650.0,3.505,2.17,0.1331,False,19692.461270145548,321440.05965243815,95455.2896932862,84333.47577642753,45814.18867145335,182936.34592930946,1515304.803698702
photometry_tables/flux_table_JWST+0.0,105,0.0,1.0,700.0,3.505,2.22,0.1348,False,33273.61598061624,476211.6327398208,157833.79538501453,148320.0967181875,77714.13187936798,245640.51543247202,1841619.9035246707
photometry_tables/flux_table_JWST+0.0,106,0.0,1.0,750.0,3.505,2.28,0.1365,False,52613.840028785125,676550.1583068963,245980.1148788854,247742.20576332856,125025.903021772,322477.93193163763,2202926.463053456
photometry_tables/flux_table_JWST+0.0,107,0.0,1.0,800.0,3.505,2.34,0.1382,False,78831.53805215575,925124.1112525518,365678.982617325,398015.5135426725,195659.0767934937,420049.04339619935,2616375.0559858195
photometry_tables/flux_table_JWST+0.0,108,0.0,1.0,850.0,3.505,2.4,0.14,False,113657.99747501522,1229136.1730601678,521915.2658354482,610801.3665001676,303249.4347329633,549920.6143874977,3102415.774872089
photometry_tables/flux_table_JWST+0.0,109,0.0,1.0,900.0,3.505,2.46,0.1418,False,160546.1886800972,1598085.4594730916,724602.7868251421,891045.7436461142,468166.13972436433,729121.6599950674,3659316.719753481
photometry_tables/flux_table_JWST+0.0,110,0.0,1.0,950.0,3.505,2.52,0.1436,False,222535.8578046517,2029551.1446320775,980844.1360309061,1236801.490632244,710068.096254533,976337.566582642,4270709.194407456
photometry_tables/flux_table_JWST+0.0,111,0.0,1.0,1000.0,3.505,2.59,0.1454,False,304508.9066974223,2529880.455887928,1308579.1612450995,1653103.327237014,1034189.2044331928,1311595.7477555478,4935145.94040883
photometry_tables/flux_table_JWST+0.0,112,0.0,1.0,1100.0,3.505,2.73,0.1492,False,548908.5556070447,3790530.5394288553,2270387.5677585076,2754228.7033381662,1909413.5492272913,2411570.7074819813,6501296.903430906
photometry_tables/flux_table_JWST+0.0,113,0.0,1.0,1201.0,3.505,2.89,0.1536,False,926189.8130960028,5448789.118901899,3761837.2279132833,4392380.956904633,3011618.8030788233,4353113.59229638,8489849.665156199
photometry_tables/flux_table_JWST+0.0,114,0.0,1.0,1301.0,3.505,3.06,0.1582,False,1443111.8736650362,7559620.603389213,5794286.96426881,6788909.197955849,4311218.160437418,7151547.04659282,10924460.532267923
photometry_tables/flux_table_JWST+0.0,115,0.0,1.0,1400.0,3.505,3.26,0.1632,False,2118361.135248502,10329992.352432303,8419765.576091763,10127447.488145312,5834451.042737448,10673331.542618379,13711974.59700923
photometry_tables/flux_table_JWST+0.0,116,0.0,1.0,1500.0,3.505,3.49,0.1688,False,3039484.9687701124,14269212.315793645,12184283.627084004,15367385.997357255,8877690.494117353,18352701.456751022,17943204.217168454
photometry_tables/flux_table_JWST+0.0,117,0.0,1.0,1600.0,3.505,3.75,0.175,False,4283512.119459381,19665273.914171066,16974617.624087147,21637147.217791077,11770637.907805689,24338846.96504182,22034337.640198756
photometry_tables/flux_table_JWST+0.0,118,0.0,1.0,1700.0,3.505,4.06,0.1821,False,6058986.711389653,27453644.142234124,23889111.638836764,30492989.203838002,17084410.578644913,35817890.13481115,28151400.151333004
photometry_tables/flux_table_JWST+0.0,119,0.0,1.0,1800.0,3.505,4.42,0.19,False,8590135.215053959,38326574.04000345,33481121.73860538,42014577.43989052,24121260.56092575,48172590.35591632,35801399.1843069
photometry_tables/flux_table_JWST+0.0,120,0.0,1.0,1900.0,3.505,4.87,0.1994,False,12473835.142429434,53629037.18008582,47184569.82481569,57636818.4810413,33978171.182708316,62402214.21389766,46015060.77890588
photometry_tables/flux_table_JWST+0.0,121,0.0,1.0,2000.0,3.505,5.42,0.2105,False,18479916.305785242,74748072.81756634,66557959.636722915,78813388.50934163,47697981.41192216,79286637.48785478,59483977.406922124
photometry_tables/flux_table_JWST+0.0,122,0.0,1.0,2100.0,3.505,6.11,0.2235,False,27758756.035343427,103728954.3573869,94058922.6426994,107795343.30711117,67003887.38077562,100739548.48112512,77214702.05645132
photometry_tables/flux_table_JWST+0.0,123,0.0,1.0,2201.0,3.505,7.06,0.2401,False,42461956.39463128,145344967.79183143,135020589.56622386,149658021.6753656,95807608.57350197,130587016.57935168,102070443.07665852
photometry_tables/flux_table_JWST+0.0,124,0.0,1.0,2301.0,3.505,8.26,0.2598,False,65117842.0546181,203282503.23128086,194177989.44097465,208449088.30972886,137246096.10075626,170962161.4841111,135487740.43797532
photometry_tables/flux_table_JWST+0.0,126,0.0,1.0,200.0,3.748,2.57,0.1095,False,0.5530953407403111,0.03410358226533493,0.10565741960029297,0.00041821537991402227,0.09395069561856678,40.318094644346544,7899.507213358168
photometry_tables/flux_table_JWST+0.0,127,0.0,1.0,225.0,3.748,2.65,0.1111,False,1.6958990621092482,0.38115357714484904,0.6151768727098678,0.008243279016759806,0.49260634334957704,142.7578504421755,15385.088542764088
photometry_tables/flux_table_JWST+0.0,128,0.0,1.0,250.0,3.748,2.72,0.1127,False,4.23350424907791,2.988821646959377,2.7574014523463615,0.10871763591157439,2.2202403953450762,412.00264106055374,27694.912668096815
photometry_tables/flux_table_JWST+0.0,129,0.0,1.0,275.0,3.748,2.79,0.1141,False,9.162204901219992,17.38201018249413,9.940311634657771,0.9304649110312402,8.262281737435982,997.47036133962,46270.05332361812
photometry_tables/flux_table_JWST+0.0,130,0.0,1.0,300.0,3.748,2.86,0.1156,False,18.83649089489802,80.02026771193327,30.352886644741954,5.4512989568891115,25.804770444360223,2101.357769046747,72510.34976171983
photometry_tables/flux_table_JWST+0.0,131,0.0,1.0,325.0,3.748,2.93,0.117,False,37.87913037851569,310.2415774872087,83.83010304515523,23.89461294340801,70.08095316467937,3991.167918200923,108118.49705944693
photometry_tables/flux_table_JWST+0.0,132,0.0,1.0,350.0,3.748,3.01,0.1185,False,76.93075595060677,1012.5115825636547,216.27185237270203,82.9659709310986,168.65530253887405,6969.473963563203,154632.22322497
photometry_tables/flux_table_JWST+0.0,133,0.0,1.0,375.0,3.748,3.08,0.1199,False,154.20554834704723,2761.213575949454,518.3224264170614,237.62930619276256,363.58001230014344,11305.766196570776,212813.90459827118
photometry_tables/flux_table_JWST+0.0,134,0.0,1.0,400.0,3.748,3.14,0.121,False,294.71347956087385,6403.243244689469,1137.3653676160636,582.3713479437514,711.0497695423427,17198.873412382414,282227.9362118106
photometry_tables/flux_table_JWST+0.0,135,0.0,1.0,425.0,3.748,3.2,0.1223,False,531.9857509170661,13034.668782410132,2298.264453386506,1264.1540489485808,1284.9907458229545,24859.935642282257,363747.48564263247
photometry_tables/flux_table_JWST+0.0,136,0.0,1.0,450.0,3.748,3.25,0.1232,False,907.8205301781861,23751.989904700265,4249.129820811196,2463.2018382351575,2154.2693374042365,34150.730666882744,453314.9061464119
photometry_tables/flux_table_JWST+0.0,137,0.0,1.0,475.0,3.748,3.3,0.1241,False,1492.107110616697,38610.017636183584,7392.647526562264,4488.487292745978,3454.617749058203,45509.28370849552,554498.0203697426
photometry_tables/flux_table_JWST+0.0,138,0.0,1.0,500.0,3.748,3.33,0.1246,False,2348.551024058883,58546.37363205773,12075.357577096695,7659.492583728877,5286.886658508807,58640.815327647615,662216.503701762
photometry_tables/flux_table_JWST+0.0,139,0.0,1.0,525.0,3.748,3.37,0.1254,False,3593.3539675538973,84294.64771677223,18832.154131891562,12482.454739245377,7863.21227458418,74165.17059021938,781807.8017635865
photometry_tables/flux_table_JWST+0.0,140,0.0,1.0,550.0,3.748,3.41,0.1262,False,5357.966575133417,117570.94257962456,28106.062003343988,19458.080689095703,11363.182976673106,91939.04748039812,909494.3385552954
photometry_tables/flux_table_JWST+0.0,141,0.0,1.0,575.0,3.748,3.45,0.1269,False,7615.527662740396,154063.58517478738,39902.49023621421,28933.43523391503,16349.331511298287,112745.70328651795,1042797.5448505062
photometry_tables/flux_table_JWST+0.0,142,0.0,1.0,600.0,3.748,3.48,0.1275,False,10500.258721108847,198015.8708082412,54300.02130657378,40860.15408138228,22871.78184531518,135238.3925252649,1173545.6824912895
photometry_tables/flux_table_JWST+0.0,143,0.0,1.0,650.0,3.748,3.56,0.1289,False,18901.662311868997,311099.9920424557,94820.01070195064,76207.90100254118,41495.40426343631,187456.2824328381,1456129.4986160572
photometry_tables/flux_table_JWST+0.0,144,0.0,1.0,700.0,3.748,3.64,0.1303,False,31499.23452784473,460044.66639347805,154953.0039582751,133382.85221741,70032.55967370536,250841.85282523846,1769293.980687279
photometry_tables/flux_table_JWST+0.0,145,0.0,1.0,750.0,3.748,3.72,0.1317,False,49465.22626750651,651178.4205461808,239828.06309144566,222330.98906514028,112201.84543019636,327868.7311745483,2115436.5318951453
photometry_tables/flux_table_JWST+0.0,146,0.0,1.0,800.0,3.748,3.8,0.1332,False,73994.5954312724,890020.4796255258,354323.5348783846,353590.02110038686,173021.47100114063,422085.0791798845,2498043.518714149
photometry_tables/flux_table_JWST+0.0,147,0.0,1.0,850.0,3.748,3.89,0.1347,False,106463.3187051312,1182224.621761463,502921.2658504455,538517.721997528,260915.5723014135,540505.353708669,2928195.03557427
photometry_tables/flux_table_JWST+0.0,148,0.0,1.0,900.0,3.748,3.98,0.1363,False,148798.99569860217,1530382.5321774373,691512.4443319209,785235.6346100718,393822.0241338368,699358.7292116926,3423733.876264524
photometry_tables/flux_table_JWST+0.0,149,0.0,1.0,950.0,3.748,4.07,0.1378,False,204597.3479679299,1940439.0235518303,930679.1831626535,1098246.9352400233,589250.554664329,913271.6996648166,3981071.7055349723
photometry_tables/flux_table_JWST+0.0,150,0.0,1.0,1000.0,3.748,4.16,0.1394,False,278227.4657675123,2422144.228575121,1237941.1516551047,1483200.967181875,859409.202953283,1199775.529871384,4599387.493889968
photometry_tables/flux_table_JWST+0.0,151,0.0,1.0,1100.0,3.748,4.37,0.1428,False,498539.9892639871,3627438.014764578,2123733.4133953676,2487711.421003308,1635309.6517445839,2095559.5172278131,6020048.63684459
photometry_tables/flux_table_JWST+0.0,152,0.0,1.0,1200.0,3.748,4.59,0.1465,False,840040.0652637689,5180837.85071993,3491403.1547858617,3924641.5735346,2663790.0967669897,3686379.140973974,7769623.959921386
photometry_tables/flux_table_JWST+0.0,153,0.0,1.0,1300.0,3.748,4.84,0.1503,False,1325867.1177605593,7154841.2141689835,5396348.637300687,6006202.909194723,3869011.316551086,6098176.639987855,9915166.23805052
photometry_tables/flux_table_JWST+0.0,154,0.0,1.0,1400.0,3.748,5.1,0.1543,False,1972876.9555257151,9696165.060494637,7892234.84789973,9026097.074709753,5396348.637300687,9549925.860214358,12528526.617401171
photometry_tables/flux_table_JWST+0.0,155,0.0,1.0,1500.0,3.748,5.39,0.1586,False,2815788.29971031,13115957.477555474,11220184.543019636,13402937.734183095,7776783.344557057,15399265.26059492,15925753.888710363
photometry_tables/flux_table_JWST+0.0,156,0.0,1.0,1600.0,3.748,5.72,0.1634,False,3912911.2712685303,17713321.2868698,15374464.56991688,18655203.891005956,10025360.539605234,20188311.632216528,19208789.617520165
photometry_tables/flux_table_JWST+0.0,157,0.0,1.0,1700.0,3.748,6.11,0.1689,False,5467641.107291687,24182433.37930409,21227556.2317733,26037542.98938736,14236394.03816488,29559698.49504591,24049164.88744403
photometry_tables/flux_table_JWST+0.0,158,0.0,1.0,1800.0,3.748,6.57,0.1751,False,7705485.366297151,33166527.21504349,29214603.73877333,35530392.08152716,19847234.453365684,40068215.418221116,30067685.56972182
photometry_tables/flux_table_JWST+0.0,159,0.0,1.0,1900.0,3.748,7.12,0.1823,False,10934526.9673092,45467387.40611351,40253161.89742118,47951257.40813503,27441004.182565715,51784525.360002376,37818125.61109508
photometry_tables/flux_table_JWST+0.0,160,0.0,1.0,2000.0,3.748,7.78,0.1907,False,15736204.832404666,62029745.59788137,55449802.03697426,64327992.726085074,37739835.25365858,64938163.15762113,47796929.697961
photometry_tables/flux_table_JWST+0.0,161,0.0,1.0,2100.0,3.748,8.61,0.2005,False,22972063.071583536,84314059.51147711,76506793.41290924,86238262.91517659,51927809.15408833,80909589.91783822,60785500.92365221
photometry_tables/flux_table_JWST+0.0,162,0.0,1.0,2200.0,3.748,9.65,0.2123,False,33868814.856347665,114419487.98169859,105974164.18830973,115957808.77260864,71928333.78252696,101531312.41457616,77911219.11130926
photometry_tables/flux_table_JWST+0.0,163,0.0,1.0,2300.0,3.748,10.99,0.2266,False,50038006.592526644,155560739.85229102,147842739.04006696,157072443.53646508,100530999.40231341,129062478.2060537,100832375.77615514
photometry_tables/flux_table_JWST+0.0,164,0.0,1.0,2400.0,3.748,12.72,0.2437,False,74885890.75216438,212275562.3177331,207252605.95825744,214042492.67716283,140669518.20610383,165996908.54431003,131129377.64409329
photometry_tables/flux_table_JWST+0.0,165,0.0,1.0,200.0,4.0,4.41,0.1073,False,1.002074475336478,0.04084134161710773,0.16538647847713273,0.00043802611117036105,0.09752141632264118,44.88487292745978,8020.473348006652
photometry_tables/flux_table_JWST+0.0,166,0.0,1.0,225.0,4.0,4.51,0.1086,False,2.7453644142234124,0.4467864566912838,0.9330394357910895,0.00757879220916049,0.49215284501617185,155.56073985229105,15413.455041680338
photometry_tables/flux_table_JWST+0.0,167,0.0,1.0,250.0,4.0,4.61,0.1098,False,6.302313459908516,3.4450854628657934,4.043896205078194,0.09395069561856678,2.16371472177911,441.9773361155814,27466.289924159584
photometry_tables/flux_table_JWST+0.0,168,0.0,1.0,275.0,4.0,4.72,0.1111,False,12.767327535490114,19.611011754760494,14.057238069937462,0.7859591965181916,7.932315874244959,1056.5741960029286,45467.38740611351
photometry_tables/flux_table_JWST+0.0,169,0.0,1.0,300.0,4.0,4.82,0.1123,False,25.638936102242948,88.26733207212584,41.59106104940219,4.640876378080088,24.603676041476273,2212.075776464128,70876.13064511826
photometry_tables/flux_table_JWST+0.0,170,0.0,1.0,325.0,4.0,4.92,0.1134,False,51.02699578594387,327.56689193684707,109.37045025079574,20.459734796793,65.9933234263564,4161.980106186027,104881.76807749864
photometry_tables/flux_table_JWST+0.0,171,0.0,1.0,350.0,4.0,5.02,0.1146,False,100.20744753364791,1030.6234029308198,265.82755696601646,71.64732823911086,157.00012565614904,7202.777512383406,148867.5359492364
photometry_tables/flux_table_JWST+0.0,172,0.0,1.0,375.0,4.0,5.11,0.1156,False,190.10782799232996,2753.5945917502636,601.3121787899338,206.442923207399,334.50298682601374,11571.775514357063,203142.12914187348
photometry_tables/flux_table_JWST+0.0,173,0.0,1.0,400.0,4.0,5.2,0.1166,False,348.096775232401,6309.573444801929,1263.2811038073569,507.8085396648894,648.6344335482381,17470.28540763432,267546.9472656105
photometry_tables/flux_table_JWST+0.0,174,0.0,1.0,425.0,4.0,5.27,0.1174,False,606.0382005270666,12685.278312575732,2461.5009062337667,1099.7652680385686,1160.3793726139083,25032.256483831727,341979.44251370884
photometry_tables/flux_table_JWST+0.0,175,0.0,1.0,450.0,4.0,5.35,0.1182,False,1007.8595144150304,22568.359954972253,4460.669020551353,2154.2693374042365,1945.3600816226635,34395.37113806398,426186.80542416044
photometry_tables/flux_table_JWST+0.0,176,0.0,1.0,475.0,4.0,5.42,0.119,False,1603.9838825084184,36821.374823089296,7603.262769401815,3905.710056937564,3091.0070812616214,45624.69770768503,519517.2830110675
photometry_tables/flux_table_JWST+0.0,177,0.0,1.0,500.0,4.0,5.48,0.1197,False,2451.319951543426,55680.09915578628,12260.269026779233,6663.463144693567,4711.942694202759,58830.15599888825,621298.0635293497
photometry_tables/flux_table_JWST+0.0,178,0.0,1.0,525.0,4.0,5.55,0.1204,False,3636.6373933084765,79873.00061113139,18901.662311868997,10826.797151272995,6950.243175887969,74165.17059021938,731981.3231998079
photometry_tables/flux_table_JWST+0.0,179,0.0,1.0,550.0,4.0,5.61,0.1211,False,5229.979661821558,109597.33655238061,27893.30656339983,16861.647269094912,10036.90930920097,91917.88016944913,850942.078987996
photometry_tables/flux_table_JWST+0.0,180,0.0,1.0,575.0,4.0,5.67,0.1217,False,7254.374970183977,144510.69842539646,39111.097238892966,25014.970784600984,14517.772950231249,112797.63655881531,974092.0524918584
photometry_tables/flux_table_JWST+0.0,181,0.0,1.0,600.0,4.0,5.72,0.1223,False,9858.253917099964,185780.44550916986,53149.59995066479,35719.058251119684,20469.159022704585,135987.81632845194,1101539.309541415
photometry_tables/flux_table_JWST+0.0,182,0.0,1.0,650.0,4.0,5.83,0.1235,False,17438.133574658386,291205.78615296975,91875.56016660627,66926.79069358425,37170.636679606774,188538.47936139448,1369935.1215862418
photometry_tables/flux_table_JWST+0.0,183,0.0,1.0,700.0,4.0,5.95,0.1247,False,28926.773831200917,431320.4006994163,148456.7675052272,116439.41101974169,62316.0618945834,251304.34643562883,1662646.796893536
photometry_tables/flux_table_JWST+0.0,184,0.0,1.0,750.0,4.0,6.06,0.1259,False,45279.330838716945,610660.7404788297,227929.21774337476,192397.7549331683,98832.54980990272,326136.945940879,1984723.4453365682
photometry_tables/flux_table_JWST+0.0,185,0.0,1.0,800.0,4.0,6.18,0.1271,False,67452.8027697922,833873.1689085957,334811.2173860539,305562.46157876874,151147.16300850065,416965.38224498904,2341531.4751693043
photometry_tables/flux_table_JWST+0.0,186,0.0,1.0,850.0,4.0,6.3,0.1284,False,96805.49277120615,1107388.4766913273,474023.6390350334,465050.37616660626,225216.39369563028,528323.5867669996,2734638.979912275
photometry_tables/flux_table_JWST+0.0,187,0.0,1.0,900.0,4.0,6.43,0.1297,False,135145.00541175593,1434828.5182325887,650878.6108404094,678890.9197955849,331207.37601979746,669113.8200458593,3171027.4389478927
photometry_tables/flux_table_JWST+0.0,188,0.0,1.0,950.0,4.0,6.57,0.1311,False,184926.86189780783,1820119.9084601032,869961.4330652677,950385.934011676,485176.7712192571,852314.7415083679,3657631.9300945215
photometry_tables/flux_table_JWST+0.0,189,0.0,1.0,1000.0,4.0,6.71,0.1324,False,249919.4175195828,2272479.635270844,1147624.998943401,1288842.94916022,699519.781051213,1091691.6788093648,4200490.433961993
photometry_tables/flux_table_JWST+0.0,190,0.0,1.0,1100.0,4.0,7.0,0.1353,False,442180.92107426876,3387661.433708217,1945360.0816226627,2187257.9312113146,1350205.8956622388,1823895.7023196379,5468900.223137942
photometry_tables/flux_table_JWST+0.0,191,0.0,1.0,1200.0,4.0,7.31,0.1383,False,745418.2133789904,4819477.976251273,3168837.7271814966,3433997.7004258498,2268819.78114451,3080349.536542568,6987148.925611262
photometry_tables/flux_table_JWST+0.0,192,0.0,1.0,1300.0,4.0,7.66,0.1415,False,1187134.7010435988,6632847.312550218,4918129.952683076,5225164.890163822,3385322.1281535416,5102699.578594389,8855233.145028548
photometry_tables/flux_table_JWST+0.0,193,0.0,1.0,1400.0,4.0,8.03,0.1449,False,1774189.4808901658,8912509.381337455,7206095.277894147,7794710.681646506,4724980.276801949,7965260.7978377845,11109640.353927089
photometry_tables/flux_table_JWST+0.0,194,0.0,1.0,1500.0,4.0,8.44,0.1486,False,2546243.890757633,11906935.471068956,10141448.743412582,11355336.278419368,6428357.1867138585,11904194.113479631,13765753.865094164
photometry_tables/flux_table_JWST+0.0,195,0.0,1.0,1600.0,4.0,8.88,0.1523,False,3549768.244672091,15892784.698824685,13976550.56299034,16233045.27765459,9055240.722683605,18318925.649537418,17111969.59900955
photometry_tables/flux_table_JWST+0.0,196,0.0,1.0,1700.0,4.0,9.37,0.1565,False,4883149.268098356,21247116.54006139,18892959.778680693,22212630.892984245,12061463.307641035,24888573.182823904,20720488.97759004
photometry_tables/flux_table_JWST+0.0,197,0.0,1.0,1800.0,4.0,9.95,0.1613,False,6788909.197955849,28589068.155119553,25550535.105132613,29984720.157970514,16349331.511298288,33135993.7779087,25327947.656899933
photometry_tables/flux_table_JWST+0.0,198,0.0,1.0,1900.0,4.0,10.65,0.1669,False,9545528.969328621,38512348.24289314,34570049.38868719,40022111.724970326,22274091.532216746,42904218.92388855,31282395.322577406
photometry_tables/flux_table_JWST+0.0,199,0.0,1.0,2000.0,4.0,11.52,0.1735,False,13558136.438624341,51868059.455744214,46859753.53086261,53076221.76426457,30227344.800386522,53703179.637025274,38922434.81644415
photometry_tables/flux_table_JWST+0.0,200,0.0,1.0,2100.0,4.0,12.53,0.181,False,19328582.261997387,69294696.98425558,63328616.445219755,69968086.99785598,40841341.61710769,65932569.311851464,48540025.48344868
photometry_tables/flux_table_JWST+0.0,201,0.0,1.0,2200.0,4.0,13.77,0.1898,False,27733201.04651841,92044957.17531712,85585462.12208237,92150988.87349573,55360499.50434003,80965499.59081951,60897575.14677297
photometry_tables/flux_table_JWST+0.0,202,0.0,1.0,2300.0,4.0,15.29,0.1999,False,39755754.49270529,121842836.27083997,115851056.85247272,121534617.921719,75457080.85457739,100069101.41682595,76842237.11000262
photometry_tables/flux_table_JWST+0.0,203,0.0,1.0,2400.0,4.0,17.24,0.2123,False,57438091.34963179,161957103.09550387,157979232.64883804,161473031.94203636,103418920.44331932,125314117.49414155,97723722.09558107
photometry_tables/flux_table_JWST+0.0,204,0.0,1.0,200.0,4.25,7.28,0.1034,False,1.6595869074375595,0.04553024633460005,0.23675545815176832,0.00048595941434627246,0.09922017758401655,49.26063433495771,7906.786279998253
photometry_tables/flux_table_JWST+0.0,205,0.0,1.0,225.0,4.25,7.41,0.1043,False,4.3082411047937255,0.479954424931944,1.283216691257028,0.007008095316467922,0.47610199358231364,165.272272994873,14938.259516663127
photometry_tables/flux_table_JWST+0.0,206,0.0,1.0,250.0,4.25,7.54,0.1052,False,9.208735520633066,3.658474227939712,5.452554309382918,0.07954263981453599,2.0398583002685604,462.27456649108893,26314.795540202016
photometry_tables/flux_table_JWST+0.0,207,0.0,1.0,275.0,4.25,7.67,0.1061,False,18.08006552110008,20.53997922510627,18.53958463983307,0.6413572375458587,7.35021427646794,1092.194537185052,43211.5654470299
photometry_tables/flux_table_JWST+0.0,208,0.0,1.0,300.0,4.25,7.81,0.1071,False,34.71362758876975,90.53155916484855,53.284390204119944,3.7376617831757155,22.52163936956302,2262.559453361858,66895.97686316089
photometry_tables/flux_table_JWST+0.0,209,0.0,1.0,325.0,4.25,7.95,0.1081,False,67.53050539950793,328.6245466582047,135.51894123510363,16.56914123973662,59.9376898326639,4227.659485162412,98559.84231565957
photometry_tables/flux_table_JWST+0.0,210,0.0,1.0,350.0,4.25,8.09,0.109,False,129.50901491129295,1003.228820578,314.0508693876216,58.317647973164206,141.2212333276177,7252.704780912472,139027.27164839776
photometry_tables/flux_table_JWST+0.0,211,0.0,1.0,375.0,4.25,8.23,0.11,False,237.62930619276256,2607.3540044553893,674.6833613988272,169.1998602503006,298.12610081722477,11577.105741152709,188755.66730685282
photometry_tables/flux_table_JWST+0.0,212,0.0,1.0,400.0,4.25,8.35,0.1107,False,413.23776119975713,5908.809655747817,1353.318441705925,418.6007479551019,573.3238386538408,17354.016258718973,247172.41450161304
photometry_tables/flux_table_JWST+0.0,213,0.0,1.0,425.0,4.25,8.44,0.1114,False,685.0148714710072,11713.859212800267,2547.4167494427943,910.542035595527,1018.1224173776968,24694.48651012581,314123.1905986187
photometry_tables/flux_table_JWST+0.0,214,0.0,1.0,450.0,4.25,8.53,0.1119,False,1087.9276133832896,20696.647360042116,4502.9798128808925,1787.722063077692,1695.1182515314003,33728.730865886886,389403.6338797172
photometry_tables/flux_table_JWST+0.0,215,0.0,1.0,475.0,4.25,8.62,0.1126,False,1665.7123280688102,33334.964733275694,7547.445749001341,3255.3673247163633,2685.962840260098,44627.237076225225,473587.24812533584
photometry_tables/flux_table_JWST+0.0,216,0.0,1.0,500.0,4.25,8.72,0.1132,False,2467.7434053558527,50222.69341823902,12022.644346174131,5565.446342582577,4080.374266896696,57438.09134963179,565978.5862426964
photometry_tables/flux_table_JWST+0.0,217,0.0,1.0,525.0,4.25,8.81,0.1138,False,3912.9112712685283,75945.14226678695,19678.862897068448,8550.667128846831,5731.918411587632,70404.43214699753,655994.2006647444
photometry_tables/flux_table_JWST+0.0,218,0.0,1.0,550.0,4.25,8.9,0.1143,False,5313.736321187098,101812.24173776968,27803.53394087041,13384.433676499079,8485.94084500823,88084.60273622596,761903.555049371
photometry_tables/flux_table_JWST+0.0,219,0.0,1.0,575.0,4.25,8.98,0.1149,False,6689.597686316092,129330.21513395707,36702.86784810968,20787.39171878712,12653.189142138564,110128.56999410702,883893.6217394065
photometry_tables/flux_table_JWST+0.0,220,0.0,1.0,600.0,4.25,9.07,0.1154,False,8955.709546432745,166763.1154610125,49670.66792234226,29737.194950692916,17778.699932105126,132617.24450973835,999769.7679981565
photometry_tables/flux_table_JWST+0.0,221,0.0,1.0,650.0,4.25,9.23,0.1164,False,15392.175269524576,261758.0218703811,85310.01140175895,55988.650528602724,32359.365692962827,183780.7417364151,1245087.863916054
photometry_tables/flux_table_JWST+0.0,222,0.0,1.0,700.0,4.25,9.39,0.1174,False,25217.382156449235,387703.7485103829,136898.91307007353,97768.73589674212,54287.51970396823,244737.2073067255,1513561.248436208
photometry_tables/flux_table_JWST+0.0,223,0.0,1.0,750.0,4.25,9.55,0.1184,False,39427.568959559074,549794.0050635922,208449.08830972886,160768.1447230714,85506.67128846832,316154.96026522946,1804679.1465567222
photometry_tables/flux_table_JWST+0.0,224,0.0,1.0,800.0,4.25,9.72,0.1195,False,59033.69946398823,753355.5637337174,305140.6029141043,253104.57771974383,129181.40390030567,400682.15418221115,2123733.4133953676
photometry_tables/flux_table_JWST+0.0,225,0.0,1.0,850.0,4.25,9.88,0.1205,False,84644.74480977,999079.3899844618,430229.31593879656,384326.2071909514,189845.3656661504,501995.70337894704,2475141.318074313
photometry_tables/flux_table_JWST+0.0,226,0.0,1.0,900.0,4.25,10.05,0.1215,False,117896.25232437854,1295090.1491129298,588708.0847020436,562470.8239741311,274915.9896551039,627480.1619978518,2858906.8155119554
photometry_tables/flux_table_JWST+0.0,227,0.0,1.0,950.0,4.25,10.23,0.1226,False,160620.13995885983,1643236.223702557,786502.3054586583,792683.8316658651,394003.4276447455,783971.0037491972,3279442.3443213464
photometry_tables/flux_table_JWST+0.0,228,0.0,1.0,1000.0,4.25,10.42,0.1237,False,215923.54411108728,2050689.9356510288,1032048.2458012219,1078449.9632938318,557314.0604637259,980844.1360309061,3738522.5106972866
photometry_tables/flux_table_JWST+0.0,229,0.0,1.0,1100.0,4.25,10.83,0.1261,False,379140.34418330644,3054217.772612144,1723455.205109162,1842892.4889705542,1064878.356126963,1560630.175702551,4808393.484497286
photometry_tables/flux_table_JWST+0.0,230,0.0,1.0,1200.0,4.25,11.26,0.1286,False,638557.4850788396,4342101.787860282,2789330.656339983,2910717.118066605,1842892.4889705542,2536880.4402999408,6109420.249055721
photometry_tables/flux_table_JWST+0.0,231,0.0,1.0,1300.0,4.25,11.73,0.1313,False,1021880.2368884401,5952508.167809472,4322151.642327875,4395416.154378246,2831391.995799379,4134281.0804713448,7680685.809900986
photometry_tables/flux_table_JWST+0.0,232,0.0,1.0,1400.0,4.25,12.24,0.1341,False,1540635.8517478737,7963426.939899094,6370888.436175274,6526795.418367303,4005899.043277508,6472916.429993275,9589589.129147388
photometry_tables/flux_table_JWST+0.0,233,0.0,1.0,1500.0,4.25,12.81,0.1372,False,2217685.7199980062,10526887.943825029,8978421.709097268,9503859.34011676,5471419.324763781,9711806.033832926,11846771.175814854
photometry_tables/flux_table_JWST+0.0,234,0.0,1.0,1600.0,4.25,13.41,0.1404,False,3100987.388532344,13889928.174968531,12297023.415411422,13498950.350559803,7438750.629075671,14328475.980645912,14491054.840012256
photometry_tables/flux_table_JWST+0.0,235,0.0,1.0,1700.0,4.25,14.04,0.1436,False,4250108.33176047,18255763.461880688,16451291.587709704,18428924.889705546,9738677.853286335,19341938.586192783,17346026.278792866
photometry_tables/flux_table_JWST+0.0,236,0.0,1.0,1800.0,4.25,14.75,0.1472,False,5839827.246189303,24149047.180616517,21973538.551065426,24802759.37692958,13270888.490465004,26822546.076084945,21042629.084282875
photometry_tables/flux_table_JWST+0.0,237,0.0,1.0,1900.0,4.25,15.58,0.1513,False,8083510.373900676,31952143.6480822,29234791.443876892,32749147.555557903,17774606.706429582,34705635.40079875,25491770.5050912
photometry_tables/flux_table_JWST+0.0,238,0.0,1.0,2000.0,4.25,16.57,0.156,False,11300560.897485359,42189074.65677975,38815036.59906483,42785833.81637387,23691905.952776395,43271305.68849061,31052745.216977596
photometry_tables/flux_table_JWST+0.0,239,0.0,1.0,2100.0,4.25,17.74,0.1615,False,15867189.189515749,55398754.39385942,51392530.22834875,55462571.295791075,31397856.482728187,52541201.51100796,37966450.79222194
photometry_tables/flux_table_JWST+0.0,240,0.0,1.0,2200.0,4.25,19.16,0.1678,False,22279220.921849094,72326924.77768491,67967297.1950456,71713348.2657721,41648560.934074126,63328616.445219755,46622976.90149265
photometry_tables/flux_table_JWST+0.0,241,0.0,1.0,2300.0,4.25,20.91,0.1753,False,31282395.322577406,94080583.00365892,90011914.71031868,92875250.89890628,55769917.23756762,76753820.12183768,57756384.63945334
photometry_tables/flux_table_JWST+0.0,242,0.0,1.0,2400.0,4.25,23.11,0.1843,False,44004794.78359838,122518028.57418044,119867100.45021866,120920518.29432084,75179598.1512007,93993971.47667809,72127353.94337602
photometry_tables/flux_table_JWST+0.0,243,0.0,1.0,200.0,4.5,11.62,0.098,False,2.730863545120826,0.04716284552998383,0.31045595881283555,0.0005771650171902318,0.09876430227771066,53.382634136403915,7570.071822999655
photometry_tables/flux_table_JWST+0.0,244,0.0,1.0,225.0,4.5,11.8,0.0988,False,6.55239394015981,0.48172590355916345,1.6292960326397214,0.0068960436216370284,0.4533149061464115,173.74007313857675,14112.371484118506
photometry_tables/flux_table_JWST+0.0,245,0.0,1.0,250.0,4.5,11.98,0.0995,False,13.611312343313058,3.5999792704335687,6.7406224113900715,0.06820245379032683,1.8788841379304388,475.4446885252101,24615.009062337667
photometry_tables/flux_table_JWST+0.0,246,0.0,1.0,275.0,4.5,12.16,0.1003,False,25.95374300988093,20.021656215890395,22.583955011455497,0.5159409511903313,6.657328693784387,1111.98774244556,40188.33372541836
photometry_tables/flux_table_JWST+0.0,247,0.0,1.0,300.0,4.5,12.34,0.1011,False,48.4060895610673,87.07630662652318,63.72355556351464,2.9248257663345614,20.12797109073002,2278.76741143295,61801.64001384158
photometry_tables/flux_table_JWST+0.0,248,0.0,1.0,325.0,4.5,12.53,0.1018,False,89.94975815300346,310.74203103885856,158.01561289971852,12.841034121716339,52.966344389165805,4214.053063912862,90448.214904759
photometry_tables/flux_table_JWST+0.0,249,0.0,1.0,350.0,4.5,12.71,0.1025,False,165.00610013202268,929.608315715038,353.8343568147222,45.28975799036205,123.53783896545475,7169.683755804202,126852.78312575731
photometry_tables/flux_table_JWST+0.0,250,0.0,1.0,375.0,4.5,12.85,0.1031,False,291.0717118066605,2367.009494686908,726.9423992141195,131.4014023039037,257.27642953467796,11310.973893337059,170726.13161061416
photometry_tables/flux_table_JWST+0.0,251,0.0,1.0,400.0,4.5,12.99,0.1037,False,485.62384139142637,5233.59365186758,1394.761657639993,326.28717214308494,489.89160809406417,16811.249744769597,222075.16834507542
photometry_tables/flux_table_JWST+0.0,252,0.0,1.0,425.0,4.5,13.1,0.1041,False,771.6138244793734,10258.881185266036,2530.4630494613966,713.0171895014071,863.7737465291838,23768.40286624876,280737.2232343649
photometry_tables/flux_table_JWST+0.0,253,0.0,1.0,450.0,4.5,13.22,0.1046,False,1172.1953655481304,17984.567574769397,4362.144019080488,1411.8871968036585,1434.1679074041115,32344.467085144686,346976.4505288518
photometry_tables/flux_table_JWST+0.0,254,0.0,1.0,475.0,4.5,13.35,0.1051,False,1719.0954861928851,28953.428647598066,7199.461274408394,2585.234839562191,2265.1658212545954,42667.77536749634,421114.3104363183
photometry_tables/flux_table_JWST+0.0,255,0.0,1.0,500.0,4.5,13.47,0.1056,False,2441.1811060548894,43431.01708860921,11342.270487116326,4440.174108068949,3432.4166501212026,54815.07340176552,502689.7153690669
photometry_tables/flux_table_JWST+0.0,256,0.0,1.0,525.0,4.5,13.59,0.1061,False,3351.1973196770778,61418.612340630214,16861.647269094912,7249.365555873983,5139.253022834874,69294.69698425558,589929.3451041437
photometry_tables/flux_table_JWST+0.0,257,0.0,1.0,550.0,4.5,13.71,0.1065,False,4520.640796485012,83598.791626118,24010.433435693223,11243.460539124868,7573.558772744387,86158.87110661427,682810.1998468728
photometry_tables/flux_table_JWST+0.0,258,0.0,1.0,575.0,4.5,13.83,0.107,False,6014.506519775483,110611.42822180783,33197.08878746795,16734.009068393134,10851.755496327809,105220.41248852432,781627.8045883296
photometry_tables/flux_table_JWST+0.0,259,0.0,1.0,600.0,4.5,13.95,0.1074,False,7910.428328190838,143119.89205418518,44719.81517887506,23999.378768098803,15187.979420318125,126473.63474711512,885115.6098308355
photometry_tables/flux_table_JWST+0.0,260,0.0,1.0,650.0,4.5,14.18,0.1083,False,13270.888490465006,226516.58212545942,76348.41051830965,45248.06378555484,27542.28703338166,174904.1039966304,1103570.2899640147
photometry_tables/flux_table_JWST+0.0,261,0.0,1.0,700.0,4.5,14.41,0.1092,False,21428.906011200583,337675.84864203254,122236.24492787322,78922.3484789973,46121.13644917027,232220.20280147262,1341528.7982661263
photometry_tables/flux_table_JWST+0.0,262,0.0,1.0,750.0,4.5,14.62,0.11,False,33097.86650728407,479402.17494151037,184926.86189780783,129807.56402389776,72610.59574351547,299295.37103323435,1598453.474616406
photometry_tables/flux_table_JWST+0.0,263,0.0,1.0,800.0,4.5,14.84,0.1108,False,49419.68808478378,656901.1164762664,268781.88786381343,203798.03862870563,108968.25594561704,377137.74501139764,1877154.4183750232
photometry_tables/flux_table_JWST+0.0,264,0.0,1.0,850.0,4.5,15.06,0.1116,False,71170.49722679208,873574.6039721522,377398.3525365857,307397.26560825144,158306.95667064394,468273.95137360017,2179716.4411399052
photometry_tables/flux_table_JWST+0.0,265,0.0,1.0,900.0,4.5,15.29,0.1125,False,99334.4748170826,1134227.0487116328,514991.4276478669,449262.3246702934,225943.57702209774,577962.951195466,2512464.8813287695
photometry_tables/flux_table_JWST+0.0,266,0.0,1.0,950.0,4.5,15.52,0.1133,False,135363.0090671455,1440787.7256886933,687543.2140408456,635477.2390486158,317687.40706497704,711377.2954721316,2874087.593615022
photometry_tables/flux_table_JWST+0.0,267,0.0,1.0,1000.0,4.5,15.77,0.1142,False,181384.42808706203,1798870.9151287877,901156.0443397046,871364.7758812181,441468.78370526346,874580.9230752017,3266630.404580687
photometry_tables/flux_table_JWST+0.0,268,0.0,1.0,1100.0,4.5,16.3,0.1162,False,316082.17127583484,2683490.115967991,1492450.7205337381,1506607.066186742,821674.8609764342,1331680.376269981,4152407.8175699958
photometry_tables/flux_table_JWST+0.0,269,0.0,1.0,1200.0,4.5,16.88,0.1182,False,530273.5926292144,3801893.9632056113,2386162.4108794928,2390561.9353446313,1433507.600728124,2069664.7360042112,5215548.640348758
photometry_tables/flux_table_JWST+0.0,270,0.0,1.0,1300.0,4.5,17.5,0.1203,False,850158.6931874368,5195172.830110675,3692325.673185325,3609109.0121201514,2274573.630536195,3279442.3443213464,6511784.205461808
photometry_tables/flux_table_JWST+0.0,271,0.0,1.0,1400.0,4.5,18.18,0.1227,False,1294195.8414499862,6907167.693241919,5458835.409516776,5321082.592667942,3286245.4665820454,5121533.29024499,8079788.63683088
photometry_tables/flux_table_JWST+0.0,272,0.0,1.0,1500.0,4.5,18.92,0.1251,False,1876722.2373555112,9057326.008982,7712585.649892137,7712585.649892137,4505053.989279238,7671848.181899857,9924302.650467774
photometry_tables/flux_table_JWST+0.0,273,0.0,1.0,1600.0,4.5,19.71,0.1277,False,2619992.2097727596,11811362.539340535,10568175.092136584,10992589.24015141,6156019.68644896,11434047.709202252,12125509.605714865
photometry_tables/flux_table_JWST+0.0,274,0.0,1.0,1700.0,4.5,20.54,0.1304,False,3586740.8576995083,15360310.683850272,14089643.350406388,15052200.686321298,8072350.302488383,15823407.040690508,14481048.230513731
photometry_tables/flux_table_JWST+0.0,275,0.0,1.0,1800.0,4.5,21.48,0.1333,False,4905688.861017997,20058571.459359497,18638029.72346199,20160439.706643622,10607181.496353153,21154365.318951447,17258378.919902038
photometry_tables/flux_table_JWST+0.0,276,0.0,1.0,1900.0,4.5,22.52,0.1365,False,6737518.954705829,26193890.03721489,24530138.48360877,26515510.930092096,14089643.350406388,27726815.976123944,20672833.17537609
photometry_tables/flux_table_JWST+0.0,277,0.0,1.0,2000.0,4.5,23.73,0.1401,False,9311078.754678302,34158595.06860554,32166217.92879041,34395371.13806398,18569491.014904615,34681669.87553588,24825614.085898943
photometry_tables/flux_table_JWST+0.0,278,0.0,1.0,2100.0,4.5,25.18,0.1444,False,12971792.709839558,44371080.03572383,42072662.83844441,44248647.435566485,24361274.198059823,42082351.542482324,29964014.599344436
photometry_tables/flux_table_JWST+0.0,279,0.0,1.0,2200.0,4.5,26.88,0.1491,False,18055104.234106995,57253230.93941758,54802453.217685044,56545754.068762116,31834644.175564323,50222693.41823902,36240985.58997441
photometry_tables/flux_table_JWST+0.0,280,0.0,1.0,2300.0,4.5,28.93,0.1547,False,24974683.891541433,73502142.76467943,71301718.95014071,72143963.7925809,41869714.5437062,59896300.640295126,44136714.346343964
photometry_tables/flux_table_JWST+0.0,281,0.0,1.0,2400.0,4.5,31.32,0.161,False,34253109.270831965,93734615.01481734,92576338.51208252,91917880.16944914,55347753.74571609,71663827.54558644,53975913.355590045
photometry_tables/flux_table_JWST+0.0,282,0.0,1.0,200.0,4.75,18.12,0.0918,False,4.509205208756533,0.04640876378080087,0.36433425006849646,0.0007043686205287457,0.09986194028465238,57.4116462207328,7099.046158552872
photometry_tables/flux_table_JWST+0.0,283,0.0,1.0,225.0,4.75,18.34,0.0924,False,9.887807436269279,0.44791953125428396,1.8633738652568332,0.006991977144514592,0.42111431043631786,180.343294883757,13019.670700641396
photometry_tables/flux_table_JWST+0.0,284,0.0,1.0,250.0,4.75,18.56,0.0929,False,19.275249131909366,3.2666304045806873,7.613774324561507,0.05970352865838366,1.6947279810629878,482.6140932685212,22490.546058357817
photometry_tables/flux_table_JWST+0.0,285,0.0,1.0,275.0,4.75,18.78,0.0935,False,36.81289736425313,17.95973813196918,25.246431459482462,0.41029856684700566,5.916978619587192,1111.2198737687343,36441.81507888611
photometry_tables/flux_table_JWST+0.0,286,0.0,1.0,300.0,4.75,19.01,0.094,False,65.91738952443212,77.25026892978104,70.33961712162473,2.2166646731048236,17.587333541355715,2253.201335629483,55705.74669415546
photometry_tables/flux_table_JWST+0.0,287,0.0,1.0,325.0,4.75,19.24,0.0946,False,119.06935471068955,271.3313652150698,170.96216148411108,9.508237037009856,45.63520439214676,4121.924189830974,81002.79416803508
photometry_tables/flux_table_JWST+0.0,288,0.0,1.0,350.0,4.75,19.45,0.0951,False,209.41124558508935,802.6015608726273,374.3691039890452,33.29660852068807,105.17196785351497,6943.844712409821,112927.57442094159
photometry_tables/flux_table_JWST+0.0,289,0.0,1.0,375.0,4.75,19.67,0.0957,False,369.1475581654131,2086.4116545630145,747.1365798284318,99.70111150161662,219.58365009731904,10909.378253153822,150626.01970259022
photometry_tables/flux_table_JWST+0.0,290,0.0,1.0,400.0,4.75,19.82,0.096,False,567.1526948608317,4462.723707622523,1391.874248839297,242.15865734606237,409.73210981354134,16058.316006250074,195974.6962558717
photometry_tables/flux_table_JWST+0.0,291,0.0,1.0,425.0,4.75,19.97,0.0964,False,862.7798624883703,8647.687754802235,2440.6190680419813,533.0893422367013,718.1249238834741,22589.155758005636,246774.3405355852
photometry_tables/flux_table_JWST+0.0,292,0.0,1.0,450.0,4.75,20.12,0.0967,False,1261.8275345906707,15066.070661867418,4097.321098135413,1061.9400497822237,1186.0418129480252,30591.4455948641,304088.50256762793
photometry_tables/flux_table_JWST+0.0,293,0.0,1.0,475.0,4.75,20.28,0.0971,False,1927.9687933057098,26121.613543992065,7231.027280500617,1847.5661637660262,1795.1469271031574,39228.34625395205,362493.3134609572
photometry_tables/flux_table_JWST+0.0,294,0.0,1.0,500.0,4.75,20.44,0.0975,False,2403.2558049332424,35677.95882885623,10108.80921220912,3411.9291162192844,2894.6762641760283,51844.17883078227,437522.10515825206
photometry_tables/flux_table_JWST+0.0,295,0.0,1.0,525.0,4.75,20.59,0.0979,False,3184.930794718725,50373.25327855015,14797.89699619029,5610.479760324706,4370.186790706132,65508.85369386103,512625.25697028363
photometry_tables/flux_table_JWST+0.0,296,0.0,1.0,550.0,4.75,20.74,0.0982,False,4162.938547861454,68722.66615842486,20989.398836235243,8772.027812959948,6419.482215080359,81245.62800558314,593335.0443800042
photometry_tables/flux_table_JWST+0.0,297,0.0,1.0,575.0,4.75,20.9,0.0986,False,5396.348637300686,91222.08617910431,28913.455626423845,13112.937764409324,9200.25786648233,99037.5754969247,678890.9197955849
photometry_tables/flux_table_JWST+0.0,298,0.0,1.0,600.0,4.75,21.06,0.099,False,6971.078929020044,118494.9930976178,38958.30021781301,18858.189694904057,12823.305826560218,118740.80803829504,768599.3272617573
photometry_tables/flux_table_JWST+0.0,299,0.0,1.0,650.0,4.75,21.38,0.0997,False,11277.166693314719,188755.66730685282,66160.68605559994,35677.95882885623,23141.952615112536,163681.65214278086,958958.9129147386
photometry_tables/flux_table_JWST+0.0,300,0.0,1.0,700.0,4.75,21.68,0.1004,False,17856.65056326742,283530.64117606863,105487.25713234372,62187.05637987514,38636.697705406914,216670.6070011784,1166003.891851448
photometry_tables/flux_table_JWST+0.0,301,0.0,1.0,750.0,4.75,21.97,0.1011,False,27277.213314265067,405601.91798991413,159661.4245993415,102070.4430766585,60687.60518767997,278291.53738526057,1389632.6196366015
photometry_tables/flux_table_JWST+0.0,302,0.0,1.0,800.0,4.75,22.26,0.1018,False,40401.733537300046,557956.0614821764,231206.47901755947,159918.9759167676,90844.78470267751,349381.57638329227,1630421.8992825646
photometry_tables/flux_table_JWST+0.0,303,0.0,1.0,850.0,4.75,22.55,0.1024,False,58049.702719687,743875.062907567,323221.3203396088,240768.68456124462,131099.1874649778,431221.0969401274,1888861.00147301
photometry_tables/flux_table_JWST+0.0,304,0.0,1.0,900.0,4.75,22.85,0.1031,False,81170.83246672252,968277.8562612492,439845.34492163145,350751.873952568,184501.54191794738,526501.9693769151,2168203.294604615
photometry_tables/flux_table_JWST+0.0,305,0.0,1.0,950.0,4.75,23.15,0.1038,False,110891.9447724289,1233672.8297663254,585328.9438325574,495564.28556229733,254917.705050912,638851.6193898018,2469448.6510125804
photometry_tables/flux_table_JWST+0.0,306,0.0,1.0,1000.0,4.75,23.47,0.1045,False,148833.2618784253,1543121.0656577921,766125.645013803,681396.6592828316,348096.775232401,773392.5780489972,2797048.519478095
photometry_tables/flux_table_JWST+0.0,307,0.0,1.0,1100.0,4.75,24.14,0.106,False,257869.51295658734,2307278.3980444605,1264445.164690069,1195363.5256737184,630521.645090042,1138151.303199574,3536714.4758575936
photometry_tables/flux_table_JWST+0.0,308,0.0,1.0,1200.0,4.75,24.88,0.1076,False,431419.7273268736,3273406.948788382,2009092.8126087282,1917785.3644826533,1088679.3867781777,1694337.8004473285,4396428.35287889
photometry_tables/flux_table_JWST+0.0,309,0.0,1.0,1300.0,4.75,25.69,0.1093,False,693585.4915927481,4454510.633598985,3091718.8938916996,2902017.3193802256,1762381.80310217,2582854.8464763714,5433754.33906334
photometry_tables/flux_table_JWST+0.0,310,0.0,1.0,1400.0,4.75,26.57,0.1112,False,1060962.4171364931,5887080.847020437,4578255.227916937,4261868.054241605,2616977.567970073,3981988.4867155864,6695761.871756888
photometry_tables/flux_table_JWST+0.0,311,0.0,1.0,1500.0,4.75,27.52,0.1132,False,1547747.1037349186,7655966.0691125635,6484850.97144138,6141861.234063021,3628273.359403349,5956621.435290105,8182763.513481794
photometry_tables/flux_table_JWST+0.0,312,0.0,1.0,1600.0,4.75,28.54,0.1152,False,2175204.034019523,9885530.946569387,8875646.565663146,8691605.37856856,4873040.266252347,8637737.465291841,9892361.98851423
photometry_tables/flux_table_JWST+0.0,313,0.0,1.0,1700.0,4.75,29.67,0.1175,False,2977830.6796291186,12735030.810166616,11879550.279416518,12036493.89791214,6526795.418367303,12419382.415199224,11876815.226774689
photometry_tables/flux_table_JWST+0.0,314,0.0,1.0,1800.0,4.75,30.85,0.1198,False,4039243.17653098,16398344.27626537,15591934.439322481,16084219.823990854,8402335.139076918,16439931.362213211,13999096.265683426
photometry_tables/flux_table_JWST+0.0,315,0.0,1.0,1900.0,4.75,32.18,0.1224,False,5525861.556300782,21198249.52806448,20379803.862870555,21168983.285107378,11068786.228588048,21782112.662934355,16622640.023931285
photometry_tables/flux_table_JWST+0.0,316,0.0,1.0,2000.0,4.75,33.66,0.1252,False,7571815.097147056,27289777.828080405,26430172.644776534,27321214.43878487,14431118.736650363,27390502.512868647,19715146.10996587
photometry_tables/flux_table_JWST+0.0,317,0.0,1.0,2100.0,4.75,35.35,0.1282,False,10396807.429275228,34994516.70283573,34119291.162192844,34841753.19018589,18706821.403658006,33235330.357747763,23431495.065940697
photometry_tables/flux_table_JWST+0.0,318,0.0,1.0,2200.0,4.75,37.32,0.1318,False,14328475.980645912,44616962.45809643,43822787.610367194,44075779.324153654,24137928.693729613,39400342.76447454,27938301.513625298
photometry_tables/flux_table_JWST+0.0,319,0.0,1.0,2300.0,4.75,39.68,0.1359,False,19669802.532183915,56623928.90382531,56117717.697731495,55539248.624348,31203262.165980116,46398078.99821256,33473413.31292354
photometry_tables/flux_table_JWST+0.0,320,0.0,1.0,2400.0,4.75,42.61,0.1408,False,26736219.619997952,71647328.23911086,71961465.63265814,70097091.75843829,40869563.562815815,54916139.55526368,40522851.6801891
photometry_tables/flux_table_JWST+0.0,321,0.0,1.0,200.0,5.0,27.95,0.0855,False,7.319813231998071,0.043291237450282655,0.39728301673368127,0.0009187556016660636,0.10389628049090377,62.82029912455561,6575.064234749979
photometry_tables/flux_table_JWST+0.0,322,0.0,1.0,225.0,5.0,28.19,0.0859,False,15.215982496190508,0.39327831456834134,1.9696996148999255,0.007701937676097954,0.4059756632515686,188.62532453510653,11863.149406116188
photometry_tables/flux_table_JWST+0.0,323,0.0,1.0,250.0,5.0,28.43,0.0862,False,28.83367506780263,2.7726815976123933,7.906786279998245,0.05579560614821764,1.5328512063629365,489.21526513441756,20216.222090889245
photometry_tables/flux_table_JWST+0.0,324,0.0,1.0,275.0,5.0,28.67,0.0866,False,51.99959965335162,15.090373879486435,26.09155723014136,0.33978171182708333,5.193976735070071,1104.5871839886302,32493.76236187617
photometry_tables/flux_table_JWST+0.0,325,0.0,1.0,300.0,5.0,28.89,0.0869,False,92.2359021688246,64.62491724953874,72.46027868251423,1.7017666170341084,15.226496955679364,2209.0217909438684,49374.19182496816
photometry_tables/flux_table_JWST+0.0,326,0.0,1.0,325.0,5.0,29.11,0.0872,False,160.1769426926007,225.26825765754256,174.3411875825708,6.995197810512135,38.931398070156405,3995.765566188054,71367.42051224741
photometry_tables/flux_table_JWST+0.0,327,0.0,1.0,350.0,5.0,29.32,0.0876,False,269.40149410636695,659.0221323188566,374.1105882720533,23.867119083399718,88.26733207212584,6648.137604740005,98809.7953941127
photometry_tables/flux_table_JWST+0.0,328,0.0,1.0,375.0,5.0,29.52,0.0879,False,431.9167036710432,1649.3012950896432,733.3309252741507,68.94455931709223,180.343294883757,10327.614057613975,131764.9798657222
photometry_tables/flux_table_JWST+0.0,329,0.0,1.0,400.0,5.0,29.72,0.0882,False,665.2731562017412,3608.278079727421,1332.907464231338,171.83039957263003,337.13201787284345,15139.097989198237,170059.14842240888
photometry_tables/flux_table_JWST+0.0,330,0.0,1.0,425.0,5.0,29.91,0.0884,False,967.6092245777279,6935.85491592748,2268.8197811445098,382.6484865951097,592.3794715877254,21227.5562317733,213353.61214388203
photometry_tables/flux_table_JWST+0.0,331,0.0,1.0,450.0,5.0,30.07,0.0887,False,1347.4107253444054,11956.387999881212,3671.131996879641,773.3925780489969,989.2361988514226,28694.588430750046,261456.83522105607
photometry_tables/flux_table_JWST+0.0,332,0.0,1.0,475.0,5.0,30.27,0.089,False,1826.837845308522,19182.270017252504,5811.657339622399,1438.798578255845,1539.926526059492,37592.395401291746,316227.76601683797
photometry_tables/flux_table_JWST+0.0,333,0.0,1.0,500.0,5.0,30.47,0.0893,False,2484.8489854530035,29539.286429602795,9038.575706601761,2441.1811060548894,2390.011551484727,47719.95220268839,370083.7362923158
photometry_tables/flux_table_JWST+0.0,334,0.0,1.0,525.0,5.0,30.68,0.0896,False,3157.1847762703,41039.30524610162,12885.462162679733,4091.6643482904537,3619.9285622423913,60380.958107442784,434910.60723245353
photometry_tables/flux_table_JWST+0.0,335,0.0,1.0,550.0,5.0,30.88,0.0899,False,3981.0717055349733,55526.46171195634,17968.010801734938,6498.303634842378,5319.857509170661,74885.89075216439,504428.9459524142
photometry_tables/flux_table_JWST+0.0,336,0.0,1.0,575.0,5.0,31.07,0.0901,False,5006.105525288209,73434.47595588672,24524.490860720194,9840.111057611335,7612.0213900571825,91201.08393559097,577962.951195466
photometry_tables/flux_table_JWST+0.0,337,0.0,1.0,600.0,5.0,31.27,0.0904,False,6251.726927756856,94951.09992021983,32681.35089915479,14348.28518232589,10626.738654024648,109420.82880366822,655692.1737208478
photometry_tables/flux_table_JWST+0.0,338,0.0,1.0,650.0,5.0,31.65,0.091,False,9700.631337839572,151984.74529284792,55385.99982773569,27485.269519646685,19160.19832068458,150660.7066186742,819030.3588996121
photometry_tables/flux_table_JWST+0.0,339,0.0,1.0,700.0,5.0,32.04,0.0915,False,14835.425261474897,229773.5319360636,88186.07228217536,48183.68378188962,31988.95109691397,199204.89224688022,997011.1150161654
photometry_tables/flux_table_JWST+0.0,340,0.0,1.0,750.0,5.0,32.44,0.0921,False,22243.33998485111,331665.27215043496,133475.02165809504,78958.70193366946,50095.64815133983,254976.40877992823,1188228.5961900004
photometry_tables/flux_table_JWST+0.0,341,0.0,1.0,800.0,5.0,32.83,0.0927,False,32666.30404580687,460468.57837857405,193776.00589594222,123253.7098203345,74713.65798284314,318713.16270228004,1393156.802945303
photometry_tables/flux_table_JWST+0.0,342,0.0,1.0,850.0,5.0,33.22,0.0932,False,46805.83528968202,619155.877593877,271518.8590327265,184884.28581619848,107176.60600831272,391201.03938735096,1612129.777998243
photometry_tables/flux_table_JWST+0.0,343,0.0,1.0,900.0,5.0,33.61,0.0937,False,65328.09588303899,809654.9959081948,369147.5581654129,268410.8083545229,149451.40423664582,473914.50362369727,1845865.275851294
photometry_tables/flux_table_JWST+0.0,344,0.0,1.0,950.0,5.0,34.0,0.0943,False,89186.680515947,1035142.1666793439,489666.05661040253,378355.4551232311,204032.80490797188,569114.957628841,2094112.4558508925
photometry_tables/flux_table_JWST+0.0,345,0.0,1.0,1000.0,5.0,34.41,0.0949,False,119618.95388061792,1297776.7816857812,638704.5353025887,520475.1511705223,274473.2343478535,680299.2622648602,2362109.3570835716
photometry_tables/flux_table_JWST+0.0,346,0.0,1.0,1100.0,5.0,35.27,0.096,False,206871.18395998335,1948498.1599227122,1047852.1287135911,920661.5375019705,482280.83038164757,970733.4611535073,2966197.0592694385
photometry_tables/flux_table_JWST+0.0,347,0.0,1.0,1200.0,5.0,36.2,0.0973,False,344508.54628657905,2772681.597612394,1659969.0854431004,1501412.4057541382,820351.5443298182,1398298.8484658373,3671131.996879641
photometry_tables/flux_table_JWST+0.0,348,0.0,1.0,1300.0,5.0,37.24,0.0987,False,554753.4349517692,3778330.9865888613,2549177.05050912,2291922.879265461,1331987.042313162,2047858.7589632084,4495727.713019056
photometry_tables/flux_table_JWST+0.0,349,0.0,1.0,1400.0,5.0,38.39,0.1002,False,855460.5763414557,4973933.791067749,3779201.07961879,3363566.3574836208,2027682.719521282,3065490.6794257876,5487821.792914583
photometry_tables/flux_table_JWST+0.0,350,0.0,1.0,1500.0,5.0,39.65,0.1018,False,1258345.7886902848,6412095.765851617,5387657.756854136,4843953.885478403,2872102.9297978333,4576147.348863334,6681900.4341055285
photometry_tables/flux_table_JWST+0.0,351,0.0,1.0,1600.0,5.0,40.95,0.1035,False,1778279.4100389227,8195963.204818458,7379042.301291009,6824958.265220595,3877930.308761825,6622165.037017619,8044517.485521323
photometry_tables/flux_table_JWST+0.0,352,0.0,1.0,1700.0,5.0,42.37,0.1053,False,2438933.730278913,10430376.85504838,9853715.068586186,9431917.643879367,5158221.650723057,9449307.89034299,9596215.67110341
photometry_tables/flux_table_JWST+0.0,353,0.0,1.0,1800.0,5.0,43.88,0.1071,False,3298374.7715856815,13295356.899791094,12938978.761506317,12694044.01961803,6711197.196984211,12909219.936153512,11321396.484330412
photometry_tables/flux_table_JWST+0.0,354,0.0,1.0,1900.0,5.0,45.59,0.1092,False,4451434.629201127,16943378.004473288,16788040.18122561,16687835.113653904,8667622.733900387,16927779.760985315,13295356.899791094
photometry_tables/flux_table_JWST+0.0,355,0.0,1.0,2000.0,5.0,47.46,0.1114,False,6060382.005270663,21617227.843354706,21632165.654072944,21522860.95476055,11178923.907117443,21414108.558785826,15609895.654550623
photometry_tables/flux_table_JWST+0.0,356,0.0,1.0,2100.0,5.0,49.52,0.1138,False,8285142.834779585,27466289.924159586,27669416.45411511,27352687.263067126,14358200.050677096,26115599.51261445,18356927.808988184
photometry_tables/flux_table_JWST+0.0,357,0.0,1.0,2200.0,5.0,51.87,0.1165,False,11305766.196570776,34705635.40079875,35180337.37737026,34387452.222912714,18348476.0775554,30938553.154516518,21627185.237270202
photometry_tables/flux_table_JWST+0.0,358,0.0,1.0,2300.0,5.0,54.64,0.1195,False,15413455.041680338,43631485.55506763,44504097.66495372,42943753.373348854,23426100.385925483,36140986.26396133,25568190.886896856
photometry_tables/flux_table_JWST+0.0,359,0.0,1.0,2400.0,5.0,58.04,0.1232,False,20801756.100985948,54651237.451987214,56234132.51903491,53604345.7816143,30255198.03872306,42247401.298754536,30528115.77162668
photometry_tables/flux_table_JWST+0.0,360,0.0,1.0,200.0,5.25,41.6,0.0782,False,11.937132101928057,0.04026243159764697,0.39210285091946057,0.0011295357994976862,0.10869260563262285,68.1710526305853,5862.7314335345
photometry_tables/flux_table_JWST+0.0,361,0.0,1.0,225.0,5.25,41.86,0.0784,False,22.813924501727502,0.3362017734543793,1.8888610014730112,0.008396533015798732,0.3967345289316543,196.0198262928801,10476.108796203614
photometry_tables/flux_table_JWST+0.0,362,0.0,1.0,250.0,5.25,42.12,0.0787,False,40.80374266896692,2.228435149270303,7.407983391527401,0.052783720678157696,1.402813704561959,490.11726347194315,17652.247174525575
photometry_tables/flux_table_JWST+0.0,363,0.0,1.0,275.0,5.25,42.38,0.0789,False,70.72940424045754,11.789625232437864,24.282869170389578,0.28424969018155316,4.532105385481042,1080.9360472143258,28157.882997103097
photometry_tables/flux_table_JWST+0.0,364,0.0,1.0,300.0,5.25,42.63,0.0791,False,121.00407608569549,49.98043135782396,67.60829753919819,1.3052689288086474,13.08277884445235,2129.6096202155113,42599.05843322042
photometry_tables/flux_table_JWST+0.0,365,0.0,1.0,325.0,5.25,42.89,0.0794,False,199.9401437431088,166.45620920792356,158.1976398601154,5.053589947531675,32.945795624128245,3796.6450792221963,60939.65623401201
photometry_tables/flux_table_JWST+0.0,366,0.0,1.0,350.0,5.25,43.14,0.0796,False,322.62647270756725,478.0793661491186,334.7341331292356,16.951182515313988,74.81695005111537,6279.137596800936,83984.66611579144
photometry_tables/flux_table_JWST+0.0,367,0.0,1.0,375.0,5.25,43.39,0.0798,False,498.8844874600121,1189.3234993151846,646.5468497750434,48.76407606118829,153.10874616820306,9700.631337839572,111557.81513508523
photometry_tables/flux_table_JWST+0.0,368,0.0,1.0,400.0,5.25,43.64,0.0801,False,739.2647526562264,2588.8089418181567,1151.8608035366774,122.01128470319306,286.94588430750065,14151.419329314296,143449.8174790534
photometry_tables/flux_table_JWST+0.0,369,0.0,1.0,425.0,5.25,43.89,0.0803,False,1076.9610583443427,5222.759166787714,1989.756811090657,264.4234699211587,491.020924883086,19601.98262928801,179969.95165773574
photometry_tables/flux_table_JWST+0.0,370,0.0,1.0,450.0,5.25,44.14,0.0805,False,1445.439770745928,8918.6680515947,3106.704882789958,549.5408738576248,835.6030182312483,26564.39932030003,220039.17096373986
photometry_tables/flux_table_JWST+0.0,371,0.0,1.0,475.0,5.25,44.39,0.0808,False,1912.0533246045327,14491.054840012255,4839.4944930166275,1031.098131849619,1292.7067008067636,34753.61614432058,266133.7784924614
photometry_tables/flux_table_JWST+0.0,372,0.0,1.0,500.0,5.25,44.64,0.081,False,2447.935666196066,21672.050299642382,7133.456216702232,1803.8482524317503,2041.267871255288,44381.29803081387,313617.2916512987
photometry_tables/flux_table_JWST+0.0,373,0.0,1.0,525.0,5.25,44.9,0.0812,False,3088.1614691845125,31052.745216977593,10315.730794395113,2997.7816715823815,3043.6870744812113,55590.42572704037,366859.694441342
photometry_tables/flux_table_JWST+0.0,374,0.0,1.0,550.0,5.25,45.15,0.0814,False,3840.608157258118,42775.98314820378,14511.088807914288,4745.696931912426,4414.687837052633,68406.91418893657,424130.9839104882
photometry_tables/flux_table_JWST+0.0,375,0.0,1.0,575.0,5.25,45.41,0.0817,False,4739.145036236972,57213.695465232646,19952.6231496888,7194.489780036998,6245.971525332753,82832.35329759173,485065.0679999714
photometry_tables/flux_table_JWST+0.0,376,0.0,1.0,600.0,5.25,45.68,0.0819,False,5827.7377479636825,74558.98720277817,26693.160636242887,10493.007903979538,8631.772787998143,98832.54980990272,549161.3955526368
photometry_tables/flux_table_JWST+0.0,377,0.0,1.0,650.0,5.25,46.22,0.0824,False,8675.609586977058,119811.9123190034,45237.64623324995,20521.0699145127,15563.239471829509,136175.82027830032,688969.5054811366
photometry_tables/flux_table_JWST+0.0,378,0.0,1.0,700.0,5.25,46.73,0.0829,False,12743.830896889656,181970.08586099837,72060.95277894146,36341.261606422304,25989.624211086648,179887.0915128788,839653.3015798746
photometry_tables/flux_table_JWST+0.0,379,0.0,1.0,750.0,5.25,47.23,0.0833,False,18578.04455091698,264180.039026406,109093.78253153819,59813.60797812741,40709.89666502737,229826.44533865055,1000691.014168259
photometry_tables/flux_table_JWST+0.0,380,0.0,1.0,800.0,5.25,47.73,0.0837,False,26680.87081154362,369572.79973944306,158525.81696229443,93303.94357910895,60575.91738749948,286285.9270872122,1172465.3045822964
photometry_tables/flux_table_JWST+0.0,381,0.0,1.0,850.0,5.25,48.23,0.0842,False,37661.70697141669,500264.86242100585,222382.18856158716,139572.54577067675,86576.49506603731,349784.04842514114,1355189.412351036
photometry_tables/flux_table_JWST+0.0,382,0.0,1.0,900.0,5.25,48.75,0.0846,False,52239.61889991197,658870.4043340734,303109.8153584048,202022.62041587624,119977.55298713838,421308.28540400846,1549173.2881798213
photometry_tables/flux_table_JWST+0.0,383,0.0,1.0,950.0,5.25,49.26,0.0851,False,71186.88672622807,847617.6666354925,402995.31750197726,284380.6221472982,162442.62541935442,502111.30546995363,1755496.6296212343
photometry_tables/flux_table_JWST+0.0,384,0.0,1.0,1000.0,5.25,49.79,0.0855,False,95301.5578708126,1068808.748577734,525170.1096404132,390750.9117105615,216122.50865714028,594565.903295839,1974240.241454215
photometry_tables/flux_table_JWST+0.0,385,0.0,1.0,1100.0,5.25,50.89,0.0865,False,163870.20612846338,1616218.2261066127,853886.2102148433,692309.0359218819,369828.17978026625,826037.9495771787,2457536.631215046
photometry_tables/flux_table_JWST+0.0,386,0.0,1.0,1200.0,5.25,52.07,0.0875,False,271769.0523442279,2314728.1860152422,1343692.8307506517,1141826.1895482223,614469.0317057614,1153718.88082859,3022734.4800386527
photometry_tables/flux_table_JWST+0.0,387,0.0,1.0,1300.0,5.25,53.36,0.0885,False,437219.97995745554,3167378.7594444724,2063003.6673107082,1769701.422588467,992201.7758401657,1635686.2390617905,3683833.559790651
photometry_tables/flux_table_JWST+0.0,388,0.0,1.0,1400.0,5.25,54.81,0.0897,False,677173.5710786892,4167734.067976718,3070435.6507300646,2616977.567970073,1533204.1990349141,2366464.533352563,4461696.245809643
photometry_tables/flux_table_JWST+0.0,389,0.0,1.0,1500.0,5.25,56.42,0.091,False,1005078.5394907371,5339492.735741767,4399466.347160464,3760105.236684959,2220751.6834507543,3470563.540079876,5388898.45373287
photometry_tables/flux_table_JWST+0.0,390,0.0,1.0,1600.0,5.25,58.11,0.0924,False,1431858.1637864779,6742174.675762444,6068760.518767999,5300294.488357958,3039484.9687701124,5016490.56773223,6468446.64171722
photometry_tables/flux_table_JWST+0.0,391,0.0,1.0,1700.0,5.25,59.95,0.0938,False,1966527.3914171061,8464474.480976999,8098414.473257884,7309707.518686011,4029953.175019772,7087613.064511825,7684223.711000266
photometry_tables/flux_table_JWST+0.0,392,0.0,1.0,1800.0,5.25,61.87,0.0953,False,2659500.0327215185,10661050.486467797,10599856.845091678,9844643.639803782,5257750.822566942,9810700.09743198,9036494.737223014
photometry_tables/flux_table_JWST+0.0,393,0.0,1.0,1900.0,5.25,64.01,0.097,False,3579315.6556503884,13464802.883878475,13724609.610075617,12974779.919393878,6728217.155215475,12915166.220708475,10548725.713234374
photometry_tables/flux_table_JWST+0.0,394,0.0,1.0,2000.0,5.25,66.32,0.0987,False,4803966.829296808,16958990.621092483,17575188.83685963,16764862.66073897,8629785.477669705,16546265.930505516,12299855.235704722
photometry_tables/flux_table_JWST+0.0,395,0.0,1.0,2100.0,5.25,68.89,0.1006,False,6520786.785135786,21369777.482452445,22346010.577312224,21291193.15929504,10987528.131180707,20318890.973131336,14335076.007281244
photometry_tables/flux_table_JWST+0.0,396,0.0,1.0,2200.0,5.25,71.8,0.1027,False,8873603.10778668,26828722.906666648,28209799.53663428,26705456.121918984,13934776.260886813,24171299.52104416,16734009.068393132
photometry_tables/flux_table_JWST+0.0,397,0.0,1.0,2300.0,5.25,75.14,0.1051,False,11986710.045021866,33473413.31292354,35350861.33619971,33174164.96945389,17635996.338979952,28151400.151333004,19583936.847755082
photometry_tables/flux_table_JWST+0.0,398,0.0,1.0,2400.0,5.25,79.27,0.1079,False,16113875.357200034,41648560.934074126,44218092.10742687,41133910.61524549,22552775.66745248,32666304.045806874,23131297.80563852
photometry_tables/flux_table_JWST+0.0,399,0.0,1.0,200.0,5.5,61.11,0.0711,False,9.01571137605957,0.03737661783175716,0.3547316998366914,0.0012626994752949726,0.1140512370007243,74.40463661919195,5090.9636952309365
photometry_tables/flux_table_JWST+0.0,400,0.0,1.0,225.0,5.5,61.46,0.0713,False,33.419504002611426,0.2874087593615021,1.6815121123767152,0.008731724006178613,0.39237379954486085,205.2106991451269,9082.386932603842
photometry_tables/flux_table_JWST+0.0,401,0.0,1.0,250.0,5.5,61.82,0.0715,False,38.30010812264483,1.704119319315536,6.461003852547145,0.04928332491971519,1.2983745676148235,493.1738039549359,15187.979420318125
photometry_tables/flux_table_JWST+0.0,402,0.0,1.0,275.0,5.5,62.17,0.0717,False,77.78574221271512,8.54476257684183,20.830514650217452,0.2367009494686908,3.977406691050278,1053.658803229716,24043.628000069333
photometry_tables/flux_table_JWST+0.0,403,0.0,1.0,300.0,5.5,62.53,0.0719,False,149.34820251270548,33.09786650728407,54.65123745198716,1.020469431942199,11.54516116921431,2060.155490320009,36024.669071148746
photometry_tables/flux_table_JWST+0.0,404,0.0,1.0,325.0,5.5,62.88,0.0721,False,237.68402866248758,110.12856999410702,128.97335578987506,3.7687731744534747,29.214603738773345,3635.8001230014343,51475.431993126236
photometry_tables/flux_table_JWST+0.0,405,0.0,1.0,350.0,5.5,63.2,0.0723,False,367.7900704223862,316.00939904479486,274.2837004247376,12.260269026779229,66.13022494817672,5948.397740692212,70713.12006813008
photometry_tables/flux_table_JWST+0.0,406,0.0,1.0,375.0,5.5,63.51,0.0725,False,558.7274389940201,794.3282347242813,532.2307958283608,34.92207172634068,135.30068644919587,9128.51219331122,93842.59312370178
photometry_tables/flux_table_JWST+0.0,407,0.0,1.0,400.0,5.5,63.81,0.0727,False,813.0176988564409,1755.092458117967,950.8237037009845,86.39726606843907,251.24648813287706,13222.086681902567,120531.34420984205
photometry_tables/flux_table_JWST+0.0,408,0.0,1.0,425.0,5.5,64.11,0.0728,False,1144.9855346901893,3484.977672404484,1591.4756566438562,191.60198320684577,436.21440190804884,18331.584286708545,150799.53418017898
photometry_tables/flux_table_JWST+0.0,409,0.0,1.0,450.0,5.5,64.4,0.073,False,1570.0012565614902,6369.421653777093,2536.2963692377325,384.857540415743,714.8254395687634,24473.720730672547,184246.81961436363
photometry_tables/flux_table_JWST+0.0,410,0.0,1.0,475.0,5.5,64.69,0.0732,False,2094.5946985813976,10739.894123412445,3855.671275573944,713.5098944815651,1118.4073177398586,31702.97366952724,220749.63796691372
photometry_tables/flux_table_JWST+0.0,411,0.0,1.0,500.0,5.5,64.98,0.0733,False,2570.3957827688646,16139.86879824255,5775.638463945334,1269.1121444451903,1714.7467957901267,40485.54593707416,262301.0324308766
photometry_tables/flux_table_JWST+0.0,412,0.0,1.0,525.0,5.5,65.27,0.0735,False,3217.3625326955976,23555.916164693954,8319.553138400208,2124.7116540061397,2539.218069886714,50535.89947531677,306619.6616010738
photometry_tables/flux_table_JWST+0.0,413,0.0,1.0,550.0,5.5,65.56,0.0737,False,3944.573020752785,32794.42344321346,11694.993910198711,3352.740958484161,3630.780547701014,61730.52918886837,353508.61336199706
photometry_tables/flux_table_JWST+0.0,414,0.0,1.0,575.0,5.5,65.85,0.0738,False,4794.021749415102,44167.21344129769,16014.006483443536,5098.001982256051,5083.935125244856,74370.37990627122,403645.3929676049
photometry_tables/flux_table_JWST+0.0,415,0.0,1.0,600.0,5.5,66.15,0.074,False,5802.297599818735,58036.33782042343,21498.096103893586,7474.807281756638,6967.86936762078,88389.36217394062,456562.25020223565
photometry_tables/flux_table_JWST+0.0,416,0.0,1.0,650.0,5.5,66.77,0.0743,False,8269.895085679316,93669.88779521162,36341.261606422304,14869.62444868948,12465.221497763985,121310.948952092,572796.0309858292
photometry_tables/flux_table_JWST+0.0,417,0.0,1.0,700.0,5.5,67.33,0.0746,False,11700.380894230477,142659.27086477447,57822.917426603366,26693.160636242887,20773.03725572563,159845.3474616406,698393.1965408848
photometry_tables/flux_table_JWST+0.0,418,0.0,1.0,750.0,5.5,67.81,0.0749,False,16368.165214278086,207443.5805962134,87478.23259612848,44269.02938351728,32516.216012048266,203563.54247857814,831380.8179156223
photometry_tables/flux_table_JWST+0.0,419,0.0,1.0,800.0,5.5,68.38,0.0752,False,22735.263918234097,291071.7118066605,126998.91189181118,69246.84643226363,48361.52643020437,252871.56711051645,973195.293592278
photometry_tables/flux_table_JWST+0.0,420,0.0,1.0,850.0,5.5,69.03,0.0756,False,31383.40056432407,396460.5690612773,178361.04164296,103681.19640610261,69055.77442196835,308034.9536542568,1124087.19346973
photometry_tables/flux_table_JWST+0.0,421,0.0,1.0,900.0,5.5,69.79,0.076,False,42864.72087023838,525896.1603824608,243724.9556303924,150106.67325703692,95543.24776409488,369998.53117285954,1285878.6926343993
photometry_tables/flux_table_JWST+0.0,422,0.0,1.0,950.0,5.5,70.55,0.0764,False,57743.08727139856,682181.5979381821,325162.1601204827,211251.59662408527,128824.95516931338,439238.0956904633,1457135.7047304206
photometry_tables/flux_table_JWST+0.0,423,0.0,1.0,1000.0,5.5,70.99,0.0766,False,76383.57835776907,861588.7110661427,422765.94851624104,288868.37609590334,169511.82515313997,514517.32138165797,1630421.8992825646
photometry_tables/flux_table_JWST+0.0,424,0.0,1.0,1100.0,5.5,72.19,0.0773,True,129628.35207050682,1312502.079000275,684699.4830911334,510740.15035719523,283334.8527784372,699197.7144514595,2013724.2498623885
photometry_tables/flux_table_JWST+0.0,425,0.0,1.0,1200.0,5.5,73.28,0.0779,True,211787.34207237064,1883215.4131891567,1064143.0182243162,842558.3753398261,457509.37732984754,944930.7890342989,2443430.5526939724
photometry_tables/flux_table_JWST+0.0,426,0.0,1.0,1300.0,5.5,74.09,0.0783,True,335428.5308326897,2563893.6102242945,1610274.813009423,1307675.53892022,719780.3728026993,1285286.6599436156,2926846.8623787877
photometry_tables/flux_table_JWST+0.0,427,0.0,1.0,1400.0,5.5,75.06,0.0788,True,515940.95119033125,3355830.3695328017,2384514.677452951,1939992.2723909828,1105095.9823315388,1786487.5748520507,3493011.3756355434
photometry_tables/flux_table_JWST+0.0,428,0.0,1.0,1500.0,5.5,76.5,0.0796,True,764363.6049263661,4264813.065450336,3421369.6613536775,2786762.7706011087,1625174.5024063536,2540972.7055493053,4164856.093407414
photometry_tables/flux_table_JWST+0.0,429,0.0,1.0,1600.0,5.5,78.08,0.0804,True,1086425.6236170656,5303957.066945359,4715198.713364477,3897624.5309771975,2245949.5674489536,3606616.7888195966,4936282.430594489
photometry_tables/flux_table_JWST+0.0,430,0.0,1.0,1700.0,5.5,79.86,0.0813,True,1495202.450017056,6529801.810928712,6287818.541180462,5350569.381731371,2986070.107816527,5055917.747662184,5815673.277185145
photometry_tables/flux_table_JWST+0.0,431,0.0,1.0,1800.0,5.5,82.05,0.0824,True,2016972.607033111,8079788.63683088,8205404.590022878,7191177.357825094,3868120.546330522,6939049.730731631,6799860.450033224
photometry_tables/flux_table_JWST+0.0,432,0.0,1.0,1900.0,5.5,84.47,0.0836,True,2697118.3264949364,10060046.774724964,10560877.376240358,9468910.246508297,4956784.065941181,9296083.157150377,7899507.213358164
photometry_tables/flux_table_JWST+0.0,433,0.0,1.0,2000.0,5.5,86.53,0.0846,True,3580964.3710263604,12470963.266393926,13378271.336046977,12161860.006463679,6261811.646156889,11915163.33218001,9086570.489581462
photometry_tables/flux_table_JWST+0.0,434,0.0,1.0,2100.0,5.5,88.63,0.0856,True,4752257.885621898,15409906.371070769,16761002.852847958,15328512.063629355,7843321.188819619,14618405.344787935,10413578.615284348
photometry_tables/flux_table_JWST+0.0,435,0.0,1.0,2200.0,5.5,91.25,0.0869,True,6345999.009812869,19037065.31742076,20854510.476931684,19058995.17024364,9788136.113351814,17342032.668438673,11961895.388061794
photometry_tables/flux_table_JWST+0.0,436,0.0,1.0,2300.0,5.5,94.42,0.0884,True,8515300.920209447,23474697.25340597,25792889.644274857,23480103.124551825,12229254.976262433,20100182.471136928,13800664.55970332
photometry_tables/flux_table_JWST+0.0,437,0.0,1.0,2400.0,5.5,98.57,0.0903,True,11321396.484330412,28886837.60959034,31841975.21726124,28860244.09756971,15459662.193866743,23115324.788705602,16084219.823990854
photometry_tables/flux_table_JWST+0.5,48,0.5,1.0,200.0,3.255,0.84,0.1107,False,0.045268906087735844,0.005393864099044896,0.003668596944413426,0.0011053504693828429,0.02774597559880415,9.705099672454898,4604.685783785738
photometry_tables/flux_table_JWST+0.5,49,0.5,1.0,225.0,3.255,0.88,0.1134,False,0.2383965685865336,0.09585173976856465,0.04008667176273026,0.041773416872487756,0.21159236852409452,52.650196937691526,10587.660331136969
photometry_tables/flux_table_JWST+0.5,50,0.5,1.0,250.0,3.255,0.93,0.1159,False,0.9315367652385738,1.1819524358201674,0.2819031962636472,0.627480161997852,1.2861748112359113,196.7886289706845,21374.69862210501
photometry_tables/flux_table_JWST+0.5,51,0.5,1.0,275.0,3.255,0.97,0.1185,False,2.869458843075003,11.587773561551263,1.5038343479613578,4.792918012190856,5.970352865838366,564.1570244329835,38823.97512057635
photometry_tables/flux_table_JWST+0.5,52,0.5,1.0,300.0,3.255,1.01,0.121,False,7.479972479493332,79.39625172698565,6.817105263058529,22.908676527677745,21.607275033932872,1325.5618607198583,64714.26157485831
photometry_tables/flux_table_JWST+0.5,53,0.5,1.0,325.0,3.255,1.05,0.1234,False,17.55092458117967,367.1131996879641,28.060796872954526,82.11074640850876,64.59516322696258,2712.6889605169335,101554.6935549699
photometry_tables/flux_table_JWST+0.5,54,0.5,1.0,350.0,3.255,1.09,0.1257,False,38.43262071909511,1213.1094895209199,101.53131241457616,241.49047180616506,164.89215731508327,4975.0792135144075,151390.9798919824
photometry_tables/flux_table_JWST+0.5,55,0.5,1.0,375.0,3.255,1.12,0.1275,False,79.1954078991278,3168.8377271814975,313.2564341670927,617.4474480506815,369.99853117285954,8319.553138400208,214486.51854918015
photometry_tables/flux_table_JWST+0.5,56,0.5,1.0,400.0,3.255,1.14,0.1289,False,154.98868731401853,7042.064523312069,805.1930173083077,1397.9769153227805,747.6528617907175,12885.462162679733,290068.11986931536
photometry_tables/flux_table_JWST+0.5,57,0.5,1.0,425.0,3.255,1.17,0.1301,False,291.94429974027037,13966.899237730424,1771.3321286869805,2849.049533909905,1394.440538871461,18793.168168032684,377050.91583339294
photometry_tables/flux_table_JWST+0.5,58,0.5,1.0,450.0,3.255,1.19,0.1314,False,535.7966575133416,25038.021037537397,3462.581465437919,5313.736321187098,2445.6820721043728,26157.72682719107,474678.9794829221
photometry_tables/flux_table_JWST+0.5,59,0.5,1.0,475.0,3.255,1.21,0.1326,False,960.7270084891204,40860.15408138228,6195.837230776552,9174.87170297663,4079.434834160956,35067.11196464775,581031.9310119069
photometry_tables/flux_table_JWST+0.5,60,0.5,1.0,500.0,3.255,1.23,0.1339,False,1664.945415795275,62001.18642087245,10399.201658290589,14900.471117870993,6513.283771823169,45572.20055886471,694544.3775834021
photometry_tables/flux_table_JWST+0.5,61,0.5,1.0,525.0,3.255,1.26,0.1352,False,2764.3943712203372,89166.14688795403,16531.033272370136,22929.785918248217,9988.493699365048,57650.091376985474,813579.5056053962
photometry_tables/flux_table_JWST+0.5,62,0.5,1.0,550.0,3.255,1.28,0.1364,False,4261.868054241603,121478.66204712229,24740.017357925597,33327.28995761378,14879.89956986022,71203.27999992027,930250.688232128
photometry_tables/flux_table_JWST+0.5,63,0.5,1.0,575.0,3.255,1.3,0.1376,False,6357.699545271867,161398.6879824255,36008.08291734827,47435.119608569614,21503.046793402566,86636.32065076615,1053658.8032297164
photometry_tables/flux_table_JWST+0.5,64,0.5,1.0,600.0,3.255,1.33,0.1389,False,9155.878059757852,209604.20931948777,51074.015035719516,66603.95212984228,30359.876459875046,104255.74594842379,1184677.1175814853
photometry_tables/flux_table_JWST+0.5,65,0.5,1.0,650.0,3.255,1.37,0.1413,False,17326.06741947431,334195.04002611426,95653.30933749136,127555.73805889295,57174.187291755356,147299.06835417706,1473329.8912320049
photometry_tables/flux_table_JWST+0.5,66,0.5,1.0,700.0,3.255,1.42,0.1437,False,29764.596536372752,501995.70337894704,163945.68852635723,232059.84615989213,102070.4430766585,204361.93210844672,1806342.0831699762
photometry_tables/flux_table_JWST+0.5,67,0.5,1.0,750.0,3.255,1.47,0.1461,False,47326.02186090037,721439.6379258089,257572.80054252074,390391.18250766,175994.86638014702,282292.9290779785,2199378.625096767
photometry_tables/flux_table_JWST+0.5,68,0.5,1.0,800.0,3.255,1.52,0.1485,False,72660.77069393996,977462.2640495893,381944.2708400466,605898.6711389654,301092.5432053002,398657.55604057835,2668701.5016434086
photometry_tables/flux_table_JWST+0.5,69,0.5,1.0,850.0,3.255,1.57,0.1508,False,108367.73593579365,1291814.0390030565,538269.7825162883,864768.7754802232,497507.92135144066,577829.885628221,3173218.6638361434
photometry_tables/flux_table_JWST+0.5,70,0.5,1.0,900.0,3.255,1.62,0.1533,False,159955.8028614669,1672630.4546595614,751969.1088652653,1193988.1044642732,768776.3241738417,855460.5763414557,3757508.7449048716
photometry_tables/flux_table_JWST+0.5,71,0.5,1.0,950.0,3.255,1.67,0.1559,False,233023.6496722463,2127649.080269954,1045923.6904631683,1610645.6351782703,1098246.9352400233,1277614.9939707953,4430982.144892988
photometry_tables/flux_table_JWST+0.5,72,0.5,1.0,1000.0,3.255,1.73,0.1587,False,334118.0976330429,2666858.6645214795,1446105.573654734,2150799.862298118,1480812.2552675097,1930189.727634576,5231184.047796893
photometry_tables/flux_table_JWST+0.5,73,0.5,1.0,1100.0,3.255,1.86,0.1643,False,654636.1740672749,4047622.486878734,2742205.5153931575,4069115.3380919653,2613966.394904875,4133329.2366620055,7657729.123418222
photometry_tables/flux_table_JWST+0.5,74,0.5,1.0,1200.0,3.255,2.01,0.1708,False,1160913.8701261822,5865431.942902652,4451434.629201127,6674212.038584768,3906609.483459362,7725026.892978103,10263606.662641497
photometry_tables/flux_table_JWST+0.5,75,0.5,1.0,1300.0,3.255,2.19,0.1783,False,1839500.8802981446,8287050.779069826,6552393.940159813,9878704.62171174,5609188.048338184,13031667.784522993,13313737.80831137
photometry_tables/flux_table_JWST+0.5,76,0.5,1.0,1400.0,3.255,2.4,0.1867,False,2847082.1597992876,11805924.458138907,10039220.659070257,15620682.31361296,8980489.305127522,21727011.788637444,18046791.465567216
photometry_tables/flux_table_JWST+0.5,77,0.5,1.0,1500.0,3.255,2.63,0.1955,False,4162938.5478614517,17001999.536423575,14729906.835417703,22532013.356294837,12953883.889748884,31002734.41998191,23270193.78848164
photometry_tables/flux_table_JWST+0.5,78,0.5,1.0,1600.0,3.255,2.91,0.2057,False,5949767.567589802,24848489.85453002,21173858.184864026,31153008.95973758,17684793.782818,41190778.48677376,29417109.69752718
photometry_tables/flux_table_JWST+0.5,79,0.5,1.0,1700.0,3.255,3.24,0.2169,False,8525110.168263655,36483794.42958715,31347289.880140062,44401741.08068947,26509406.21093076,56053146.964653745,39427568.959559076
photometry_tables/flux_table_JWST+0.5,80,0.5,1.0,1800.0,3.255,3.69,0.2316,False,12502590.3021772,54125260.55151543,46989410.86052154,63635579.0040944,39664318.79468584,74353257.46482755,53752664.87867445
photometry_tables/flux_table_JWST+0.5,81,0.5,1.0,1900.0,3.255,4.26,0.2486,False,18578044.55091698,79689297.80742459,70355815.28181837,90970378.14779897,58654319.42902652,98061831.43219715,73130745.38624834
photometry_tables/flux_table_JWST+0.5,82,0.5,1.0,2000.0,3.255,4.95,0.2683,False,28041419.854536932,116359005.29847586,105390144.50691606,130226689.35779825,86337605.55974378,130046898.76116435,99403116.34657776
photometry_tables/flux_table_JWST+0.5,83,0.5,1.0,2100.0,3.255,5.91,0.293,False,44422193.54710551,171553664.7728347,159882157.45080963,189277939.70346022,128706357.62533322,176116481.32635656,137214497.65730572
photometry_tables/flux_table_JWST+0.5,84,0.5,1.0,2200.0,3.255,7.2,0.3234,False,72928956.57917231,254683025.25850418,243837220.96838284,277395875.8729893,192841277.56394267,241880022.31478435,191117299.42272022
photometry_tables/flux_table_JWST+0.5,85,0.5,1.0,2300.0,3.255,9.24,0.3663,False,123851137.5912376,394638998.2098647,386990229.1902689,424130983.9104881,301925643.08719593,347856401.53042376,278035339.4087043
photometry_tables/flux_table_JWST+0.5,86,0.5,1.0,2400.0,3.255,12.1,0.4192,False,211105719.5808544,618301072.7517132,617163168.4555837,653280958.8303903,472933414.91865164,506290758.346022,406911533.80919653
photometry_tables/flux_table_JWST+0.5,87,0.5,1.0,200.0,3.505,1.45,0.1087,False,0.07163083273130368,0.008296597093109877,0.006407667976494349,0.0009779125057212401,0.028893489815590808,10.108809212209115,4673.045396315099
photometry_tables/flux_table_JWST+0.5,88,0.5,1.0,225.0,3.505,1.51,0.1112,False,0.36140986263961317,0.1380702146422006,0.0633723774164396,0.036341261606422266,0.2065855781922722,53.64138714402963,10524.464317340542
photometry_tables/flux_table_JWST+0.5,89,0.5,1.0,250.0,3.505,1.58,0.1135,False,1.3756248102753064,1.596246654299388,0.4242286549229506,0.5819691989817644,1.2525642149637903,202.2553414922996,21183.611352485023
photometry_tables/flux_table_JWST+0.5,90,0.5,1.0,275.0,3.505,1.64,0.1157,False,4.016058219411665,14.220013215188803,2.123733413395366,4.634469197362884,5.774308727139854,578.7619883491209,38212.02031837347
photometry_tables/flux_table_JWST+0.5,91,0.5,1.0,300.0,3.505,1.7,0.1179,False,10.036909309200967,92.8324901120514,9.021941360357365,22.845464885518243,20.854510476931704,1358.9391171008015,63328.61644521977
photometry_tables/flux_table_JWST+0.5,92,0.5,1.0,325.0,3.505,1.76,0.12,False,22.91395205272898,420.82351542482303,34.72961748657915,82.66087535038561,61.87283275532346,2767.5788306259456,98514.4642804035
photometry_tables/flux_table_JWST+0.5,93,0.5,1.0,350.0,3.505,1.82,0.1219,False,49.46522626750653,1383.566378971781,119.83950320772678,242.9405442020422,156.38676645114103,5044.28945952414,145244.60171418384
photometry_tables/flux_table_JWST+0.5,94,0.5,1.0,375.0,3.505,1.87,0.1235,False,100.73954848112511,3566.9744620973356,355.22211848231956,613.1969697156824,346.9764505288517,8396.533015798748,204126.78712552882
photometry_tables/flux_table_JWST+0.5,95,0.5,1.0,400.0,3.505,1.9,0.1247,False,193.37485452952552,7742.834919124594,890.0204796255255,1371.5132259364852,692.6279294373634,12962.83520705068,274789.41531023965
photometry_tables/flux_table_JWST+0.5,96,0.5,1.0,425.0,3.505,1.93,0.1257,False,354.2419582616494,14914.201280943982,1927.0811352715687,2772.043237577702,1275.8511223468813,18858.189694904057,356040.9900359572
photometry_tables/flux_table_JWST+0.5,97,0.5,1.0,450.0,3.505,1.97,0.1268,False,628.3476569844776,25905.978454758682,3726.490341997325,5152.286445817566,2213.094709605639,26236.143642959243,448022.6804128664
photometry_tables/flux_table_JWST+0.5,98,0.5,1.0,475.0,3.505,2.0,0.1278,False,1080.6871811443116,41419.03726221007,6576.578373554205,8879.734893257664,3650.059970708618,35147.95000643064,548403.2248931382
photometry_tables/flux_table_JWST+0.5,99,0.5,1.0,500.0,3.505,2.03,0.1289,False,1803.017740859568,61901.33280967255,10889.300933334333,14401.243711755706,5782.291742660339,45708.818961487494,656749.8768172067
photometry_tables/flux_table_JWST+0.5,100,0.5,1.0,525.0,3.505,2.06,0.1299,False,2890.0143553494704,87780.8940846307,17123.79421244928,22217.746129152005,8838.936217394066,57969.55946535212,771258.5649892137
photometry_tables/flux_table_JWST+0.5,101,0.5,1.0,550.0,3.505,2.1,0.1309,False,4372.199799574553,118822.85961900002,25438.997931297985,32396.642243484464,13143.166207856972,71812.49238834744,885931.2069730527
photometry_tables/flux_table_JWST+0.5,102,0.5,1.0,575.0,3.505,2.13,0.1319,False,6359.163628244043,156314.76426409537,36383.12512399386,45624.69770768503,18975.79587720849,87337.34791423201,1002536.0539605232
photometry_tables/flux_table_JWST+0.5,103,0.5,1.0,600.0,3.505,2.16,0.1329,False,8955.709546432745,200955.54765889188,50582.4662003114,63037.647882948746,26631.768070405204,104785.21287135911,1123828.392624931
photometry_tables/flux_table_JWST+0.5,104,0.5,1.0,650.0,3.505,2.22,0.1348,False,16561.512624900468,316810.81593280507,92299.6384840454,116519.87230250005,49374.19182496816,146554.78409559117,1387714.0967975548
photometry_tables/flux_table_JWST+0.5,105,0.5,1.0,700.0,3.505,2.29,0.1368,False,27854.797143757387,471737.0642684881,155489.11797697525,207730.37255725634,87317.24006178604,201604.3970664362,1693947.7096637322
photometry_tables/flux_table_JWST+0.5,106,0.5,1.0,750.0,3.505,2.36,0.1388,False,44025.064407391306,671583.4729333308,245019.13368807844,349301.13756355434,148183.5517516431,274536.44142234116,2050689.9356510288
photometry_tables/flux_table_JWST+0.5,107,0.5,1.0,800.0,3.505,2.43,0.1409,False,66374.30704019089,918755.6016660625,363161.66620750504,544502.6528424212,246547.15760611033,376357.00169367297,2471724.14501613
photometry_tables/flux_table_JWST+0.5,108,0.5,1.0,850.0,3.505,2.5,0.143,False,97431.63713004514,1217026.402404053,513215.77847405575,787771.01958568,406256.19818684354,528201.9497699972,2946456.2708650446
photometry_tables/flux_table_JWST+0.5,109,0.5,1.0,900.0,3.505,2.58,0.1452,False,141286.28308606337,1574345.3291429407,709087.7782620704,1084176.5261531714,635038.4185040408,752142.2760871599,3459393.77826122
photometry_tables/flux_table_JWST+0.5,110,0.5,1.0,950.0,3.505,2.66,0.1473,False,202488.33065305598,1995262.3149688796,970286.5247929217,1448104.8230513728,925124.1112525518,1078449.9632938318,4032737.9297611313
photometry_tables/flux_table_JWST+0.5,111,0.5,1.0,1000.0,3.505,2.73,0.1494,False,286747.7375581316,2487138.670222842,1319775.3117071155,1902830.044319968,1264736.3474711513,1559552.5028269538,4689213.4284473555
photometry_tables/flux_table_JWST+0.5,112,0.5,1.0,1100.0,3.505,2.9,0.1538,False,546638.2281334194,3705953.7921795524,2329163.6302139666,3186397.8473281725,2054944.0413453027,3155731.173680023,6315387.453743854
photometry_tables/flux_table_JWST+0.5,113,0.5,1.0,1200.0,3.505,3.09,0.1589,False,993344.7481708258,5365373.995198518,3893139.8070156407,5366609.560460735,3058440.246510551,5550089.6718364535,8499629.594496196
photometry_tables/flux_table_JWST+0.5,114,0.5,1.0,1300.0,3.505,3.32,0.1648,False,1593308.965840388,7495489.497919585,5794286.96426881,8154550.000611165,4443242.3312871605,9278974.901273312,11061142.822180785
photometry_tables/flux_table_JWST+0.5,115,0.5,1.0,1400.0,3.505,3.6,0.1714,False,2470586.1360384314,10505095.382546581,8683603.799605941,12661932.675109442,6723571.07234319,15417004.529495593,14574712.612565286
photometry_tables/flux_table_JWST+0.5,116,0.5,1.0,1500.0,3.505,3.92,0.179,False,3586740.8576995083,14770663.353378208,12399380.859509425,17996995.165773578,9495109.992021982,22919228.79265462,18509726.429316487
photometry_tables/flux_table_JWST+0.5,117,0.5,1.0,1600.0,3.505,4.32,0.1878,False,5165352.9222642295,21281390.45982712,18100892.952707566,25894051.057392344,14144903.860233165,33235330.357747763,24171299.52104416
photometry_tables/flux_table_JWST+0.5,118,0.5,1.0,1700.0,3.505,4.8,0.1981,False,7443890.911154506,31124329.187675096,26631768.0704052,36965790.68193275,21217782.83144662,46184899.18952489,32188445.24111851
photometry_tables/flux_table_JWST+0.5,119,0.5,1.0,1800.0,3.505,5.39,0.2099,False,10764652.13629835,45425529.67388708,39129112.7126853,52203545.51033099,31347289.880140062,61023905.66446634,43122109.69401274
photometry_tables/flux_table_JWST+0.5,120,0.5,1.0,1900.0,3.505,6.04,0.2221,False,15584755.741243483,64983036.34842375,56650011.19195331,72393571.02423038,45102436.11171936,78144784.8854183,57016427.228074744
photometry_tables/flux_table_JWST+0.5,121,0.5,1.0,2000.0,3.505,6.82,0.2361,False,22798170.642802943,91960219.66586174,81789960.79175055,100138250.58370987,64327992.726085074,100161310.92283094,75162289.40182053
photometry_tables/flux_table_JWST+0.5,122,0.5,1.0,2100.0,3.505,7.83,0.253,False,33939074.87744292,130046898.76116435,118713470.10435988,139508285.0357369,91981396.72696254,129957096.56617129,99747036.13396199
photometry_tables/flux_table_JWST+0.5,123,0.5,1.0,2200.0,3.505,9.26,0.2751,False,52844525.17751805,186809948.19277537,175590089.4199144,198472344.53365675,134245581.36728555,173220784.04288247,135363009.0671455
photometry_tables/flux_table_JWST+0.5,124,0.5,1.0,2300.0,3.505,11.36,0.3047,False,85861802.22335984,275105960.4990364,265705167.03550702,289734358.7701324,200631906.47905725,238067438.96254477,188495071.76986665
photometry_tables/flux_table_JWST+0.5,125,0.5,1.0,2400.0,3.505,14.23,0.341,False,139958732.25726178,409920841.877005,405041945.1364931,427267638.1599791,302273448.00386524,331818044.82724744,264911004.8516273
photometry_tables/flux_table_JWST+0.5,126,0.5,1.0,200.0,3.748,2.48,0.1077,False,0.12368014906322436,0.013031667784522999,0.011934383792107968,0.0008780110870965302,0.031059896199056584,10.874267195462448,4866.312560731986
photometry_tables/flux_table_JWST+0.5,127,0.5,1.0,225.0,3.748,2.58,0.1097,False,0.5916978619587192,0.2042678416275538,0.10685626745999621,0.03188599693386383,0.2066807362761034,56.22118562213315,10665.961212302578
photometry_tables/flux_table_JWST+0.5,128,0.5,1.0,250.0,3.748,2.67,0.1117,False,2.128139045982713,2.2074963796691356,0.6703475091727316,0.5322307958283602,1.232820933034673,211.68983285107365,21276.490802699547
photometry_tables/flux_table_JWST+0.5,129,0.5,1.0,275.0,3.748,2.77,0.1136,False,5.841172070928301,17.868989761804304,3.1246400858061087,4.409608164506378,5.619530077001323,602.9759632855554,38071.50103801774
photometry_tables/flux_table_JWST+0.5,130,0.5,1.0,300.0,3.748,2.86,0.1155,False,13.711974597009238,109.24460532267928,12.359474334445094,22.51645416744618,20.239510279887675,1413.1881920070603,62704.686373085126
photometry_tables/flux_table_JWST+0.5,131,0.5,1.0,325.0,3.748,2.95,0.1173,False,30.150880540378857,479.62299864445805,44.3302315750427,82.71799518641346,59.64856499193778,2862.859270872121,96649.5864314214
photometry_tables/flux_table_JWST+0.5,132,0.5,1.0,350.0,3.748,3.02,0.1188,False,63.53309318517436,1552.3870099580815,143.94613220781596,242.82869170389577,149.27944095789957,5180.837850719929,141123.71484118508
photometry_tables/flux_table_JWST+0.5,133,0.5,1.0,375.0,3.748,3.09,0.1201,False,127.17448862880683,3942.756895955907,407.94348341609566,606.1777620466952,327.0393417566396,8564.460288900576,196516.94314969124
photometry_tables/flux_table_JWST+0.5,134,0.5,1.0,400.0,3.748,3.14,0.1212,False,239.5521097119829,8421.704521982787,991.0601186478316,1337.211183280418,643.7244428047445,13149.220253462485,262663.66513928934
photometry_tables/flux_table_JWST+0.5,135,0.5,1.0,425.0,3.748,3.19,0.1221,False,428.0554195862039,15819.763986011547,2107.1720641819807,2676.7018556258904,1171.9254886625693,19085.344342315737,339234.48954144324
photometry_tables/flux_table_JWST+0.5,136,0.5,1.0,450.0,3.748,3.24,0.1231,False,734.3447595588672,26822.546076084942,4022.5365599868255,4957.92553906303,2014.1879803932034,26533.833523823414,426481.3065450336
photometry_tables/flux_table_JWST+0.5,137,0.5,1.0,475.0,3.748,3.29,0.124,False,1218.70894850928,42033.93032365497,7043.686205287465,8556.575760980935,3299.8940791083483,35595.90180060828,522877.5553134415
photometry_tables/flux_table_JWST+0.5,138,0.5,1.0,500.0,3.748,3.34,0.1249,False,1960.198262928801,62101.20110685405,11518.608035366773,13873.946006030628,5183.224264170613,46280.70862381132,626469.5981078891
photometry_tables/flux_table_JWST+0.5,139,0.5,1.0,525.0,3.748,3.39,0.1258,False,3043.6870744812113,87256.94427701164,17885.455291077713,21399.321324559434,7868.64586567395,58721.88659713031,736715.8270298778
photometry_tables/flux_table_JWST+0.5,140,0.5,1.0,550.0,3.748,3.43,0.1266,False,4502.9798128808925,117273.53057793785,26369.384934534657,31376.175101187495,11721.953655481304,73130.74538624834,849767.2707759727
photometry_tables/flux_table_JWST+0.5,141,0.5,1.0,575.0,3.748,3.48,0.1274,False,6400.295121083712,152932.57464187787,37187.75833249356,44014.9284286815,16939.47709663733,89063.54963869877,962720.0129733199
photometry_tables/flux_table_JWST+0.5,142,0.5,1.0,600.0,3.748,3.52,0.1282,False,8887.917198848198,195614.0298125647,51203.54149383069,60506.21691582965,23773.876373397794,106930.10665477825,1079940.9266631044
photometry_tables/flux_table_JWST+0.5,143,0.5,1.0,650.0,3.748,3.61,0.1298,False,16002.948219489954,305140.6029141043,91096.14522659137,109294.92590847418,43802.61111703604,148970.40552577114,1331067.2559803743
photometry_tables/flux_table_JWST+0.5,144,0.5,1.0,700.0,3.748,3.7,0.1315,False,26601.124757419373,451960.00003048254,150834.26105404802,189277.93970346026,75997.62143610374,202395.10279887693,1612872.362170402
photometry_tables/flux_table_JWST+0.5,145,0.5,1.0,750.0,3.748,3.8,0.1333,False,41514.51800405688,641209.5765851616,235288.1201938169,314267.88298792264,127526.37064597305,272583.77389285323,1941332.8345375182
photometry_tables/flux_table_JWST+0.5,146,0.5,1.0,800.0,3.748,3.91,0.1351,False,62029.745597881374,877404.7879567534,348979.5674378744,491926.25243416487,208161.30409176394,366437.5746478333,2324341.8403925262
photometry_tables/flux_table_JWST+0.5,147,0.5,1.0,850.0,3.748,4.02,0.137,False,89866.94950475261,1162518.8403280007,494196.88084783783,718621.1583804578,334888.319394222,497851.7063739156,2763121.6136520244
photometry_tables/flux_table_JWST+0.5,148,0.5,1.0,900.0,3.748,4.13,0.1388,False,127997.061670518,1503141.9660900224,679360.043039866,995176.2431696444,528810.4149313061,689286.8607318448,3244143.0790488482
photometry_tables/flux_table_JWST+0.5,149,0.5,1.0,950.0,3.748,4.23,0.1406,False,180675.8056694216,1903268.2375763503,920237.6548056706,1327394.4577297394,782348.0420314604,954772.7161666106,3760105.236684959
photometry_tables/flux_table_JWST+0.5,150,0.5,1.0,1000.0,3.748,4.34,0.1423,False,252988.04558879285,2370827.7395462818,1236801.490632244,1730214.7100114066,1090435.5455436595,1332293.7789769396,4332115.230872226
photometry_tables/flux_table_JWST+0.5,151,0.5,1.0,1100.0,3.748,4.57,0.1461,False,478850.56038651784,3528580.2582852696,2166207.224935879,2851018.2675039093,1833158.4286708538,2625427.3189937,5746454.865976731
photometry_tables/flux_table_JWST+0.5,152,0.5,1.0,1200.0,3.748,4.84,0.1504,False,851334.0425432286,5026897.15369067,3531018.557237584,4593037.592608175,2726465.4585290067,4622745.664910892,7585775.750291837
photometry_tables/flux_table_JWST+0.5,153,0.5,1.0,1300.0,3.748,5.16,0.1552,False,1434498.1747905342,7037201.717220572,5495408.738576245,7396052.750582377,4015133.5942882937,7939625.172698567,10009214.583192958
photometry_tables/flux_table_JWST+0.5,154,0.5,1.0,1400.0,3.748,5.51,0.1605,False,2175204.034019523,9631634.640239807,7825282.050666119,10727536.478355298,5662392.890382533,12644451.646900691,12676518.658578455
photometry_tables/flux_table_JWST+0.5,155,0.5,1.0,1500.0,3.748,5.93,0.1664,False,3212180.933987985,13219042.534417246,11407750.129221205,16199439.939036293,8851156.098308353,20549440.413453024,16683993.039969256
photometry_tables/flux_table_JWST+0.5,156,0.5,1.0,1600.0,3.748,6.42,0.1731,False,4564571.349614055,18505464.89794709,16180800.37643066,22719564.377352677,12595053.018858248,28880186.935140543,21149494.907076336
photometry_tables/flux_table_JWST+0.5,157,0.5,1.0,1700.0,3.748,7.0,0.1808,False,6404717.815693419,26345109.014660344,22630804.869126927,30676089.769179363,16958990.621092483,37670379.89839089,26320855.44344099
photometry_tables/flux_table_JWST+0.5,158,0.5,1.0,1800.0,3.748,7.7,0.1896,False,9111712.330429193,37627035.22677651,32448901.566053662,42530452.16834352,24632018.382351562,49613515.358556956,34419138.826842904
photometry_tables/flux_table_JWST+0.5,159,0.5,1.0,1900.0,3.748,8.47,0.1989,False,12974779.919393878,52905399.720958196,45993874.938899696,57969559.46535212,34922071.72634068,62675816.44592104,44709519.24630437
photometry_tables/flux_table_JWST+0.5,160,0.5,1.0,2000.0,3.748,9.41,0.2096,False,18676693.85644388,73688548.16494472,64968075.1738794,78650230.54586582,48932792.408193715,78758964.94868466,57929529.3398177
photometry_tables/flux_table_JWST+0.5,161,0.5,1.0,2100.0,3.748,10.58,0.2222,False,27258377.389285322,102093948.37076798,91812116.69315346,106856267.4599961,68296744.0807964,99678157.1151295,75196910.88652654
photometry_tables/flux_table_JWST+0.5,162,0.5,1.0,2200.0,3.748,12.21,0.2388,False,40756792.65594895,142955214.00370345,131977531.1707115,147978969.9619029,97006313.37839568,129240907.8355241,99563464.43087909
photometry_tables/flux_table_JWST+0.5,163,0.5,1.0,2300.0,3.748,14.43,0.2595,False,62589286.39214407,202115676.6960755,192087896.17520165,208017561.00985938,139990962.6568343,171001531.50902882,133936825.09803659
photometry_tables/flux_table_JWST+0.5,164,0.5,1.0,2400.0,3.748,17.39,0.285,False,98220015.87742528,288602440.9756973,281578829.97103107,295324855.40555084,203610420.11319706,229614864.81123632,181844428.78428945
photometry_tables/flux_table_JWST+0.5,165,0.5,1.0,200.0,4.0,4.26,0.1055,False,0.22418161836100467,0.0197015320721676,0.022064800240602943,0.0007578792209160491,0.03328127839596523,11.59311115741655,4993.441887213498
photometry_tables/flux_table_JWST+0.5,166,0.5,1.0,225.0,4.0,4.38,0.107,False,0.9965520801347681,0.29234791443876923,0.180094313444192,0.026773182599684538,0.20314212914187366,58.250545934174006,10616.955571987246
photometry_tables/flux_table_JWST+0.5,167,0.5,1.0,250.0,4.0,4.51,0.1086,False,3.3227678521107538,2.9532485540555085,1.0522041248852432,0.45750937732984764,1.175168116247436,216.92020190687188,20864.116545630146
photometry_tables/flux_table_JWST+0.5,168,0.5,1.0,275.0,4.0,4.64,0.1102,False,8.546730307669776,22.10039317349186,4.609990177075904,3.978322628232961,5.332121047269794,617.5896369491143,37076.6084000311
photometry_tables/flux_table_JWST+0.5,169,0.5,1.0,300.0,4.0,4.78,0.1118,False,18.84516741721554,125.02590302177201,16.877184574248034,20.965247802919603,19.03706531742077,1438.798578255845,60561.970872775855
photometry_tables/flux_table_JWST+0.5,170,0.5,1.0,325.0,4.0,4.91,0.1133,False,39.318776931469685,526.0172663907063,56.104797603247,78.70457896950985,55.79560614821764,2901.3491821234015,92682.98233793494
photometry_tables/flux_table_JWST+0.5,171,0.5,1.0,350.0,4.0,5.02,0.1145,False,80.00184448550995,1668.3993039969264,170.52968899095873,232.43418403925253,138.57982226656787,5217.95104239002,134183.77322533724
photometry_tables/flux_table_JWST+0.5,172,0.5,1.0,375.0,4.0,5.11,0.1156,False,155.99116444075437,4188.900070027828,461.1051788759831,578.362331783471,301.2312333777606,8582.227050540156,185566.68094335753
photometry_tables/flux_table_JWST+0.5,173,0.5,1.0,400.0,4.0,5.19,0.1165,False,286.3518544478934,8816.576902621913,1084.4261957670744,1262.1181145707517,585.8683000573764,13103.882795738264,246320.1838235156
photometry_tables/flux_table_JWST+0.5,174,0.5,1.0,425.0,4.0,5.27,0.1174,False,497.3933791067749,16266.720329719035,2251.645416744618,2496.8933920073687,1052.4464317340548,18923.43618644975,316592.0463432238
photometry_tables/flux_table_JWST+0.5,175,0.5,1.0,450.0,4.0,5.34,0.1182,False,826.4184417157952,27020.9118081897,4226.686142656029,4582.4738992845605,1784.0211551914904,26187.859365475557,396278.0342554395
photometry_tables/flux_table_JWST+0.5,176,0.5,1.0,475.0,4.0,5.41,0.119,False,1326.47784274652,41629.385478614524,7319.81323199808,7894.052311366032,2894.6762641760283,35075.18739525679,485288.500162121
photometry_tables/flux_table_JWST+0.5,177,0.5,1.0,500.0,4.0,5.48,0.1197,False,2058.7328767335266,60353.15805032603,11871.347010435988,12846.94899831193,4524.806378555487,45687.774118581765,582237.267422498
photometry_tables/flux_table_JWST+0.5,178,0.5,1.0,525.0,4.0,5.54,0.1204,False,3151.374380204506,84625.25688072693,18638.029723461994,20361.042011319696,6826.529950876831,58438.62649556603,692309.0359218819
photometry_tables/flux_table_JWST+0.5,179,0.5,1.0,550.0,4.0,5.61,0.1211,False,4491.588901059318,112305.23475410834,26595.000327215188,29120.578615296978,10171.85123683215,72376.90370745288,791954.0789912782
photometry_tables/flux_table_JWST+0.5,180,0.5,1.0,575.0,4.0,5.67,0.1218,False,6256.046959640024,145579.42510066472,37059.53792179552,40784.956177126995,14746.87503317348,88409.71692004954,898255.7377294168
photometry_tables/flux_table_JWST+0.5,181,0.5,1.0,600.0,4.0,5.74,0.1225,False,8544.762576841831,185353.16234148113,50396.45636126428,55834.16170259265,20696.647360042116,106194.00497822238,1009020.5237643569
photometry_tables/flux_table_JWST+0.5,182,0.5,1.0,650.0,4.0,5.86,0.1238,False,15003.756249395943,286549.7276364241,87882.01377171688,99930.946300259,38115.35771448488,148081.225526751,1247383.514242943
photometry_tables/flux_table_JWST+0.5,183,0.5,1.0,700.0,4.0,6.0,0.1252,False,24683.116896973454,422474.0129875455,143714.30533563904,170255.04900025032,65478.69269722527,199848.08910220527,1509384.8966549523
photometry_tables/flux_table_JWST+0.5,184,0.5,1.0,750.0,4.0,6.13,0.1266,False,38300.10812264485,598136.0797812742,222075.16834507542,276949.1266809682,107275.36478355297,264484.36268543615,1799285.1681549393
photometry_tables/flux_table_JWST+0.5,185,0.5,1.0,800.0,4.0,6.28,0.1282,False,56610.89226332155,816770.4180469858,326738.26606314327,430625.75432117336,172226.5095526655,349784.04842514114,2136977.748245244
photometry_tables/flux_table_JWST+0.5,186,0.5,1.0,850.0,4.0,6.44,0.1297,False,81189.52489356748,1082929.0400480442,462913.66377760534,634307.7242082357,272646.54585290066,465264.5890999017,2526969.499378335
photometry_tables/flux_table_JWST+0.5,187,0.5,1.0,900.0,4.0,6.59,0.1313,False,114077.50129221207,1399909.6265683428,634161.6862711065,883283.2604918206,425500.42675910593,625748.7633544406,2958693.6525140055
photometry_tables/flux_table_JWST+0.5,188,0.5,1.0,950.0,4.0,6.75,0.1328,False,158708.43165508693,1770924.3113450634,854673.0307669777,1185222.807195709,638998.7373482769,847422.5179233052,3430836.327749502
photometry_tables/flux_table_JWST+0.5,189,0.5,1.0,1000.0,4.0,6.91,0.1344,False,219280.49353504486,2205464.13639275,1138675.561950211,1543831.8628248197,907402.5596228691,1147624.998943401,3941849.147142969
photometry_tables/flux_table_JWST+0.5,190,0.5,1.0,1100.0,4.0,7.26,0.1377,False,410487.55983364856,3287759.1870669704,1971514.610996587,2508418.528252384,1581612.1770080356,2149809.6103893584,5157034.063026459
photometry_tables/flux_table_JWST+0.5,191,0.5,1.0,1200.0,4.0,7.64,0.1413,False,730465.9895204112,4674121.528671505,3207746.2061340725,3952755.9401972755,2391663.083329105,3874360.2472800184,6709652.064618783
photometry_tables/flux_table_JWST+0.5,192,0.5,1.0,1300.0,4.0,8.06,0.1452,False,1211992.6887749229,6431318.236354518,4826140.932685209,5970352.865838369,3372096.5432659998,6579607.697293407,8560517.117200946
photometry_tables/flux_table_JWST+0.5,193,0.5,1.0,1400.0,4.0,8.53,0.1494,False,1892343.6186449756,8729713.683881115,7040443.214699754,9078205.301781857,4746789.7948292205,10146120.128695825,10929492.59084742
photometry_tables/flux_table_JWST+0.5,194,0.5,1.0,1500.0,4.0,9.05,0.1539,False,2808665.3727679173,11784197.159331365,10157808.007969001,13753080.974214524,7271098.03159661,16474035.594357532,14184041.720008552
photometry_tables/flux_table_JWST+0.5,195,0.5,1.0,1600.0,4.0,9.64,0.1588,False,3960043.8961152514,16058316.006250074,14089643.350406388,19080950.285281938,10190605.74749251,23302364.96722463,17640057.644764137
photometry_tables/flux_table_JWST+0.5,196,0.5,1.0,1700.0,4.0,10.3,0.1641,False,5428751.970396824,22080047.330189005,19138152.020474277,25252245.334476884,13471005.082758036,30276104.809231315,21443713.68886461
photometry_tables/flux_table_JWST+0.5,197,0.5,1.0,1800.0,4.0,11.1,0.1704,False,7556140.07093093,30690219.88391158,26674728.02124575,34245223.10891518,19120533.246045336,39664318.79468584,27252101.638491984
photometry_tables/flux_table_JWST+0.5,198,0.5,1.0,1900.0,4.0,12.06,0.1776,False,10636530.750764381,42608868.35827883,37196322.11619559,46099901.77075899,26828722.906666648,49945918.02082482,34865829.33528729
photometry_tables/flux_table_JWST+0.5,199,0.5,1.0,2000.0,4.0,13.24,0.1861,False,15180986.707572136,58775996.36806001,51844178.83078228,61915587.7593877,37316422.3664703,62129806.352934964,44730113.482444815
photometry_tables/flux_table_JWST+0.5,200,0.5,1.0,2100.0,4.0,14.67,0.1959,False,21822273.77565914,80278638.79897867,71944897.80036995,82813282.63907461,51404365.15824262,77303649.96011333,57266415.500896744
photometry_tables/flux_table_JWST+0.5,201,0.5,1.0,2200.0,4.0,16.53,0.2079,False,31827314.821707807,109698325.9299195,100345984.91478392,111480780.33638424,71023161.43008658,97409205.24918582,73858417.81207971
photometry_tables/flux_table_JWST+0.5,202,0.5,1.0,2300.0,4.0,18.95,0.2226,False,46902932.84059376,150383434.79613578,141221233.32761773,151705036.74593368,99197333.92390813,124709632.66393921,96405097.90107472
photometry_tables/flux_table_JWST+0.5,203,0.5,1.0,2400.0,4.0,22.12,0.2405,False,70323422.6907659,207491351.7454911,200308786.52699912,208545104.76931685,139926509.27815878,162106339.8155203,127115936.09571543
photometry_tables/flux_table_JWST+0.5,204,0.5,1.0,200.0,4.25,7.04,0.1017,False,0.4171574461206271,0.028060796872954527,0.039273535564672515,0.0006284923560377505,0.035302056037666014,12.161860006463678,4973.933791067749
photometry_tables/flux_table_JWST+0.5,205,0.5,1.0,225.0,4.25,7.19,0.1028,False,1.7108029875993287,0.40022111724970283,0.29737194950692913,0.021577444091526645,0.19715146109965886,59.5662143529011,10329.992352432302
photometry_tables/flux_table_JWST+0.5,206,0.5,1.0,250.0,4.25,7.35,0.1039,False,5.191585371063544,3.7627035226776515,1.608421982399087,0.36846818914786805,1.083178422384583,217.02012035683535,19856.376547486976
photometry_tables/flux_table_JWST+0.5,207,0.5,1.0,275.0,4.25,7.53,0.1052,False,12.473835142429431,26.302679918953814,6.658861776861282,3.347341331292356,4.870796664925367,615.6019686448958,34994.51670283573
photometry_tables/flux_table_JWST+0.5,208,0.5,1.0,300.0,4.25,7.72,0.1065,False,26.00159563165272,139.12334146288126,22.85072585387519,18.34002823739271,17.314103128901557,1429.5521400370344,56806.75741067723
photometry_tables/flux_table_JWST+0.5,209,0.5,1.0,325.0,4.25,7.9,0.1078,False,51.52286445817561,555.5203848137404,70.1778404914989,70.38822279364571,50.35006087879048,2864.1779699065796,86258.1222953479
photometry_tables/flux_table_JWST+0.5,210,0.5,1.0,350.0,4.25,8.07,0.1089,False,99.83894887023273,1712.3794212449282,197.7424906606604,210.0390280821431,124.13664394960409,5121.53329024499,124022.36251188876
photometry_tables/flux_table_JWST+0.5,211,0.5,1.0,375.0,4.25,8.22,0.1099,False,184.24681961436366,4144.765840379393,497.737084978936,516.5352922264229,264.60619028529453,8325.302067492423,169746.17624087146
photometry_tables/flux_table_JWST+0.5,212,0.5,1.0,400.0,4.25,8.34,0.1107,False,331.7416496945389,8826.733207212585,1151.0654010359694,1139.9872655699774,517.9645056050333,12758.511223468813,225320.13356294838
photometry_tables/flux_table_JWST+0.5,213,0.5,1.0,425.0,4.25,8.43,0.1113,False,556.5446342582576,16002.948219489954,2332.920825560107,2236.660149466177,920.2376548056711,18318.92564953742,287739.8414735669
photometry_tables/flux_table_JWST+0.5,214,0.5,1.0,450.0,4.25,8.51,0.1118,False,893.0998162235173,26121.613543992065,4306.257543211735,4070.052394402335,1540.281148071615,25211.57630807411,358261.3845838674
photometry_tables/flux_table_JWST+0.5,215,0.5,1.0,475.0,4.25,8.6,0.1124,False,1292.7067008067636,37068.0721782576,7138.385536016632,6862.778784114733,2472.2933460623385,33511.97319677077,434710.36960621
photometry_tables/flux_table_JWST+0.5,216,0.5,1.0,500.0,4.25,8.68,0.1129,False,1903.2682375763507,52263.68167369365,11363.182976673106,11099.412707748232,3854.783576657717,43601.35640003989,520235.5186873039
photometry_tables/flux_table_JWST+0.5,217,0.5,1.0,525.0,4.25,8.77,0.1135,False,2832.0440229640963,73569.87192561601,17442.14931561177,17266.328527432364,5855.985598492877,55667.2798150948,614327.561270521
photometry_tables/flux_table_JWST+0.5,218,0.5,1.0,550.0,4.25,8.87,0.1141,False,4249.129820811196,103490.38438261166,25929.849734125317,25900.01406947933,8679.605772923773,69855.40260326942,716308.3273130364
photometry_tables/flux_table_JWST+0.5,219,0.5,1.0,575.0,4.25,8.96,0.1147,False,5821.0321777087165,133536.50333271862,35793.1565565039,36307.80547701014,12540.071132481293,85270.73373436288,813579.5056053962
photometry_tables/flux_table_JWST+0.5,220,0.5,1.0,600.0,4.25,9.05,0.1153,False,7843.3211888196165,169277.79760985318,48172.59035591632,49567.84065941181,17587.333541355732,102400.01022367003,914744.9066714994
photometry_tables/flux_table_JWST+0.5,221,0.5,1.0,650.0,4.25,9.23,0.1164,False,13605.045545427798,260675.370812343,82641.84417157956,87821.32798980061,32144.005965243825,142363.9403816488,1130576.6196570778
photometry_tables/flux_table_JWST+0.5,222,0.5,1.0,700.0,4.25,9.4,0.1175,False,22049.563679696334,381680.5241900827,132708.88490465004,147638.62777538624,54916.13955526368,191425.59250210857,1367099.1082037508
photometry_tables/flux_table_JWST+0.5,223,0.5,1.0,750.0,4.25,9.58,0.1187,False,33923.44895414432,538145.8555867277,202908.38770092055,237738.7637339779,89330.54837332954,251767.69277588557,1627796.0863937978
photometry_tables/flux_table_JWST+0.5,224,0.5,1.0,800.0,4.25,9.78,0.1198,False,50038.00659252664,735021.4276467942,297440.42981251405,366015.9405580493,139990.96265683428,326738.26606314327,1916019.8320684577
photometry_tables/flux_table_JWST+0.5,225,0.5,1.0,850.0,4.25,9.98,0.1211,False,71137.72954721317,974092.0524918584,418890.0070027828,537279.1656065098,216371.47217791082,424912.9820811198,2243881.9237827663
photometry_tables/flux_table_JWST+0.5,226,0.5,1.0,900.0,4.25,10.19,0.1223,False,98878.07436269285,1259215.323458839,571741.8729175534,751795.9815120067,332966.0852068805,558084.5504054142,2613364.576189025
photometry_tables/flux_table_JWST+0.5,227,0.5,1.0,950.0,4.25,10.4,0.1236,False,135831.34465871542,1594777.1336421703,766831.5978630269,1014144.8743412582,498884.48746001226,737394.6799576514,3020647.1700468385
photometry_tables/flux_table_JWST+0.5,228,0.5,1.0,1000.0,4.25,10.62,0.1249,False,185481.2440027907,1985637.654748697,1016482.7197220965,1327088.8490465004,718124.9238834744,977012.2296741541,3466570.205333391
photometry_tables/flux_table_JWST+0.5,229,0.5,1.0,1100.0,4.25,11.11,0.1278,False,340329.8168420421,2953248.5540555087,1735801.26287145,2141903.990722123,1300169.5780332903,1735002.0808815702,4496763.01176907
photometry_tables/flux_table_JWST+0.5,230,0.5,1.0,1200.0,4.25,11.62,0.1307,False,603531.5805032603,4189864.7109676865,2819681.143470694,3329660.852068805,2019296.0697981177,3089583.9476098754,5779629.511954661
photometry_tables/flux_table_JWST+0.5,231,0.5,1.0,1300.0,4.25,12.18,0.1338,False,1013677.9508886493,5741164.622073276,4307249.209819749,5114462.515963048,2918098.853741841,5185611.776858398,7421641.977388855
photometry_tables/flux_table_JWST+0.5,232,0.5,1.0,1400.0,4.25,12.81,0.1372,False,1603245.3906900415,7739270.032780554,6274801.619978518,7769623.959921386,4253045.216834352,8531001.140175896,9536741.259755848
photometry_tables/flux_table_JWST+0.5,233,0.5,1.0,1500.0,4.25,13.49,0.1408,False,2392213.8475120557,10221155.606000725,8980489.305127522,11824968.703831047,6447628.406439209,13861173.512382437,12285702.652493881
photometry_tables/flux_table_JWST+0.5,234,0.5,1.0,1600.0,4.25,14.27,0.1448,False,3375981.0485542547,13652116.950664463,12373711.899353525,16443717.232149314,8990834.429518027,19756044.694326077,15187979.420318125
photometry_tables/flux_table_JWST+0.5,235,0.5,1.0,1700.0,4.25,15.12,0.149,False,4631268.924918743,18505464.89794709,16707058.757733133,21732015.19399965,11824968.703831047,25763211.570025757,18356927.808988184
photometry_tables/flux_table_JWST+0.5,236,0.5,1.0,1800.0,4.25,16.15,0.154,False,6328488.569256954,25357124.326473746,22279220.921849094,27925438.41237338,15024499.029989146,31944787.242086913,21953309.49139849
photometry_tables/flux_table_JWST+0.5,237,0.5,1.0,1900.0,4.25,17.35,0.1597,False,8790225.168308841,34713627.58876977,30563282.803659678,37153522.90971726,20835311.605717476,40262431.59764699,27624854.546315763
photometry_tables/flux_table_JWST+0.5,238,0.5,1.0,2000.0,4.25,18.82,0.1663,False,12402236.251188872,47358724.81253359,41946912.48825665,49260634.334957704,28635185.44478934,49624940.607974485,34930113.75635543
photometry_tables/flux_table_JWST+0.5,239,0.5,1.0,2100.0,4.25,20.59,0.1739,False,17664445.127424788,64017690.13178955,57398428.222494215,65132837.7182317,39084089.57924021,60953689.724016905,44197733.61155813
photometry_tables/flux_table_JWST+0.5,240,0.5,1.0,2200.0,4.25,22.72,0.1827,False,25234807.724805743,85664325.55816557,78180780.17635866,85802511.47226031,52990741.90947543,75058520.5590237,55859880.20572559
photometry_tables/flux_table_JWST+0.5,241,0.5,1.0,2300.0,4.25,25.42,0.1932,False,36324529.68993705,114656848.38752921,106856267.4599961,113579512.42270716,72027775.12383406,93432936.82573138,71072239.44090933
photometry_tables/flux_table_JWST+0.5,242,0.5,1.0,2400.0,4.25,29.02,0.2065,False,52698711.89967232,154561028.8489202,147808700.9102998,152475476.76599154,99357350.05868445,118494993.09761782,91769845.38497812
photometry_tables/flux_table_JWST+0.5,243,0.5,1.0,200.0,4.5,11.11,0.0959,False,0.7939625172698564,0.037601052366849554,0.06643546819760057,0.0005208348068742073,0.03690625685841209,12.664848528539205,4786.300923226386
photometry_tables/flux_table_JWST+0.5,244,0.5,1.0,225.0,4.5,11.35,0.0969,False,2.9053603143031457,0.4931738039549355,0.4546738740611353,0.015848931924611138,0.18450154191794738,58.53289438325578,9660.508789898131
photometry_tables/flux_table_JWST+0.5,245,0.5,1.0,250.0,4.5,11.6,0.098,False,8.13766860778787,4.518559443749226,2.363741608116292,0.27983369045620227,0.9731952935922781,212.96096202155115,18416.199035246715
photometry_tables/flux_table_JWST+0.5,246,0.5,1.0,275.0,4.5,11.85,0.099,False,18.176070560954997,29.702978440178658,9.28324901120514,2.628451694533873,4.29734281153681,600.0673538641164,32158.812236044934
photometry_tables/flux_table_JWST+0.5,247,0.5,1.0,300.0,4.5,12.1,0.1,False,35.751971874502615,148.79899569860223,30.109254320530006,14.993395600605629,15.208976890520455,1387.3946006030621,51832.24264170614
photometry_tables/flux_table_JWST+0.5,248,0.5,1.0,325.0,4.5,12.35,0.1011,False,67.5149577160642,567.5446054085471,86.31772787998135,59.19704116460882,44.00479478359842,2765.03096983568,78198.78403894966
photometry_tables/flux_table_JWST+0.5,249,0.5,1.0,350.0,4.5,12.58,0.102,False,124.96833972112191,1695.1182515314003,225.99560844343745,179.47336268325267,107.84499632938316,4918.129952683079,111737.77007616963
photometry_tables/flux_table_JWST+0.5,250,0.5,1.0,375.0,4.5,12.8,0.1029,False,221.4623989405674,4117.1813799387055,541.6266187341721,449.46926526279424,231.2064790175594,8002.026771193327,152615.97656254625
photometry_tables/flux_table_JWST+0.5,251,0.5,1.0,400.0,4.5,12.97,0.1036,False,375.2321139027498,8509.42078987996,1174.897554939529,973.1952935922781,441.7738448896478,12080.919765409504,200124.38025192215
photometry_tables/flux_table_JWST+0.5,252,0.5,1.0,425.0,4.5,13.09,0.1041,False,584.6554467527501,14213.466164728303,2281.39245017275,1879.3168168032685,770.725982415519,17155.366477283467,253162.86391269483
photometry_tables/flux_table_JWST+0.5,253,0.5,1.0,450.0,4.5,13.17,0.1044,False,910.542035595527,22972.063071583536,4155.277190204325,3413.5007294931106,1281.1500562783976,23528.812019381683,313834.0056432408
photometry_tables/flux_table_JWST+0.5,254,0.5,1.0,475.0,4.5,13.27,0.1048,False,1400.5544572422318,36207.621775667314,7140.0293992784445,5902.010801718442,2054.470927464987,31434.025417390112,383442.28144309204
photometry_tables/flux_table_JWST+0.5,255,0.5,1.0,500.0,4.5,13.39,0.1053,False,2018.3663636815616,51428.04319487921,11347.494998601087,9600.635909453471,3153.5520245507173,40756.79265594895,459515.3251697752
photometry_tables/flux_table_JWST+0.5,256,0.5,1.0,525.0,4.5,13.52,0.1058,False,2833.3485277843724,70177.84049149897,16978.526624260205,14791.08388168207,4762.1163273982065,51891.95108067298,541252.6055151543
photometry_tables/flux_table_JWST+0.5,257,0.5,1.0,550.0,4.5,13.65,0.1063,False,3873.468245564424,92555.02447634355,24154.608344449403,21687.025993454656,7148.254395687634,65132.8377182317,626902.4974761651
photometry_tables/flux_table_JWST+0.5,258,0.5,1.0,575.0,4.5,13.78,0.1068,False,5238.416190277907,119453.80829338865,33296.60852068805,30633.738446964282,10396.80742927523,79946.60025203163,715319.3940753373
photometry_tables/flux_table_JWST+0.5,259,0.5,1.0,600.0,4.5,13.9,0.1072,False,6924.68464322636,150556.66982669805,44606.690205513536,42169.65034285822,14638.615375506177,96316.34640239806,807235.0302488381
photometry_tables/flux_table_JWST+0.5,260,0.5,1.0,650.0,4.5,14.14,0.1082,False,11748.975549395296,229932.3087021224,75439.708219799,74713.65798284314,26760.85593199332,133967.6687425935,1000691.014168259
photometry_tables/flux_table_JWST+0.5,261,0.5,1.0,700.0,4.5,14.37,0.1091,False,18980.16571875724,335505.77499889774,119839.50320772684,124365.52283881395,45258.48373686597,179101.82037416796,1209762.1707502701
photometry_tables/flux_table_JWST+0.5,262,0.5,1.0,750.0,4.5,14.61,0.1099,False,29093.769918965467,471411.3123725611,181217.44376590237,198107.08148712406,72777.98045368242,233829.87634799123,1437474.005874361
photometry_tables/flux_table_JWST+0.5,263,0.5,1.0,800.0,4.5,14.85,0.1109,False,42687.42912929738,641652.6614874053,263208.55443441,303040.02977883647,113187.8993655416,301161.8803078823,1689273.6196380283
photometry_tables/flux_table_JWST+0.5,264,0.5,1.0,850.0,4.5,15.1,0.1118,False,60631.73557052517,850746.1648896979,370339.469397536,444733.65938979713,171435.20062026777,384857.5404157429,1964716.9866047374
photometry_tables/flux_table_JWST+0.5,265,0.5,1.0,900.0,4.5,15.36,0.1127,False,83772.21525750586,1099765.2680385683,503732.5327855017,622443.5916032889,256980.39954022673,492833.2491971515,2266731.082930537
photometry_tables/flux_table_JWST+0.5,266,0.5,1.0,950.0,4.5,15.63,0.1137,False,113893.77818757072,1394440.5388714606,671119.7196984211,840427.0070999396,380802.6833442711,635769.9545271865,2602555.501826247
photometry_tables/flux_table_JWST+0.5,267,0.5,1.0,1000.0,4.5,15.93,0.1148,False,153744.64569916876,1740203.3485388365,883893.6217394065,1103570.2899640147,548529.5139412032,823379.4052101346,2973719.495069291
photometry_tables/flux_table_JWST+0.5,268,0.5,1.0,1100.0,4.5,16.56,0.1171,False,276312.16136520245,2588212.9151530913,1491076.7554527177,1781968.406816417,1021409.7519898493,1394440.5388714606,3829129.021208096
photometry_tables/flux_table_JWST+0.5,269,0.5,1.0,1200.0,4.5,17.24,0.1194,False,485400.2548344869,3661845.3594529773,2408795.881725709,2739681.0135310222,1641723.4439771208,2403255.804933244,4871918.336436784
photometry_tables/flux_table_JWST+0.5,270,0.5,1.0,1300.0,4.5,17.98,0.122,False,818464.7881347898,4998043.135782393,3672823.0049808463,4123822.843217308,2366464.533352563,3985657.723134011,6156019.68644896
photometry_tables/flux_table_JWST+0.5,271,0.5,1.0,1400.0,4.5,18.78,0.1247,False,1304667.9686398953,6658861.7768612765,5302735.926292145,6106607.404788298,3259117.3631348447,6207260.903094302,7696619.203180869
photometry_tables/flux_table_JWST+0.5,272,0.5,1.0,1500.0,4.5,19.7,0.1277,False,1987925.0210418818,8755884.01413115,7661256.45013803,9519190.103322854,4961351.535855696,10258881.185266037,9967815.711512951
photometry_tables/flux_table_JWST+0.5,273,0.5,1.0,1600.0,4.5,20.74,0.131,False,2835959.340356763,11547819.84689458,10512354.552294832,13369033.144728046,6977502.487693654,15107757.319249947,12314024.122062167
photometry_tables/flux_table_JWST+0.5,274,0.5,1.0,1700.0,4.5,21.91,0.1346,False,3863669.7705406914,15477471.037349187,13699351.215862421,16892736.19638028,8356030.18231248,18501204.347718596,14203651.240480121
photometry_tables/flux_table_JWST+0.5,275,0.5,1.0,1800.0,4.5,23.23,0.1386,False,5269871.189967233,20782605.7959786,18548124.40027907,22630804.869126927,11754387.398615584,25415578.535017174,17635996.338979952
photometry_tables/flux_table_JWST+0.5,276,0.5,1.0,1900.0,4.5,24.76,0.1431,False,7227698.036021702,28022056.216667466,25078410.100331638,29840081.1593022,16143585.56826486,32210687.912834346,21872579.31211315
photometry_tables/flux_table_JWST+0.5,277,0.5,1.0,2000.0,4.5,26.56,0.1483,False,10053099.940231342,37748526.17240588,33900023.55756174,39084089.57924021,21943201.94629004,39500264.15978837,27264654.585290063
photometry_tables/flux_table_JWST+0.5,278,0.5,1.0,2100.0,4.5,28.63,0.1539,False,14092887.984218748,50361655.743608475,45582695.15401943,50874481.96446908,29505297.638582714,47785925.31515468,33923448.95414433
photometry_tables/flux_table_JWST+0.5,279,0.5,1.0,2200.0,4.5,31.09,0.1604,False,19847234.453365684,66511998.90312162,61037958.55585309,66054133.523245655,39500264.15978837,57876198.83491206,42227950.13060564
photometry_tables/flux_table_JWST+0.5,280,0.5,1.0,2300.0,4.5,34.09,0.168,False,28047877.37349209,87317240.06178604,81507955.56116015,85624884.76063554,52710847.623639576,70453082.60711935,52674448.83319061
photometry_tables/flux_table_JWST+0.5,281,0.5,1.0,2400.0,4.5,38.24,0.1779,False,40022111.724970326,115664477.41656461,110280823.38495518,112615974.69078662,71318138.66797398,87518527.08843355,66788240.13665394
photometry_tables/flux_table_JWST+0.5,282,0.5,1.0,200.0,4.75,17.37,0.0899,False,1.5059134077254455,0.04348104768927276,0.10027669229965867,0.0003958220648357226,0.0372048878720087,12.726236800229046,4495.727713019056
photometry_tables/flux_table_JWST+0.5,283,0.5,1.0,225.0,4.75,17.69,0.0907,False,5.039645636126428,0.5691149576288415,0.665119989031216,0.011452492077078902,0.17386012999070974,57.862873881795274,8963.961859499503
photometry_tables/flux_table_JWST+0.5,284,0.5,1.0,250.0,4.75,17.99,0.0915,False,12.826258841809535,5.066406124332974,3.304456201934522,0.20049336272477267,0.8635748781703811,206.442923207399,16811.249744769597
photometry_tables/flux_table_JWST+0.5,285,0.5,1.0,275.0,4.75,18.28,0.0922,False,26.485001386067008,31.702973669527243,12.425103069290078,1.9359761376414346,3.6965790681932744,576.2354864094254,28980.10802529753
photometry_tables/flux_table_JWST+0.5,286,0.5,1.0,300.0,4.75,18.55,0.0929,False,49.0681856767952,151.35612484362088,38.28247433168228,11.447219223784554,12.953883889748885,1322.5131530409456,46259.40047661603
photometry_tables/flux_table_JWST+0.5,287,0.5,1.0,325.0,4.75,18.81,0.0936,False,87.90225168308842,556.0322736938655,102.96746007038337,46.483626185930106,37.17063667960675,2612.1613543992053,69119.40643980488
photometry_tables/flux_table_JWST+0.5,288,0.5,1.0,350.0,4.75,19.08,0.0942,False,153.95719856927047,1606.2013995885984,251.18864315095794,143.31775614035502,90.30254703280065,4603.625637759879,97858.8257118012
photometry_tables/flux_table_JWST+0.5,289,0.5,1.0,375.0,4.75,19.35,0.0949,False,259.2387985291353,3776.591401452663,563.7674531352641,361.82619073242984,192.04367139433523,7430.191378967014,132556.1860719859
photometry_tables/flux_table_JWST+0.5,290,0.5,1.0,400.0,4.75,19.57,0.0954,False,418.9864710967686,7517.95981512007,1171.1162307544394,790.8607094441395,366.43757464783334,11186.64870192315,173101.16868278052
photometry_tables/flux_table_JWST+0.5,291,0.5,1.0,425.0,4.75,19.74,0.0958,False,642.8357186713858,13143.166207856972,2245.4324779840013,1553.1020752328457,644.1692655151776,15947.771336421709,219280.49353504486
photometry_tables/flux_table_JWST+0.5,292,0.5,1.0,450.0,4.75,19.88,0.0962,False,949.9483658763464,20989.398836235243,4001.289735406986,2818.382931264455,1064.8783561269627,21817.249589883,271268.8960516935
photometry_tables/flux_table_JWST+0.5,293,0.5,1.0,475.0,4.75,20.04,0.0966,False,1292.1115244259302,29922.64636608189,6401.769013178951,4696.777641902296,1709.6216148411108,28940.098170650403,327039.34175663954
photometry_tables/flux_table_JWST+0.5,294,0.5,1.0,500.0,4.75,20.23,0.097,False,1779.9180203953356,41995.23346640658,9942.600739529567,7563.102739061051,2665.630813465125,37722.459418486134,390930.9005962288
photometry_tables/flux_table_JWST+0.5,295,0.5,1.0,525.0,4.75,20.42,0.0975,False,2474.001735792561,58196.91989817644,14983.042106226592,11778.771585369428,4040.173353730003,48294.75864447709,462700.53323618125
photometry_tables/flux_table_JWST+0.5,296,0.5,1.0,550.0,4.75,20.6,0.0979,False,3456.2090257012633,79873.00061113139,21917.953438441302,17754.154709586375,5960.737545096847,60729.541182702385,541751.3472313468
photometry_tables/flux_table_JWST+0.5,297,0.5,1.0,575.0,4.75,20.76,0.0983,False,4547.785786436917,102777.96158762282,29901.983671705693,24991.94175195828,8580.25114722603,74028.67904919352,616879.0197459377
photometry_tables/flux_table_JWST+0.5,298,0.5,1.0,600.0,4.75,20.92,0.0987,False,5937.450473021954,129927.17628367514,39911.67918200921,34332.07084260955,12003.281741626715,88879.17198848202,696145.4677293984
photometry_tables/flux_table_JWST+0.5,299,0.5,1.0,650.0,4.75,21.24,0.0994,False,9819.740248654878,198015.8708082412,66911.3820045859,61150.49825170287,21907.862171648434,123537.83896545472,866163.7419723038
photometry_tables/flux_table_JWST+0.5,300,0.5,1.0,700.0,4.75,21.55,0.1001,False,15689.171126078541,288004.9817442856,105535.8469968695,101835.68757197849,36923.25673185324,164816.2391525508,1049059.207776445
photometry_tables/flux_table_JWST+0.5,301,0.5,1.0,750.0,4.75,21.86,0.1009,False,23993.853343082024,403273.79297611315,158270.50934310394,161287.2362170402,58816.61141430387,213894.6884169515,1246809.2051556185
photometry_tables/flux_table_JWST+0.5,302,0.5,1.0,800.0,4.75,22.18,0.1016,False,35326.450258556746,548276.9649208537,228454.6488551827,244568.2072104373,90094.8569379643,272521.0163849199,1459150.2033476552
photometry_tables/flux_table_JWST+0.5,303,0.5,1.0,850.0,4.75,22.49,0.1023,False,50084.1145299823,725437.497018398,318786.55756959005,357108.34580834577,134927.3528537163,344667.2348717893,1691998.6025030052
photometry_tables/flux_table_JWST+0.5,304,0.5,1.0,900.0,4.75,22.82,0.103,False,69135.32360375626,938858.1918730973,433710.5635004414,502805.47728063917,198609.49173573716,434510.22417157155,1946704.3530014295
photometry_tables/flux_table_JWST+0.5,305,0.5,1.0,950.0,4.75,23.16,0.1038,False,93605.20527214577,1192065.173132747,576766.4633922508,681553.5747267044,288801.8693514055,548529.5139412032,2221774.6129152006
photometry_tables/flux_table_JWST+0.5,306,0.5,1.0,1000.0,4.75,23.53,0.1046,False,125314.1174941416,1487304.8700465306,755440.040567619,896602.6125642987,411623.3473027652,693585.4915927481,2519996.8621092383
photometry_tables/flux_table_JWST+0.5,307,0.5,1.0,1100.0,4.75,24.32,0.1064,False,220597.2021747327,2218196.4198002187,1257476.8543676592,1449439.191287786,773214.5183275421,1121243.659047491,3206269.324505466
photometry_tables/flux_table_JWST+0.5,308,0.5,1.0,1200.0,4.75,25.19,0.1083,False,383707.24549227883,3148473.1933873794,2021622.209088924,2218707.237208946,1287952.9554199737,1855239.575549285,4046690.5946508744
photometry_tables/flux_table_JWST+0.5,309,0.5,1.0,1300.0,4.75,26.13,0.1103,False,646993.6228086812,4284498.548137014,3086739.6456838595,3306739.6279884507,1903706.5317420757,3058440.246510551,5069907.082747043
photometry_tables/flux_table_JWST+0.5,310,0.5,1.0,1400.0,4.75,27.19,0.1125,False,1040638.7653975054,5671526.948608321,4467864.566912837,4861832.5846498385,2635117.589863841,4780793.661491185,6306668.44780212
photometry_tables/flux_table_JWST+0.5,311,0.5,1.0,1500.0,4.75,28.38,0.1149,False,1620690.1774839305,7394349.942551872,6469936.2280868115,7617281.404686804,3907509.117105615,7748185.327756199,8100279.416803504
photometry_tables/flux_table_JWST+0.5,312,0.5,1.0,1600.0,4.75,29.71,0.1176,False,2342610.0385925486,9620552.191862145,8824701.010756545,10730006.869316613,5436257.2516840575,11457767.359171113,9933447.481708257
photometry_tables/flux_table_JWST+0.5,313,0.5,1.0,1700.0,4.75,31.23,0.1205,False,3229237.5955486866,12670682.249985484,11708466.023202414,14193843.093800256,7168033.065160518,15584755.741243483,11887759.216972139
photometry_tables/flux_table_JWST+0.5,314,0.5,1.0,1800.0,4.75,32.94,0.1238,False,4340102.636447438,16791906.215408348,15254571.048863236,18067580.566942155,9082386.932603842,19815270.25805098,14018450.097984845
photometry_tables/flux_table_JWST+0.5,315,0.5,1.0,1900.0,4.75,34.82,0.1273,False,5872188.659713032,22274091.532216746,20351667.563669097,23648304.020392243,12353783.896545475,25287156.711051643,17139573.075084254
photometry_tables/flux_table_JWST+0.5,316,0.5,1.0,2000.0,4.75,36.92,0.1311,False,8020473.348006654,29498504.5748424,27039583.641088434,30570321.069876593,16572956.864772074,30931430.10948962,21003902.80821432
photometry_tables/flux_table_JWST+0.5,317,0.5,1.0,2100.0,4.75,39.41,0.1354,False,11089194.477242887,38913473.626359746,35859150.75171746,39336888.067320205,22059720.217473265,37102228.86174651,25816656.717016254
photometry_tables/flux_table_JWST+0.5,318,0.5,1.0,2200.0,4.75,42.29,0.1403,False,15417004.529495593,50897915.92468075,47347821.31851524,50408061.91026693,29147412.01472475,44330231.5750427,31681081.5932805
photometry_tables/flux_table_JWST+0.5,319,0.5,1.0,2300.0,4.75,45.84,0.146,False,21567509.59898167,66206404.02704609,62416584.50909741,64639799.39995342,38521217.05981028,53272122.432296194,39057100.569375634
photometry_tables/flux_table_JWST+0.5,320,0.5,1.0,2400.0,4.75,50.42,0.1532,False,30255198.03872306,86119202.61487524,82527749.07675834,83272192.59852411,51156403.00070045,64729164.29993273,48551203.52422797
photometry_tables/flux_table_JWST+0.5,321,0.5,1.0,200.0,5.0,26.88,0.0838,False,1.976969640111862,0.020017046589899605,0.075805374914822,0.00012173066653544747,0.025775078699705377,7.956095729300209,3449.0540481442044
photometry_tables/flux_table_JWST+0.5,322,0.5,1.0,225.0,5.0,27.16,0.0843,False,5.606605516476985,0.2105716983911755,0.4231555097166165,0.0021018416802643506,0.08439175140304765,31.253596436133435,6244.533502805021
photometry_tables/flux_table_JWST+0.5,323,0.5,1.0,250.0,5.0,27.42,0.0847,False,19.824397628726413,5.151100224595074,4.2766134747972755,0.13483418052460833,0.7500668987360679,196.96996148999236,15069.540152263533
photometry_tables/flux_table_JWST+0.5,324,0.5,1.0,275.0,5.0,27.68,0.0851,False,37.94023355328961,31.506488329723954,15.64588018040553,1.3326005862775754,3.113866577182558,544.7534633275434,25668.47101667868
photometry_tables/flux_table_JWST+0.5,325,0.5,1.0,300.0,5.0,27.94,0.0855,False,66.86517721976388,145.91502033476553,46.54789007046171,8.20729417178977,10.79443709984453,1246.2351604865141,40663.05463404283
photometry_tables/flux_table_JWST+0.5,326,0.5,1.0,325.0,5.0,28.19,0.0859,False,113.34438229710335,518.441788307823,118.38590542018103,34.15859506860554,30.605536720536648,2435.5665453133747,60131.21787899335
photometry_tables/flux_table_JWST+0.5,327,0.5,1.0,350.0,5.0,28.45,0.0862,False,187.93168168032688,1459.8223215980565,271.64392688390836,107.62173768887857,73.7734340961029,4252.06602972015,84333.47577642753
photometry_tables/flux_table_JWST+0.5,328,0.5,1.0,375.0,5.0,28.7,0.0866,False,301.36998743411453,3339.6426598662515,575.1749984619443,275.67666102901006,155.66823452755386,6802.992622648602,113292.19729705561
photometry_tables/flux_table_JWST+0.5,329,0.5,1.0,400.0,5.0,28.96,0.087,False,459.62114466600116,6452.083809019726,1137.1035097106505,608.5552311808157,295.8012466551546,10188.259543931268,147061.84154045605
photometry_tables/flux_table_JWST+0.5,330,0.5,1.0,425.0,5.0,29.22,0.0874,False,672.2023091115669,11096.857267741241,2112.0295974610185,1207.8138351067798,520.1157438224064,14511.088807914288,185951.63444624672
photometry_tables/flux_table_JWST+0.5,331,0.5,1.0,450.0,5.0,29.48,0.0878,False,949.0738338964767,17583.28437434742,3683.833559790651,2210.039317349184,860.7955238694602,19865.522852667753,230091.19518517604
photometry_tables/flux_table_JWST+0.5,332,0.5,1.0,475.0,5.0,29.74,0.0882,False,1331.680376269981,26576.635495543116,6250.287580151303,3748.8667146053936,1344.9309876881248,26175.8021870381,278419.7248883564
photometry_tables/flux_table_JWST+0.5,333,0.5,1.0,500.0,5.0,30.01,0.0886,False,1744.6165981330132,36838.33559790651,9283.24901120514,6175.896369491144,2101.357769046747,34347.88498657804,334888.319394222
photometry_tables/flux_table_JWST+0.5,334,0.5,1.0,525.0,5.0,30.27,0.089,False,2291.395205272898,49911.428516561835,13406.024229978326,9384.259312370177,3272.6533057537135,44096.08164506377,392916.2586130561
photometry_tables/flux_table_JWST+0.5,335,0.5,1.0,550.0,5.0,30.53,0.0893,False,3009.539168873201,66252.15359025825,19015.16069774581,13794.310581975336,4858.475309374926,55118.831232760574,455617.08379901625
photometry_tables/flux_table_JWST+0.5,336,0.5,1.0,575.0,5.0,30.71,0.0896,False,3862.780230114958,85251.10168263657,25816.656717016256,19642.64645879855,7014.552984199714,67514.95771606424,521554.8640348757
photometry_tables/flux_table_JWST+0.5,337,0.5,1.0,600.0,5.0,30.93,0.0899,False,4976.224899734694,108168.29893379332,34466.72348717894,27133.13652150698,9815.219132257567,81170.83246672252,590472.9404069867
photometry_tables/flux_table_JWST+0.5,338,0.5,1.0,650.0,5.0,31.35,0.0905,False,8053.784411990669,165920.4817421628,57689.92840692842,48339.26025160842,17790.985265651434,112408.71934697298,736376.634961514
photometry_tables/flux_table_JWST+0.5,339,0.5,1.0,700.0,5.0,31.78,0.0912,False,12653.189142138564,241880.0223147844,90594.11775490598,80667.76045948459,29867.577550334903,149623.56560944335,894746.4830528045
photometry_tables/flux_table_JWST+0.5,340,0.5,1.0,750.0,5.0,32.19,0.0917,False,19186.68740670289,338298.4437975901,135051.68278550392,127614.49317491605,47336.92033483016,193419.38586192785,1064388.0744214281
photometry_tables/flux_table_JWST+0.5,341,0.5,1.0,800.0,5.0,32.59,0.0923,False,28229.29290779786,459092.2907591307,193999.22723909825,193285.82261997386,71845.57087925969,244849.93891119343,1245661.3801138871
photometry_tables/flux_table_JWST+0.5,342,0.5,1.0,850.0,5.0,33.01,0.0929,False,40188.33372541836,607295.4118270237,269773.94324449205,281254.83690402267,105803.49159962308,305914.455948641,1439461.32207816
photometry_tables/flux_table_JWST+0.5,343,0.5,1.0,900.0,5.0,33.42,0.0935,False,55526.46171195634,785778.2435590092,365005.9970708618,394911.69934897515,153355.72729958175,380539.7250027089,1649681.10447273
photometry_tables/flux_table_JWST+0.5,344,0.5,1.0,950.0,5.0,33.86,0.0941,False,75127.68385722685,997700.0638225533,484730.1126243662,538145.8555867277,219078.62171648434,472715.671173616,1878019.079011411
photometry_tables/flux_table_JWST+0.5,345,0.5,1.0,1000.0,5.0,34.29,0.0947,False,100115.19555381687,1245948.237270747,633869.7112569269,712524.8247522671,307822.244122263,586543.1942902652,2121778.283144662
photometry_tables/flux_table_JWST+0.5,346,0.5,1.0,1100.0,5.0,35.27,0.096,False,173700.07261373763,1861658.4246137866,1046646.4385521963,1159578.0877260868,573720.0135493512,908447.8470267752,2666858.6645214795
photometry_tables/flux_table_JWST+0.5,347,0.5,1.0,1200.0,5.0,36.35,0.0975,False,297440.42981251405,2649110.048516274,1666095.9166669676,1767665.1509282268,974092.0524918584,1433177.5614035504,3322002.8446165044
photometry_tables/flux_table_JWST+0.5,348,0.5,1.0,1300.0,5.0,37.58,0.0991,False,502111.30546995363,3621595.9848601935,2552113.5891302265,2618785.9365475564,1491763.579809655,2315261.2332437625,4132377.611997571
photometry_tables/flux_table_JWST+0.5,349,0.5,1.0,1400.0,5.0,38.95,0.1009,False,816018.4910197364,4787403.136634163,3715352.2909717252,3828247.4331682264,2097007.578544648,3632452.9689937048,5115640.300070044
photometry_tables/flux_table_JWST+0.5,350,0.5,1.0,1500.0,5.0,40.47,0.1029,False,1258925.4117941672,6200118.642087245,5176068.319505676,5519503.333867392,2847082.1597992876,5470159.628939716,6279137.596800939
photometry_tables/flux_table_JWST+0.5,351,0.5,1.0,1600.0,5.0,42.19,0.105,False,1852678.2370722666,7983622.620329362,7016168.330679755,7782157.212031627,3822081.997426824,7970764.905902969,7624300.41200757
photometry_tables/flux_table_JWST+0.5,352,0.5,1.0,1700.0,5.0,44.11,0.1074,False,2604353.9045516895,10315730.794395113,9371303.430676045,10673331.542618379,5160597.646630204,11326611.380767869,9206615.375019705
photometry_tables/flux_table_JWST+0.5,353,0.5,1.0,1800.0,5.0,46.19,0.1099,False,3539158.3956694985,13406024.229978325,12410806.372156546,14220013.21518881,6990367.3676197715,15370924.87616168,11099412.707748232
photometry_tables/flux_table_JWST+0.5,354,0.5,1.0,1900.0,5.0,48.51,0.1126,False,4747882.909415974,17534767.02422828,16387020.612846335,18543854.028467953,9358365.4358353,19574920.187867545,13353650.333271857
photometry_tables/flux_table_JWST+0.5,355,0.5,1.0,2000.0,5.0,51.05,0.1155,False,6391458.89185814,22940347.906697456,21542693.374042362,23817709.831782293,12462351.604865134,24060242.48767373,16165904.16954469
photometry_tables/flux_table_JWST+0.5,356,0.5,1.0,2100.0,5.0,54.01,0.1188,False,8703621.573738188,29908869.650638234,28203304.73801536,30338911.841942705,16413454.667021412,28734258.8667487,19615527.87701081
photometry_tables/flux_table_JWST+0.5,357,0.5,1.0,2200.0,5.0,57.5,0.1226,False,11967405.313072437,38797165.72936907,36812897.36425315,38503481.46786148,21478304.74130534,34009480.65121909,23817709.831782293
photometry_tables/flux_table_JWST+0.5,358,0.5,1.0,2300.0,5.0,61.57,0.1269,False,16512012.168506317,49957419.81759638,47840972.57646799,48730402.66252346,28015604.642568935,40290253.50832952,28926773.83120092
photometry_tables/flux_table_JWST+0.5,359,0.5,1.0,2400.0,5.0,66.64,0.132,False,22834946.582255404,64091435.66447763,62144113.916684814,61787411.29854399,36685969.4441342,48095007.85490996,35375289.28224317
photometry_tables/flux_table_JWST+0.5,360,0.5,1.0,200.0,5.5,59.69,0.0703,False,9.244852788265366,0.042491298208112004,0.2095559517227813,0.00033075011205925504,0.039057100569375676,13.912334146288112,3629.9446258272606
photometry_tables/flux_table_JWST+0.5,361,0.5,1.0,225.0,5.5,60.01,0.0705,False,19.710607052410325,0.4053218348593218,1.0700399687349011,0.003715352290971728,0.11975674959701055,49.29467413122061,6313.933449447962
photometry_tables/flux_table_JWST+0.5,362,0.5,1.0,250.0,5.5,60.33,0.0707,False,41.39043588458343,4.101096608748116,5.564164998729975,0.06006202909194724,0.5458835409516775,178.19684068164173,11692.30134833922
photometry_tables/flux_table_JWST+0.5,363,0.5,1.0,275.0,5.5,60.64,0.0708,False,70.03255967370536,24.32204009073816,19.63812409298284,0.5490349610252039,2.096042093194876,474.02363903503357,19413.32834537518
photometry_tables/flux_table_JWST+0.5,364,0.5,1.0,300.0,5.5,60.98,0.071,False,113.31828679306945,110.61142822180786,57.02955725720632,3.5269556611308652,7.1088606313049025,1075.474208972789,30443.879900225424
photometry_tables/flux_table_JWST+0.5,365,0.5,1.0,325.0,5.5,61.32,0.0712,False,178.2378767448089,382.56038866803834,136.70991082037514,15.459662193866729,19.828962890547174,2079.6966871036957,44514.34629201129
photometry_tables/flux_table_JWST+0.5,366,0.5,1.0,350.0,5.5,61.67,0.0714,False,276.1213575949454,1069.3010665477827,289.00143553494706,51.179966820246115,47.20630412635909,3587.566830392618,61744.744805068156
photometry_tables/flux_table_JWST+0.5,367,0.5,1.0,375.0,5.5,62.02,0.0716,False,400.58990432775084,2358.30515327765,561.9530077001323,137.68923912009654,99.12883449478923,5688.529308438413,82186.40803889054
photometry_tables/flux_table_JWST+0.5,368,0.5,1.0,400.0,5.5,62.37,0.0718,False,558.5988020572559,4460.669020551353,1027.5429881178113,316.956746304349,188.36490894898003,8460.577343842877,105900.98510716812
photometry_tables/flux_table_JWST+0.5,369,0.5,1.0,425.0,5.5,62.72,0.072,False,734.8522021921094,7277.798045368242,1713.1681827158104,640.0295121083711,337.44267097541336,11997.755298713837,132068.7295146424
photometry_tables/flux_table_JWST+0.5,370,0.5,1.0,450.0,5.5,63.05,0.0722,False,970.0631337839571,11463.045071179984,2803.4963822309305,1201.1576179375788,572.4004941344637,16493.012950896442,162442.62541935442
photometry_tables/flux_table_JWST+0.5,371,0.5,1.0,475.0,5.5,63.37,0.0724,False,1236.2320536249592,16764.86266073897,4323.146969108838,2070.618071334659,926.6164374937441,21912.90722414486,195614.0298125647
photometry_tables/flux_table_JWST+0.5,372,0.5,1.0,500.0,5.5,63.68,0.0726,False,1543.4764233245317,23350.705148630776,6322.6624992968755,3387.661433708217,1453.4496779183144,28477.378001737456,232648.36245182436
photometry_tables/flux_table_JWST+0.5,373,0.5,1.0,525.0,5.5,63.99,0.0728,False,1912.4936418442082,31637.3427822138,9030.254703280067,5266.2321489389715,2202.4192788839546,36157.63363610971,272897.7782808041
photometry_tables/flux_table_JWST+0.5,374,0.5,1.0,550.0,5.5,64.3,0.0729,False,2358.30515327765,41869.7145437062,12606.658835244447,7839.710037491971,3239.664224348446,44946.92652627944,316082.17127583484
photometry_tables/flux_table_JWST+0.5,375,0.5,1.0,575.0,5.5,64.6,0.0731,False,2899.3456931707383,54262.525132901435,17210.75807758846,11246.049739669263,4630.202658603084,54802.45321768505,361826.19073242985
photometry_tables/flux_table_JWST+0.5,376,0.5,1.0,600.0,5.5,64.9,0.0733,False,3557.9513055974294,69055.77442196835,22982.644533865045,15631.476426409537,6438.726829014615,65690.11164762662,409826.4649809825
photometry_tables/flux_table_JWST+0.5,377,0.5,1.0,650.0,5.5,65.51,0.0736,False,5327.212243229622,106856.26745999613,38672.29981193768,28093.121663317757,11590.442052227196,90635.8474958075,512507.23423117585
photometry_tables/flux_table_JWST+0.5,378,0.5,1.0,700.0,5.5,66.1,0.074,True,7946.9412063660375,157289.59710650158,61037.95855585308,46967.77641902293,19297.453361896452,119867.10045021866,624022.1421389767
photometry_tables/flux_table_JWST+0.5,379,0.5,1.0,750.0,5.5,66.61,0.0742,True,11703.07531668836,221972.92249542824,91327.16996648163,74131.02413009177,30171.715226017724,153320.41990349142,742677.0437146976
photometry_tables/flux_table_JWST+0.5,380,0.5,1.0,800.0,5.5,67.09,0.0745,True,17017.666170341086,302970.26026614185,130948.34079858083,111789.23907117442,44998.70338721506,191469.67494866432,868160.4556119944
photometry_tables/flux_table_JWST+0.5,381,0.5,1.0,850.0,5.5,67.51,0.0747,True,24126.815325916337,401236.0995991893,181134.00926196025,162143.67047736052,64758.980046494944,234909.18601803665,1000000.0
photometry_tables/flux_table_JWST+0.5,382,0.5,1.0,900.0,5.5,67.85,0.0749,True,33273.61598061624,517964.50560503313,242996.48977032298,227038.75677585072,90719.36465150892,284380.6221472982,1135795.1242270719
photometry_tables/flux_table_JWST+0.5,383,0.5,1.0,950.0,5.5,68.11,0.0751,True,44864.207438368976,654636.1740672749,319080.30609514227,308745.04755874467,124566.13801138871,341585.95068605535,1277026.7659777512
photometry_tables/flux_table_JWST+0.5,384,0.5,1.0,1000.0,5.5,68.53,0.0753,True,59483.977406922124,815455.0000611166,413047.50199016137,409920.8418770052,168810.71137049195,409354.9063295595,1427249.8301648938
photometry_tables/flux_table_JWST+0.5,385,0.5,1.0,1100.0,5.5,69.5,0.0758,True,100484.71382465803,1213947.7653658285,668805.7526849243,674994.1361219491,299364.2942739855,588030.699481163,1755092.458117967
photometry_tables/flux_table_JWST+0.5,386,0.5,1.0,1200.0,5.5,70.58,0.0764,True,165348.40121711523,1721868.574986007,1047369.6860703937,1034427.3627156726,505010.0256703167,852118.5113792298,2129119.315929504
photometry_tables/flux_table_JWST+0.5,387,0.5,1.0,1300.0,5.5,71.83,0.0771,True,270894.38298597804,2340992.3796903966,1588181.0142998274,1513909.7989198237,801124.4750248978,1260375.637894425,2568620.829382875
photometry_tables/flux_table_JWST+0.5,388,0.5,1.0,1400.0,5.5,73.2,0.0778,True,439136.9690244066,3071849.9642344625,2312597.2240639483,2165708.4947100743,1177063.790780569,1908973.9411235056,3099559.6598373777
photometry_tables/flux_table_JWST+0.5,389,0.5,1.0,1500.0,5.5,74.82,0.0787,True,691194.064398049,3930067.4134185323,3228494.1217126353,3064784.9053700315,1616218.2261066127,2846426.670374224,3734220.854303426
photometry_tables/flux_table_JWST+0.5,390,0.5,1.0,1600.0,5.5,76.64,0.0796,True,1040399.1770513521,4944245.193336822,4357124.80503084,4301302.633821364,2160727.5033932873,4153364.054890738,4476102.262460901
photometry_tables/flux_table_JWST+0.5,391,0.5,1.0,1700.0,5.5,78.73,0.0807,True,1486620.0985286003,6161692.202002786,5700330.022189608,5821032.177708714,2726465.4585290067,5519503.333867392,5237210.139231932
photometry_tables/flux_table_JWST+0.5,392,0.5,1.0,1800.0,5.5,81.15,0.0819,True,2050689.9356510288,7707259.824155194,7418224.971807319,7801893.182650614,3653423.348834556,7762471.166286917,6212980.635293498
photometry_tables/flux_table_JWST+0.5,393,0.5,1.0,1900.0,5.5,84.0,0.0834,True,2765667.71505015,9729712.328916498,9600635.909453472,10185913.88054117,4885398.559319366,10449608.02638239,7380741.584201029
photometry_tables/flux_table_JWST+0.5,394,0.5,1.0,2000.0,5.5,87.6,0.0851,True,3684681.8914786824,12402236.251188872,12390818.628280958,13016673.155792646,6387045.353025887,13001695.780332906,8737757.7511802
photometry_tables/flux_table_JWST+0.5,395,0.5,1.0,2100.0,5.5,91.76,0.0871,True,4918129.952683076,15896444.569080018,15977175.290586405,16447503.973914558,8315722.724645893,15645880.18040553,10406387.653975056
photometry_tables/flux_table_JWST+0.5,396,0.5,1.0,2200.0,5.5,96.17,0.0892,True,6562963.667292201,20239510.27988769,20426784.162755378,20530522.392794695,10693010.665477823,18318925.649537418,12362320.536249598
photometry_tables/flux_table_JWST+0.5,397,0.5,1.0,2300.0,5.5,101.01,0.0914,True,8796299.338442331,25550535.105132613,25870212.734646052,25398028.13772817,13617582.027830038,21208013.93090093,14638615.375506178
photometry_tables/flux_table_JWST+0.5,398,0.5,1.0,2400.0,5.5,107.93,0.0945,True,11964650.033390336,32448901.566053662,32991343.378886443,31702973.66952724,17510558.57478778,24854212.089533634,17550924.581179667
photometry_tables/flux_table_JWST_m+0.0_co0.5,9,0.0,0.5,200.0,5.0,27.95,0.0855,False,13.517612728214141,0.04450409766495368,0.4276613474797275,0.0027491598965510363,0.10473696860703942,160.39838825084183,6821.815979381819
photometry_tables/flux_table_JWST_m+0.0_co0.5,10,0.0,0.5,225.0,5.0,28.19,0.0859,False,26.097565724941436,0.3747140695144028,2.0758692704951964,0.01934193858619279,0.38868698613730224,432.5138310350088,12277.218920273155
photometry_tables/flux_table_JWST_m+0.0_co0.5,11,0.0,0.5,250.0,5.0,28.43,0.0862,False,45.46738740611353,2.510151880995331,8.231898369213958,0.11240871934697293,1.420038110542155,1026.833431668086,20849.709101237117
photometry_tables/flux_table_JWST_m+0.0_co0.5,12,0.0,0.5,275.0,5.0,28.67,0.0866,False,75.40497494853072,13.125020790002752,26.8967619956499,0.5432503314924336,4.680583528968204,2154.7654333634637,33311.945706820006
photometry_tables/flux_table_JWST_m+0.0_co0.5,13,0.0,0.5,300.0,5.0,28.89,0.0869,False,123.02687708123811,53.86417345623528,73.26558134796387,2.2289483245050583,13.564381629092674,4054.151744065028,50188.01279032412
photometry_tables/flux_table_JWST_m+0.0_co0.5,14,0.0,0.5,325.0,5.0,29.11,0.0872,False,198.38096568365052,181.59337488353452,173.14103128901542,7.976272817384804,35.00257541584341,7001.64359372975,72077.5473369528
photometry_tables/flux_table_JWST_m+0.0_co0.5,15,0.0,0.5,350.0,5.0,29.32,0.0876,False,310.38448191595376,520.9547473285553,366.6907882036972,24.96893392007369,80.31561699226565,11222.768383450782,99243.02650467773
photometry_tables/flux_table_JWST_m+0.0_co0.5,16,0.0,0.5,375.0,5.0,29.52,0.0879,False,472.82453051179647,1295.9850747551397,710.0680962545333,68.59619085293144,166.60959166669667,16931.677975100087,131947.14571951178
photometry_tables/flux_table_JWST_m+0.0_co0.5,17,0.0,0.5,400.0,5.0,29.72,0.0882,False,691.9902892284819,2843.8062214729816,1281.445085945787,166.14986777666556,316.73787594444735,24249.344310334727,169980.85132034967
photometry_tables/flux_table_JWST_m+0.0_co0.5,18,0.0,0.5,425.0,5.0,29.91,0.0884,False,981.974024865488,5629.891173942436,2184.7412064790446,360.4126286491435,561.4356681329817,33296.60852068805,213255.38179462007
photometry_tables/flux_table_JWST_m+0.0_co0.5,19,0.0,0.5,450.0,5.0,30.07,0.0887,False,1347.1005082758036,10125.115825636552,3524.5201677586315,713.0171895014071,940.3726726864813,44146.87837052635,261276.28960311017
photometry_tables/flux_table_JWST_m+0.0_co0.5,20,0.0,0.5,475.0,5.0,30.27,0.089,False,1799.2851681549398,16884.958594867534,5453.8099509655995,1302.5667861366887,1501.0667325703696,56911.49576288411,314267.88298792264
photometry_tables/flux_table_JWST_m+0.0_co0.5,21,0.0,0.5,500.0,5.0,30.47,0.0893,False,2251.127015912878,24848.489854530024,8184.647881347895,2253.7202141459816,2331.8467231570935,72044.36204152842,373336.1117160814
photometry_tables/flux_table_JWST_m+0.0_co0.5,22,0.0,0.5,525.0,5.0,30.68,0.0896,False,2874.0875936150214,36032.965012816,12097.621707502702,3741.9674033666442,3514.7950006430638,89970.47223493295,439845.34492163145
photometry_tables/flux_table_JWST_m+0.0_co0.5,23,0.0,0.5,550.0,5.0,30.88,0.0899,False,3596.665093461474,49865.479555579666,17139.573075084252,5854.637363205773,5127.433068882606,109900.58394325212,510035.0239594466
photometry_tables/flux_table_JWST_m+0.0_co0.5,24,0.0,0.5,575.0,5.0,31.07,0.0901,False,4464.779341129964,66942.20293097288,23659.196974857587,8782.132798980063,7286.181745132274,132220.8668190257,585059.4519500058
photometry_tables/flux_table_JWST_m+0.0_co0.5,25,0.0,0.5,600.0,5.0,31.27,0.0904,False,5534.775374571609,87780.8940846307,32055.311387004356,12682.357755555888,10090.205237643568,156783.3717295729,664507.6729077796
photometry_tables/flux_table_JWST_m+0.0_co0.5,26,0.0,0.5,650.0,5.0,31.65,0.091,False,8344.49387082843,142363.9403816488,54789.83593917481,24338.846965041823,18142.619820386128,213010.00374112514,837529.2821268826
photometry_tables/flux_table_JWST_m+0.0_co0.5,27,0.0,0.5,700.0,5.0,32.04,0.0915,False,12499.711805783701,217821.1266293435,87861.7805197602,42716.92674763227,30220.385498282718,278227.4657675123,1026833.4316680864
photometry_tables/flux_table_JWST_m+0.0_co0.5,28,0.0,0.5,750.0,5.0,32.44,0.0921,False,18556.66809433575,317687.40706497704,133598.01332722008,70194.00139695799,47282.453051179655,352289.74399145576,1231685.9857363552
photometry_tables/flux_table_JWST_m+0.0_co0.5,29,0.0,0.5,800.0,5.0,32.83,0.0927,False,27264.654585290064,445758.8763559462,194222.70572331685,109622.57517731094,70372.01717220568,435211.1366239773,1450774.7890889116
photometry_tables/flux_table_JWST_m+0.0_co0.5,30,0.0,0.5,850.0,5.0,33.22,0.0932,False,39436.648538097994,605480.2756898623,272332.8305405343,164512.91587709705,100716.35501321348,527715.681764812,1684224.575082704
photometry_tables/flux_table_JWST_m+0.0_co0.5,31,0.0,0.5,900.0,5.0,33.61,0.0937,False,55988.650528602724,799281.9398621501,370424.75302995846,238836.11600841887,139894.2937178167,630957.3444801932,1931968.317016924
photometry_tables/flux_table_JWST_m+0.0_co0.5,32,0.0,0.5,950.0,5.0,34.0,0.0943,False,78108.80616710571,1028963.5722967539,492266.1804443354,337364.98087376734,190107.82799233,747480.7281756635,2195330.9491398497
photometry_tables/flux_table_JWST_m+0.0_co0.5,33,0.0,0.5,1000.0,5.0,34.41,0.0949,False,107349.49358052357,1297179.270983956,643131.8236354517,465478.9007046167,254272.8553689999,880846.0273622596,2477992.5708234194
photometry_tables/flux_table_JWST_m+0.0_co0.5,34,0.0,0.5,1100.0,5.0,35.27,0.096,False,195929.57660924207,1952540.2712986465,1059009.8510716811,832721.925985241,439339.2456444763,1219831.938008684,3109567.581849801
photometry_tables/flux_table_JWST_m+0.0_co0.5,35,0.0,0.5,1200.0,5.0,36.2,0.0973,False,343795.3513094914,2763121.6136520244,1675714.3933608248,1381338.1296873672,734344.7595588673,1707261.3161061418,3847689.3389378847
photometry_tables/flux_table_JWST_m+0.0_co0.5,36,0.0,0.5,1300.0,5.0,37.24,0.0987,False,575439.937337157,3733361.1171608143,2541557.853501718,2154765.433363463,1186314.9406116188,2443430.5526939724,4718456.982481569
photometry_tables/flux_table_JWST_m+0.0_co0.5,37,0.0,0.5,1400.0,5.0,38.39,0.1002,False,908447.8470267752,4883149.268098356,3690625.6858412093,3239664.2243484464,1835270.1456751022,3619928.562242391,5758375.744868389
photometry_tables/flux_table_JWST_m+0.0_co0.5,38,0.0,0.5,1500.0,5.0,39.65,0.1018,False,1348962.8825916536,6284923.560377514,5134521.775029667,4726068.368983389,2638153.1281652115,5407543.229455808,6956647.53528352
photometry_tables/flux_table_JWST_m+0.0_co0.5,39,0.0,0.5,1600.0,5.0,40.95,0.1035,False,1904144.9268403822,8040813.7012061365,6899220.098440474,6678824.013665395,3576844.005764753,7792916.089802481,8288959.162731061
photometry_tables/flux_table_JWST_m+0.0_co0.5,40,0.0,0.5,1700.0,5.0,42.37,0.1053,False,2610958.686585932,10339511.009823713,9118008.65274662,9174871.70297663,4701105.5267343065,10641430.182243159,9794899.85408699
photometry_tables/flux_table_JWST_m+0.0_co0.5,41,0.0,0.5,1800.0,5.0,43.88,0.1071,False,3538343.568147222,13338285.221741,11942630.620397741,12308354.609940128,6243095.811356092,14288939.58511103,11566447.741656456
photometry_tables/flux_table_JWST_m+0.0_co0.5,42,0.0,0.5,1900.0,5.0,45.59,0.1092,False,4818368.37818896,17242490.68341642,15531020.752328467,16080516.721862687,8133921.935671619,17959738.131969187,13623854.60030835
photometry_tables/flux_table_JWST_m+0.0_co0.5,43,0.0,0.5,2000.0,5.0,47.46,0.1114,False,6590221.323188563,22192181.72251271,20058571.459359497,20634787.461531963,10573043.037421837,21842382.09137567,16058316.006250074
photometry_tables/flux_table_JWST_m+0.0_co0.5,44,0.0,0.5,2100.0,5.0,49.52,0.1138,False,9051071.590275194,28379190.284415565,25745421.11926455,26115599.51261445,13645831.365889246,25804770.444360234,18919079.405854788
photometry_tables/flux_table_JWST_m+0.0_co0.5,45,0.0,0.5,2200.0,5.0,51.87,0.1165,False,12370863.074892703,35950091.49300237,32832201.16091993,32756689.193684727,17538805.01841761,30033088.786765594,22289483.245050605
photometry_tables/flux_table_JWST_m+0.0_co0.5,46,0.0,0.5,2300.0,5.0,54.64,0.1195,False,16776447.418366455,45175191.26763041,41677340.67976717,40878975.21111197,22521639.36956303,34881889.340732835,26302679.918953814
photometry_tables/flux_table_JWST_m+0.0_co0.5,47,0.0,0.5,2400.0,5.0,58.04,0.1232,False,22511270.159128796,56506707.13353118,52881041.49313063,51050499.99754062,29187708.48197144,40766178.33479448,31239206.93664115
