source_id,target,ra,dec,F090W_flux,F090W_error,F090W_coverage,F090W_status,F200W_flux,F200W_error,F200W_coverage,F200W_status,F444W_flux,F444W_error,F444W_coverage,F444W_status
928,GS-MEDIUM-HST,53.07464261529485,-27.849991522086896,,,0.0,4,,,0.0,4,5.437245982674959e-06,1.4797222692887264e-08,1.0,0
988,GS-MEDIUM-HST,53.06408806645552,-27.84589237646695,,,0.0,4,,,0.0,4,1.6154824467428053e-05,2.0465871388728134e-08,1.0,0
1046,GS-MEDIUM-HST,53.072522907485165,-27.822502013592384,,,0.0,4,,,0.0,4,1.0899905783235765e-05,1.826338584677385e-08,1.0,0
363,GS-MEDIUM-HST,53.06381822559238,-27.84322537310476,,,0.0,4,,,0.0,4,9.372699586376156e-05,1.9442811945335782e-07,1.0,0
1049,GS-MEDIUM-HST,53.07110422188223,-27.82281331145843,,,0.0,4,,,0.0,4,1.0392115320152204e-05,1.8469212202383524e-08,1.0,0
481,GS-MEDIUM-HST,53.07110833942171,-27.829159688093295,,,0.0,4,,,0.0,4,9.697370454153574e-05,2.0861949921046909e-07,1.0,0
1002,GS-MEDIUM-HST,53.07516396405664,-27.831488334015617,6.4730002555960066e-06,2.2753459949883383e-08,1.0,0,2.5070116094928324e-05,3.5694282525809075e-08,1.0,0,1.639325538295866e-05,2.0203627079182913e-08,1.0,0
852,GS-MEDIUM-HST,53.04831056695865,-27.830360874164924,,,0.0,4,,,0.0,4,7.635857343483768e-05,1.702742189533264e-07,1.0,0
1050,GS-MEDIUM-HST,53.06736913694161,-27.828337248456467,,,0.0,4,,,0.0,4,1.0683581467210899e-05,1.6664370977278287e-08,1.0,0
929,GS-MEDIUM-HST,53.07392188450071,-27.849399822290298,,,0.0,4,,,0.0,4,1.905881785355132e-06,1.0293041889581554e-08,1.0,0
1112,GS-MEDIUM-HST,53.0542651106567,-27.82959037694216,,,0.0,4,,,0.0,4,1.3234506847725608e-05,1.764549813799669e-08,1.0,0
938,GS-MEDIUM-HST,53.09368693163283,-27.826450913265408,2.2667903064681883e-07,7.640580375060781e-09,1.0,0,5.873319494807635e-06,1.5615567109754857e-08,1.0,0,9.805206647540615e-06,1.5710195689957856e-08,1.0,0
1051,GS-MEDIUM-HST,53.066586760031434,-27.82878779591577,,,0.0,4,,,0.0,4,9.6708122187921e-06,1.537837565621816e-08,1.0,0
1142,GS-MEDIUM-HST,53.05421652391476,-27.82300174641722,,,0.0,4,,,0.0,4,1.7596798833045843e-05,2.1018744576972234e-08,1.0,0
1140,GS-MEDIUM-HST,53.053358043009524,-27.82442095454963,,,0.0,4,,,0.0,4,1.2195711692503408e-05,1.6822431982770078e-08,1.0,0
985,GS-MEDIUM-HST,53.07446513426803,-27.835363832005086,,,0.0,4,,,0.0,4,3.1163646560286274e-05,4.61474884648264e-08,1.0,0
930,GS-MEDIUM-HST,53.07643755749667,-27.848740569939654,,,0.0,4,,,0.0,4,1.3635694707481443e-05,1.795930297187908e-08,1.0,0
1081,GS-MEDIUM-HST,53.05776258726345,-27.83079839582221,,,0.0,4,,,0.0,4,7.191061908567784e-06,1.3691724092806074e-08,1.0,0
330,GS-MEDIUM-HST,53.0727319291321,-27.834265268150013,,,0.0,4,,,0.0,4,6.636458772121656e-06,1.3577885771954805e-08,1.0,0
262,GS-MEDIUM-HST,53.07719133999792,-27.83281423158665,5.616256088877501e-06,2.0806378762929235e-08,1.0,0,1.746182713474839e-05,2.7472100943937995e-08,1.0,0,9.849589895131027e-06,1.5505241014378278e-08,1.0,0
203,GS-MEDIUM-HST,53.07801612966505,-27.836208708861083,,,0.0,4,,,0.0,4,3.315831237262856e-05,1.09187373974215e-07,1.0,0
69,GS-MEDIUM-HST,53.08203518617617,-27.839945265044722,,,0.0,4,,,0.0,4,2.5567889155055596e-06,9.73023637241668e-09,1.0,0
1093,GS-MEDIUM-HST,53.05621245406113,-27.83143002961877,,,0.0,4,,,0.0,4,9.690045043633329e-06,1.4812074365037206e-08,1.0,0
685,GS-MEDIUM-HST,53.067283275001856,-27.819973842740975,,,0.0,4,,,0.0,4,2.8606729620647045e-05,1.007824116691775e-07,1.0,0
923,GS-MEDIUM-HST,53.09399416290238,-27.83058034537781,1.645030498231326e-06,1.1352786319207743e-08,1.0,0,1.089191921335739e-05,2.284796380732366e-08,1.0,0,1.019521721063831e-05,1.4390185804697196e-08,1.0,0
1106,GS-MEDIUM-HST,53.06679326247117,-27.8166656468831,,,0.0,4,,,0.0,4,1.0941889000264296e-05,1.6100312335493047e-08,1.0,0
1040,GS-MEDIUM-HST,53.06242521753841,-27.83490688571326,,,0.0,4,,,0.0,4,2.101247872331156e-06,9.010273252936489e-09,1.0,0
1025,GS-MEDIUM-HST,53.077940021046494,-27.822224260790257,2.9990905372218256e-07,8.00967996062277e-09,1.0,0,,,0.0,4,1.0618372898801907e-05,1.5265994125196493e-08,1.0,0
361,GS-MEDIUM-HST,53.085363314826104,-27.819126809568598,-1.4111202627680165e-08,5.657817882561235e-09,1.0,0,2.163187982306272e-09,3.995446343696523e-09,1.0,0,2.6841017566216832e-05,9.353170629985006e-08,1.0,0
33,GS-MEDIUM-HST,53.07206325842315,-27.853714633471995,,,0.0,4,,,0.0,4,5.46267609654501e-06,1.1925122314352338e-08,1.0,0
1095,GS-MEDIUM-HST,53.054895134917565,-27.832638742110728,,,0.0,4,,,0.0,4,-3.628914101551113e-06,5.665283334377718e-08,1.0,0
1055,GS-MEDIUM-HST,53.059037874818884,-27.837560918060355,,,0.0,4,,,0.0,4,2.9721510760076607e-06,9.344665200538029e-09,1.0,0
1029,GS-MEDIUM-HST,53.067868392445334,-27.83215141552828,,,0.0,4,,,0.0,4,8.534527256412425e-06,1.5098639588907127e-08,1.0,0
1069,GS-MEDIUM-HST,53.057903700174,-27.833577218768568,,,0.0,4,,,0.0,4,5.2248936665045405e-06,1.1448441298165889e-08,1.0,0
87,GS-MEDIUM-HST,53.0742727720502,-27.848066852868932,,,0.0,4,,,0.0,4,8.657562578686187e-06,1.3250483608523454e-08,1.0,0
192,GS-MEDIUM-HST,53.071734037879345,-27.843701506253336,,,0.0,4,,,0.0,4,6.321789067813954e-06,1.1979128365721709e-08,1.0,0
837,GS-MEDIUM-HST,53.064414619583566,-27.81305086399417,,,0.0,4,,,0.0,4,1.826922848322509e-05,3.9151209225334284e-08,1.0,0
833,GS-MEDIUM-HST,53.051908821141346,-27.82759310485022,,,0.0,4,,,0.0,4,1.8156624167885756e-05,7.91567036660968e-08,1.0,0
978,GS-MEDIUM-HST,53.07049629999974,-27.842255443191448,,,0.0,4,,,0.0,4,1.3139922256467378e-05,2.0697542091045445e-08,1.0,0
1129,GS-MEDIUM-HST,53.04771929803664,-27.834986749345745,,,0.0,4,,,0.0,4,7.518107367985288e-06,1.2599663063821756e-08,1.0,0
832,GS-MEDIUM-HST,53.046857687331894,-27.83313050244178,,,0.0,4,,,0.0,4,7.12623817951187e-06,1.2353613089858493e-08,1.0,0
337,GS-MEDIUM-HST,53.068856127663594,-27.839082500002156,,,0.0,4,,,0.0,4,1.4608314290167069e-05,3.347691885972561e-08,1.0,0
1087,GS-MEDIUM-HST,53.05949785141759,-27.829130922065076,,,0.0,4,,,0.0,4,2.376014625376808e-06,8.441765919021209e-09,1.0,0
594,GS-MEDIUM-HST,53.07373227463893,-27.818566203716642,,,0.0,4,,,0.0,4,1.2891606326622674e-05,3.100010788603274e-08,1.0,0
522,GS-MEDIUM-HST,53.08029101629563,-27.81567025819917,,,0.0,4,,,0.0,4,5.2558671448570705e-06,1.0421122610856258e-08,1.0,0
110,GS-MEDIUM-HST,53.087942272033104,-27.830915190485296,3.32471016381451e-07,8.053295540486943e-09,1.0,0,1.3198447135120746e-06,8.11661475780352e-09,1.0,0,1.5177202495564938e-06,7.338936757597019e-09,1.0,0
1098,GS-MEDIUM-HST,53.06219578539405,-27.822604223940107,,,0.0,4,,,0.0,4,8.871693004691017e-06,1.4087808106743582e-08,1.0,0
874,GS-MEDIUM-HST,53.05208018294164,-27.824199792689637,,,0.0,4,,,0.0,4,1.1410240371453847e-05,6.006904358593789e-08,1.0,0
759,GS-MEDIUM-HST,53.0576329919046,-27.825305353941328,,,0.0,4,,,0.0,4,3.726932448830631e-06,9.75710986729788e-09,1.0,0
955,GS-MEDIUM-HST,53.07145957692435,-27.85034213300013,,,0.0,4,,,0.0,4,6.312738084912236e-06,9.646489668931309e-08,1.0,0
375,GS-MEDIUM-HST,53.063790473331764,-27.842271554475015,,,0.0,4,,,0.0,4,2.6636876414847205e-06,8.720856380661491e-09,1.0,0
716,GS-MEDIUM-HST,53.05500299247743,-27.831128137932115,,,0.0,4,,,0.0,4,4.0291137625347555e-06,1.0185755302532927e-08,1.0,0
1130,GS-MEDIUM-HST,53.04744225276886,-27.834361030226045,,,0.0,4,,,0.0,4,5.062162447153707e-06,1.047097784123672e-08,1.0,0
614,GS-MEDIUM-HST,53.07205063275886,-27.819010617586596,,,0.0,4,,,0.0,4,3.794740232758057e-06,9.678445375300187e-09,1.0,0
828,GS-MEDIUM-HST,53.058941442897876,-27.81961666264307,,,0.0,4,,,0.0,4,2.5069712434493928e-06,9.200374780395504e-09,1.0,0
992,GS-MEDIUM-HST,53.063875295188126,-27.843778151563015,,,0.0,4,,,0.0,4,2.7130167630187885e-06,8.728278438820165e-09,1.0,0
1119,GS-MEDIUM-HST,53.05703038891934,-27.82627898955281,,,0.0,4,,,0.0,4,3.5310082467388864e-07,5.425055188536294e-09,1.0,0
1044,GS-MEDIUM-HST,53.0707418434331,-27.82511248506308,,,0.0,4,,,0.0,4,5.070823109286856e-07,5.633443436235438e-09,1.0,0
771,GS-MEDIUM-HST,53.050189130131685,-27.833252735796542,,,0.0,4,,,0.0,4,3.4676283228102858e-06,9.329331600572601e-09,1.0,0
715,GS-MEDIUM-HST,53.069338031097274,-27.815554113038836,,,0.0,4,,,0.0,4,9.287053791010116e-06,5.8395362428331364e-08,1.0,0
991,GS-MEDIUM-HST,53.06367789243774,-27.84430214819077,,,0.0,4,,,0.0,4,1.9134134635391284e-06,7.585968674010785e-09,1.0,0
121,GS-MEDIUM-HST,53.08992548581534,-27.828314069537964,3.677733325692e-07,7.194710993674837e-09,1.0,0,1.6038102573507723e-06,8.308861182744262e-09,1.0,0,2.3081380227107666e-06,8.296753201355523e-09,1.0,0
505,GS-MEDIUM-HST,53.06622658767588,-27.833156052228976,,,0.0,4,,,0.0,4,8.646546557323134e-06,3.27713313665708e-08,1.0,0
109,GS-MEDIUM-HST,53.07080863106255,-27.850741110832924,,,0.0,4,,,0.0,4,4.243871487044475e-06,9.555009447508728e-09,1.0,0
331,GS-MEDIUM-HST,53.06163626808641,-27.847175987737444,,,0.0,4,,,0.0,4,6.4862550329489805e-06,1.1247099641846511e-08,1.0,0
1037,GS-MEDIUM-HST,53.05608715704965,-27.8428553957041,,,0.0,4,,,0.0,4,9.980980905907492e-07,6.3657199500365455e-09,1.0,0
1127,GS-MEDIUM-HST,53.047754555742415,-27.83526813852949,,,0.0,4,,,0.0,4,1.333870398287854e-06,6.868208588982563e-09,1.0,0
494,GS-MEDIUM-HST,53.07416696549407,-27.82404931932074,,,0.0,4,,,0.0,4,3.904853876569066e-07,5.684026481634879e-09,1.0,0
1031,GS-MEDIUM-HST,53.067661736440755,-27.831768774986823,,,0.0,4,,,0.0,4,4.041015727145028e-06,1.014625350991647e-08,1.0,0
954,GS-MEDIUM-HST,53.07158895456955,-27.85032208979778,,,0.0,4,,,0.0,4,1.5771731900287856e-06,5.8261698298138576e-08,1.0,0
651,GS-MEDIUM-HST,53.07022545047353,-27.818929207298318,,,0.0,4,,,0.0,4,3.785099988576907e-06,1.0106702628343187e-08,1.0,0
1077,GS-MEDIUM-HST,53.05327333561067,-27.836968943197906,,,0.0,4,,,0.0,4,1.8154736906814497e-06,7.510763559745538e-09,1.0,0
82,GS-MEDIUM-HST,53.07958922540049,-27.84247741637435,,,0.0,4,,,0.0,4,1.304966914565052e-06,6.618966517344305e-09,1.0,0
1026,GS-MEDIUM-HST,53.07780182222437,-27.82241662176345,5.663545989304422e-08,6.6826978495026765e-09,1.0,0,,,0.0,4,1.4875939145085888e-06,7.3548031309768035e-09,1.0,0
1011,GS-MEDIUM-HST,53.06990891655152,-27.835560595207554,,,0.0,4,,,0.0,4,2.571496364859409e-06,8.822731704231649e-09,1.0,0
1096,GS-MEDIUM-HST,53.054792351452555,-27.83252369920134,,,0.0,4,,,0.0,4,3.2470842620064227e-06,4.7728416945645955e-08,1.0,0
867,GS-MEDIUM-HST,53.06463063202256,-27.81051099208736,,,0.0,4,,,0.0,4,6.156033239447183e-06,2.136957345198178e-08,1.0,0
540,GS-MEDIUM-HST,53.05566854223277,-27.842164004838047,,,0.0,4,,,0.0,4,2.76038535791103e-06,8.448212948725938e-09,1.0,0
107,GS-MEDIUM-HST,53.08517616118868,-27.834922970743794,-8.286602097084492e-09,5.440477845070694e-09,1.0,0,3.6667783322255466e-09,3.792355580929554e-09,1.0,0,6.033885465138655e-06,1.960377016962981e-08,1.0,0
98,GS-MEDIUM-HST,53.09237566987862,-27.826863361019758,-1.5023408260536704e-10,5.679046892802132e-09,1.0,0,1.2683126156974837e-07,4.772969943705685e-09,1.0,0,1.6334772371029156e-06,6.814362867085232e-09,1.0,0
135,GS-MEDIUM-HST,53.08329299281429,-27.834846118138003,6.528564489395189e-07,8.115583640688559e-09,1.0,0,2.063649897574591e-06,9.026427145916862e-09,1.0,0,1.3091416584892412e-06,6.446137425835104e-09,1.0,0
1064,GS-MEDIUM-HST,53.063023325091066,-27.83108309723463,,,0.0,4,,,0.0,4,1.02890067619935e-06,6.3117771356444755e-09,1.0,0
362,GS-MEDIUM-HST,53.07335319855931,-27.832440917211702,,,0.0,1,1.6590831152136833e-06,7.915325494326171e-09,1.0,0,2.2627525800007925e-06,8.26530590962577e-09,1.0,0
885,GS-MEDIUM-HST,53.062379366411506,-27.81138380051673,,,0.0,4,,,0.0,4,1.2071174513890115e-06,6.408762256046579e-09,1.0,0
736,GS-MEDIUM-HST,53.059297439746565,-27.824925447728695,,,0.0,4,,,0.0,4,4.437373198867354e-06,1.0174785824150798e-08,1.0,0
1017,GS-MEDIUM-HST,53.07655234869665,-27.82711884983853,1.2794391921000006e-06,9.682728512931755e-09,1.0,0,3.981737328847922e-06,1.1564720084352916e-08,1.0,0,2.647875241646001e-06,8.96801157171952e-09,1.0,0
972,GS-MEDIUM-HST,53.08637261126732,-27.825789203018168,5.970955369616122e-07,7.764618013061062e-09,1.0,0,2.925188220102661e-06,9.968720212785931e-09,1.0,0,3.4855127340843642e-06,8.848590155123282e-09,1.0,0
781,GS-MEDIUM-HST,53.04904455193517,-27.833322179927887,,,0.0,4,,,0.0,4,1.2842254436869617e-06,6.453465711721231e-09,1.0,0
387,GS-MEDIUM-HST,53.068123021700806,-27.83711522253624,,,0.0,4,,,0.0,4,1.6342964069797834e-06,7.428293667675377e-09,1.0,0
939,GS-MEDIUM-HST,53.093919988954255,-27.82579896851752,5.2554824608317576e-08,6.044827302798924e-09,1.0,0,9.829838033088737e-07,6.657069401417365e-09,1.0,0,1.8688698204391385e-06,6.993027643424756e-09,1.0,0
900,GS-MEDIUM-HST,53.0461275606462,-27.828891839767937,,,0.0,4,,,0.0,4,9.26823934979809e-07,6.146971077445359e-09,1.0,0
826,GS-MEDIUM-HST,53.05235561795611,-27.827355499197356,,,0.0,4,,,0.0,4,2.2825858475573057e-06,7.655035964927198e-09,1.0,0
1012,GS-MEDIUM-HST,53.06959644936721,-27.83581124206989,,,0.0,4,,,0.0,4,3.7717551656686024e-06,9.53776208198265e-09,1.0,0
546,GS-MEDIUM-HST,53.0656930966192,-27.83061728183736,,,0.0,4,,,0.0,4,1.5441982210301963e-06,7.058615379113189e-09,1.0,0
1061,GS-MEDIUM-HST,53.068909368321805,-27.8263198726793,,,0.0,4,,,0.0,4,8.003147783564432e-07,6.335138661281504e-09,1.0,0
76,GS-MEDIUM-HST,53.0750281686136,-27.848015224372286,,,0.0,4,,,0.0,4,1.6051278554545643e-06,6.8424147860880935e-09,1.0,0
1015,GS-MEDIUM-HST,53.07060885834776,-27.834586031017853,,,0.0,4,,,0.0,4,1.4143600136488345e-06,7.1072375313093255e-09,0.9230769230769231,5
346,GS-MEDIUM-HST,53.08096637737665,-27.824577677131714,1.9794828047444714e-07,6.4438393991714775e-09,1.0,0,9.158972338389671e-07,6.585421269893071e-09,1.0,0,1.5108155829917555e-06,6.790310906851189e-09,1.0,0
1131,GS-MEDIUM-HST,53.04714532074444,-27.834423477158914,,,0.0,4,,,0.0,4,4.452958983629887e-06,2.044787364423229e-08,1.0,0
256,GS-MEDIUM-HST,53.0649853910324,-27.847402084209378,,,0.0,4,,,0.0,4,1.2007259522679353e-06,6.206941063776157e-09,1.0,0
1034,GS-MEDIUM-HST,53.077234683699494,-27.820582186804167,,,0.0,4,,,0.0,4,1.0142428032992073e-06,6.094118063948272e-09,1.0,0
721,GS-MEDIUM-HST,53.06840432290538,-27.81581355532394,,,0.0,4,,,0.0,4,4.127832199664722e-06,1.715447563321722e-08,1.0,0
623,GS-MEDIUM-HST,53.065283776658774,-27.82604552478155,,,0.0,4,,,0.0,4,8.59323072717038e-07,6.224347488841276e-09,1.0,0
1054,GS-MEDIUM-HST,53.059001979026625,-27.838020154809534,,,0.0,4,,,0.0,4,7.92413182210044e-07,6.160763207772786e-09,1.0,0
1057,GS-MEDIUM-HST,53.07678353966778,-27.81753644638679,,,0.0,4,,,0.0,4,1.4222435169103595e-06,6.5467095822486915e-09,1.0,0
586,GS-MEDIUM-HST,53.07188180003181,-27.820774976791856,,,0.0,4,,,0.0,4,1.6095636753117404e-06,7.284946570363818e-09,1.0,0
994,GS-MEDIUM-HST,53.075844639192944,-27.83318498890854,-1.6671739103325754e-09,5.461499765722789e-09,1.0,0,-1.1267057007725557e-08,3.7837164033403984e-09,1.0,0,3.97535054706053e-06,3.343308895319167e-08,1.0,0
814,GS-MEDIUM-HST,53.06054143318813,-27.8186342158443,,,0.0,4,,,0.0,4,6.740741805523726e-07,5.366881417638904e-09,1.0,0
697,GS-MEDIUM-HST,53.058888873842356,-27.82849305405944,,,0.0,4,,,0.0,4,1.3732996334961208e-06,6.5598011222456205e-09,1.0,0
369,GS-MEDIUM-HST,53.07303168203024,-27.832576031758883,,,0.0,4,,,0.0,2,3.7137726530807364e-06,1.8189675255671566e-08,1.0,0
654,GS-MEDIUM-HST,53.05966928358944,-27.830745638778865,,,0.0,4,,,0.0,4,1.6457266768857082e-06,7.206100261351365e-09,1.0,0
1038,GS-MEDIUM-HST,53.06600558382988,-27.83179822521331,,,0.0,4,,,0.0,4,1.2370302614980433e-06,6.662886096044379e-09,1.0,0
737,GS-MEDIUM-HST,53.06395643089446,-27.819793392540756,,,0.0,4,,,0.0,4,3.524500310173326e-06,1.726027107113897e-08,1.0,0
420,GS-MEDIUM-HST,53.07633818072799,-27.8264799497528,5.5007059083046426e-06,2.8451359153562186e-08,1.0,0,8.00546559397816e-06,2.0006739074293532e-08,1.0,0,2.7625680153030376e-06,8.522133466953334e-09,1.0,0
1114,GS-MEDIUM-HST,53.05413788590199,-27.829125793120873,,,0.0,4,,,0.0,4,5.944633156530881e-08,4.749943628139613e-09,1.0,0
415,GS-MEDIUM-HST,53.071071614668064,-27.832557184362503,,,0.0,4,,,0.0,4,9.401619763688593e-07,6.200284779745887e-09,1.0,0
241,GS-MEDIUM-HST,53.07218661912379,-27.840351828122802,,,0.0,4,,,0.0,4,9.717102630009182e-07,5.921395201853388e-09,1.0,0
454,GS-MEDIUM-HST,53.07154581878137,-27.83008204021544,1.077478757737419e-06,9.459417510056708e-09,1.0,0,,,0.0,4,6.985589368316275e-07,6.161424743181666e-09,1.0,0
968,GS-MEDIUM-HST,53.082736124487276,-27.83177550137999,1.220373776977664e-07,6.4514155951361394e-09,1.0,0,4.6562103927359966e-07,5.691431374991409e-09,1.0,0,5.795046869480022e-07,5.224223127403295e-09,1.0,0
767,GS-MEDIUM-HST,53.06192846707328,-27.820258380342427,,,0.0,4,,,0.0,4,1.457848926681638e-06,6.767904683371763e-09,1.0,0
946,GS-MEDIUM-HST,53.074602757447664,-27.84732678631355,,,0.0,4,,,0.0,4,1.1944814830259247e-06,5.9833375476027336e-09,1.0,0
659,GS-MEDIUM-HST,53.052091398281306,-27.839129514865242,,,0.0,4,,,0.0,4,4.602810155697048e-07,4.982473965146154e-09,1.0,0
138,GS-MEDIUM-HST,53.090416975142354,-27.826949511385802,5.551919292954425e-09,5.97627090615734e-09,1.0,0,1.467593686570745e-09,4.138385638837986e-09,1.0,0,2.957420425541605e-06,1.6244140034392676e-08,1.0,0
1094,GS-MEDIUM-HST,53.056121893498194,-27.8311273743119,,,0.0,4,,,0.0,4,1.1128113057878865e-06,6.189115018734485e-09,1.0,0
642,GS-MEDIUM-HST,53.05359955956545,-27.838552651314018,,,0.0,4,,,0.0,4,1.166289418185927e-06,6.140188317758235e-09,1.0,0
990,GS-MEDIUM-HST,53.06381429412729,-27.844689705715563,,,0.0,4,,,0.0,4,2.730197776483763e-07,4.799145224550919e-09,1.0,0
193,GS-MEDIUM-HST,53.0702703885891,-27.845598783499167,,,0.0,4,,,0.0,4,1.658001515838081e-06,6.676936481658568e-09,1.0,0
806,GS-MEDIUM-HST,53.059007748366454,-27.821096283184673,,,0.0,4,,,0.0,4,1.1081087615694797e-06,6.074347766307348e-09,1.0,0
466,GS-MEDIUM-HST,53.0812044177969,-27.8186730752079,3.668645967313671e-07,7.313096117291231e-09,1.0,0,,,0.0,4,8.428362074001612e-07,5.655798644802545e-09,1.0,0
510,GS-MEDIUM-HST,53.068740426877085,-27.829321187447672,,,0.0,4,,,0.0,4,4.4348816403043026e-07,5.14939811275017e-09,1.0,0
956,GS-MEDIUM-HST,53.08394588032128,-27.835923789127406,3.8444523400405263e-07,7.86651663163858e-09,1.0,0,5.404224240411085e-07,6.341008853611461e-09,1.0,0,1.8363541619617097e-07,4.621388991035874e-09,1.0,0
456,GS-MEDIUM-HST,53.073240035787215,-27.82814325446737,2.7224233775719073e-06,1.3031244338600631e-08,1.0,0,,,0.0,4,1.3171421667047125e-06,6.623321739984816e-09,1.0,0
247,GS-MEDIUM-HST,53.08370123847749,-27.82714777624029,4.170886357950361e-08,6.053873923535788e-09,1.0,0,3.041939746178259e-07,4.972978088682992e-09,1.0,0,6.421060260600183e-07,5.946110953307343e-09,1.0,0
49,GS-MEDIUM-HST,53.09510120108861,-27.82627247436737,3.315858804760038e-07,7.305300545897488e-09,1.0,0,6.176571765293401e-07,6.0667015245947545e-09,1.0,0,3.38351780986084e-07,4.939872050949405e-09,1.0,0
564,GS-MEDIUM-HST,53.05498206884846,-27.84180601691254,,,0.0,4,,,0.0,4,4.7083096586949467e-07,5.327552265992377e-09,1.0,0
356,GS-MEDIUM-HST,53.08102933445631,-27.823908190067833,6.297584869780318e-07,8.167909076121153e-09,1.0,0,1.4303449746205833e-06,7.626948000728013e-09,1.0,0,8.665545058437417e-07,5.8725474638995075e-09,1.0,0
925,GS-MEDIUM-HST,53.09329683076565,-27.830343489437027,5.647725226113175e-07,7.800772549200448e-09,1.0,0,1.0836556443107913e-06,7.0991090435273e-09,1.0,0,1.1439985200775235e-06,5.825364440073372e-09,1.0,0
841,GS-MEDIUM-HST,53.0607336731784,-27.816816176380488,,,0.0,4,,,0.0,4,2.2138255896770583e-06,3.325095266290028e-08,1.0,0
1032,GS-MEDIUM-HST,53.078410859199984,-27.819533238777996,,,0.0,4,,,0.0,4,5.289140873402353e-07,5.008297618229831e-09,1.0,0
1080,GS-MEDIUM-HST,53.057929224515625,-27.831062653359318,,,0.0,4,,,0.0,4,5.2975242284629613e-08,4.785773524921024e-09,1.0,0
348,GS-MEDIUM-HST,53.06281687453451,-27.845078505616506,,,0.0,4,,,0.0,4,8.320653501686821e-07,5.86885392222712e-09,1.0,0
140,GS-MEDIUM-HST,53.07731644251926,-27.84126693466246,,,0.0,4,,,0.0,4,6.530449339998306e-07,5.406598305549499e-09,1.0,0
743,GS-MEDIUM-HST,53.06819349862662,-27.814469941151412,,,0.0,4,,,0.0,4,1.830905250096981e-06,6.880761874608127e-09,1.0,0
1122,GS-MEDIUM-HST,53.05961934729303,-27.822480225340588,,,0.0,4,,,0.0,4,3.4814908832437574e-07,5.2691559429379025e-09,1.0,0
1141,GS-MEDIUM-HST,53.05387459585958,-27.824294884297558,,,0.0,4,,,0.0,4,7.294730558063143e-07,5.4636457554370885e-09,1.0,0
1097,GS-MEDIUM-HST,53.062516102586756,-27.822567759284112,,,0.0,4,,,0.0,4,1.988531198728268e-07,5.012045338417279e-09,1.0,0
541,GS-MEDIUM-HST,53.074301420434495,-27.821165986780223,,,0.0,4,,,0.0,4,1.142455531320604e-06,6.4490093432327015e-09,1.0,0
739,GS-MEDIUM-HST,53.05317519069367,-27.831780752260332,,,0.0,4,,,0.0,4,9.362620063186804e-07,5.775585225373085e-09,1.0,0
935,GS-MEDIUM-HST,53.07105306715792,-27.853758956867505,,,0.0,4,,,0.0,4,2.7428912913406797e-07,4.69222411413956e-09,1.0,0
855,GS-MEDIUM-HST,53.050512626308944,-27.827486255382727,,,0.0,4,,,0.0,4,3.578736324202339e-07,4.840114971277069e-09,1.0,0
1091,GS-MEDIUM-HST,53.056175932959654,-27.83226659205051,,,0.0,4,,,0.0,4,5.222450133042896e-07,5.174434657571476e-09,1.0,0
1144,GS-MEDIUM-HST,53.06047821735396,-27.81363523830737,,,0.0,4,,,0.0,4,6.941760933782607e-07,5.343497095272873e-09,1.0,0
1134,GS-MEDIUM-HST,53.067980845977345,-27.810527021856213,,,0.0,4,,,0.0,4,1.3175456228567306e-06,6.322430027152142e-09,1.0,0
1102,GS-MEDIUM-HST,53.072871238804815,-27.810695457775658,,,0.0,4,,,0.0,4,2.0991876438303458e-07,4.301890271013137e-09,1.0,0
949,GS-MEDIUM-HST,53.07222548341528,-27.84983052507035,,,0.0,4,,,0.0,4,7.732035401510031e-07,5.314108494139545e-09,1.0,0
1058,GS-MEDIUM-HST,53.07649863930198,-27.81770173741801,,,0.0,4,,,0.0,4,2.640976169496159e-07,4.620482220220885e-09,1.0,0
682,GS-MEDIUM-HST,53.07167492157785,-27.814936277211757,,,0.0,4,,,0.0,4,9.518383319099937e-07,5.979225305000198e-09,1.0,0
276,GS-MEDIUM-HST,53.07829008664724,-27.83100208206431,2.4787463475800733e-07,6.510351428637373e-09,1.0,0,4.6212783482873937e-07,5.241994898991267e-09,1.0,0,4.523185252561608e-07,5.108915792438923e-09,1.0,0
24,GS-MEDIUM-HST,53.085452996556505,-27.839954435820175,2.8989145254742613e-08,5.648110127275153e-09,1.0,0,1.9344207305566567e-07,4.659932762280501e-09,1.0,0,5.171984785588212e-07,4.88399415819795e-09,1.0,0
480,GS-MEDIUM-HST,53.079215821633994,-27.819869672578665,,,0.0,4,,,0.0,4,8.038522963748066e-07,5.402590665832831e-09,1.0,0
839,GS-MEDIUM-HST,53.05704805756125,-27.820957464469075,,,0.0,4,,,0.0,4,2.801021447933181e-07,4.5885664412522066e-09,1.0,0
310,GS-MEDIUM-HST,53.07353894776081,-27.834622584893584,,,0.0,4,,,0.0,4,6.04826408985158e-07,5.4809936562601716e-09,1.0,0
147,GS-MEDIUM-HST,53.0689514326418,-27.85057724561765,,,0.0,4,,,0.0,4,1.4403240929384726e-06,6.3779253733504785e-09,1.0,0
405,GS-MEDIUM-HST,53.066920231791634,-27.837815100657966,,,0.0,4,,,0.0,4,1.0403881142937156e-06,5.9027179157392e-09,1.0,0
459,GS-MEDIUM-HST,53.074148113565535,-27.82728065145359,-8.118293842818756e-09,5.4649712074195135e-09,1.0,0,,,0.0,4,1.6407248008254463e-06,1.463525466298002e-08,1.0,0
1110,GS-MEDIUM-HST,53.06346674429453,-27.819780227143198,,,0.0,4,,,0.0,4,6.178167851123738e-07,5.172382750090145e-09,1.0,0
1115,GS-MEDIUM-HST,53.053194631906315,-27.829782443074127,,,0.0,4,,,0.0,4,3.2291240151584365e-07,5.109520480278975e-09,1.0,0
1016,GS-MEDIUM-HST,53.07065551198936,-27.83441889111382,,,0.0,4,,,0.0,4,5.727373299800661e-07,5.967127645372948e-09,0.8846153846153846,5
1047,GS-MEDIUM-HST,53.071446404374285,-27.82370023086223,,,0.0,4,,,0.0,4,7.950979398222948e-07,6.159708581222142e-09,1.0,0
210,GS-MEDIUM-HST,53.08769815899454,-27.82474343213678,6.985036192765995e-07,8.349009187233182e-09,1.0,0,1.3788948378015514e-06,7.268581077629022e-09,1.0,0,8.25414787460107e-07,5.402043670270988e-09,1.0,0
999,GS-MEDIUM-HST,53.07882182242418,-27.82833841285601,2.804177839368728e-07,6.686040072791423e-09,1.0,0,6.463688582189715e-07,5.984661203092928e-09,1.0,0,7.628162771702149e-07,6.508210825641315e-09,1.0,0
842,GS-MEDIUM-HST,53.056407414343674,-27.82146818045501,,,0.0,4,,,0.0,4,6.309113741692814e-07,5.167485585974755e-09,1.0,0
848,GS-MEDIUM-HST,53.04687798008922,-27.832004343614877,,,0.0,4,,,0.0,4,9.160806164483268e-07,5.661298981396946e-09,1.0,0
48,GS-MEDIUM-HST,53.08145947449225,-27.84204085421016,,,0.0,4,,,0.0,4,9.084503918700406e-07,5.340519478179419e-09,1.0,0
1149,GS-MEDIUM-HST,53.06360213469906,-27.808355184899753,,,0.0,4,,,0.0,4,3.4227918360807417e-07,4.743232652930758e-09,1.0,0
220,GS-MEDIUM-HST,53.08523242968856,-27.82671257287566,2.571097826526467e-07,6.4712501725427545e-09,1.0,0,7.705182871313371e-07,5.918860930312125e-09,1.0,0,9.01156661265326e-07,5.709388114404063e-09,1.0,0
766,GS-MEDIUM-HST,53.061363904830145,-27.821011899115398,,,0.0,4,,,0.0,4,4.848643262093652e-07,4.9909623137198255e-09,1.0,0
209,GS-MEDIUM-HST,53.06630748993969,-27.849120885346665,,,0.0,4,,,0.0,4,8.613571507635228e-07,5.4809320247458105e-09,1.0,0
1010,GS-MEDIUM-HST,53.07026325267568,-27.83548086609539,,,0.0,4,,,0.0,4,4.583033909129397e-07,5.1373532143692034e-09,1.0,0
824,GS-MEDIUM-HST,53.05701755281103,-27.822303378779917,,,0.0,4,,,0.0,4,9.057008414671963e-07,5.976938444681676e-09,1.0,0
758,GS-MEDIUM-HST,53.06938255872862,-27.812194990684386,,,0.0,4,,,0.0,4,6.865469803834424e-07,5.358441057534015e-09,1.0,0
819,GS-MEDIUM-HST,53.05401049552924,-27.82581853529991,,,0.0,4,,,0.0,4,3.735608342421193e-07,4.752998246150997e-09,1.0,0
208,GS-MEDIUM-HST,53.07346645624473,-27.84081625666961,,,0.0,4,,,0.0,4,3.8174461476984933e-07,5.112104688003251e-09,1.0,0
1009,GS-MEDIUM-HST,53.070313298717906,-27.83579252306675,,,0.0,4,,,0.0,4,8.781452809531623e-07,5.8362234830399455e-09,1.0,0
717,GS-MEDIUM-HST,53.055890739196606,-27.83009474668081,,,0.0,4,,,0.0,4,2.1135954918271312e-07,4.53943965655287e-09,1.0,0
1083,GS-MEDIUM-HST,53.063891765700475,-27.824345134231052,,,0.0,4,,,0.0,4,1.0456104773619532e-07,4.741328259087573e-09,1.0,0
190,GS-MEDIUM-HST,53.08864315771615,-27.824924434953292,2.862679036829922e-07,6.9001936515025035e-09,1.0,0,4.5981744530582293e-07,5.716653535522331e-09,1.0,0,2.656503570946514e-07,4.973405273140626e-09,1.0,0
293,GS-MEDIUM-HST,53.074252269810195,-27.83473006702175,,,0.0,4,,,0.0,4,4.509202319156578e-07,5.294902550148318e-09,1.0,0
44,GS-MEDIUM-HST,53.09530768626957,-27.826729330366586,-6.898503130263245e-10,5.6012451884719994e-09,1.0,0,-1.3749055986654109e-09,4.03833888357364e-09,1.0,0,-5.561860765357286e-07,4.78652774487132e-08,1.0,0
779,GS-MEDIUM-HST,53.06081811738914,-27.82047091940362,,,0.0,4,,,0.0,4,2.641106583661265e-07,4.621365599362176e-09,1.0,0
391,GS-MEDIUM-HST,53.07884986275208,-27.824889245904842,5.558157815359247e-07,7.854382803839837e-09,1.0,0,7.310644228490162e-07,6.6297857004634825e-09,1.0,0,2.809298756110643e-07,4.773429362670472e-09,1.0,0
311,GS-MEDIUM-HST,53.07654528984517,-27.831189592293025,1.8458362078792167e-07,6.465750352817383e-09,1.0,0,2.9170583241734285e-07,4.875687761996076e-09,1.0,0,2.6348407746925715e-07,4.869286255865126e-09,1.0,0
1146,GS-MEDIUM-HST,53.064571880628975,-27.807437457670698,,,0.0,4,,,0.0,4,2.460654690569115e-07,4.5614179521694014e-09,1.0,0
235,GS-MEDIUM-HST,53.06912667572555,-27.844116676351465,,,0.0,4,,,0.0,4,1.7252939495152197e-07,4.344887879071979e-09,0.9655172413793104,5
1128,GS-MEDIUM-HST,53.04750676503777,-27.83546198779609,,,0.0,4,,,0.0,4,5.481570144676574e-07,5.176882715669586e-09,1.0,0
215,GS-MEDIUM-HST,53.08818882573681,-27.823902424633168,4.309755623160215e-07,7.245331879795496e-09,1.0,0,8.284415870688509e-07,6.198928830525452e-09,1.0,0,8.438711961990705e-07,5.664337400321372e-09,1.0,0
916,GS-MEDIUM-HST,53.06238902146696,-27.80954873227268,,,0.0,4,,,0.0,4,3.102177676936902e-07,4.89171538237856e-09,1.0,0
1145,GS-MEDIUM-HST,53.06023727860297,-27.813572471032685,,,0.0,4,,,0.0,4,1.2864359306564095e-07,4.2142981642327985e-09,1.0,0
660,GS-MEDIUM-HST,53.07536386262345,-27.81277864688814,,,0.0,4,,,0.0,4,9.744636314042378e-07,5.760525562333128e-09,1.0,0
485,GS-MEDIUM-HST,53.07784282976558,-27.821092425380908,,,0.0,4,,,0.0,4,5.077004200898852e-07,4.960927123518915e-09,1.0,0
690,GS-MEDIUM-HST,53.057046258177174,-27.831235385745448,,,0.0,4,,,0.0,4,5.197200740213304e-07,5.129912518508627e-09,1.0,0
1001,GS-MEDIUM-HST,53.07581474515352,-27.831492400470932,1.3438664866441107e-07,6.3297263086793935e-09,1.0,0,3.513068902594588e-07,5.338996903331273e-09,1.0,0,3.4172630930620694e-07,4.938173147059966e-09,1.0,0
326,GS-MEDIUM-HST,53.08513717932222,-27.820692767919414,1.0064768925479988e-06,9.552781427188721e-09,1.0,0,1.2024267997524226e-06,7.241380954659494e-09,1.0,0,3.770359062731689e-07,4.595918998297322e-09,1.0,0
989,GS-MEDIUM-HST,53.06370424641028,-27.84491239924237,,,0.0,4,,,0.0,4,8.073671115372577e-08,4.378918601540519e-09,1.0,0
92,GS-MEDIUM-HST,53.09206618373801,-27.827855818301938,7.276855007939977e-07,8.059525035721361e-09,1.0,0,9.235861545098008e-07,6.868040943292302e-09,1.0,0,5.053358167353392e-07,4.785854334632836e-09,1.0,0
966,GS-MEDIUM-HST,53.06981728816233,-27.84765826546626,,,0.0,4,,,0.0,4,5.481028555509878e-07,4.919960890512547e-09,1.0,0
1022,GS-MEDIUM-HST,53.07400114492894,-27.828671084113605,1.7494312243674823e-08,5.594866308750771e-09,1.0,0,,,0.0,4,3.5191926029351445e-07,4.954436410900551e-09,1.0,0
1082,GS-MEDIUM-HST,53.057224332534425,-27.830722074313776,,,0.0,4,,,0.0,4,3.809702927608937e-07,4.783620582762881e-09,1.0,0
142,GS-MEDIUM-HST,53.078721565096615,-27.839617609829062,,,0.0,4,,,0.0,4,7.035649264803268e-07,5.284660161666527e-09,1.0,0
396,GS-MEDIUM-HST,53.07797680546412,-27.825589699371584,2.737747149031269e-07,6.844726807086854e-09,1.0,0,3.312819833850746e-07,5.146635699357028e-09,1.0,0,2.3774877912071547e-07,5.261043659435904e-09,1.0,0
591,GS-MEDIUM-HST,53.06078279090498,-27.833379582833494,,,0.0,4,,,0.0,4,8.583622850417469e-07,5.8974950442299715e-09,1.0,0
167,GS-MEDIUM-HST,53.0751832338458,-27.841838564264467,,,0.0,4,,,0.0,4,6.20494994883238e-07,5.291011197573928e-09,1.0,0
475,GS-MEDIUM-HST,53.07260774495926,-27.827710883403107,1.6638702456387574e-08,2.7394484817916297e-09,0.13043478260869565,5,,,0.0,4,3.2384854737878657e-07,4.745475867911816e-09,1.0,0
937,GS-MEDIUM-HST,53.080137167363375,-27.842898228673295,,,0.0,4,,,0.0,4,5.36216120749067e-07,5.099223939659559e-09,1.0,0
663,GS-MEDIUM-HST,53.064050248426575,-27.82537892521541,,,0.0,4,,,0.0,4,5.734305450490789e-07,5.568793091301085e-09,1.0,0
504,GS-MEDIUM-HST,53.07074432169289,-27.82793490195936,,,0.0,4,,,0.0,4,2.6845560303587555e-07,4.735140523554196e-09,1.0,0
583,GS-MEDIUM-HST,53.07562978258188,-27.816947237565397,,,0.0,4,,,0.0,4,3.996504591807799e-07,4.626650665135991e-09,1.0,0
476,GS-MEDIUM-HST,53.06807842456807,-27.832852109597383,,,0.0,4,,,0.0,4,4.264458850415084e-07,4.951765362749723e-09,1.0,0
1109,GS-MEDIUM-HST,53.063688785419195,-27.81997414415784,,,0.0,4,,,0.0,4,5.72346723845295e-07,5.414229828698544e-09,1.0,0
402,GS-MEDIUM-HST,53.062057206260164,-27.843262625421833,,,0.0,4,,,0.0,4,1.0891208285180376e-07,4.083501822256033e-09,1.0,0
960,GS-MEDIUM-HST,53.09301851046745,-27.824242982335733,1.3098248927385047e-07,7.341862331923546e-09,1.0,0,2.2646026899710034e-07,5.426255327306781e-09,1.0,0,1.252826895673608e-07,4.3753388424416206e-09,1.0,0
334,GS-MEDIUM-HST,53.08014968576989,-27.826258344388556,6.602399135190128e-07,7.953334298670738e-09,1.0,0,9.824101529780796e-07,6.504106726287863e-09,1.0,0,6.637420275946916e-07,5.330830658998224e-09,1.0,0
353,GS-MEDIUM-HST,53.06165807176401,-27.846313278454044,,,0.0,4,,,0.0,4,3.661945752896873e-07,4.554763275981251e-09,1.0,0
60,GS-MEDIUM-HST,53.08421013656023,-27.838211123445852,3.8295800117423535e-07,6.89902872923459e-09,1.0,0,7.598166295264667e-07,6.062919078326523e-09,1.0,0,5.274577123884539e-07,5.172493913151049e-09,1.0,0
398,GS-MEDIUM-HST,53.07555394649221,-27.828388184539687,3.227014483109518e-07,6.807244916685069e-09,1.0,0,6.013213937695561e-07,5.4349748484422425e-09,1.0,0,3.8382670815800837e-07,4.833168772956333e-09,1.0,0
941,GS-MEDIUM-HST,53.08437766710673,-27.837359373799703,5.248061916093929e-08,5.871344743756726e-09,1.0,0,1.530422015785063e-07,4.596013054270823e-09,1.0,0,2.0719536355935638e-07,4.355645260781301e-09,1.0,0
1126,GS-MEDIUM-HST,53.048187037809,-27.835466922920997,,,0.0,4,,,0.0,4,3.6962957758026146e-07,4.625533333977178e-09,1.0,0
911,GS-MEDIUM-HST,53.055661351731125,-27.81773184114236,,,0.0,4,,,0.0,4,4.135262021121308e-07,4.794504322782361e-09,1.0,0
338,GS-MEDIUM-HST,53.06875584870514,-27.83895066507114,,,0.0,4,,,0.0,4,-1.0562440409469115e-06,6.992761961400818e-09,1.0,0
641,GS-MEDIUM-HST,53.06070004482221,-27.83105672435908,,,0.0,4,,,0.0,4,2.577952003853774e-07,4.702966521980099e-09,1.0,0
282,GS-MEDIUM-HST,53.08336977175426,-27.82530814319149,6.712991051567429e-07,7.808683026268901e-09,1.0,0,8.796843987219179e-07,6.412508508103521e-09,1.0,0,6.370727743266265e-07,5.257097342689322e-09,1.0,0
891,GS-MEDIUM-HST,53.061030074951866,-27.8128621531232,,,0.0,4,,,0.0,4,5.435526408554036e-07,4.981486320029844e-09,1.0,0
879,GS-MEDIUM-HST,53.04916573796083,-27.826921788286164,,,0.0,4,,,0.0,4,5.798209892675362e-07,5.489673277141046e-09,1.0,0
254,GS-MEDIUM-HST,53.08188043481279,-27.82880751775302,1.6660979565043132e-08,5.652475773802894e-09,1.0,0,2.3324663278131395e-07,4.538552902775932e-09,1.0,0,6.704954415423861e-07,5.460744991470826e-09,1.0,0
950,GS-MEDIUM-HST,53.08933132468526,-27.830292503314492,1.8380367509174943e-07,6.6981438491086965e-09,1.0,0,3.0331981038450345e-07,5.113251270939919e-09,1.0,0,1.600513554129696e-07,4.232695187966519e-09,1.0,0
947,GS-MEDIUM-HST,53.074179213781335,-27.847423432422303,,,0.0,4,,,0.0,4,3.6363252894825137e-07,4.811069072176278e-09,1.0,0
798,GS-MEDIUM-HST,53.05893125075957,-27.821613504353078,,,0.0,4,,,0.0,4,5.647709862609851e-07,5.272712458809669e-09,1.0,0
182,GS-MEDIUM-HST,53.08921579936069,-27.824953961571822,1.4695042062410295e-07,6.2123631818415885e-09,1.0,0,5.081201477798484e-07,5.297852127007034e-09,1.0,0,4.945746245321644e-07,5.039317386748592e-09,1.0,0
619,GS-MEDIUM-HST,53.05672770512883,-27.83639230784809,,,0.0,4,,,0.0,4,5.501027869215383e-07,4.948795195502539e-09,1.0,0
1133,GS-MEDIUM-HST,53.04713594796422,-27.833838548349604,,,0.0,4,,,0.0,4,3.4923216932102797e-07,4.762403197924251e-09,1.0,0
927,GS-MEDIUM-HST,53.08623443399859,-27.839540227751318,1.7174039276430723e-07,6.417935191400289e-09,1.0,0,2.8698531893881565e-07,4.9558031878408495e-09,1.0,0,1.5807079753034183e-07,4.437836586049832e-09,1.0,0
1033,GS-MEDIUM-HST,53.07839262544334,-27.819111621567572,,,0.0,4,,,0.0,4,2.6648101256772855e-07,4.3077359055765835e-09,1.0,0
280,GS-MEDIUM-HST,53.08104416388518,-27.828025991323607,2.8297913558038395e-07,6.516227350173246e-09,1.0,0,5.22704848233785e-07,5.26842035662822e-09,1.0,0,5.822237180548424e-07,5.351665458899256e-09,1.0,0
932,GS-MEDIUM-HST,53.075794972959216,-27.84923592077662,,,0.0,4,,,0.0,4,3.521662520009991e-07,4.5497829212602686e-09,1.0,0
624,GS-MEDIUM-HST,53.07160590253833,-27.819339265987082,,,0.0,4,,,0.0,4,-2.7734325276697723e-07,5.485819478462733e-08,1.0,0
148,GS-MEDIUM-HST,53.07969558894411,-27.83821114816904,,,0.0,4,,,0.0,4,4.017231668633737e-07,5.260257010229303e-09,1.0,0
785,GS-MEDIUM-HST,53.06767362263716,-27.812337251848444,,,0.0,4,,,0.0,4,6.282594698209851e-07,5.5439032495926066e-09,1.0,0
1090,GS-MEDIUM-HST,53.056484775991784,-27.832007164544248,,,0.0,4,,,0.0,4,1.8847047518212314e-07,4.461729507806965e-09,1.0,0
85,GS-MEDIUM-HST,53.07584891346003,-27.84671478775593,,,0.0,4,,,0.0,4,5.13017559916199e-07,4.820595077251938e-09,1.0,0
645,GS-MEDIUM-HST,53.07514632435526,-27.814042415534008,,,0.0,4,,,0.0,4,2.9570873000754753e-07,4.707918790584477e-09,1.0,0
708,GS-MEDIUM-HST,53.04979715740843,-27.838057128215027,,,0.0,4,,,0.0,4,4.128844493653553e-07,4.866674345198615e-09,1.0,0
679,GS-MEDIUM-HST,53.05345233120063,-27.83629825235368,,,0.0,4,,,0.0,4,7.459510223755545e-07,1.1210539759586929e-08,1.0,0
319,GS-MEDIUM-HST,53.07440388894173,-27.833274220058588,,,0.0,4,1.9613270605704165e-07,4.23867497850161e-09,0.75,5,3.1247159615469396e-07,4.740827044529542e-09,1.0,0
665,GS-MEDIUM-HST,53.06042845812251,-27.829312201397094,,,0.0,4,,,0.0,4,2.263854273495102e-07,4.477282764708483e-09,1.0,0
446,GS-MEDIUM-HST,53.06401755480049,-27.839175618939358,,,0.0,4,,,0.0,4,4.0935476048607277e-07,5.027472237307131e-09,1.0,0
259,GS-MEDIUM-HST,53.070103982430325,-27.841640160348568,,,0.0,4,,,0.0,4,3.857616274926097e-07,4.791867204257533e-09,1.0,0
671,GS-MEDIUM-HST,53.07214534270665,-27.81558753966798,,,0.0,4,,,0.0,4,4.574134783856659e-07,4.8894011034350756e-09,1.0,0
688,GS-MEDIUM-HST,53.06342199551829,-27.82405480529437,,,0.0,4,,,0.0,4,1.1035748019554524e-07,4.52214188532638e-09,1.0,0
373,GS-MEDIUM-HST,53.063077481627445,-27.84346056776173,,,0.0,4,,,0.0,4,4.2039166760744394e-07,4.70162761471681e-09,1.0,0
1000,GS-MEDIUM-HST,53.07861036406389,-27.82832866590415,1.3995613230700877e-07,6.2216334701794664e-09,1.0,0,2.2627013501823383e-07,4.70660669462535e-09,1.0,0,2.3663664297201412e-07,4.839186310865808e-09,1.0,0
1076,GS-MEDIUM-HST,53.06636643017346,-27.822246176065974,,,0.0,4,,,0.0,4,3.2114872846067213e-07,4.898933316948287e-09,1.0,0
507,GS-MEDIUM-HST,53.06655173213177,-27.83207740716266,,,0.0,4,,,0.0,4,3.419477187737595e-07,4.862008998885657e-09,1.0,0
253,GS-MEDIUM-HST,53.07796472855494,-27.83332378653991,3.9824288491559437e-07,7.206892382564371e-09,1.0,0,7.592613454579851e-07,6.167806333893394e-09,1.0,0,3.9351889658057995e-07,4.720720653853914e-09,1.0,0
884,GS-MEDIUM-HST,53.04315340580226,-27.833368524890165,,,0.0,4,,,0.0,4,2.6229868029141585e-07,4.441817453205158e-09,1.0,0
823,GS-MEDIUM-HST,53.048035050538594,-27.832430538351456,,,0.0,4,,,0.0,4,2.817810557099055e-07,4.6171573455233066e-09,1.0,0
844,GS-MEDIUM-HST,53.04590740374225,-27.833284859475224,,,0.0,4,,,0.0,4,2.572396678887883e-07,4.653709893521242e-09,1.0,0
431,GS-MEDIUM-HST,53.07260957570331,-27.830294465561686,1.4014191774388493e-07,5.863358961545101e-09,1.0,0,,,0.0,3,4.1492696109412406e-07,4.8571530842166686e-09,1.0,0
329,GS-MEDIUM-HST,53.07663852406449,-27.830366341238207,4.851419742817544e-07,7.27440353168988e-09,1.0,0,6.153086110847243e-07,5.692815830010437e-09,1.0,0,4.4528458064616185e-07,5.035052338974912e-09,1.0,0
29,GS-MEDIUM-HST,53.081799813098236,-27.843590323992085,,,0.0,4,,,0.0,4,2.6918746547092714e-07,4.534715278561749e-09,1.0,0
47,GS-MEDIUM-HST,53.080945622158836,-27.842809319356792,,,0.0,4,,,0.0,4,4.0068814964906126e-07,4.623507508846916e-09,1.0,0
615,GS-MEDIUM-HST,53.06818643402431,-27.823592130507564,,,0.0,4,,,0.0,4,3.183264390105149e-07,4.7158688335528e-09,1.0,0
1060,GS-MEDIUM-HST,53.069177913792494,-27.826350616393256,,,0.0,4,,,0.0,4,7.274608062451359e-08,4.348034130648126e-09,1.0,0
783,GS-MEDIUM-HST,53.053264556551284,-27.828549113479777,,,0.0,4,,,0.0,4,3.4965537048858714e-07,4.736390127353097e-09,1.0,0
367,GS-MEDIUM-HST,53.062738181203954,-27.84429156117895,,,0.0,4,,,0.0,4,3.787136216535015e-07,4.842113266277999e-09,1.0,0
962,GS-MEDIUM-HST,53.092647703085944,-27.824016606057185,1.1548541237644013e-07,7.094633936664219e-09,1.0,0,2.4938020853293957e-07,5.296438447097751e-09,1.0,0,6.764769274408707e-08,4.332683646491565e-09,1.0,0
364,GS-MEDIUM-HST,53.08175721178242,-27.822948480092233,3.351726254552834e-07,6.766533849329124e-09,1.0,0,5.554616267983082e-07,5.61653765480871e-09,1.0,0,4.965180940963013e-07,4.9580280313567216e-09,1.0,0
797,GS-MEDIUM-HST,53.04666782700467,-27.83563566477041,,,0.0,4,,,0.0,4,4.061017029409175e-07,4.842096977105043e-09,1.0,0
312,GS-MEDIUM-HST,53.07959737620837,-27.827736188280994,1.0436950346413702e-07,5.910643438559997e-09,1.0,0,2.7809826956216036e-07,4.969598698494138e-09,1.0,0,3.234367856439247e-07,4.94037807677644e-09,1.0,0
975,GS-MEDIUM-HST,53.075470397463434,-27.838128800484874,,,0.0,4,,,0.0,4,3.7524352458626707e-07,4.8311122229152015e-09,1.0,0
840,GS-MEDIUM-HST,53.051953585378406,-27.82690229484234,,,0.0,4,,,0.0,4,3.4846689909238506e-07,5.053627424558402e-09,1.0,0
455,GS-MEDIUM-HST,53.07808735028206,-27.822828728145186,1.6551344120138827e-07,6.311077562306025e-09,1.0,0,,,0.0,4,2.77469327231697e-07,5.366262960232642e-09,1.0,0
793,GS-MEDIUM-HST,53.05130153046965,-27.83047803188463,,,0.0,4,,,0.0,4,2.3730316179687062e-07,4.3856510432030106e-09,1.0,0
611,GS-MEDIUM-HST,53.070339518338095,-27.821391963735003,,,0.0,4,,,0.0,4,5.052579702965396e-07,4.9379655626907e-09,1.0,0
917,GS-MEDIUM-HST,53.05027460930821,-27.823463482928897,,,0.0,4,,,0.0,4,4.0391763241314087e-07,4.911730159800434e-09,1.0,0
639,GS-MEDIUM-HST,53.069463354863466,-27.82120925942136,,,0.0,4,,,0.0,4,3.166836191488777e-07,4.87254270562218e-09,1.0,0
710,GS-MEDIUM-HST,53.07229422154766,-27.812377692963423,,,0.0,4,,,0.0,4,3.5139938176090877e-07,4.506268490984019e-09,1.0,0
931,GS-MEDIUM-HST,53.0766124295833,-27.84846399646532,,,0.0,4,,,0.0,4,4.6068513714794376e-08,4.545601715623002e-09,1.0,0
869,GS-MEDIUM-HST,53.06559590454277,-27.809228668870716,,,0.0,4,,,0.0,4,3.310248534564367e-07,4.635522654025914e-09,1.0,0
477,GS-MEDIUM-HST,53.074804655701925,-27.82510926068781,,,0.0,1,,,0.0,4,2.978737381489793e-07,4.89596915786844e-09,1.0,0
986,GS-MEDIUM-HST,53.074399821074266,-27.83516871667165,,,0.0,4,,,0.0,4,-4.7107616790879957e-07,4.570496956807117e-09,1.0,0
41,GS-MEDIUM-HST,53.08047596308362,-27.84372838295559,,,0.0,4,,,0.0,4,2.9817611186721956e-07,4.46852877639219e-09,1.0,0
913,GS-MEDIUM-HST,53.055120653022826,-27.8180763260913,,,0.0,4,,,0.0,4,4.282478032902132e-07,4.825257231307873e-09,1.0,0
747,GS-MEDIUM-HST,53.06760067528035,-27.815002917242296,,,0.0,4,,,0.0,4,2.3454653319468395e-07,4.442052953469376e-09,1.0,0
267,GS-MEDIUM-HST,53.08055631130001,-27.829315621891638,1.942248108082849e-07,6.597960558484742e-09,1.0,0,4.347561379241774e-07,5.11055796136169e-09,1.0,0,3.7810989521070006e-07,4.863791578981267e-09,1.0,0
277,GS-MEDIUM-HST,53.07309824805829,-27.83712711177022,,,0.0,4,,,0.0,4,3.350235523674264e-07,4.707152784123091e-09,1.0,0
333,GS-MEDIUM-HST,53.084095408412885,-27.821930570555317,-1.130790086226999e-08,5.702132428693393e-09,1.0,0,2.645442133828364e-09,4.014937061590829e-09,1.0,0,5.61252208974755e-07,1.54672691063071e-08,1.0,0
1067,GS-MEDIUM-HST,53.05947700234507,-27.834542658154344,,,0.0,4,,,0.0,4,4.877515214760996e-08,4.223892364869545e-09,1.0,0
125,GS-MEDIUM-HST,53.08587045193195,-27.832636778845753,1.2279067413930697e-07,6.3594012766886315e-09,1.0,0,2.1808022868398576e-07,4.752451122487602e-09,1.0,0,1.3401114394554577e-07,4.444264125770226e-09,1.0,0
294,GS-MEDIUM-HST,53.07525516930857,-27.833692652444952,,,0.0,1,1.5160333470918539e-06,7.634405627014254e-09,1.0,0,4.6376222543330414e-07,4.8858234518255205e-09,1.0,0
667,GS-MEDIUM-HST,53.07299167958264,-27.81511085886437,,,0.0,4,,,0.0,4,3.488678457420408e-07,4.931028529423753e-09,1.0,0
198,GS-MEDIUM-HST,53.0829532334841,-27.830680985892158,1.4522846790804715e-07,6.099746397309675e-09,1.0,0,3.5892759292908963e-07,4.894352561177124e-09,1.0,0,3.126160726438036e-07,4.507893241519799e-09,1.0,0
1005,GS-MEDIUM-HST,53.07464787148578,-27.831585694101403,8.915738740167679e-07,8.988928908179738e-09,1.0,0,9.420930008847117e-07,6.471239466359969e-09,1.0,0,2.3961036037537477e-07,4.8964862435506894e-09,1.0,0
386,GS-MEDIUM-HST,53.075912939334415,-27.828580833159,2.0939790491708517e-07,6.427226103532596e-09,1.0,0,3.93244253706679e-07,5.105915618848356e-09,1.0,0,3.468830338846539e-07,4.839165870213137e-09,0.9655172413793104,5
780,GS-MEDIUM-HST,53.062178260150944,-27.819025806658708,,,0.0,4,,,0.0,4,2.545968035758388e-07,4.643358967372634e-09,1.0,0
58,GS-MEDIUM-HST,53.0773671461327,-27.846058891811197,,,0.0,4,,,0.0,4,3.8196473003073895e-07,4.529926698958194e-09,1.0,0
46,GS-MEDIUM-HST,53.084037341378156,-27.839352733383084,1.0083514285580412e-08,5.5535737996519715e-09,1.0,0,7.932339089004654e-09,3.8251487624544265e-09,1.0,0,4.2205754214670053e-07,7.963750199212077e-09,1.0,0
857,GS-MEDIUM-HST,53.044939803205594,-27.833821809848775,,,0.0,4,,,0.0,4,2.8957454999021397e-07,4.705518229999941e-09,1.0,0
397,GS-MEDIUM-HST,53.06164179157945,-27.844244196040883,,,0.0,4,,,0.0,4,3.161965085905752e-07,4.808455002672947e-09,1.0,0
677,GS-MEDIUM-HST,53.068481919762256,-27.819303072134108,,,0.0,4,,,0.0,4,3.2471235325617983e-07,4.9162351045815694e-09,1.0,0
316,GS-MEDIUM-HST,53.075174165320284,-27.83269955528621,1.3166386377383404e-07,6.195074516721029e-09,1.0,0,1.950953162576631e-07,4.6269340859279e-09,1.0,0,9.376890292563772e-08,4.226135846241707e-09,1.0,0
1108,GS-MEDIUM-HST,53.06706027018309,-27.816378670698533,,,0.0,4,,,0.0,4,2.480659215504499e-07,4.595616908441229e-09,1.0,0
9,GS-MEDIUM-HST,53.0960826051386,-27.828712666447018,-1.535738362417739e-08,6.339056541072525e-09,1.0,0,9.860113843116424e-08,4.2149277625870595e-09,1.0,0,1.730172944153149e-07,4.074382411849064e-09,1.0,0
910,GS-MEDIUM-HST,53.05034259751493,-27.823801092490747,,,0.0,4,,,0.0,4,1.615231088513374e-07,4.9356665142310195e-09,1.0,0
314,GS-MEDIUM-HST,53.06719171537608,-27.841904228896183,,,0.0,4,,,0.0,4,3.383920529160247e-07,4.481659995152775e-09,1.0,0
132,GS-MEDIUM-HST,53.08139022820793,-27.837428592231678,4.7653489772252263e-08,5.703862330633263e-09,1.0,0,1.4274728943174197e-07,4.3774875936134005e-09,1.0,0,1.3502389092249673e-07,4.3991196463454245e-09,1.0,0
725,GS-MEDIUM-HST,53.062777640046185,-27.82168376724602,,,0.0,4,,,0.0,4,2.3758830153186896e-07,4.424238784109064e-09,1.0,0
462,GS-MEDIUM-HST,53.070442581976785,-27.8311910574477,,,0.0,4,,,0.0,4,1.4524233976334054e-07,4.340074319356295e-09,1.0,0
484,GS-MEDIUM-HST,53.06367683213292,-27.83741693742474,,,0.0,4,,,0.0,4,3.4587382129399455e-07,4.812003061046669e-09,1.0,0
808,GS-MEDIUM-HST,53.052654340408154,-27.828257868597856,,,0.0,4,,,0.0,4,2.4363371320794276e-07,4.451819474362145e-09,1.0,0
851,GS-MEDIUM-HST,53.050945760023055,-27.82728586377465,,,0.0,4,,,0.0,4,2.1670857459637705e-07,4.425386731646448e-09,1.0,0
982,GS-MEDIUM-HST,53.085364717426486,-27.82429199848228,1.4862761626445603e-07,6.54927165981401e-09,1.0,0,2.446144828063628e-07,4.746394446662166e-09,1.0,0,1.628105134591826e-07,4.22331292286782e-09,1.0,0
118,GS-MEDIUM-HST,53.087277269885334,-27.831739043736256,8.024302308343657e-08,5.820557462682016e-09,1.0,0,2.248005086394402e-07,4.6100569865191625e-09,1.0,0,1.937526553808642e-07,4.517898622113477e-09,1.0,0
472,GS-MEDIUM-HST,53.07983151950351,-27.819833353801872,6.183635833476277e-08,5.8408334246082574e-09,1.0,0,,,0.0,4,1.9212878364952339e-07,4.151504975174513e-09,1.0,0
22,GS-MEDIUM-HST,53.094628913948746,-27.82983616034149,2.585385307775029e-07,6.853729181830233e-09,1.0,0,3.117619879919344e-07,4.8953004640050595e-09,1.0,0,2.6320437102500256e-07,4.345843085793596e-09,1.0,0
669,GS-MEDIUM-HST,53.06526292967805,-27.82346801757497,,,0.0,4,,,0.0,4,2.472155090358903e-07,4.495583279843725e-09,1.0,0
1148,GS-MEDIUM-HST,53.063828495902534,-27.808261472122286,,,0.0,4,,,0.0,4,1.446261094103909e-07,4.253147640826338e-09,1.0,0
1143,GS-MEDIUM-HST,53.054188622804716,-27.82242159818064,,,0.0,4,,,0.0,4,1.320691167060421e-07,4.539040260840423e-09,1.0,0
261,GS-MEDIUM-HST,53.06674663045662,-27.845364539592378,,,0.0,4,,,0.0,4,2.1001223536270276e-07,4.307695909286359e-09,1.0,0
579,GS-MEDIUM-HST,53.07222476664275,-27.821306441950185,,,0.0,4,,,0.0,4,4.2689872877775135e-07,8.513124947867357e-09,1.0,0
533,GS-MEDIUM-HST,53.05752719375826,-27.840950233702646,,,0.0,4,,,0.0,4,1.7810106391261098e-07,4.322188115869155e-09,1.0,0
926,GS-MEDIUM-HST,53.08636762539654,-27.83963697962676,2.1253002938156112e-07,6.6064055753417815e-09,1.0,0,2.2285760398678053e-07,4.911116087159569e-09,1.0,0,1.3482676819359533e-07,4.121496002037479e-09,1.0,0
303,GS-MEDIUM-HST,53.069821241503234,-27.839183756633044,,,0.0,4,,,0.0,4,1.0459735478285895e-07,4.158883857948867e-09,1.0,0
1121,GS-MEDIUM-HST,53.05655466444758,-27.82618436457876,,,0.0,4,,,0.0,4,9.464558198794044e-08,4.232786575639706e-09,1.0,0
760,GS-MEDIUM-HST,53.05120732341951,-27.83262887244293,,,0.0,4,,,0.0,4,1.4856749731666058e-07,4.094335730181292e-09,1.0,0
155,GS-MEDIUM-HST,53.08334329828006,-27.83366403657414,1.7244596224762844e-07,6.3988144040694e-09,1.0,0,2.1790860061676244e-07,4.7084793823097836e-09,1.0,0,1.1507528647894109e-07,4.462585260637159e-09,1.0,0
898,GS-MEDIUM-HST,53.050478292706075,-27.82444144560839,,,0.0,4,,,0.0,4,1.7411216511336494e-07,4.422286979994361e-09,1.0,0
728,GS-MEDIUM-HST,53.06388285647073,-27.82030246650207,,,0.0,4,,,0.0,4,2.656132965966323e-07,4.811174380432329e-09,1.0,0
1019,GS-MEDIUM-HST,53.072805673544316,-27.830680181269074,1.3525281505087065e-07,5.8630920627455195e-09,1.0,0,2.79645304384627e-07,4.6768433852318226e-09,1.0,0,2.6713578368313053e-07,4.573738447904109e-09,1.0,0
727,GS-MEDIUM-HST,53.050815387415476,-27.835126690104136,,,0.0,4,,,0.0,4,2.4050082876732815e-07,4.574089062500863e-09,1.0,0
683,GS-MEDIUM-HST,53.06495897809826,-27.82258177251425,,,0.0,4,,,0.0,4,9.127410218743963e-08,4.249800142612182e-09,1.0,0
418,GS-MEDIUM-HST,53.08256650386307,-27.81950852382905,2.7762877772852207e-07,6.846811623178094e-09,1.0,0,3.4463114034826145e-07,4.941238497264004e-09,1.0,0,2.5658001044885374e-07,4.275440185649209e-09,1.0,0
1036,GS-MEDIUM-HST,53.05644035801046,-27.843014428317957,,,0.0,4,,,0.0,4,5.7272926415287756e-08,4.12260915168358e-09,1.0,0
880,GS-MEDIUM-HST,53.0613241401994,-27.81311166102424,,,0.0,4,,,0.0,4,2.5865917795575375e-07,4.347904093129207e-09,1.0,0
888,GS-MEDIUM-HST,53.058130909961925,-27.816284742606214,,,0.0,4,,,0.0,4,2.8164179019138774e-07,4.430264718339092e-09,1.0,0
377,GS-MEDIUM-HST,53.07198575417696,-27.833167011232185,,,0.0,4,,,0.0,4,2.7475552478324525e-07,4.619199051008656e-09,1.0,0
438,GS-MEDIUM-HST,53.06780491080633,-27.835404621898153,,,0.0,4,,,0.0,4,2.420170901115793e-07,4.87544218483269e-09,1.0,0
795,GS-MEDIUM-HST,53.06576738404625,-27.81410242199342,,,0.0,4,,,0.0,4,2.621618682207484e-07,4.4600214706663475e-09,1.0,0
957,GS-MEDIUM-HST,53.08371941164971,-27.83580601690791,2.710040117709952e-07,7.0981033977350595e-09,1.0,0,2.863386791739155e-07,5.276200847188921e-09,1.0,0,1.3212177408481473e-07,4.334081856192938e-09,1.0,0
196,GS-MEDIUM-HST,53.08778757126198,-27.825408084015343,5.58817542374132e-07,1.489240567716675e-08,1.0,0,2.925021495438803e-07,4.855011449121413e-09,1.0,0,1.6687473504898938e-07,4.458975306657375e-09,1.0,0
711,GS-MEDIUM-HST,53.05055578180283,-27.837067230111906,,,0.0,4,,,0.0,4,2.8257652771042764e-07,4.409750481593535e-09,1.0,0
854,GS-MEDIUM-HST,53.051506100194814,-27.826559797633404,,,0.0,4,,,0.0,4,2.9578367040510493e-07,4.489489539446852e-09,1.0,0
281,GS-MEDIUM-HST,53.087013072165256,-27.82120348347496,3.95962102534964e-07,7.288249378047775e-09,1.0,0,3.426299139675744e-07,4.898211652297666e-09,1.0,0,2.6465752078103616e-07,4.506746472331355e-09,0.9310344827586207,5
1137,GS-MEDIUM-HST,53.055272087105884,-27.823319050063496,,,0.0,4,,,0.0,4,9.028579726890618e-08,4.1144599724508124e-09,1.0,0
168,GS-MEDIUM-HST,53.0677482561693,-27.850111339709592,,,0.0,4,,,0.0,4,2.193974206022639e-07,4.2156128858774554e-09,1.0,0
53,GS-MEDIUM-HST,53.079306856043544,-27.8441473567288,,,0.0,4,,,0.0,4,2.8137068573959426e-07,4.334893267844467e-09,1.0,0
1062,GS-MEDIUM-HST,53.05445512413657,-27.841293058772656,,,0.0,4,,,0.0,4,1.8767515011141684e-07,4.2014045704096516e-09,1.0,0
471,GS-MEDIUM-HST,53.06482389114074,-27.83693121340091,,,0.0,4,,,0.0,4,2.294190967257329e-07,4.523697038203612e-09,1.0,0
129,GS-MEDIUM-HST,53.0878252665013,-27.83032696366003,1.0136928652400304e-07,5.902418212777635e-09,1.0,0,1.7598756305590487e-07,4.424043811150133e-09,1.0,0,1.509966945304478e-07,4.412763809057148e-09,1.0,0
1048,GS-MEDIUM-HST,53.07272465732737,-27.821827079784768,,,0.0,4,,,0.0,4,1.6440125832320812e-09,3.995646405659431e-09,1.0,0
1052,GS-MEDIUM-HST,53.06681738095777,-27.82781741781655,,,0.0,4,,,0.0,4,1.0800344570795991e-08,4.006543222224523e-09,1.0,0
34,GS-MEDIUM-HST,53.082082542553756,-27.842680867147102,,,0.0,4,,,0.0,4,2.516736661146966e-07,4.352576016275714e-09,1.0,0
722,GS-MEDIUM-HST,53.05731790960027,-27.828171477679145,,,0.0,4,,,0.0,4,1.3426441976144511e-07,4.357345571806383e-09,1.0,0
111,GS-MEDIUM-HST,53.082182645921236,-27.837892069401054,9.455549762282407e-08,6.068937288522927e-09,1.0,0,1.956021250036377e-07,4.579361411415474e-09,1.0,0,1.87972708144497e-07,4.312651718863628e-09,1.0,0
1103,GS-MEDIUM-HST,53.07265996739083,-27.810898280397844,,,0.0,4,,,0.0,4,6.738190157478168e-08,4.2602888229786465e-09,1.0,0
1023,GS-MEDIUM-HST,53.0707342672193,-27.832267251385257,,,0.0,4,,,0.0,4,2.035892870466698e-07,4.903723975022307e-09,1.0,0
705,GS-MEDIUM-HST,53.05128230749979,-27.83675891981519,,,0.0,4,,,0.0,4,2.0687422159467368e-07,4.261665905436841e-09,1.0,0
1092,GS-MEDIUM-HST,53.05604528361506,-27.832480111402187,,,0.0,4,,,0.0,4,2.330459763940033e-09,4.032403119199268e-09,1.0,0
160,GS-MEDIUM-HST,53.069233672875015,-27.849485618001054,,,0.0,4,,,0.0,4,2.449209392646972e-07,4.751742477713319e-09,1.0,0
184,GS-MEDIUM-HST,53.06953261821516,-27.847234308509595,,,0.0,4,,,0.0,4,2.5904438205079787e-07,4.503433447107754e-09,1.0,0
336,GS-MEDIUM-HST,53.08402497425158,-27.82196121024682,-6.308617625715416e-09,5.637302620396842e-09,1.0,0,1.272464071432918e-09,3.966448740338623e-09,1.0,0,2.8944585400892485e-07,1.534986214898022e-08,1.0,0
853,GS-MEDIUM-HST,53.051761669550096,-27.826277909694117,,,0.0,4,,,0.0,4,1.455340166223435e-07,4.211070696661432e-09,1.0,0
195,GS-MEDIUM-HST,53.081919522792155,-27.83221224699309,3.103225606897531e-07,6.700845145474344e-09,1.0,0,4.616539792969281e-07,5.388898662642394e-09,1.0,0,1.4368573739330882e-07,4.3021510894742405e-09,1.0,0
297,GS-MEDIUM-HST,53.06980402025776,-27.839596175531952,,,0.0,4,,,0.0,4,1.9406017194001873e-07,4.284068648910057e-09,1.0,0
799,GS-MEDIUM-HST,53.057384561305156,-27.823403961704912,,,0.0,4,,,0.0,4,2.7102679243305186e-07,4.603678215939782e-09,1.0,0
371,GS-MEDIUM-HST,53.06656185780516,-27.839688049226336,,,0.0,4,,,0.0,4,1.0859460271850973e-07,4.40509887030717e-09,1.0,0
179,GS-MEDIUM-HST,53.072192509155556,-27.84438428083606,,,0.0,4,,,0.0,4,8.732464167676759e-08,4.103706978285361e-09,1.0,0
943,GS-MEDIUM-HST,53.08419378705757,-27.83717216910839,8.177861539525924e-08,5.992731402014396e-09,1.0,0,2.423170990106773e-07,4.5447348196400026e-09,1.0,0,2.2716284366318245e-07,4.3849138964672215e-09,1.0,0
647,GS-MEDIUM-HST,53.0704524932997,-27.819261259916768,,,0.0,4,,,0.0,4,2.2491528594813364e-07,4.40782230442584e-09,1.0,0
940,GS-MEDIUM-HST,53.09414506972527,-27.82563122236493,7.5336607865276e-09,6.108314665631055e-09,1.0,0,8.384344498693203e-08,4.399491932382261e-09,1.0,0,7.451683743995637e-08,3.988901303321653e-09,1.0,0
151,GS-MEDIUM-HST,53.07790833593184,-27.84010670113453,,,0.0,4,,,0.0,4,1.002334831510894e-07,4.332571228547499e-09,1.0,0
689,GS-MEDIUM-HST,53.06020377766503,-27.827787260370144,,,0.0,4,,,0.0,4,1.2662219882489573e-07,4.523497326529654e-09,1.0,0
1073,GS-MEDIUM-HST,53.06226195170315,-27.82814398150825,,,0.0,4,,,0.0,4,7.484848843322949e-08,4.105341361365193e-09,1.0,0
829,GS-MEDIUM-HST,53.05357871587582,-27.825874765546995,,,0.0,4,,,0.0,4,1.507923696209272e-07,4.2159045804016616e-09,1.0,0
585,GS-MEDIUM-HST,53.06529340016903,-27.828706291082096,,,0.0,4,,,0.0,4,2.0415056316333965e-07,4.219978325212293e-09,1.0,0
26,GS-MEDIUM-HST,53.083747559345134,-27.841766909300954,,,0.0,4,,,0.0,4,2.3595412170335367e-07,4.123512439264195e-09,1.0,0
635,GS-MEDIUM-HST,53.05813217797042,-27.834224216101994,,,0.0,4,,,0.0,4,2.1393356212606366e-07,4.4239128476466455e-09,1.0,0
1059,GS-MEDIUM-HST,53.0761440302256,-27.8175786921665,,,0.0,4,,,0.0,4,9.649353397470628e-08,4.415927096364533e-09,1.0,0
122,GS-MEDIUM-HST,53.073222459698876,-27.847566166934435,,,0.0,4,,,0.0,4,1.3521389872194406e-07,3.979029681844503e-09,1.0,0
738,GS-MEDIUM-HST,53.06035979157311,-27.823803604787432,,,0.0,4,,,0.0,4,2.0342805933945466e-07,4.427985486802349e-09,1.0,0
240,GS-MEDIUM-HST,53.07507489304791,-27.83744520964346,,,0.0,4,,,0.0,4,1.7911954874438836e-07,1.5143765501559655e-08,1.0,0
189,GS-MEDIUM-HST,53.082594409534224,-27.83217309463418,6.787018589276343e-08,6.129969553329228e-09,1.0,0,1.762700321285252e-07,4.374122854356405e-09,1.0,0,2.0256298365193196e-07,4.484087610762141e-09,1.0,0
627,GS-MEDIUM-HST,53.0683021861381,-27.823043037518485,,,0.0,4,,,0.0,4,-3.8981177561362974e-07,4.254516237731155e-08,1.0,0
1124,GS-MEDIUM-HST,53.05068833575504,-27.83277462556733,,,0.0,4,,,0.0,4,1.5255183738312694e-07,4.36910525952664e-09,1.0,0
967,GS-MEDIUM-HST,53.06969825674482,-27.84756818317187,,,0.0,4,,,0.0,4,8.972475372484773e-08,4.6994090081489815e-09,1.0,0
499,GS-MEDIUM-HST,53.063955196189845,-27.835814063235553,,,0.0,4,,,0.0,4,1.4891058707652687e-07,4.2621537785570844e-09,1.0,0
821,GS-MEDIUM-HST,53.06631749988842,-27.811911746087542,,,0.0,4,,,0.0,4,1.8325509620916633e-07,4.317946886170413e-09,1.0,0
108,GS-MEDIUM-HST,53.08255157850985,-27.83768863316363,1.3875023883237797e-07,5.8614498940137425e-09,1.0,0,2.9348878324293794e-07,4.73395566498325e-09,1.0,0,1.6532430178698126e-07,4.173192377909796e-09,1.0,0
981,GS-MEDIUM-HST,53.08565093546239,-27.824071743835802,1.0576118152289239e-07,6.140053951277591e-09,1.0,0,1.505380089081489e-07,4.515768773067034e-09,1.0,0,1.1925690552522088e-07,3.924661119590402e-09,1.0,0
116,GS-MEDIUM-HST,53.07183554056387,-27.849390225181047,,,0.0,4,,,0.0,4,1.5174629818565658e-07,4.17186014527896e-09,1.0,0
892,GS-MEDIUM-HST,53.05050925172342,-27.824834320210375,,,0.0,4,,,0.0,4,1.645275093339602e-07,4.199689438580613e-09,1.0,0
709,GS-MEDIUM-HST,53.06044741230046,-27.825828781773662,,,0.0,4,,,0.0,4,1.9199857462190688e-07,4.5401126393906575e-09,1.0,0
374,GS-MEDIUM-HST,53.06261344674302,-27.843947339059763,,,0.0,4,,,0.0,4,1.478122349273383e-07,4.2634104693202235e-09,1.0,0
763,GS-MEDIUM-HST,53.06408913082237,-27.81808903152911,,,0.0,4,,,0.0,4,1.8763367199044737e-07,4.1994179972798994e-09,1.0,0
395,GS-MEDIUM-HST,53.064122831658175,-27.84146851422011,,,0.0,4,,,0.0,4,1.586178512443377e-07,4.1173944255180344e-09,1.0,0
542,GS-MEDIUM-HST,53.07163601262216,-27.82436841354292,,,0.0,4,,,0.0,4,1.9541643491131734e-07,4.681161767476831e-09,1.0,0
1063,GS-MEDIUM-HST,53.05426327220855,-27.841228251926065,,,0.0,4,,,0.0,4,1.1272322914634184e-07,4.2541627566450704e-09,1.0,0
437,GS-MEDIUM-HST,53.07783702283831,-27.82399387629899,7.481444553220951e-08,5.917119299340519e-09,1.0,0,,,0.0,4,1.3401085156934686e-07,4.265568839336441e-09,1.0,0
266,GS-MEDIUM-HST,53.063594178001345,-27.848733483682402,,,0.0,4,,,0.0,4,2.1624936962814098e-07,4.116535774755026e-09,1.0,0
768,GS-MEDIUM-HST,53.051752432163084,-27.831845162351772,,,0.0,4,,,0.0,4,1.7053801596053313e-07,4.344666847238731e-09,1.0,0
810,GS-MEDIUM-HST,53.05978609664527,-27.820196488502155,,,0.0,4,,,0.0,4,1.7300967350680482e-07,4.235358354728513e-09,1.0,0
186,GS-MEDIUM-HST,53.081580259743106,-27.833497472649576,8.678450932515714e-08,5.86338640419044e-09,1.0,0,2.2210211348374438e-07,4.557636549680634e-09,1.0,0,1.6013627501277386e-07,4.232170326891709e-09,1.0,0
877,GS-MEDIUM-HST,53.05424185714312,-27.821285999734208,,,0.0,4,,,0.0,4,1.5699184154611034e-07,4.18974619041321e-09,1.0,0
211,GS-MEDIUM-HST,53.08131338776664,-27.83195391842577,1.5367583574633586e-07,6.317423778703935e-09,1.0,0,2.652918167709611e-07,4.734039065425596e-09,1.0,0,1.4480599342759307e-07,4.340652763840687e-09,1.0,0
394,GS-MEDIUM-HST,53.081059020429976,-27.822271173325316,1.5583900256786357e-07,6.5454531945133835e-09,1.0,0,2.7637781419774794e-07,4.778751778366e-09,1.0,0,1.9195314823098846e-07,4.492233161164819e-09,1.0,0
693,GS-MEDIUM-HST,53.058350756268574,-27.829492845435997,,,0.0,4,,,0.0,4,2.0380077233900602e-07,4.620736552165045e-09,1.0,0
432,GS-MEDIUM-HST,53.05995123203691,-27.844776781704464,,,0.0,4,,,0.0,4,2.0210496172352724e-07,4.195840693164825e-09,1.0,0
54,GS-MEDIUM-HST,53.075822292947656,-27.84801550277172,,,0.0,4,,,0.0,4,1.3721889961877833e-07,4.3661902694350604e-09,1.0,0
633,GS-MEDIUM-HST,53.057154969250305,-27.835362920863506,,,0.0,4,,,0.0,4,1.0440587161658784e-07,4.318238048857155e-09,1.0,0
20,GS-MEDIUM-HST,53.08584788947061,-27.84001879898604,1.6616728257041266e-07,6.0408608104059565e-09,1.0,0,2.7170162977197605e-07,4.603720417733488e-09,1.0,0,1.4178596828795802e-07,4.015340801596974e-09,1.0,0
626,GS-MEDIUM-HST,53.07537269755679,-27.81496707459937,,,0.0,4,,,0.0,4,1.1035492738118075e-07,3.987416228522632e-09,1.0,0
244,GS-MEDIUM-HST,53.06774024998902,-27.845489527951468,,,0.0,4,,,0.0,4,2.1386693654362185e-07,4.339841741589872e-09,1.0,0
878,GS-MEDIUM-HST,53.05913403082788,-27.815658560115008,,,0.0,4,,,0.0,4,1.5601643492256036e-07,3.955404313881674e-09,1.0,0
872,GS-MEDIUM-HST,53.061875308755376,-27.813048595334713,,,0.0,4,,,0.0,4,1.730582481515891e-07,4.355039399071297e-09,1.0,0
202,GS-MEDIUM-HST,53.08987758664123,-27.822770330865623,7.095094862296791e-08,6.157354291993288e-09,1.0,0,1.9961390050387016e-07,4.629383325963412e-09,1.0,0,1.6902677002330615e-07,4.163927265552816e-09,1.0,0
680,GS-MEDIUM-HST,53.053451300031114,-27.83608760510413,,,0.0,4,,,0.0,4,1.830041451824629e-07,4.393849303992121e-09,1.0,0
1086,GS-MEDIUM-HST,53.06002847085884,-27.828958432707335,,,0.0,4,,,0.0,4,1.2167613990243942e-07,4.210574451885156e-09,1.0,0
1018,GS-MEDIUM-HST,53.076188237749854,-27.8272531559182,6.457189988190427e-08,5.745197585476023e-09,1.0,0,1.3963051192112857e-07,4.281011315912585e-09,1.0,0,1.1598406678428613e-07,4.122778981865422e-09,1.0,0
461,GS-MEDIUM-HST,53.05901570730211,-27.8442761949178,,,0.0,4,,,0.0,4,1.8825670755189166e-07,4.672274030351382e-09,1.0,0
830,GS-MEDIUM-HST,53.046607740650565,-27.83378392737002,,,0.0,4,,,0.0,4,1.0162730128576055e-07,4.1908520819998295e-09,1.0,0
16,GS-MEDIUM-HST,53.089143222678175,-27.836542838823732,1.2397432747930383e-07,6.1054566433241254e-09,1.0,0,2.2077404666750807e-07,4.373105997456784e-09,1.0,0,1.875611971525689e-07,4.188211299624691e-09,1.0,0
1068,GS-MEDIUM-HST,53.05862606692087,-27.833442690566354,,,0.0,4,,,0.0,4,4.113180232092753e-08,4.245490658191708e-09,1.0,0
389,GS-MEDIUM-HST,53.06309931108317,-27.843113406172005,,,0.0,4,,,0.0,4,8.727256731144686e-08,1.986659995943446e-08,1.0,0
421,GS-MEDIUM-HST,53.0653969527098,-27.838922531556197,,,0.0,4,,,0.0,4,1.4117430343123708e-07,4.357452654864661e-09,1.0,0
964,GS-MEDIUM-HST,53.09230223360987,-27.824180418648808,7.988288416359153e-08,6.169644637008321e-09,1.0,0,4.9574515163377184e-08,4.346355072087189e-09,1.0,0,3.8352926699795317e-08,3.857548722404632e-09,1.0,0
163,GS-MEDIUM-HST,53.07517674214729,-27.842296959570895,,,0.0,4,,,0.0,4,1.634151484750435e-07,4.308787993691622e-09,1.0,0
907,GS-MEDIUM-HST,53.04841678102818,-27.826108628456282,,,0.0,4,,,0.0,4,8.016652279351937e-08,4.105008556091959e-09,1.0,0
427,GS-MEDIUM-HST,53.065758262505014,-27.83827622609871,,,0.0,4,,,0.0,4,1.8812454153534923e-07,4.691878273921785e-09,1.0,0
871,GS-MEDIUM-HST,53.047818319916,-27.829189893724543,,,0.0,4,,,0.0,4,2.3394257220386109e-07,4.380485870164196e-09,1.0,0
550,GS-MEDIUM-HST,53.061763692277225,-27.83533379142498,,,0.0,4,,,0.0,4,5.569307621501011e-08,4.232879245899841e-09,1.0,0
1111,GS-MEDIUM-HST,53.05489771226424,-27.829674180530397,,,0.0,4,,,0.0,4,1.2380394488549444e-08,4.041060024912886e-09,1.0,0
817,GS-MEDIUM-HST,53.04514603370975,-27.836152882194927,,,0.0,4,,,0.0,4,1.5071807455274571e-07,4.054447839386827e-09,0.8928571428571429,5
597,GS-MEDIUM-HST,53.076281502000306,-27.815521236448582,,,0.0,4,,,0.0,4,1.8874550749432867e-07,4.176951618932251e-09,1.0,0
883,GS-MEDIUM-HST,53.06590946912879,-27.807929969621604,,,0.0,4,,,0.0,4,1.7796239575076246e-07,4.1599271853311815e-09,1.0,0
995,GS-MEDIUM-HST,53.084078681550295,-27.8236220861899,3.604418799085293e-08,5.813103446389251e-09,1.0,0,7.51366130486176e-08,4.123997965276645e-09,1.0,0,8.471440730541634e-08,3.967882626120583e-09,1.0,0
57,GS-MEDIUM-HST,53.08871607350958,-27.83332934585736,7.890180169701991e-08,6.079357063797161e-09,1.0,0,9.50551506957089e-08,4.087850189029537e-09,1.0,0,1.4284113022979985e-07,4.342859014580044e-09,1.0,0
201,GS-MEDIUM-HST,53.06959860430931,-27.845805382721686,,,0.0,4,,,0.0,4,1.2767049744595282e-07,4.0135820498856765e-09,1.0,0
764,GS-MEDIUM-HST,53.04866143081757,-27.835528071974593,,,0.0,4,,,0.0,4,1.4958719059164195e-07,1.3619540462489609e-08,1.0,0
300,GS-MEDIUM-HST,53.06776605171778,-27.841874794702306,,,0.0,4,,,0.0,4,1.8037102938503817e-07,4.311073317921186e-09,1.0,0
537,GS-MEDIUM-HST,53.07512754084356,-27.820620617593182,,,0.0,4,,,0.0,4,1.1758034075532792e-07,4.554346180636122e-09,1.0,0
443,GS-MEDIUM-HST,53.079582586439486,-27.821778552164705,7.77909637368879e-08,5.948791033536288e-09,1.0,0,,,0.0,4,1.7237643188633656e-07,4.176242066621741e-09,1.0,0
859,GS-MEDIUM-HST,53.045061295681315,-27.83345683741798,,,0.0,4,,,0.0,4,1.3810647376565233e-07,4.1640078155121e-09,1.0,0
933,GS-MEDIUM-HST,53.075740106605934,-27.84909857544933,,,0.0,4,,,0.0,4,6.330077168882969e-08,4.308631406422298e-09,1.0,0
449,GS-MEDIUM-HST,53.074311660063465,-27.827390306557458,2.889925386823435e-08,5.4883082292549165e-09,1.0,0,,,0.0,4,3.689718803214725e-08,5.108649238439341e-09,1.0,0
429,GS-MEDIUM-HST,53.068653479670594,-27.834980298905926,,,0.0,4,,,0.0,4,1.5438775955012367e-07,4.4216533173165606e-09,1.0,0
1104,GS-MEDIUM-HST,53.07281254905124,-27.81047361094034,,,0.0,4,,,0.0,4,2.6458599907795486e-09,4.302405714947762e-09,1.0,0
1123,GS-MEDIUM-HST,53.05953950435984,-27.82263697759517,,,0.0,4,,,0.0,4,-1.55532498399672e-08,4.152239657065028e-09,1.0,0
1045,GS-MEDIUM-HST,53.071097971251305,-27.82547413482588,,,0.0,4,,,0.0,4,2.9461726071410183e-08,4.0982347870867835e-09,1.0,0
470,GS-MEDIUM-HST,53.07599476491312,-27.8244408190498,7.541899876100713e-08,6.059539767958554e-09,1.0,0,,,0.0,4,1.2724086213403303e-07,4.320703171568978e-09,1.0,0
979,GS-MEDIUM-HST,53.070622045614215,-27.842114346161203,,,0.0,4,,,0.0,4,-7.759830502722545e-07,5.026696298723772e-09,1.0,0
587,GS-MEDIUM-HST,53.07635785875432,-27.815850786499833,,,0.0,4,,,0.0,4,1.5397213929993013e-07,4.019556395420621e-09,1.0,0
21,GS-MEDIUM-HST,53.072802441030596,-27.854672650161994,,,0.0,4,,,0.0,4,1.7912738823356774e-07,4.196711937233204e-09,1.0,0
565,GS-MEDIUM-HST,53.07360259948639,-27.82076797675136,,,0.0,4,,,0.0,4,1.2988529230162547e-07,4.212115635482804e-09,1.0,0
912,GS-MEDIUM-HST,53.06421147131065,-27.807943039772276,,,0.0,4,,,0.0,4,1.582242381229136e-07,4.247397039812601e-09,1.0,0
581,GS-MEDIUM-HST,53.07646623507601,-27.816394045721115,,,0.0,4,,,0.0,4,1.0820856112245399e-07,4.065295981514574e-09,1.0,0
544,GS-MEDIUM-HST,53.066481638138626,-27.830072009689196,,,0.0,4,,,0.0,4,9.363341498514108e-08,4.2081525486866615e-09,1.0,0
194,GS-MEDIUM-HST,53.06764499936205,-27.848518460537832,,,0.0,4,,,0.0,4,1.5194114815284586e-07,3.9021760528289e-09,1.0,0
223,GS-MEDIUM-HST,53.08341608015442,-27.828748278032847,5.487933800686525e-08,6.152406952855888e-09,1.0,0,1.6789274548506343e-07,4.36687119052389e-09,1.0,0,1.5932334586157845e-07,4.300750495547605e-09,1.0,0
400,GS-MEDIUM-HST,53.07058495850825,-27.833913328959955,,,0.0,4,,,0.0,4,8.920934278424737e-08,4.198684659550976e-09,1.0,0
1135,GS-MEDIUM-HST,53.067845902939446,-27.810368920224082,,,0.0,4,,,0.0,4,4.35434087802761e-08,4.193984584493532e-09,1.0,0
987,GS-MEDIUM-HST,53.06397941658756,-27.847073635647757,,,0.0,4,,,0.0,4,1.8391497013475925e-09,3.7964145627063035e-09,1.0,0
219,GS-MEDIUM-HST,53.08051041006162,-27.832216074072043,1.0648911835375639e-07,5.882410203579718e-09,1.0,0,1.7530086065742074e-07,4.458785179753296e-09,1.0,0,1.193388616767876e-07,4.471226704711946e-09,1.0,0
32,GS-MEDIUM-HST,53.08472597376567,-27.840208763186002,,,0.0,3,1.5508882030907187e-07,4.201090503983521e-09,1.0,0,1.632239240654513e-07,4.026267956000302e-09,1.0,0
272,GS-MEDIUM-HST,53.07229826305971,-27.83824064134223,,,0.0,4,,,0.0,4,7.256595896149364e-08,3.916292558781184e-09,0.9642857142857143,5
284,GS-MEDIUM-HST,53.079975800307686,-27.829073999580604,1.3361212249212753e-07,6.168877858460998e-09,1.0,0,1.8705943156002524e-07,4.412040334496339e-09,1.0,0,1.6245067282088158e-07,4.646962394917253e-09,1.0,0
524,GS-MEDIUM-HST,53.07481497114558,-27.822183736260616,,,0.0,4,,,0.0,4,1.4991225921186768e-07,4.742100629442304e-09,1.0,0
905,GS-MEDIUM-HST,53.06106389364405,-27.812066515248006,,,0.0,4,,,0.0,4,1.520497353627963e-07,4.577516507010262e-09,1.0,0
94,GS-MEDIUM-HST,53.083500623078386,-27.837578999431987,5.650111123748405e-08,5.773313127778675e-09,1.0,0,1.7324607189887677e-07,4.479039547369142e-09,1.0,0,1.3421712331782512e-07,4.2042718999701625e-09,1.0,0
463,GS-MEDIUM-HST,53.05988364571833,-27.843294865264806,,,0.0,4,,,0.0,4,1.1353157573652387e-07,3.998088366713558e-09,1.0,0
934,GS-MEDIUM-HST,53.071152098833615,-27.853981058264708,,,0.0,4,,,0.0,4,4.0184886099127117e-08,4.0497287254272155e-09,1.0,0
309,GS-MEDIUM-HST,53.07485380561974,-27.833346800062575,,,0.0,1,2.1300226184461365e-07,4.418395000458955e-09,1.0,0,1.5651565540240628e-07,5.0245996438476946e-09,1.0,0
915,GS-MEDIUM-HST,53.05133118825855,-27.822347697612116,,,0.0,4,,,0.0,4,1.2638300755770092e-07,3.9845840713348975e-09,1.0,0
1004,GS-MEDIUM-HST,53.075724750018416,-27.831339541009612,3.287952228904662e-08,5.847784241094837e-09,1.0,0,7.34910338617914e-08,4.47174693402701e-09,1.0,0,1.2078596805625016e-08,4.3514066505725224e-09,1.0,0
226,GS-MEDIUM-HST,53.08189802092445,-27.83018784479721,2.2714974795778574e-08,5.8242548968810385e-09,1.0,0,5.884820120839172e-08,4.1313975657306915e-09,1.0,0,5.672617146616611e-08,4.229490026494123e-09,1.0,0
567,GS-MEDIUM-HST,53.07864686310414,-27.814853645138523,,,0.0,4,,,0.0,4,1.3934284009960595e-07,4.245567831055945e-09,1.0,0
1014,GS-MEDIUM-HST,53.069527257876544,-27.83550488139431,,,0.0,4,,,0.0,4,7.48402678326011e-08,4.3207252099510055e-09,1.0,0
678,GS-MEDIUM-HST,53.05896952792441,-27.829988492891204,,,0.0,4,,,0.0,4,5.911199912498914e-08,4.218914601246033e-09,1.0,0
996,GS-MEDIUM-HST,53.08404443145558,-27.823488887148724,1.0816325285719359e-07,6.1140567750288625e-09,1.0,0,1.199099106772888e-07,4.3101541417421754e-09,1.0,0,1.0794660763663072e-07,4.476365193755424e-09,1.0,0
643,GS-MEDIUM-HST,53.06403114492798,-27.826780012197112,,,0.0,4,,,0.0,4,1.4188973945321894e-07,4.123054245118821e-09,1.0,0
574,GS-MEDIUM-HST,53.05943124571987,-27.8361499101643,,,0.0,4,,,0.0,4,1.530490191756164e-07,4.273610117606778e-09,1.0,0
909,GS-MEDIUM-HST,53.056276196122596,-27.817218367755913,,,0.0,4,,,0.0,4,1.414614401958603e-07,4.040204016667058e-09,1.0,0
1007,GS-MEDIUM-HST,53.070676891152026,-27.835699920130963,,,0.0,4,,,0.0,4,1.1709662174710929e-07,4.248023292919624e-09,1.0,0
980,GS-MEDIUM-HST,53.0703063763267,-27.842229214486572,,,0.0,4,,,0.0,4,-1.2782840845208357e-06,5.031602013004148e-09,1.0,0
873,GS-MEDIUM-HST,53.0544672185295,-27.82145936846052,,,0.0,4,,,0.0,4,1.2733678084908287e-07,4.216643595295869e-09,1.0,0
744,GS-MEDIUM-HST,53.06151370890251,-27.82212910245255,,,0.0,4,,,0.0,4,1.2046914829031747e-07,4.201076127332893e-09,1.0,0
275,GS-MEDIUM-HST,53.06956810335902,-27.841250136008803,,,0.0,4,,,0.0,4,5.7216714201697276e-08,3.981369509043781e-09,1.0,0
952,GS-MEDIUM-HST,53.09383647727898,-27.82500421700088,8.475224026444714e-08,6.0081467810233654e-09,1.0,0,1.6585106001185658e-07,4.850248964699896e-09,1.0,0,9.684827745747295e-08,4.061152239358898e-09,1.0,0
784,GS-MEDIUM-HST,53.058660709325764,-27.82267727903261,,,0.0,4,,,0.0,4,1.798573612420984e-07,6.7995298265576646e-09,1.0,0
411,GS-MEDIUM-HST,53.076739953870685,-27.826490665038293,1.4902429946392045e-07,6.3202756829705456e-09,1.0,0,2.1360954815231142e-07,4.817302603840771e-09,1.0,0,1.3162214704388148e-07,4.6163837877398645e-09,1.0,0
222,GS-MEDIUM-HST,53.087894989115405,-27.82365588409,9.990872402141857e-08,6.407848158251135e-09,1.0,0,1.5872903790208145e-07,4.561748627536716e-09,1.0,0,1.1484083557004289e-07,4.094527071938655e-09,1.0,0
154,GS-MEDIUM-HST,53.08384191590503,-27.83314861018953,3.6323806462067384e-08,5.747191265561821e-09,1.0,0,9.12606794673331e-08,4.075165945985473e-09,1.0,0,1.0125108706930778e-07,4.049988570453584e-09,1.0,0
566,GS-MEDIUM-HST,53.06998605432229,-27.824875605516894,,,0.0,4,,,0.0,4,7.357118445483815e-08,4.494715159417709e-09,1.0,0
152,GS-MEDIUM-HST,53.076104022702964,-27.84215607533245,,,0.0,4,,,0.0,4,1.3120593485720646e-07,4.167998406900569e-09,1.0,0
169,GS-MEDIUM-HST,53.086967678823,-27.8282610178631,2.231406643160657e-07,7.670013240766496e-09,1.0,0,1.1940964034100459e-07,4.303203940649014e-09,1.0,0,1.0167677767900432e-07,4.126870607541369e-09,1.0,0
776,GS-MEDIUM-HST,53.04874919847065,-27.834747191311262,,,0.0,4,,,0.0,4,8.86008240077838e-08,3.846140340897409e-09,1.0,0
658,GS-MEDIUM-HST,53.053739952256365,-27.837552037544015,,,0.0,4,,,0.0,4,1.0416371661018067e-07,4.125488720653743e-09,1.0,0
445,GS-MEDIUM-HST,53.08098625909651,-27.820107574094354,7.545916001867667e-08,5.813520708562469e-09,1.0,0,,,0.0,4,1.4249149007016949e-07,4.309493158915462e-09,1.0,0
973,GS-MEDIUM-HST,53.08618972032462,-27.825624438797,7.020119047845927e-08,5.9226922642870386e-09,1.0,0,1.1470064666966545e-07,4.233712593668807e-09,1.0,0,6.797104530283365e-08,4.230447550623196e-09,1.0,0
495,GS-MEDIUM-HST,53.06911812088834,-27.83036678178438,,,0.0,4,,,0.0,4,1.2437164389061814e-07,4.129787798767891e-09,1.0,0
676,GS-MEDIUM-HST,53.06235135585305,-27.826562763426946,,,0.0,4,,,0.0,4,1.1594672386826801e-07,4.223647297598807e-09,1.0,0
1053,GS-MEDIUM-HST,53.06655591387739,-27.827943121349495,,,0.0,4,,,0.0,4,5.90279739686745e-09,4.259942585742381e-09,1.0,0
1101,GS-MEDIUM-HST,53.07281856352127,-27.81099451090039,,,0.0,4,,,0.0,4,2.579449926169025e-08,3.811011265491056e-09,1.0,0
843,GS-MEDIUM-HST,53.049785850601644,-27.82900005208123,,,0.0,4,,,0.0,4,1.4703195273897174e-07,4.52973191432734e-09,1.0,0
1042,GS-MEDIUM-HST,53.06181749476956,-27.834735619747754,,,0.0,4,,,0.0,4,1.1740352194054733e-08,4.0358064601090115e-09,1.0,0
214,GS-MEDIUM-HST,53.08352734461202,-27.829439516074274,4.072353011350913e-09,5.502902931753398e-09,1.0,0,4.3434596270506925e-10,3.812201468288689e-09,1.0,0,1.674413333268153e-07,8.810080930105535e-09,1.0,0
908,GS-MEDIUM-HST,53.05172955720743,-27.822412703464153,,,0.0,4,,,0.0,4,1.457399141937401e-07,4.1876782826822055e-09,1.0,0
948,GS-MEDIUM-HST,53.072423635797904,-27.84984205493436,,,0.0,4,,,0.0,4,-2.2159630614378777e-08,4.35810897635489e-09,1.0,0
1028,GS-MEDIUM-HST,53.07089104931703,-27.830119103522353,7.246176999433057e-08,5.7616357666232005e-09,1.0,0,,,0.0,4,1.1098132847106617e-07,4.071011948725747e-09,1.0,0
984,GS-MEDIUM-HST,53.07440892675666,-27.835717984423198,,,0.0,4,,,0.0,4,4.303105873922408e-08,4.656983970020801e-09,1.0,0
245,GS-MEDIUM-HST,53.068237343181686,-27.844885293178937,,,0.0,4,,,0.0,4,1.103812055258876e-07,4.6991580844663715e-09,1.0,0
713,GS-MEDIUM-HST,53.060960792586556,-27.825180208758404,,,0.0,4,,,0.0,4,1.4116165316652857e-07,4.435064267842957e-09,1.0,0
526,GS-MEDIUM-HST,53.057511867502384,-27.84168715413851,,,0.0,4,,,0.0,4,-1.4635291440777698e-07,1.7286824679786247e-08,1.0,0
159,GS-MEDIUM-HST,53.076837231733236,-27.84088769132126,,,0.0,4,,,0.0,4,1.6063043786244267e-07,4.178358195646464e-09,1.0,0
831,GS-MEDIUM-HST,53.05974092300658,-27.81892087036824,,,0.0,4,,,0.0,4,1.3003984383076087e-07,4.409332485069681e-09,1.0,0
1035,GS-MEDIUM-HST,53.07694210169911,-27.820758637964683,,,0.0,4,,,0.0,4,3.50877461487374e-08,3.894397504230855e-09,1.0,0
755,GS-MEDIUM-HST,53.04869970431864,-27.83582675038859,,,0.0,4,,,0.0,4,1.2937882740554097e-07,4.692913899639363e-09,1.0,0
903,GS-MEDIUM-HST,53.04599574365315,-27.829255377900996,,,0.0,4,,,0.0,4,1.1529794984360032e-07,4.048898466671081e-09,1.0,0
602,GS-MEDIUM-HST,53.06738399860638,-27.825243349678768,,,0.0,4,,,0.0,4,1.3402853489063923e-07,4.286394922031566e-09,1.0,0
861,GS-MEDIUM-HST,53.05581883551794,-27.821078601650285,,,0.0,4,,,0.0,4,1.3773341182791945e-07,4.1322370951234515e-09,1.0,0
640,GS-MEDIUM-HST,53.0691858432094,-27.82159336038956,,,0.0,4,,,0.0,4,1.306700884712014e-07,4.155446087473485e-09,1.0,0
174,GS-MEDIUM-HST,53.0866591341338,-27.828210259958666,5.8486710812804015e-08,5.899004348411986e-09,1.0,0,1.4875893346187188e-07,4.5480080080580474e-09,1.0,0,1.1571265704832879e-07,4.135871018632014e-09,1.0,0
13,GS-MEDIUM-HST,53.085557047573985,-27.840711771055513,,,0.0,3,2.0796184590655764e-07,5.261339573983084e-09,1.0,0,8.278605738911584e-08,4.151845708213771e-09,1.0,0
10,GS-MEDIUM-HST,53.09490259487781,-27.830165057610134,1.7591964556736563e-07,6.38754572058471e-09,1.0,0,2.3575405009443012e-07,4.690197671532416e-09,1.0,0,1.2019585209802066e-07,3.856388411964706e-09,1.0,0
15,GS-MEDIUM-HST,53.083342082517966,-27.843205188347564,,,0.0,4,,,0.0,4,1.277711402852785e-07,4.045749207322892e-09,1.0,0
847,GS-MEDIUM-HST,53.05206330922165,-27.82621244384361,,,0.0,4,,,0.0,4,1.1119869577208356e-07,4.1016631781897415e-09,1.0,0
734,GS-MEDIUM-HST,53.05326452842515,-27.83205676477403,,,0.0,4,,,0.0,4,7.639981615820509e-08,4.365497591622736e-09,1.0,0
675,GS-MEDIUM-HST,53.07070320138258,-27.817194341558373,,,0.0,4,,,0.0,4,8.103317881835128e-08,4.125304379818495e-09,1.0,0
406,GS-MEDIUM-HST,53.07371448009176,-27.830255987000616,8.850088779188288e-08,6.192714185993985e-09,1.0,0,2.0788254709545906e-07,4.556190763652689e-09,1.0,0,1.217233910223588e-07,4.397522469350536e-09,1.0,0
813,GS-MEDIUM-HST,53.05937370483908,-27.820315207090527,,,0.0,4,,,0.0,4,1.1478791570898606e-07,4.0813539747065786e-09,1.0,0
1043,GS-MEDIUM-HST,53.07110458913593,-27.825675490204656,,,0.0,4,,,0.0,4,3.305827726104191e-08,4.154059189355607e-09,1.0,0
165,GS-MEDIUM-HST,53.07497352074763,-27.8424583012189,,,0.0,4,,,0.0,4,5.233460264218601e-08,3.936996718227981e-09,1.0,0
704,GS-MEDIUM-HST,53.07053697680953,-27.814912754354673,,,0.0,4,,,0.0,4,1.206561557419116e-07,4.221840831429819e-09,1.0,0
572,GS-MEDIUM-HST,53.073515284089844,-27.82028203056752,,,0.0,4,,,0.0,4,1.1429743251120708e-07,4.132372994952569e-09,1.0,0
31,GS-MEDIUM-HST,53.09305446713257,-27.830780427749502,4.124348623341884e-08,5.65794026601667e-09,1.0,0,8.417238078671908e-08,4.2544259413820615e-09,1.0,0,6.68605116670724e-08,4.098078855295788e-09,1.0,0
1117,GS-MEDIUM-HST,53.05956573577303,-27.824591320492544,,,0.0,4,,,0.0,4,7.815117949669122e-08,4.320314929256133e-09,1.0,0
490,GS-MEDIUM-HST,53.07069464672578,-27.82884677239842,,,0.0,4,,,0.0,4,8.339311140880805e-08,3.979756960917792e-09,0.8571428571428571,5
800,GS-MEDIUM-HST,53.06344497242816,-27.81652098833248,,,0.0,4,,,0.0,4,7.417424803535083e-08,4.334494553539871e-09,1.0,0
723,GS-MEDIUM-HST,53.04949738322727,-27.837135770471757,,,0.0,4,,,0.0,4,1.1351635897431485e-07,4.157967015404024e-09,1.0,0
866,GS-MEDIUM-HST,53.059904895797196,-27.815996198632305,,,0.0,4,,,0.0,4,1.2346070761467526e-07,4.116745030090494e-09,1.0,0
1079,GS-MEDIUM-HST,53.05807124081889,-27.83139858749072,,,0.0,4,,,0.0,4,4.5399693277172025e-08,4.107170548609942e-09,1.0,0
998,GS-MEDIUM-HST,53.07165196643002,-27.837053301835482,,,0.0,4,,,0.0,4,7.675004926642127e-08,4.074529854235196e-09,1.0,0
128,GS-MEDIUM-HST,53.09296984551878,-27.824600383051155,7.791257102741848e-08,6.433819889655188e-09,1.0,0,4.5920498339878e-08,4.152563952839706e-09,1.0,0,3.74972448536905e-08,3.869864533936689e-09,1.0,0
515,GS-MEDIUM-HST,53.06312973509232,-27.83594999292868,,,0.0,4,,,0.0,4,9.581510915668875e-08,4.108641731760711e-09,1.0,0
983,GS-MEDIUM-HST,53.07485287180402,-27.83521525529273,,,0.0,4,,,0.0,4,3.440930592187012e-08,4.096330039973283e-09,1.0,0
1075,GS-MEDIUM-HST,53.066538741831025,-27.822255654716468,,,0.0,4,,,0.0,4,5.546019210666411e-08,4.442359760013306e-09,1.0,0
1006,GS-MEDIUM-HST,53.07470687858254,-27.830702669027723,3.232617772122564e-08,5.719105732595017e-09,1.0,0,7.523254974154745e-08,4.037644213999747e-09,1.0,0,6.27835762945843e-08,4.394096215422987e-09,1.0,0
440,GS-MEDIUM-HST,53.06815556645519,-27.834994784650714,,,0.0,4,,,0.0,4,7.959852139675629e-08,4.1943222030590135e-09,1.0,0
313,GS-MEDIUM-HST,53.074302190226824,-27.833813528910472,,,0.0,4,,,0.0,4,1.0008225143483559e-07,4.2218650678084555e-09,1.0,0
23,GS-MEDIUM-HST,53.077271159362425,-27.849493274582382,,,0.0,4,,,0.0,4,7.709450879096706e-08,4.1240546465189405e-09,1.0,0
942,GS-MEDIUM-HST,53.08423786721851,-27.837274718661874,3.674117321521702e-08,5.775752962742733e-09,1.0,0,3.404278257701181e-08,4.214071670532297e-09,1.0,0,1.5451248624973354e-08,4.140106999518864e-09,1.0,0
580,GS-MEDIUM-HST,53.05994240912656,-27.83514612253243,,,0.0,4,,,0.0,4,9.58647316306732e-08,4.0699606575660086e-09,1.0,0
801,GS-MEDIUM-HST,53.06767716990472,-27.811601411274506,,,0.0,4,,,0.0,4,9.210825839554591e-08,4.1896731570054636e-09,1.0,0
557,GS-MEDIUM-HST,53.077787074369816,-27.816857908568938,,,0.0,4,,,0.0,4,8.105108122451621e-08,3.891793792952496e-09,1.0,0
84,GS-MEDIUM-HST,53.08107420845803,-27.840853991865778,,,0.0,4,,,0.0,4,9.873027170082242e-08,3.984260953948185e-09,1.0,0
702,GS-MEDIUM-HST,53.055223928752625,-27.832488879661476,,,0.0,4,,,0.0,4,9.535824008338091e-08,4.61868530771735e-09,1.0,0
652,GS-MEDIUM-HST,53.05431672891884,-27.83709611177801,,,0.0,4,,,0.0,4,1.192821909771154e-07,4.193663915594061e-09,1.0,0
825,GS-MEDIUM-HST,53.04862114423045,-27.831845313678333,,,0.0,4,,,0.0,4,9.361416600475017e-08,4.003296310103831e-09,1.0,0
668,GS-MEDIUM-HST,53.0670859100602,-27.82178026199292,,,0.0,4,,,0.0,4,7.184696284404141e-08,4.397600004802741e-09,1.0,0
1089,GS-MEDIUM-HST,53.05955878581774,-27.828600984443483,,,0.0,4,,,0.0,4,3.4939536824988384e-08,4.025252249680112e-09,1.0,0
558,GS-MEDIUM-HST,53.06972417648749,-27.82601081118623,,,0.0,4,,,0.0,4,2.6003350975794717e-08,1.418810588258838e-08,1.0,0
1071,GS-MEDIUM-HST,53.06237773907735,-27.828156608045134,,,0.0,4,,,0.0,4,6.280379934025296e-08,4.111158942641737e-09,1.0,0
598,GS-MEDIUM-HST,53.07469678460299,-27.81717534506281,,,0.0,4,,,0.0,4,9.383883414864151e-08,4.226147141973814e-09,1.0,0
177,GS-MEDIUM-HST,53.08964542082055,-27.824737119518165,5.068210927942146e-08,6.002940041257264e-09,1.0,0,6.44246620587495e-08,4.031018684256505e-09,1.0,0,8.686681195002688e-08,3.9485877013443004e-09,1.0,0
914,GS-MEDIUM-HST,53.05708610797653,-27.81583186145932,,,0.0,4,,,0.0,4,7.992459042623401e-08,4.233824038276459e-09,1.0,0
629,GS-MEDIUM-HST,53.0568876490089,-27.835911475832816,,,0.0,4,,,0.0,4,1.0924282812618666e-07,4.07364165298209e-09,1.0,0
39,GS-MEDIUM-HST,53.08152275341195,-27.84273201606853,,,0.0,4,,,0.0,4,9.786524643650604e-08,3.901179523470993e-09,1.0,0
1116,GS-MEDIUM-HST,53.053414543882184,-27.829709148124444,,,0.0,4,,,0.0,4,-9.047709898423734e-09,3.956095960184853e-09,1.0,0
741,GS-MEDIUM-HST,53.06117320750143,-27.822834491225258,,,0.0,4,,,0.0,4,1.0749580016447592e-07,4.30602368409814e-09,1.0,0
126,GS-MEDIUM-HST,53.073542662158246,-27.84691314463601,,,0.0,4,,,0.0,4,1.342045919586452e-07,4.230129422318718e-09,1.0,0
180,GS-MEDIUM-HST,53.066416844488565,-27.85100445219241,,,0.0,4,,,0.0,4,1.1955905623486912e-07,3.941207597797078e-09,1.0,0
347,GS-MEDIUM-HST,53.06868332182389,-27.838622971204277,,,0.0,4,,,0.0,4,9.331005775577984e-08,4.2549886491211764e-09,1.0,0
227,GS-MEDIUM-HST,53.087438051212004,-27.823940315980874,4.6610639936072025e-08,5.979264107541782e-09,1.0,0,1.0153765862597664e-07,4.121595480821141e-09,1.0,0,1.0000753235159323e-07,3.97661207049147e-09,1.0,0
30,GS-MEDIUM-HST,53.09021432637124,-27.83407975785239,2.4219934520440206e-07,6.605415076468265e-09,1.0,0,2.7144541756928567e-07,4.86209652804958e-09,1.0,0,8.710482444487945e-08,3.981059969248956e-09,1.0,0
487,GS-MEDIUM-HST,53.06764049801144,-27.832779579993165,,,0.0,4,,,0.0,4,2.392162735063155e-08,4.0383215533950076e-09,1.0,0
453,GS-MEDIUM-HST,53.071079988179925,-27.830847687314545,,,0.0,1,,,0.0,4,8.74175958103003e-08,4.365281779082234e-09,1.0,0
720,GS-MEDIUM-HST,53.057745623316336,-27.828220821674705,,,0.0,4,,,0.0,4,8.837114417494077e-08,4.065833654128547e-09,1.0,0
753,GS-MEDIUM-HST,53.06991515203088,-27.811928020527283,,,0.0,4,,,0.0,4,7.4080979470996e-08,3.985139411880126e-09,1.0,0
809,GS-MEDIUM-HST,53.066002060981674,-27.813196181317196,,,0.0,4,,,0.0,4,1.0883923288911223e-07,4.098772513632303e-09,1.0,0
1072,GS-MEDIUM-HST,53.06213683799406,-27.828272969729106,,,0.0,4,,,0.0,4,5.978201549546106e-08,4.083223474924525e-09,1.0,0
11,GS-MEDIUM-HST,53.09188502252696,-27.833541792217837,4.1212961172810375e-08,5.971978315989187e-09,1.0,0,9.233136002457407e-08,4.207773342383593e-09,1.0,0,8.219471921501089e-08,4.534137274404127e-09,1.0,0
1132,GS-MEDIUM-HST,53.04707087364787,-27.83412037932475,,,0.0,4,,,0.0,4,5.14758649112753e-09,4.130494004658843e-09,1.0,0
115,GS-MEDIUM-HST,53.07168108392447,-27.84960882873711,,,0.0,4,,,0.0,4,1.0116424099058758e-07,3.794200546467736e-09,1.0,0
102,GS-MEDIUM-HST,53.07836714080517,-27.843049853859267,,,0.0,4,,,0.0,4,8.225928018661691e-08,3.766293333820662e-09,1.0,0
974,GS-MEDIUM-HST,53.07547861823655,-27.838354048528817,,,0.0,4,,,0.0,4,5.921325539699389e-08,4.002076291231907e-09,1.0,0
977,GS-MEDIUM-HST,53.080958858946445,-27.830829531578257,5.055718143092903e-08,6.138208162641103e-09,1.0,0,9.72974818371933e-08,4.256808429638545e-09,1.0,0,3.648100850360894e-08,3.892669583104283e-09,1.0,0
404,GS-MEDIUM-HST,53.08071633940775,-27.82231138871275,9.044143693440867e-09,7.514914539489762e-09,1.0,0,7.939283777002907e-08,4.125034021955602e-09,1.0,0,7.540863900260424e-08,4.251751721535836e-09,1.0,0
385,GS-MEDIUM-HST,53.07647481299693,-27.82800346002251,6.476456645073989e-08,6.006021360051262e-09,1.0,0,1.450326179472028e-07,4.269979816573775e-09,1.0,0,9.760299256546092e-08,4.541659419936987e-09,1.0,0
234,GS-MEDIUM-HST,53.07516440431678,-27.83752682803556,,,0.0,4,,,0.0,4,7.290621059684007e-08,4.879432466793734e-09,1.0,0
1088,GS-MEDIUM-HST,53.05983832264899,-27.828953685094103,,,0.0,4,,,0.0,4,4.402578110895655e-08,3.840693869011929e-09,1.0,0
274,GS-MEDIUM-HST,53.06872119723164,-27.842445613565605,,,0.0,4,,,0.0,4,1.0675678317294532e-07,4.147351702473864e-09,1.0,0
770,GS-MEDIUM-HST,53.07043883676676,-27.810671542001508,,,0.0,4,,,0.0,4,9.778299566967084e-08,4.183001428075851e-09,1.0,0
729,GS-MEDIUM-HST,53.05755557872794,-27.827490404685477,,,0.0,4,,,0.0,4,9.865272700307951e-08,4.529698306960183e-09,1.0,0
70,GS-MEDIUM-HST,53.093909132561116,-27.8269461664753,3.979744912148631e-09,6.179346266317276e-09,1.0,0,5.99079946563481e-08,4.139498289556702e-09,1.0,0,4.98902501431515e-08,4.007388510414029e-09,1.0,0
95,GS-MEDIUM-HST,53.0929740877441,-27.826732109807807,4.0035631948071464e-08,6.181706026878029e-09,1.0,0,3.883112350999315e-08,4.047814585012346e-09,1.0,0,5.090983086437571e-08,3.882740233930572e-09,1.0,0
1125,GS-MEDIUM-HST,53.05050460542437,-27.8325775948474,,,0.0,4,,,0.0,4,8.258434731468569e-08,4.036305343534896e-09,1.0,0
699,GS-MEDIUM-HST,53.067834193989164,-27.81851336541165,,,0.0,4,,,0.0,4,1.0104589125616426e-07,4.248721889320495e-09,1.0,0
532,GS-MEDIUM-HST,53.070499433480414,-27.8263040831983,,,0.0,4,,,0.0,4,5.789246734035345e-08,4.202051603200809e-09,1.0,0
695,GS-MEDIUM-HST,53.06620461700705,-27.82054701228206,,,0.0,4,,,0.0,4,5.5885641773270416e-08,4.212530427041188e-09,1.0,0
811,GS-MEDIUM-HST,53.05135312609504,-27.829564240015923,,,0.0,4,,,0.0,4,8.6371439896885e-08,3.939270517184709e-09,1.0,0
14,GS-MEDIUM-HST,53.08378072943658,-27.842659149410853,,,0.0,4,,,0.0,4,6.053080765773918e-08,3.8487231764427164e-09,1.0,0
488,GS-MEDIUM-HST,53.076046340196434,-27.823084426740742,,,0.0,4,,,0.0,4,8.267227006829557e-08,4.093563526919878e-09,1.0,0
742,GS-MEDIUM-HST,53.064164144515516,-27.81933539282203,,,0.0,4,,,0.0,4,8.328859345536263e-08,4.065820472573628e-09,1.0,0
68,GS-MEDIUM-HST,53.086904122643496,-27.835068627535602,-1.7741266732985217e-08,5.362146534646939e-09,1.0,0,-9.558388085722904e-09,3.727727829833747e-09,1.0,0,-1.8318221533879686e-07,1.627979062401375e-08,1.0,0
171,GS-MEDIUM-HST,53.08071029428714,-27.835310683882028,4.269593126972019e-08,6.210869267051843e-09,1.0,0,5.14603432883991e-08,3.895342266123506e-09,1.0,0,7.471427916991833e-08,4.1385380472611494e-09,1.0,0
1120,GS-MEDIUM-HST,53.056951097916155,-27.826717698649922,,,0.0,4,,,0.0,4,1.736205886296038e-08,4.173330098713454e-09,1.0,0
63,GS-MEDIUM-HST,53.080293198054605,-27.842668875858955,,,0.0,4,,,0.0,4,6.73839937789403e-08,3.9727642998739695e-09,1.0,0
467,GS-MEDIUM-HST,53.061986576008245,-27.84064046404056,,,0.0,4,,,0.0,4,7.646372170442391e-08,3.873459748503497e-09,1.0,0
409,GS-MEDIUM-HST,53.081206260145834,-27.821597808036383,2.018731083512924e-08,5.674940527474824e-09,1.0,0,4.915338522075159e-08,4.038467166755037e-09,1.0,0,4.898425534798761e-08,4.010448434661437e-09,1.0,0
1074,GS-MEDIUM-HST,53.06216181459376,-27.828053414330068,,,0.0,4,,,0.0,4,3.6397052656348164e-08,4.086064439267611e-09,1.0,0
383,GS-MEDIUM-HST,53.08418159980434,-27.819281252374875,1.5953061269290611e-07,6.085589921006458e-09,1.0,0,1.74823167247004e-07,4.456303713223085e-09,1.0,0,8.837104841689811e-08,3.939557656307861e-09,1.0,0
493,GS-MEDIUM-HST,53.062925378792826,-27.837595306863015,,,0.0,4,,,0.0,4,9.619473111941138e-08,6.8351253876522845e-09,1.0,0
71,GS-MEDIUM-HST,53.08058230927547,-27.84211305229366,,,0.0,4,,,0.0,4,7.110608216625934e-08,3.918988723004618e-09,1.0,0
516,GS-MEDIUM-HST,53.07023130337834,-27.827849785210446,,,0.0,4,,,0.0,4,8.157521991184187e-08,4.232411252430841e-09,1.0,0
17,GS-MEDIUM-HST,53.09146506972126,-27.83393182577851,5.6867739166881217e-08,5.884906938885961e-09,1.0,0,1.3186893944890858e-07,4.2063298675628574e-09,1.0,0,9.091921958772348e-08,4.125436758349994e-09,1.0,0
143,GS-MEDIUM-HST,53.08801368127338,-27.82917602600612,5.858011974601934e-08,5.763858020461893e-09,1.0,0,1.9537639985137855e-07,4.579432923988984e-09,1.0,0,9.368547995907746e-08,4.125520194031265e-09,1.0,0
299,GS-MEDIUM-HST,53.08009957192572,-27.82789839509822,6.298456089700173e-08,5.7855576701741445e-09,1.0,0,9.209361429448577e-08,4.198898266514045e-09,1.0,0,7.37677903729679e-08,4.199380137034218e-09,1.0,0
365,GS-MEDIUM-HST,53.073996775257754,-27.83169549353731,9.394533043003686e-08,5.813984541154122e-09,1.0,0,1.1204222554747542e-07,4.208863326483117e-09,1.0,0,6.006295364268555e-08,4.317929081396462e-09,1.0,0
359,GS-MEDIUM-HST,53.075904397692334,-27.829906822782885,3.06188160101464e-07,6.690839890964438e-09,1.0,0,2.672759519899498e-07,4.536697613607958e-09,1.0,0,8.49762708671998e-08,4.390445171302671e-09,1.0,0
130,GS-MEDIUM-HST,53.07875650780271,-27.840521616603716,,,0.0,4,,,0.0,4,9.785533064482063e-08,4.206071179542056e-09,1.0,0
924,GS-MEDIUM-HST,53.094010454990276,-27.830984985777338,2.0903260380399833e-07,6.786507304199636e-09,1.0,0,4.086024807791372e-08,4.055285024067454e-09,1.0,0,3.67907288890492e-08,3.796472724874432e-09,1.0,0
1099,GS-MEDIUM-HST,53.06212600904499,-27.822456556590083,,,0.0,4,,,0.0,4,-9.701333275742415e-07,4.709366929364468e-09,1.0,0
862,GS-MEDIUM-HST,53.05204209859132,-27.825386627183494,,,0.0,4,,,0.0,4,8.917122685415852e-08,4.007599949946285e-09,1.0,0
944,GS-MEDIUM-HST,53.0925705346412,-27.827764681788388,3.265624505525215e-08,5.977072726792392e-09,1.0,0,7.941431859372696e-08,4.172347435169648e-09,1.0,0,7.488902242979447e-08,4.004293275742954e-09,1.0,0
458,GS-MEDIUM-HST,53.076883355045844,-27.824160701293724,6.285741791151388e-08,5.868178271456395e-09,1.0,0,,,0.0,4,5.9483142965197845e-08,4.007576528894931e-09,1.0,0
187,GS-MEDIUM-HST,53.09045865768446,-27.823322109759903,7.842408972446693e-08,6.272745895965898e-09,1.0,0,1.2300886462833335e-07,4.241932793718879e-09,1.0,0,6.969129074369831e-08,3.988960619340881e-09,1.0,0
523,GS-MEDIUM-HST,53.07202489790937,-27.825492230663993,,,0.0,4,,,0.0,4,7.958606076435856e-08,4.0944895433660006e-09,1.0,0
681,GS-MEDIUM-HST,53.07357329651876,-27.812972389328266,,,0.0,4,,,0.0,4,9.380524941565806e-08,3.994125902140322e-09,1.0,0
88,GS-MEDIUM-HST,53.0830413296613,-27.8384626196907,-2.0344180667505242e-10,5.4627065619538325e-09,1.0,0,7.29724976432846e-09,3.738314607593683e-09,1.0,0,7.992406795032066e-08,6.805253064585437e-09,1.0,0
175,GS-MEDIUM-HST,53.07876342605662,-27.837095884585338,,,0.0,4,,,0.0,4,9.174891063354798e-08,4.0894119286357e-09,1.0,0
342,GS-MEDIUM-HST,53.06283698303155,-27.845551481468018,,,0.0,4,,,0.0,4,7.165439255929901e-08,3.9267113621614914e-09,1.0,0
100,GS-MEDIUM-HST,53.0863838157351,-27.834057236890864,7.357960572399184e-08,5.817156550882616e-09,1.0,0,9.445339852412569e-08,4.1020104226314e-09,1.0,0,6.52891067082877e-08,4.389748926130793e-09,1.0,0
1003,GS-MEDIUM-HST,53.07481655416885,-27.832361218324618,3.1532176439390293e-09,5.775147940432318e-09,1.0,0,2.0055285293766956e-08,3.944572763326948e-09,1.0,0,1.5923543691732236e-08,4.154770037253586e-09,1.0,0
137,GS-MEDIUM-HST,53.07990672713357,-27.838961098623805,,,0.0,4,,,0.0,4,8.842432457960198e-08,4.112221957273133e-09,1.0,0
834,GS-MEDIUM-HST,53.04881432867413,-27.831065288668597,,,0.0,4,,,0.0,4,9.379509754072727e-08,4.004005832573442e-09,1.0,0
6,GS-MEDIUM-HST,53.093190422471295,-27.832392082832616,4.58172359752125e-08,5.7173223255898656e-09,1.0,0,9.992193831517626e-08,4.223451273232674e-09,1.0,0,8.278357733818998e-08,3.866498697943425e-09,1.0,0
322,GS-MEDIUM-HST,53.08232738614742,-27.82430286425816,3.777007796282449e-08,5.865178884674192e-09,1.0,0,9.116461032593595e-08,4.19505498164875e-09,1.0,0,8.00830558107109e-08,4.028544033349798e-09,1.0,0
706,GS-MEDIUM-HST,53.061872528226594,-27.824679931860597,,,0.0,4,,,0.0,4,6.875651551740187e-08,4.3402416001329325e-09,1.0,0
543,GS-MEDIUM-HST,53.065467500643344,-27.831351410301327,,,0.0,4,,,0.0,4,5.434839984741413e-08,3.838488392604406e-09,1.0,0
434,GS-MEDIUM-HST,53.082956943914716,-27.818621357557628,1.4702196060528447e-07,6.135618450007001e-09,1.0,0,2.2671507102057823e-08,1.9798617724169085e-09,0.16379310344827586,5,8.455885315054983e-08,4.028016151605604e-09,1.0,0
380,GS-MEDIUM-HST,53.07514504554944,-27.82959870391246,6.173219818596721e-08,5.957518215017291e-09,1.0,0,9.307624765748613e-08,3.970620179559161e-09,1.0,0,8.06720519397099e-08,4.134281342296534e-09,1.0,0
601,GS-MEDIUM-HST,53.07701470420632,-27.814442711246333,,,0.0,4,,,0.0,4,7.445053866061638e-08,4.025487308668463e-09,1.0,0
77,GS-MEDIUM-HST,53.07039767244011,-27.853476499244817,,,0.0,4,,,0.0,4,8.57924404702729e-08,4.029221240217377e-09,1.0,0
344,GS-MEDIUM-HST,53.06537631926929,-27.842528641793198,,,0.0,4,,,0.0,4,9.132465761712387e-08,4.1681589835783596e-09,1.0,0
479,GS-MEDIUM-HST,53.06778572721873,-27.83296585370625,,,0.0,4,,,0.0,4,4.771894928671581e-08,4.294867795624809e-09,1.0,0
296,GS-MEDIUM-HST,53.07148609953621,-27.83797955984232,,,0.0,4,,,0.0,4,7.418869861297092e-08,4.271405902574774e-09,1.0,0
836,GS-MEDIUM-HST,53.06815475598225,-27.808958352217278,,,0.0,4,,,0.0,4,8.38564011035844e-08,4.63861563429189e-09,1.0,0
653,GS-MEDIUM-HST,53.06704870505794,-27.822593670215102,,,0.0,4,,,0.0,4,8.961931953263372e-08,4.175362670600795e-09,1.0,0
390,GS-MEDIUM-HST,53.08014850223345,-27.823702593005848,6.615342601990807e-08,5.778096201349918e-09,1.0,0,9.441597213531896e-08,4.184065090241863e-09,1.0,0,5.491749843730691e-08,4.094997153711771e-09,1.0,0
425,GS-MEDIUM-HST,53.06194588841626,-27.84279749176477,,,0.0,4,,,0.0,4,8.476179758220879e-08,4.011867521672408e-09,1.0,0
815,GS-MEDIUM-HST,53.05626397787867,-27.82372778739719,,,0.0,4,,,0.0,4,8.344674604982185e-08,3.993605624663684e-09,1.0,0
1147,GS-MEDIUM-HST,53.064304370905326,-27.807505453810915,,,0.0,4,,,0.0,4,2.76641026661224e-08,4.1082144087797e-09,1.0,0
1113,GS-MEDIUM-HST,53.053516837806846,-27.830091680001043,,,0.0,4,,,0.0,4,4.677906549660382e-09,3.952303854528203e-09,1.0,0
1065,GS-MEDIUM-HST,53.0629810854183,-27.83135330563548,,,0.0,4,,,0.0,4,2.163815165873033e-08,4.039708451108635e-09,1.0,0
976,GS-MEDIUM-HST,53.08094959763367,-27.830975461698984,1.0655695240298644e-07,6.017211457035815e-09,1.0,0,1.2371999523007798e-07,4.254392672636271e-09,1.0,0,6.369445570345774e-08,4.2298468342800426e-09,1.0,0
473,GS-MEDIUM-HST,53.058701850458036,-27.843842885908618,,,0.0,4,,,0.0,4,7.945461854531622e-08,4.151055345540367e-09,1.0,0
1136,GS-MEDIUM-HST,53.05545079802275,-27.8233421905206,,,0.0,4,,,0.0,4,1.960997796718553e-08,4.0451678001998565e-09,1.0,0
399,GS-MEDIUM-HST,53.07225190002723,-27.832257584175235,,,0.0,4,,,0.0,4,7.304263792970336e-08,4.241612414401598e-09,1.0,0
40,GS-MEDIUM-HST,53.08590878105041,-27.83775131975583,8.423622030318139e-08,5.727599137374861e-09,1.0,0,1.425048089828114e-07,4.2998109953097955e-09,1.0,0,8.833729783400858e-08,3.972682956185154e-09,1.0,0
66,GS-MEDIUM-HST,53.09000882852467,-27.831657883182352,3.3251756725064477e-09,5.407225203286992e-09,1.0,0,4.330182038937617e-09,3.832770175368575e-09,1.0,0,6.130128679394372e-08,1.0062233577240057e-08,1.0,0
870,GS-MEDIUM-HST,53.064200243733666,-27.810695218282852,,,0.0,4,,,0.0,4,6.290406325562522e-08,3.918704870117407e-09,1.0,0
1139,GS-MEDIUM-HST,53.05506105128705,-27.823346879630257,,,0.0,4,,,0.0,4,3.9837390617412804e-08,3.91366782014549e-09,1.0,0
610,GS-MEDIUM-HST,53.058092207114406,-27.835369876342753,,,0.0,4,,,0.0,4,6.092940998508995e-08,4.1189852815866955e-09,1.0,0
317,GS-MEDIUM-HST,53.08003096313923,-27.827218457351215,4.987958370951256e-08,5.628697539152809e-09,1.0,0,2.076776529935337e-07,4.435828781340495e-09,1.0,0,7.01822733307514e-08,4.1911510721504636e-09,1.0,0
599,GS-MEDIUM-HST,53.06263460110516,-27.83081625728597,,,0.0,4,,,0.0,4,5.348309491254453e-08,4.163974978728978e-09,1.0,0
661,GS-MEDIUM-HST,53.07341013526931,-27.815056571570384,,,0.0,4,,,0.0,4,7.129428711129069e-08,3.831071489824055e-09,1.0,0
634,GS-MEDIUM-HST,53.073295409229075,-27.817188249945367,,,0.0,4,,,0.0,4,6.717846286127136e-08,4.307887735496497e-09,1.0,0
1105,GS-MEDIUM-HST,53.07266738683341,-27.810424788990698,,,0.0,4,,,0.0,4,1.87795117737116e-08,3.86942299071584e-09,1.0,0
525,GS-MEDIUM-HST,53.06478888274562,-27.8334407998428,,,0.0,4,,,0.0,4,7.067695710023708e-08,4.022539894361132e-09,1.0,0
288,GS-MEDIUM-HST,53.08153099314858,-27.826876332829542,7.487597446699769e-08,5.936896105603041e-09,1.0,0,1.2001168039907394e-07,4.252310659000973e-09,1.0,0,5.189550613297726e-08,4.013555449692645e-09,1.0,0
666,GS-MEDIUM-HST,53.05544675328025,-27.83510359812076,,,0.0,4,,,0.0,4,8.24051429420974e-08,4.112560711376802e-09,1.0,0
846,GS-MEDIUM-HST,53.04514771380824,-27.834224489995073,,,0.0,4,,,0.0,4,6.653029680560054e-08,4.3434351594339214e-09,1.0,0
489,GS-MEDIUM-HST,53.06723149097925,-27.832857004020518,,,0.0,4,,,0.0,4,6.357942395669242e-08,4.246616896096454e-09,1.0,0
1021,GS-MEDIUM-HST,53.07430125858698,-27.828749425885917,3.477189155658207e-08,5.681571351935615e-09,1.0,0,5.013384249235972e-08,4.03725851294179e-09,1.0,0,3.3917437706127146e-08,3.947444374071132e-09,1.0,0
173,GS-MEDIUM-HST,53.08700371890688,-27.82794623362198,1.4006026137961755e-07,6.075470795333517e-09,1.0,0,1.4452531793865967e-07,4.221166153102952e-09,1.0,0,6.898796592997714e-08,4.10459687209238e-09,1.0,0
269,GS-MEDIUM-HST,53.0649999953177,-27.846826807502207,,,0.0,4,,,0.0,4,5.4342599290514765e-08,3.797393144162318e-09,1.0,0
899,GS-MEDIUM-HST,53.04348484974339,-27.832318374179142,,,0.0,4,,,0.0,4,8.359958439548805e-08,4.116434932254948e-09,1.0,0
630,GS-MEDIUM-HST,53.059554015583124,-27.83283565384084,,,0.0,4,,,0.0,4,7.798194478330632e-08,4.0553841816096225e-09,1.0,0
649,GS-MEDIUM-HST,53.05739068573505,-27.833975976375356,,,0.0,4,,,0.0,4,6.312788537419854e-08,4.005035164237008e-09,1.0,0
97,GS-MEDIUM-HST,53.07714392547553,-27.844646838879118,,,0.0,4,,,0.0,4,8.103089688757525e-08,3.987316684902931e-09,1.0,0
392,GS-MEDIUM-HST,53.067294137589194,-27.8383407057566,,,0.0,4,,,0.0,4,7.904789229808625e-08,4.069705631179005e-09,1.0,0
450,GS-MEDIUM-HST,53.05856787486877,-27.845286877491084,,,0.0,4,,,0.0,4,7.330551649767397e-08,3.919087540965927e-09,1.0,0
79,GS-MEDIUM-HST,53.079352866499825,-27.84317963149411,,,0.0,4,,,0.0,4,5.818088139902221e-08,4.02863019119831e-09,1.0,0
483,GS-MEDIUM-HST,53.064857462468666,-27.836145401444515,,,0.0,4,,,0.0,4,6.285685826340982e-08,4.31980146061496e-09,1.0,0
124,GS-MEDIUM-HST,53.086966741249064,-27.831906636018303,2.002253148909959e-09,5.539188532451929e-09,1.0,0,8.788158659303725e-09,3.9257968370847796e-09,1.0,0,8.287319012416654e-08,4.339521703455104e-09,1.0,0
249,GS-MEDIUM-HST,53.07331749971686,-27.838884757748307,,,0.0,4,,,0.0,4,6.287123337023141e-08,4.144871757044882e-09,1.0,0
206,GS-MEDIUM-HST,53.08835925561982,-27.824307474752484,7.560660827441421e-08,7.227994637246893e-09,1.0,0,1.3623181372874158e-07,4.502727423446676e-09,1.0,0,7.518116517172467e-08,3.960485060785919e-09,1.0,0
993,GS-MEDIUM-HST,53.07592402433171,-27.833264722198823,2.2506848481718568e-08,5.618690235475142e-09,1.0,0,6.19616962193342e-08,4.025170375368784e-09,1.0,0,-1.8815390795732716e-07,7.587707271865668e-09,1.0,0
321,GS-MEDIUM-HST,53.07018603189368,-27.83813094934987,,,0.0,4,,,0.0,4,6.273886421005357e-08,4.077469946693868e-09,1.0,0
535,GS-MEDIUM-HST,53.06048286739875,-27.837430230847012,,,0.0,4,,,0.0,4,6.69726807875513e-08,3.908324592503421e-09,1.0,0
478,GS-MEDIUM-HST,53.06475907183459,-27.836432907854892,,,0.0,4,,,0.0,4,7.427411735256465e-08,4.1613436287312595e-09,1.0,0
283,GS-MEDIUM-HST,53.06506969060921,-27.846191343576358,,,0.0,4,,,0.0,4,6.8019275698554e-08,4.285062352895223e-09,1.0,0
384,GS-MEDIUM-HST,53.060067856402576,-27.84655538990299,,,0.0,4,,,0.0,4,6.385351377852278e-08,3.991222442303991e-09,1.0,0
435,GS-MEDIUM-HST,53.078539996397154,-27.823608998620887,8.812124857644016e-08,6.019583679660834e-09,1.0,0,,,0.0,1,6.34185114592107e-08,4.0614601314327055e-09,1.0,0
474,GS-MEDIUM-HST,53.05856116676999,-27.843941891064308,,,0.0,4,,,0.0,4,7.335461940038463e-08,4.203771462933015e-09,1.0,0
500,GS-MEDIUM-HST,53.06163505837013,-27.838530793071442,,,0.0,4,,,0.0,4,7.031182149030387e-08,4.049014870903949e-09,1.0,0
655,GS-MEDIUM-HST,53.07143691440736,-27.817560808013162,,,0.0,4,,,0.0,4,6.723637588421741e-08,3.832927498589546e-09,1.0,0
534,GS-MEDIUM-HST,53.06599925063192,-27.831178254046606,,,0.0,4,,,0.0,4,5.75387150105759e-08,4.407950101733537e-09,1.0,0
74,GS-MEDIUM-HST,53.0902302873164,-27.83113088635462,6.639401180897681e-08,6.006063035894102e-09,1.0,0,1.0168872163457634e-07,4.178943262052448e-09,1.0,0,7.30362403192806e-08,3.67425624574885e-09,1.0,0
162,GS-MEDIUM-HST,53.072984127455584,-27.84511161777675,,,0.0,4,,,0.0,4,7.637428825366676e-08,4.053307816639174e-09,1.0,0
170,GS-MEDIUM-HST,53.08553675014219,-27.82986980075812,5.375034214393932e-08,5.916076863653317e-09,1.0,0,1.0455360749144567e-07,4.168076234082234e-09,1.0,0,6.415900856955235e-08,4.249412092997139e-09,1.0,0
620,GS-MEDIUM-HST,53.05437216083451,-27.83912245595456,,,0.0,4,,,0.0,4,6.788671908858038e-08,4.109042403747535e-09,1.0,0
263,GS-MEDIUM-HST,53.0716979138127,-27.83975563943336,,,0.0,4,,,0.0,4,7.255168535322712e-08,4.3082119884711605e-09,1.0,0
345,GS-MEDIUM-HST,53.073581919134554,-27.833208917845173,,,0.0,4,,,0.0,4,6.409629837489367e-08,4.048455540054237e-09,1.0,0
444,GS-MEDIUM-HST,53.07892913080415,-27.822576871378978,6.506187716232804e-08,5.868133800127904e-09,1.0,0,,,0.0,4,6.952708884336623e-08,4.049708933753284e-09,1.0,0
185,GS-MEDIUM-HST,53.070393139289614,-27.846300943321573,,,0.0,4,,,0.0,4,7.157915174074924e-08,3.912871251516554e-09,1.0,0
752,GS-MEDIUM-HST,53.0478781398901,-27.83696446379996,,,0.0,4,,,0.0,4,7.711897877101466e-08,4.161331982522834e-09,1.0,0
228,GS-MEDIUM-HST,53.07989231668231,-27.832527788035936,5.679136528787798e-08,5.806907523018583e-09,1.0,0,1.1313687630372549e-07,4.412534437009643e-09,1.0,0,6.890966117788007e-08,3.988704226188372e-09,1.0,0
89,GS-MEDIUM-HST,53.08758632942353,-27.833166449729283,9.671226809775314e-08,5.953286326557796e-09,1.0,0,8.952062560513181e-08,4.120499583345202e-09,1.0,0,7.356550631641376e-08,4.141454526193277e-09,1.0,0
423,GS-MEDIUM-HST,53.07324662178282,-27.82995509149197,7.119928449360204e-08,5.857971671235786e-09,1.0,0,1.152413747658539e-07,4.355273487961058e-09,1.0,0,5.9310442855739104e-08,4.3638201819313405e-09,1.0,0
204,GS-MEDIUM-HST,53.08805871320784,-27.824685018834185,4.336135708691964e-08,5.865650618789133e-09,1.0,0,7.883532948088435e-08,4.092018605919871e-09,1.0,0,6.976693560231246e-08,3.892152671981704e-09,1.0,0
864,GS-MEDIUM-HST,53.064140128979716,-27.811267155991782,,,0.0,4,,,0.0,4,6.004501888734263e-08,4.136914641094983e-09,1.0,0
788,GS-MEDIUM-HST,53.057575902858055,-27.823720975820706,,,0.0,4,,,0.0,4,6.317763754895866e-08,4.064835711909387e-09,1.0,0
176,GS-MEDIUM-HST,53.076906680228255,-27.83921186422572,,,0.0,4,,,0.0,4,6.612861627219535e-08,4.041338951864747e-09,1.0,0
692,GS-MEDIUM-HST,53.07025182064884,-27.816055465782075,,,0.0,4,,,0.0,4,5.1074739089539355e-08,3.955680622853869e-09,1.0,0
792,GS-MEDIUM-HST,53.067413110851085,-27.812390254191993,,,0.0,4,,,0.0,4,5.510336599266346e-08,4.0514219054023065e-09,1.0,0
622,GS-MEDIUM-HST,53.054557795338276,-27.838734726704246,,,0.0,4,,,0.0,4,6.944291954223106e-08,4.095691936904758e-09,1.0,0
551,GS-MEDIUM-HST,53.0629453324774,-27.834085672791574,,,0.0,4,,,0.0,4,5.5461945470008275e-08,4.167813060682488e-09,1.0,0
302,GS-MEDIUM-HST,53.083040321588655,-27.824371181104016,9.224521861557679e-08,6.268252651373189e-09,1.0,0,1.677714784730747e-07,4.5041626390282556e-09,1.0,0,6.44951108467029e-08,4.121374456946665e-09,1.0,0
530,GS-MEDIUM-HST,53.066677091128874,-27.830840152501743,,,0.0,4,,,0.0,4,5.8360009835015655e-08,4.192603988233208e-09,1.0,0
80,GS-MEDIUM-HST,53.0947281477408,-27.8257233616377,8.255689024793949e-08,6.2603455978700914e-09,1.0,0,1.2867530702876437e-07,4.225236985578848e-09,1.0,0,6.082579123837021e-08,3.9444139306732294e-09,1.0,0
401,GS-MEDIUM-HST,53.081278476885196,-27.82181268504571,4.8041341515021244e-08,5.6062753579075695e-09,1.0,0,6.892810126094515e-08,4.1676624980449475e-09,1.0,0,4.722185142440947e-08,3.899338960513737e-09,1.0,0
158,GS-MEDIUM-HST,53.06811907240791,-27.850877300341367,,,0.0,4,,,0.0,4,7.254060063993571e-08,3.888544742271112e-09,1.0,0
573,GS-MEDIUM-HST,53.065322247572766,-27.829527022440868,,,0.0,4,,,0.0,4,5.650557469733823e-08,4.0700402027053825e-09,1.0,0
547,GS-MEDIUM-HST,53.05922173972064,-27.838366930258143,,,0.0,4,,,0.0,4,5.873163701099192e-08,4.006291078369163e-09,1.0,0
777,GS-MEDIUM-HST,53.06258083782283,-27.818967965444717,,,0.0,4,,,0.0,4,5.2482290512518295e-08,4.214982032713694e-09,1.0,0
609,GS-MEDIUM-HST,53.062830135069824,-27.829990985583322,,,0.0,4,,,0.0,4,4.721069395994523e-08,3.848730777977747e-09,1.0,0
465,GS-MEDIUM-HST,53.07072402030339,-27.830839604154075,,,0.0,4,,,0.0,4,5.9139588042254616e-08,4.231136107984787e-09,1.0,0
355,GS-MEDIUM-HST,53.07074561127337,-27.835946781371018,,,0.0,4,,,0.0,4,6.35430134592055e-08,4.240408371548518e-09,1.0,0
700,GS-MEDIUM-HST,53.06186745265289,-27.825285392442744,,,0.0,4,,,0.0,4,5.592070578292811e-08,4.014138332505234e-09,1.0,0
403,GS-MEDIUM-HST,53.0643699974363,-27.840953726165747,,,0.0,4,,,0.0,4,7.36420150386045e-08,3.871002631567467e-09,1.0,0
1013,GS-MEDIUM-HST,53.069398800524105,-27.83579614856488,,,0.0,4,,,0.0,4,-3.2652968295118863e-07,4.4617613244824506e-09,1.0,0
886,GS-MEDIUM-HST,53.05259083226292,-27.822802993078856,,,0.0,4,,,0.0,4,5.288558048355993e-08,4.087834217390196e-09,1.0,0
205,GS-MEDIUM-HST,53.08469542658481,-27.828494602818978,5.448841680598771e-09,5.743736929770462e-09,1.0,0,7.072632668957431e-08,4.058609136186264e-09,1.0,0,6.640955757585373e-08,4.1737430702113e-09,1.0,0
73,GS-MEDIUM-HST,53.09449666924556,-27.826227771260797,1.5547770403329803e-08,5.993696829589957e-09,1.0,0,1.3362669580244589e-08,3.976755890834716e-09,1.0,0,1.9272934054586772e-08,3.8367922299360335e-09,1.0,0
726,GS-MEDIUM-HST,53.05346568625096,-27.832317244270058,,,0.0,4,,,0.0,4,6.207627453958975e-08,4.004335610729147e-09,1.0,0
790,GS-MEDIUM-HST,53.05712905935068,-27.82424378863847,,,0.0,4,,,0.0,4,6.169172768737167e-08,4.121010197849922e-09,1.0,0
1039,GS-MEDIUM-HST,53.065833699055034,-27.83201270013465,,,0.0,4,,,0.0,4,1.4181142828456369e-08,4.086076824318056e-09,1.0,0
335,GS-MEDIUM-HST,53.06966976434787,-27.838286146351063,,,0.0,4,,,0.0,4,-1.462719250864776e-07,1.5598877832769372e-08,0.9655172413793104,5
1100,GS-MEDIUM-HST,53.07297083918674,-27.810919194800793,,,0.0,4,,,0.0,4,6.933994895951318e-09,3.9705689100265634e-09,1.0,0
1020,GS-MEDIUM-HST,53.07273331909807,-27.83082400408085,2.275756237370951e-08,5.8945332342122366e-09,1.0,0,3.211966513666903e-08,3.969324561943221e-09,1.0,0,1.9438506296604357e-08,4.499525305078112e-09,1.0,0
469,GS-MEDIUM-HST,53.06533405321431,-27.836610318037685,,,0.0,4,,,0.0,4,4.8603995509456646e-08,4.25157040363116e-09,1.0,0
221,GS-MEDIUM-HST,53.0846528421138,-27.82741564779015,3.164988487348595e-08,5.8768148506699534e-09,1.0,0,8.068403873015488e-08,4.2269352316591365e-09,1.0,0,6.698448418232793e-08,3.976449031782559e-09,1.0,0
765,GS-MEDIUM-HST,53.048558867406,-27.83564874019405,,,0.0,4,,,0.0,4,-1.781806996974761e-08,1.3897585697842288e-08,1.0,0
428,GS-MEDIUM-HST,53.069395082172406,-27.834192896622493,,,0.0,4,,,0.0,4,5.605136419025333e-08,4.162226412971776e-09,1.0,0
617,GS-MEDIUM-HST,53.05732513502046,-27.835942288442542,,,0.0,4,,,0.0,4,6.72198170715455e-08,4.220623904031512e-09,1.0,0
1138,GS-MEDIUM-HST,53.055328548320446,-27.82323143542431,,,0.0,4,,,0.0,4,2.5593771330438522e-08,4.0205650643782e-09,1.0,0
686,GS-MEDIUM-HST,53.05986698591852,-27.828366553047704,,,0.0,4,,,0.0,4,6.193961487846974e-08,4.1279176850282055e-09,1.0,0
593,GS-MEDIUM-HST,53.05403487344085,-27.84099723605161,,,0.0,4,,,0.0,4,5.266856399357042e-08,3.940507798117108e-09,1.0,0
252,GS-MEDIUM-HST,53.086310326794674,-27.823966011848643,-1.672879478955069e-08,5.60039530582315e-09,1.0,0,4.739969660276933e-08,4.3848566579153515e-09,1.0,0,6.234956300086177e-08,3.855382272060128e-09,1.0,0
257,GS-MEDIUM-HST,53.07532915871869,-27.835939522245983,,,0.0,4,,,0.0,4,5.7224651469166655e-08,3.9768416745961136e-09,1.0,0
849,GS-MEDIUM-HST,53.06799471525008,-27.80815863072833,,,0.0,4,,,0.0,4,6.107627802144402e-08,3.976318024403643e-09,1.0,0
775,GS-MEDIUM-HST,53.07032360045261,-27.810481681546197,,,0.0,4,,,0.0,4,5.597483875326914e-08,3.938399717369137e-09,1.0,0
707,GS-MEDIUM-HST,53.064752941724194,-27.821367411872803,,,0.0,4,,,0.0,4,6.680464585365528e-08,4.046949749928477e-09,1.0,0
289,GS-MEDIUM-HST,53.07031844468302,-27.839560755831133,,,0.0,4,,,0.0,4,6.63192977694304e-08,3.773449157966735e-09,1.0,0
36,GS-MEDIUM-HST,53.076062487338845,-27.849199229926313,,,0.0,4,,,0.0,4,1.7738939916961944e-08,4.1328945754098395e-09,1.0,0
1024,GS-MEDIUM-HST,53.07073995139626,-27.83212589186519,,,0.0,4,,,0.0,4,3.210221160007247e-08,4.291463219554349e-09,0.9666666666666667,5
684,GS-MEDIUM-HST,53.05651059133119,-27.83233844736049,,,0.0,4,,,0.0,4,3.2158255943930454e-08,4.065852148164055e-09,1.0,0
600,GS-MEDIUM-HST,53.055513992865784,-27.838880960762197,,,0.0,4,,,0.0,4,6.207652656814642e-08,3.936022273697359e-09,1.0,0
393,GS-MEDIUM-HST,53.0689963132917,-27.836337013284645,,,0.0,4,,,0.0,4,6.122446401054364e-08,4.113492393114313e-09,1.0,0
376,GS-MEDIUM-HST,53.068196043415256,-27.83757291516705,,,0.0,4,,,0.0,4,4.416623294423094e-08,4.138944753458167e-09,1.0,0
136,GS-MEDIUM-HST,53.07658957250999,-27.842713476033026,,,0.0,4,,,0.0,4,5.2326022142912565e-08,3.970128224020262e-09,1.0,0
112,GS-MEDIUM-HST,53.09151050384147,-27.827397223115373,6.612244034288664e-08,6.261850048770258e-09,1.0,0,8.038552062429954e-08,4.263504196591825e-09,1.0,0,5.77429390562172e-08,4.88742802429102e-09,1.0,0
958,GS-MEDIUM-HST,53.09310974128822,-27.824416892615886,-5.33411718211697e-08,6.054563438129635e-09,1.0,0,-4.813601978181652e-08,4.164754911776345e-09,1.0,0,4.332321598940229e-10,3.840115857543943e-09,1.0,0
1070,GS-MEDIUM-HST,53.05844244086321,-27.833406046445198,,,0.0,4,,,0.0,4,3.935807252924394e-09,4.010527552227304e-09,1.0,0
590,GS-MEDIUM-HST,53.05963338174804,-27.83479677326308,,,0.0,4,,,0.0,4,5.0326746521009876e-08,4.905814230004808e-09,1.0,0
212,GS-MEDIUM-HST,53.071985473299954,-27.842597578789487,,,0.0,4,,,0.0,4,6.509002478147396e-08,3.920325208797797e-09,1.0,0
83,GS-MEDIUM-HST,53.0719174601412,-27.85136773273021,,,0.0,4,,,0.0,4,3.741267242164419e-08,3.7290186257381756e-09,1.0,0
672,GS-MEDIUM-HST,53.06921356572114,-27.81898876856991,,,0.0,4,,,0.0,4,4.8141783583646016e-08,4.478289458351231e-09,1.0,0
513,GS-MEDIUM-HST,53.07877679142353,-27.818332162703108,,,0.0,4,,,0.0,4,6.072513067363445e-08,3.921719670455799e-09,1.0,0
1107,GS-MEDIUM-HST,53.067216415893675,-27.816332319749304,,,0.0,4,,,0.0,4,-1.2116485120339123e-09,3.993336167723459e-09,1.0,0
236,GS-MEDIUM-HST,53.08655900077226,-27.82453817583517,6.22374225927185e-08,5.993088082402174e-09,1.0,0,7.344560831556074e-08,4.077360634140353e-09,1.0,0,5.406887653319668e-08,4.10002550998818e-09,1.0,0
965,GS-MEDIUM-HST,53.09247910319434,-27.823968632505718,-6.199217487452492e-08,5.902923087613996e-09,1.0,0,-8.081729114018125e-08,4.031294954855197e-09,1.0,0,-6.4591491157832146e-09,3.814833185571536e-09,1.0,0
51,GS-MEDIUM-HST,53.076311566760396,-27.847911208378992,,,0.0,4,,,0.0,4,5.533663588592411e-08,3.912668413937756e-09,1.0,0
714,GS-MEDIUM-HST,53.068329228572374,-27.816735799447667,,,0.0,4,,,0.0,4,5.633729452981178e-08,4.136870023474635e-09,1.0,0
250,GS-MEDIUM-HST,53.08079032089452,-27.830337943368807,5.5089759592716756e-08,5.854216635300636e-09,1.0,0,1.3017401017741414e-07,4.258693576444992e-09,1.0,0,5.8774262105094096e-08,3.872369649049838e-09,1.0,0
224,GS-MEDIUM-HST,53.085039653412416,-27.826887783661544,4.696881021105369e-09,5.768963895126394e-09,1.0,0,6.774926338033674e-08,4.166007046542597e-09,1.0,0,4.747311056674993e-08,3.8997917717230855e-09,1.0,0
603,GS-MEDIUM-HST,53.06394091327585,-27.829114950379275,,,0.0,4,,,0.0,4,5.345735765559916e-08,4.2505935826548785e-09,1.0,0
582,GS-MEDIUM-HST,53.067235830298664,-27.826626507961546,,,0.0,4,,,0.0,4,4.451046847881758e-08,4.5906068685498346e-09,1.0,0
596,GS-MEDIUM-HST,53.05404328196849,-27.840828186754887,,,0.0,4,,,0.0,4,5.8272305693971396e-08,3.9519713625183086e-09,1.0,0
491,GS-MEDIUM-HST,53.077723216354116,-27.820766021519674,,,0.0,4,,,0.0,4,4.9356862180949636e-08,4.0183217027450724e-09,1.0,0
424,GS-MEDIUM-HST,53.08238667710919,-27.819609048723073,3.843505472891944e-08,5.98218315036162e-09,1.0,0,4.1734820439196336e-08,3.955843053600294e-09,1.0,0,3.8867081577902213e-08,3.7517093487623975e-09,1.0,0
246,GS-MEDIUM-HST,53.08117292794975,-27.83028473043477,4.68940067246513e-08,5.6863623619216125e-09,1.0,0,6.977118811018417e-08,4.173041815266658e-09,1.0,0,6.16791124162543e-08,4.058562194989934e-09,1.0,0
618,GS-MEDIUM-HST,53.058996169498336,-27.833956794980367,,,0.0,4,,,0.0,4,5.2899590827042797e-08,4.213507461956572e-09,1.0,0
197,GS-MEDIUM-HST,53.069207416851775,-27.846366076409335,,,0.0,4,,,0.0,4,5.966876732052675e-08,4.0424738739438475e-09,1.0,0
166,GS-MEDIUM-HST,53.09067641853955,-27.824567531188404,1.4034655140190935e-08,5.650946536049627e-09,1.0,0,4.509883800957404e-08,4.013645604925843e-09,1.0,0,5.1535781642951534e-08,3.788348233885471e-09,1.0,0
555,GS-MEDIUM-HST,53.058566366277,-27.838777949726655,,,0.0,4,,,0.0,4,5.629842864537694e-08,3.7888257679142744e-09,1.0,0
1084,GS-MEDIUM-HST,53.06370126307163,-27.824186333927333,,,0.0,4,,,0.0,4,-1.9385872252826315e-10,4.1252605195185425e-09,1.0,0
796,GS-MEDIUM-HST,53.07036259750433,-27.808760283804098,,,0.0,4,,,0.0,4,2.9863770802873316e-08,3.7604462525845815e-09,0.7586206896551724,5
38,GS-MEDIUM-HST,53.096008757970736,-27.826530063450527,3.251564114354179e-08,5.740677035694566e-09,1.0,0,6.177519215575261e-08,4.230185186783518e-09,1.0,0,4.221273886289507e-08,3.9537986807042955e-09,1.0,0
149,GS-MEDIUM-HST,53.07302286513546,-27.845886533174138,,,0.0,4,,,0.0,4,6.012381343390748e-08,3.929564249321498e-09,1.0,0
340,GS-MEDIUM-HST,53.07833125541394,-27.828080742109503,6.188608514426275e-08,5.999167022642011e-09,1.0,0,6.557077548721424e-08,4.069214315849225e-09,1.0,0,5.1696020895750836e-08,4.1441839309869265e-09,1.0,0
945,GS-MEDIUM-HST,53.09244726170189,-27.827794801487805,2.6321847976150276e-08,5.7208709794248085e-09,1.0,0,5.4802385855027314e-08,4.118659382185995e-09,1.0,0,4.071869028732847e-08,4.187216390624901e-09,1.0,0
612,GS-MEDIUM-HST,53.05970705909658,-27.83348274833578,,,0.0,4,,,0.0,4,5.370714380051285e-08,3.941053969239186e-09,1.0,0
1056,GS-MEDIUM-HST,53.0768582775637,-27.81788309936606,,,0.0,4,,,0.0,4,2.2571432108259373e-08,3.91261243783384e-09,1.0,0
91,GS-MEDIUM-HST,53.08266604065101,-27.838733959672634,,,0.0,1,1.4453140805884762e-07,4.168535784734886e-09,1.0,0,5.878071415551778e-08,4.205090024579001e-09,1.0,0
571,GS-MEDIUM-HST,53.0701150630595,-27.824251582302637,,,0.0,4,,,0.0,4,4.932138677556538e-08,4.589637312470084e-09,1.0,0
181,GS-MEDIUM-HST,53.08911774176348,-27.825242991252075,2.0584721030980524e-08,5.706739973602921e-09,1.0,0,6.19912782810815e-08,4.161165345946956e-09,1.0,0,4.379417474820928e-08,3.9857024554904365e-09,1.0,0
751,GS-MEDIUM-HST,53.05831427717878,-27.82515565671613,,,0.0,4,,,0.0,4,3.6717919489506517e-08,4.3180807828637016e-09,1.0,0
527,GS-MEDIUM-HST,53.07178475472567,-27.825399652375598,,,0.0,4,,,0.0,4,4.4603764962900666e-08,4.34928278521924e-09,1.0,0
188,GS-MEDIUM-HST,53.08378587525209,-27.83090326615926,3.0216811610802044e-08,5.78017938469311e-09,1.0,0,6.898722302219586e-08,4.0863079977040625e-09,1.0,0,5.6980516947393954e-08,4.253522350040114e-09,1.0,0
145,GS-MEDIUM-HST,53.07618165868473,-27.842540857668148,,,0.0,4,,,0.0,4,4.956227412747182e-08,3.980960256697164e-09,1.0,0
343,GS-MEDIUM-HST,53.08081269437313,-27.825079174801495,6.820237785557023e-08,5.768468320224304e-09,1.0,0,7.319152655815753e-08,4.198009209892706e-09,1.0,0,4.589833542657918e-08,4.13295078160358e-09,1.0,0
803,GS-MEDIUM-HST,53.064144368015896,-27.815638773590827,,,0.0,4,,,0.0,4,4.9705314714821005e-08,4.07432376506487e-09,1.0,0
231,GS-MEDIUM-HST,53.065494534461564,-27.848679657915604,,,0.0,4,,,0.0,4,6.243424528730487e-08,3.80474631183738e-09,1.0,0
412,GS-MEDIUM-HST,53.08011303499789,-27.82263920908911,3.012576588105782e-08,5.626889978339681e-09,1.0,0,7.639111351927574e-08,3.965178137074912e-09,1.0,0,4.601564612487111e-08,3.879629557706594e-09,1.0,0
762,GS-MEDIUM-HST,53.06971509595691,-27.81181860849987,,,0.0,4,,,0.0,4,4.6628598876948e-08,4.188922819761047e-09,1.0,0
407,GS-MEDIUM-HST,53.068614816673666,-27.83604709532144,,,0.0,4,,,0.0,4,4.385809617949931e-08,4.833407377236961e-09,1.0,0
352,GS-MEDIUM-HST,53.080459085788135,-27.8251248378175,5.398162167552859e-08,5.885962042026695e-09,1.0,0,7.109829733344103e-08,4.088325923149529e-09,1.0,0,3.81858154319851e-08,4.160146554165652e-09,1.0,0
895,GS-MEDIUM-HST,53.04254388375652,-27.83373098407681,,,0.0,4,,,0.0,4,5.989130442299111e-08,4.076925259306592e-09,1.0,0
357,GS-MEDIUM-HST,53.073149112152294,-27.833134698753458,,,0.0,4,,,0.0,4,4.5315520852558705e-08,4.126048685378736e-09,1.0,0
606,GS-MEDIUM-HST,53.05286326929568,-27.841400718831988,,,0.0,4,,,0.0,4,4.6853283729327254e-08,3.947399123528415e-09,1.0,0
447,GS-MEDIUM-HST,53.069270504016,-27.833328780706506,,,0.0,4,,,0.0,4,5.698808030504698e-08,4.1643972239580665e-09,1.0,0
354,GS-MEDIUM-HST,53.076169946187164,-27.829960006288697,5.875074290261145e-08,5.770619081028568e-09,1.0,0,7.580666164840469e-08,4.026100478003535e-09,1.0,0,4.5015627288984766e-08,4.058012214159522e-09,1.0,0
1041,GS-MEDIUM-HST,53.061839687295524,-27.835013984650573,,,0.0,4,,,0.0,4,-1.1573966131321663e-13,4.060206523203082e-09,1.0,0
327,GS-MEDIUM-HST,53.07736994612973,-27.829661283965056,4.481915176815797e-08,5.899100232303258e-09,1.0,0,4.8627581727228587e-08,3.923055220550245e-09,1.0,0,4.716564021660873e-08,4.138685396671278e-09,1.0,0
305,GS-MEDIUM-HST,53.075612891901294,-27.832725773178012,5.5893723282499886e-08,5.564141169136817e-09,1.0,0,7.307566386951734e-08,4.153824245935386e-09,1.0,0,4.797848869642366e-08,3.979639800010803e-09,1.0,0
146,GS-MEDIUM-HST,53.06969278523702,-27.84986703701034,,,0.0,4,,,0.0,4,5.336168233019569e-08,3.912730068844082e-09,1.0,0
410,GS-MEDIUM-HST,53.07775075267656,-27.825450757149575,-1.1475263262618685e-08,5.543972720811736e-09,1.0,0,2.523807346895179e-08,4.163092134534035e-09,1.0,0,2.3164857550033944e-08,4.6230093978536805e-09,1.0,0
351,GS-MEDIUM-HST,53.07989446388193,-27.825832566163115,2.8281537306389055e-08,5.639012017112361e-09,1.0,0,6.844699005619122e-08,4.110196564834356e-09,1.0,0,5.407769845666993e-08,4.283383370235957e-09,1.0,0
113,GS-MEDIUM-HST,53.06957865696251,-27.85218350283864,,,0.0,4,,,0.0,4,4.514171538868934e-08,4.192923287513127e-09,1.0,0
127,GS-MEDIUM-HST,53.076545845634584,-27.84325124953894,,,0.0,4,,,0.0,4,3.9154219065989195e-08,3.941782930492202e-09,1.0,0
804,GS-MEDIUM-HST,53.05946191211926,-27.820919550024527,,,0.0,4,,,0.0,4,3.923599935988419e-08,4.039488102567258e-09,1.0,0
625,GS-MEDIUM-HST,53.06849925411193,-27.822916552175354,,,0.0,4,,,0.0,4,4.8545669732446946e-08,4.247257911831154e-09,1.0,0
103,GS-MEDIUM-HST,53.08388950496861,-27.836580377386593,1.3075415844715172e-08,5.611570519512612e-09,1.0,0,5.7614277741215247e-08,4.0570601423309725e-09,1.0,0,4.784195217266582e-08,4.0849447765118695e-09,1.0,0
896,GS-MEDIUM-HST,53.055546706282826,-27.81892412364602,,,0.0,4,,,0.0,4,5.484673825609048e-08,3.952945937471039e-09,1.0,0
628,GS-MEDIUM-HST,53.057921406780125,-27.83477265936326,,,0.0,4,,,0.0,4,4.4007316629292944e-08,4.322057824862022e-09,1.0,0
413,GS-MEDIUM-HST,53.076543649361795,-27.826665433292256,3.637633110986538e-08,6.2223967063877006e-09,1.0,0,5.062942346661393e-08,3.972920630517184e-09,1.0,0,2.437023926637194e-08,3.984083322649931e-09,1.0,0
265,GS-MEDIUM-HST,53.06737337523987,-27.8446474257641,,,0.0,4,,,0.0,4,4.598516923836778e-08,3.921634677766153e-09,1.0,0
865,GS-MEDIUM-HST,53.0478925368169,-27.829652463323296,,,0.0,4,,,0.0,4,5.0710888215502176e-08,4.109052057081451e-09,1.0,0
970,GS-MEDIUM-HST,53.06957080566494,-27.845532065659988,,,0.0,4,,,0.0,4,3.742732257791886e-08,3.930708922805242e-09,1.0,0
260,GS-MEDIUM-HST,53.07754002723604,-27.83324857965953,4.258343922740891e-09,5.908040245873649e-09,1.0,0,2.339010370300024e-09,3.950150996965045e-09,1.0,0,1.3432848234721574e-08,4.446315445250195e-09,1.0,0
368,GS-MEDIUM-HST,53.07607954015445,-27.829101658051954,5.353346525789769e-08,5.763542303932997e-09,1.0,0,5.2916265243502825e-08,3.9888222441547205e-09,1.0,0,3.277718683211857e-08,4.585706551430377e-09,1.0,0
536,GS-MEDIUM-HST,53.06588313960133,-27.83124629478162,,,0.0,4,,,0.0,4,2.6693918718456583e-08,3.938419983164612e-09,1.0,0
850,GS-MEDIUM-HST,53.04472145902206,-27.834501950446256,,,0.0,4,,,0.0,4,4.5203871160976885e-08,4.117861172623627e-09,1.0,0
604,GS-MEDIUM-HST,53.071284976594804,-27.820705692918427,,,0.0,4,,,0.0,4,4.4600152372775274e-08,4.207774528655855e-09,1.0,0
789,GS-MEDIUM-HST,53.06421820245692,-27.816192941431403,,,0.0,4,,,0.0,4,4.8299404854549264e-08,4.14411381255709e-09,1.0,0
560,GS-MEDIUM-HST,53.06361430570205,-27.832775735094085,,,0.0,4,,,0.0,4,4.6132813093033344e-08,4.042040366893249e-09,1.0,0
279,GS-MEDIUM-HST,53.07208629305314,-27.83833332239058,,,0.0,4,,,0.0,4,4.426791097690446e-08,4.0429111918515505e-09,1.0,0
239,GS-MEDIUM-HST,53.088974206099586,-27.821685397340428,5.363247917437663e-08,5.866093629768307e-09,1.0,0,6.396863467615685e-08,4.02968938865392e-09,1.0,0,4.584721320312078e-08,3.91564965984882e-09,1.0,0
496,GS-MEDIUM-HST,53.06502904126631,-27.83505119126766,,,0.0,4,,,0.0,4,4.56072380331326e-08,4.1857598649781926e-09,1.0,0
787,GS-MEDIUM-HST,53.06837775353078,-27.81152677098124,,,0.0,4,,,0.0,4,5.127318629718579e-08,4.031381441217933e-09,1.0,0
637,GS-MEDIUM-HST,53.05633096415766,-27.836242888551684,,,0.0,4,,,0.0,4,5.515259046407927e-08,4.134922134598412e-09,1.0,0
45,GS-MEDIUM-HST,53.07261386053858,-27.852496528755132,,,0.0,4,,,0.0,4,4.2533402682684306e-08,4.069606436415083e-09,1.0,0
662,GS-MEDIUM-HST,53.073521573308646,-27.814885114656995,,,0.0,4,,,0.0,4,4.18332857277321e-08,3.908183872766326e-09,1.0,0
578,GS-MEDIUM-HST,53.06185089775293,-27.833142171710413,,,0.0,4,,,0.0,4,3.834051239095155e-08,4.160378562837884e-09,1.0,0
287,GS-MEDIUM-HST,53.07826410971894,-27.830674664008207,4.5081157092252845e-08,5.6335891307151095e-09,1.0,0,6.296040312753671e-08,3.9935485981820134e-09,1.0,0,3.384700875074183e-08,4.19381595570645e-09,1.0,0
19,GS-MEDIUM-HST,53.0909900791683,-27.834326287802913,8.43937610929961e-08,6.711299283913631e-09,1.0,0,5.7246106439727595e-08,3.924599379148441e-09,1.0,0,5.379103409912358e-08,4.0946739208123695e-09,1.0,0
61,GS-MEDIUM-HST,53.08755175171644,-27.83450078682976,2.7944977847279727e-08,5.66131862918966e-09,1.0,0,5.065349651344461e-08,3.983076160453312e-09,1.0,0,4.987423909361581e-08,3.916622450024326e-09,1.0,0
772,GS-MEDIUM-HST,53.05226416412548,-27.8312030948041,,,0.0,4,,,0.0,4,4.576849342453414e-08,3.888374675675476e-09,1.0,0
301,GS-MEDIUM-HST,53.0730062330713,-27.83587864355095,,,0.0,4,,,0.0,4,2.619687067751665e-08,4.249237898828008e-09,1.0,0
191,GS-MEDIUM-HST,53.083442914740665,-27.831051833887003,3.9507147566757926e-08,5.8488711331195195e-09,1.0,0,5.91537120968904e-08,4.1574793513121204e-09,1.0,0,4.7441386657397866e-08,3.991304899554115e-09,1.0,0
731,GS-MEDIUM-HST,53.05770669324434,-27.827260685369488,,,0.0,4,,,0.0,4,4.081654298413089e-08,4.18122647241552e-09,1.0,0
1078,GS-MEDIUM-HST,53.05324697556448,-27.837291090531437,,,0.0,4,,,0.0,4,1.4646023380234842e-08,3.910010907397023e-09,1.0,0
178,GS-MEDIUM-HST,53.07573630561732,-27.840477859479595,,,0.0,4,,,0.0,4,5.025736091103835e-08,4.050120504933696e-09,1.0,0
548,GS-MEDIUM-HST,53.05699710538361,-27.840910619258143,,,0.0,4,,,0.0,4,4.647074023238993e-08,4.087697695825564e-09,1.0,0
605,GS-MEDIUM-HST,53.065521779735654,-27.827106590401797,,,0.0,4,,,0.0,4,4.722705432054934e-08,4.070417735897571e-09,1.0,0
426,GS-MEDIUM-HST,53.07119019300127,-27.83219110140156,,,0.0,4,,,0.0,4,4.216463889613027e-08,4.3229226570999594e-09,1.0,0
732,GS-MEDIUM-HST,53.06096469802318,-27.82349898549427,,,0.0,4,,,0.0,4,4.716021924347568e-08,3.944317744884405e-09,1.0,0
592,GS-MEDIUM-HST,53.0669230153492,-27.826424510615304,,,0.0,4,,,0.0,4,3.7201953101024236e-08,4.710144532310101e-09,1.0,0
636,GS-MEDIUM-HST,53.06800367469851,-27.823108935117695,,,0.0,4,,,0.0,4,5.3703660179346455e-08,4.100277762014014e-09,1.0,0
144,GS-MEDIUM-HST,53.07951729950754,-27.83879516846369,,,0.0,4,,,0.0,4,4.164237439437619e-08,3.953894874134482e-09,1.0,0
25,GS-MEDIUM-HST,53.080128824018466,-27.846096259768018,,,0.0,4,,,0.0,4,4.8757732001280555e-08,3.899383139286607e-09,1.0,0
12,GS-MEDIUM-HST,53.08087431567155,-27.84612288809243,,,0.0,4,,,0.0,4,4.225430428510786e-08,3.822532679038391e-09,1.0,0
577,GS-MEDIUM-HST,53.06358632668682,-27.83119259990365,,,0.0,4,,,0.0,4,4.426704960178124e-08,4.061184500938062e-09,1.0,0
50,GS-MEDIUM-HST,53.07538005937545,-27.849041981033945,,,0.0,4,,,0.0,4,2.678561953435513e-08,3.878918495726122e-09,1.0,0
248,GS-MEDIUM-HST,53.06517783555869,-27.848323691967753,,,0.0,4,,,0.0,4,5.5005371395425557e-08,4.1434909773648805e-09,1.0,0
306,GS-MEDIUM-HST,53.07280415160206,-27.83586087227917,,,0.0,4,,,0.0,4,3.73862124682463e-08,4.056336009072896e-09,1.0,0
646,GS-MEDIUM-HST,53.06040803621678,-27.830793514054747,,,0.0,4,,,0.0,4,4.3130079878200165e-08,4.0253476347294795e-09,1.0,0
1066,GS-MEDIUM-HST,53.05972874745082,-27.83446705103274,,,0.0,4,,,0.0,4,1.838290345277931e-08,4.083926635348005e-09,1.0,0
502,GS-MEDIUM-HST,53.05792076702946,-27.842742824720656,,,0.0,4,,,0.0,4,4.367412767485938e-08,4.012927630598787e-09,1.0,0
139,GS-MEDIUM-HST,53.0906330876854,-27.826353346897776,5.660824304287656e-08,6.017917853527976e-09,1.0,0,8.217719846001708e-08,4.212862818484833e-09,1.0,0,4.6506371502370346e-08,3.8650644461937715e-09,1.0,0
233,GS-MEDIUM-HST,53.08727750523715,-27.823882541555214,5.564837642373693e-08,5.896338372290375e-09,1.0,0,8.280620777569643e-08,4.248654385871112e-09,1.0,0,3.383194616616586e-08,3.993860776640143e-09,1.0,0
93,GS-MEDIUM-HST,53.08410019709311,-27.836928507196642,1.9164192693376648e-08,5.461381390830547e-09,1.0,0,2.99184365349787e-08,3.927501200779744e-09,1.0,0,3.502122131318592e-08,4.335400018264087e-09,1.0,0
616,GS-MEDIUM-HST,53.05384440677537,-27.84001058606307,,,0.0,4,,,0.0,4,4.92831927780632e-08,3.755000273697548e-09,1.0,0
75,GS-MEDIUM-HST,53.08331233197746,-27.839017426317216,9.910935021381673e-08,5.790565459052794e-09,0.956140350877193,5,1.3470333538228985e-07,4.201502128084664e-09,1.0,0,4.2131421692768726e-08,3.791490417906195e-09,1.0,0
733,GS-MEDIUM-HST,53.055211204750435,-27.82998515733605,,,0.0,4,,,0.0,4,2.3601574717886957e-08,3.906765935253989e-09,1.0,0
673,GS-MEDIUM-HST,53.05828639808169,-27.83138639621982,,,0.0,4,,,0.0,4,2.9086160886498305e-08,4.165608132010389e-09,1.0,0
816,GS-MEDIUM-HST,53.048092898301256,-27.83299707113604,,,0.0,4,,,0.0,4,4.397245054552966e-08,3.94782775409503e-09,1.0,0
1027,GS-MEDIUM-HST,53.071022875035545,-27.830207631891422,3.238533225194904e-08,5.676502173385543e-09,1.0,0,,,0.0,4,2.8171867569885375e-08,4.209590776102334e-09,1.0,0
568,GS-MEDIUM-HST,53.07815266262396,-27.815452459934317,,,0.0,4,,,0.0,4,4.560745500809182e-08,3.907465130182776e-09,1.0,0
1085,GS-MEDIUM-HST,53.06360697199813,-27.82422262156687,,,0.0,4,,,0.0,4,2.786045030622584e-10,4.270051722634311e-09,1.0,0
172,GS-MEDIUM-HST,53.08067004103951,-27.835145925395167,3.884984278644029e-08,5.7520673794858405e-09,1.0,0,3.766277772782006e-08,4.019542870846698e-09,1.0,0,3.289241168421531e-08,4.054187683263835e-09,1.0,0
511,GS-MEDIUM-HST,53.067310785551065,-27.831392411620197,,,0.0,4,,,0.0,4,3.135671543594231e-08,4.084554559490735e-09,1.0,0
890,GS-MEDIUM-HST,53.04535828113103,-27.83083382651999,,,0.0,4,,,0.0,4,4.660269893649656e-08,3.812093753219466e-09,1.0,0
67,GS-MEDIUM-HST,53.09273989859293,-27.828481774483265,5.704040850101115e-08,5.818310265335927e-09,1.0,0,8.069413417068669e-08,4.1256379342276414e-09,1.0,0,4.5959184209070165e-08,4.233160439481923e-09,1.0,0
559,GS-MEDIUM-HST,53.064902261126534,-27.83142968751969,,,0.0,4,,,0.0,4,3.717005937319291e-08,4.244588386849156e-09,1.0,0
308,GS-MEDIUM-HST,53.083273163616745,-27.823804667001138,7.155690775334436e-08,6.076214122633855e-09,1.0,0,8.799859543606016e-08,4.264895839035509e-09,1.0,0,4.002226592030152e-08,3.813527595396765e-09,1.0,0
307,GS-MEDIUM-HST,53.08086240366806,-27.82659318618794,7.28608242081928e-08,5.894570815018073e-09,1.0,0,8.239077440477523e-08,4.079670212243866e-09,1.0,0,4.398664234923882e-08,4.047817698399692e-09,1.0,0
1008,GS-MEDIUM-HST,53.07072242881549,-27.835564446512624,,,0.0,4,,,0.0,4,1.7297060968888257e-08,4.01130861838296e-09,1.0,0
644,GS-MEDIUM-HST,53.05760105228492,-27.834070208835467,,,0.0,4,,,0.0,4,2.6003233566556717e-08,4.006536404876553e-09,1.0,0
691,GS-MEDIUM-HST,53.063103590144856,-27.824295208404205,,,0.0,4,,,0.0,4,3.3457063570187134e-08,4.231144776419504e-09,1.0,0
1030,GS-MEDIUM-HST,53.067405604972954,-27.832406087525094,,,0.0,4,,,0.0,4,1.760984603193019e-08,4.102524703126749e-09,1.0,0
754,GS-MEDIUM-HST,53.06803480649677,-27.81403055445915,,,0.0,4,,,0.0,4,4.516153987242691e-08,3.884288492234157e-09,1.0,0
8,GS-MEDIUM-HST,53.082440924432625,-27.844385166795348,,,0.0,4,,,0.0,4,4.083053537469843e-08,3.894867594095297e-09,1.0,0
509,GS-MEDIUM-HST,53.07689168932435,-27.820530104663465,,,0.0,4,,,0.0,4,1.2320800301173907e-08,4.1989732363981115e-09,1.0,0
366,GS-MEDIUM-HST,53.07313996953018,-27.83272122288864,,,0.0,4,,,0.0,4,-2.002698462807502e-07,4.537981106106874e-09,1.0,0
951,GS-MEDIUM-HST,53.08946256175863,-27.83015236105696,-9.713635808731204e-09,5.956355080040024e-09,1.0,0,-3.428485564252359e-08,4.0695665602336024e-09,1.0,0,-1.40508179114778e-08,4.184677159415559e-09,1.0,0
882,GS-MEDIUM-HST,53.0662758751132,-27.807561903810626,,,0.0,4,,,0.0,4,3.3983083619360706e-08,3.911201591239765e-09,1.0,0
802,GS-MEDIUM-HST,53.0626181569042,-27.817416928531525,,,0.0,4,,,0.0,4,4.2475725089910295e-08,3.921461622984837e-09,1.0,0
164,GS-MEDIUM-HST,53.074207851351254,-27.843491749661965,,,0.0,4,,,0.0,4,4.780619475726941e-08,3.9376456710280535e-09,1.0,0
442,GS-MEDIUM-HST,53.06910769433585,-27.833764318191577,,,0.0,4,,,0.0,4,4.0462019013901165e-08,4.237858969187281e-09,1.0,0
562,GS-MEDIUM-HST,53.07174782306455,-27.823333944496184,,,0.0,4,,,0.0,4,1.0555671707437022e-08,4.2558614926104936e-09,1.0,0
506,GS-MEDIUM-HST,53.07892046087307,-27.818516075345528,,,0.0,4,,,0.0,4,4.269967136516937e-08,3.8825283584282336e-09,1.0,0
856,GS-MEDIUM-HST,53.049130108063046,-27.829256052212017,,,0.0,4,,,0.0,4,4.936335093846993e-08,4.349482742066015e-09,1.0,0
969,GS-MEDIUM-HST,53.082941798068696,-27.83155506520445,1.4477403975375964e-08,5.614622270270843e-09,1.0,0,1.580421622408484e-08,4.051514041380682e-09,1.0,0,3.602448623530514e-09,3.9260787410612425e-09,1.0,0
718,GS-MEDIUM-HST,53.05044152675458,-27.836675284154055,,,0.0,4,,,0.0,4,4.8658319584275714e-08,4.01587966109042e-09,1.0,0
271,GS-MEDIUM-HST,53.071921853288615,-27.83897817447416,,,0.0,4,,,0.0,4,4.4227057166230154e-08,4.109020267685012e-09,1.0,0
381,GS-MEDIUM-HST,53.07175499801455,-27.833391123789355,,,0.0,4,,,0.0,4,3.7382901732094225e-08,4.183849136190316e-09,1.0,0
218,GS-MEDIUM-HST,53.07222067167366,-27.84179302758413,,,0.0,4,,,0.0,4,4.058153515212011e-08,3.902191329289062e-09,1.0,0
123,GS-MEDIUM-HST,53.07477725160727,-27.845762211640356,,,0.0,4,,,0.0,4,5.011289490084579e-08,3.922311557697437e-09,1.0,0
778,GS-MEDIUM-HST,53.049265436862264,-27.833988673143708,,,0.0,4,,,0.0,4,4.0938075467148484e-08,3.931915714325633e-09,1.0,0
746,GS-MEDIUM-HST,53.053197293003215,-27.83151288842628,,,0.0,4,,,0.0,4,3.1481726125760446e-08,3.933851863897178e-09,1.0,0
518,GS-MEDIUM-HST,53.063308728909945,-27.835682076132624,,,0.0,4,,,0.0,4,4.4041542511900574e-08,4.022500413151615e-09,1.0,0
422,GS-MEDIUM-HST,53.0751991039639,-27.827846984100074,3.0838186609708994e-08,5.60888745072003e-09,1.0,0,3.336347784049335e-08,4.141000207477509e-09,1.0,0,3.586810960708876e-08,3.937439730395824e-09,1.0,0
719,GS-MEDIUM-HST,53.07320714422906,-27.810700872052717,,,0.0,4,,,0.0,4,-5.930200714646414e-09,3.7446845204394776e-09,0.75,5
521,GS-MEDIUM-HST,53.066176355473225,-27.832307655606012,,,0.0,4,,,0.0,4,3.172790872692479e-08,4.1784804618385175e-09,1.0,0
786,GS-MEDIUM-HST,53.04947344890148,-27.83300992338262,,,0.0,4,,,0.0,4,3.823100045605732e-08,3.872750973373472e-09,1.0,0
531,GS-MEDIUM-HST,53.066071376799606,-27.831503471471205,,,0.0,4,,,0.0,4,1.4244947229263737e-08,4.735253859950729e-09,1.0,0
724,GS-MEDIUM-HST,53.07169842654032,-27.811897145570374,,,0.0,4,,,0.0,4,4.3974038300021974e-08,4.040795405188739e-09,1.0,0
997,GS-MEDIUM-HST,53.071776880590704,-27.83713207253491,,,0.0,4,,,0.0,4,2.629380339081138e-08,3.990687972014773e-09,1.0,0
416,GS-MEDIUM-HST,53.0725165670942,-27.831100904383053,2.6534385649181934e-08,5.690073567193993e-09,1.0,0,4.016986143010426e-08,4.13263109235933e-09,1.0,0,3.9350368208024314e-08,4.350497848640422e-09,1.0,0
838,GS-MEDIUM-HST,53.068946064088486,-27.807840597496757,,,0.0,4,,,0.0,4,3.15374936168104e-08,4.401866671789523e-09,1.0,0
65,GS-MEDIUM-HST,53.09302864089164,-27.82820778894864,3.343301537463668e-08,6.010524323673458e-09,1.0,0,5.9273994545492755e-08,4.1344265420531264e-09,1.0,0,3.670872874499085e-08,3.899935432516509e-09,1.0,0
670,GS-MEDIUM-HST,53.06231162869368,-27.82689519077638,,,0.0,4,,,0.0,4,3.9563494049232096e-08,4.167549799443195e-09,1.0,0
588,GS-MEDIUM-HST,53.06881155389024,-27.824430902316116,,,0.0,4,,,0.0,4,4.383183114168588e-08,3.9483918138739555e-09,1.0,0
251,GS-MEDIUM-HST,53.08821808484531,-27.82184818604766,3.523233307081646e-08,5.938495691653799e-09,1.0,0,5.423552537576246e-08,4.153082440502369e-09,1.0,0,3.252307376776589e-08,4.152241090234149e-09,1.0,0
270,GS-MEDIUM-HST,53.06462200654275,-27.847302196403795,,,0.0,4,,,0.0,4,1.488595887154313e-08,4.051834104083663e-09,1.0,0
756,GS-MEDIUM-HST,53.053533637416855,-27.830306863279958,,,0.0,4,,,0.0,4,5.824291049476237e-09,4.164919330254898e-09,1.0,0
156,GS-MEDIUM-HST,53.086929928572324,-27.829658833588667,4.310637224706747e-08,5.655495565380911e-09,1.0,0,5.9022465749669584e-08,4.162723910022775e-09,1.0,0,3.9801702575546446e-08,4.027518795683827e-09,1.0,0
528,GS-MEDIUM-HST,53.06963600690163,-27.827778150174918,,,0.0,4,,,0.0,4,3.8888388265255887e-08,4.223460250268825e-09,1.0,0
114,GS-MEDIUM-HST,53.07614447863952,-27.844673670418608,,,0.0,4,,,0.0,4,4.105704954903311e-08,4.311916556030593e-09,1.0,0
468,GS-MEDIUM-HST,53.076997835533405,-27.823517392682117,2.7867612016594868e-08,6.09388564364307e-09,1.0,0,,,0.0,4,3.363621688748515e-08,3.855010290991336e-09,1.0,0
150,GS-MEDIUM-HST,53.078691131766675,-27.839407262369065,,,0.0,4,,,0.0,4,1.925434418029815e-08,3.922071594613922e-09,1.0,0
497,GS-MEDIUM-HST,53.07062190793092,-27.828642146167187,,,0.0,4,,,0.0,4,3.9164637969776135e-08,4.230985053003894e-09,1.0,0
78,GS-MEDIUM-HST,53.08663111958067,-27.8350268887261,4.395050362417463e-08,5.684757519600733e-09,1.0,0,6.165798422021352e-08,3.950090993383847e-09,1.0,0,3.658256917714419e-08,4.356176173102469e-09,1.0,0
749,GS-MEDIUM-HST,53.06243822628878,-27.820929201221436,,,0.0,4,,,0.0,4,4.4449012381007894e-08,4.122023245427096e-09,1.0,0
200,GS-MEDIUM-HST,53.07389919859429,-27.841028758785164,,,0.0,4,,,0.0,4,4.2804203109685723e-08,3.896031458555381e-09,1.0,0
656,GS-MEDIUM-HST,53.06502571378652,-27.824855141309992,,,0.0,4,,,0.0,4,4.088117018960576e-08,4.083869285483413e-09,1.0,0
696,GS-MEDIUM-HST,53.07163562214858,-27.81438730414197,,,0.0,4,,,0.0,4,4.400158606090252e-08,3.80276132891272e-09,1.0,0
887,GS-MEDIUM-HST,53.06173511405702,-27.812434031338267,,,0.0,4,,,0.0,4,3.815597127319839e-08,3.9880707133285085e-09,1.0,0
325,GS-MEDIUM-HST,53.08319447910521,-27.823222137270896,1.011961397781715e-07,6.022581564792315e-09,1.0,0,1.25563192253343e-07,4.293651154582698e-09,1.0,0,3.969986382062909e-08,3.766720172977706e-09,1.0,0
464,GS-MEDIUM-HST,53.06273424093463,-27.840035248605023,,,0.0,4,,,0.0,4,-1.908330058118851e-07,9.241308332715818e-09,1.0,0
818,GS-MEDIUM-HST,53.04787097462301,-27.83311045433594,,,0.0,4,,,0.0,4,3.904812777034962e-08,4.054438928328918e-09,1.0,0
379,GS-MEDIUM-HST,53.07660648231028,-27.82791414439148,2.2952719558244694e-08,5.701049903968966e-09,1.0,0,2.902145094744042e-08,4.072753782448729e-09,1.0,0,1.6203991872879838e-08,4.054390356742616e-09,1.0,0
441,GS-MEDIUM-HST,53.060836155119645,-27.84333637857538,,,0.0,4,,,0.0,4,3.830482435188535e-08,3.762046300282463e-09,1.0,0
745,GS-MEDIUM-HST,53.05362246870626,-27.830977514421864,,,0.0,4,,,0.0,4,3.3176353921626085e-08,4.0969657957670745e-09,1.0,0
845,GS-MEDIUM-HST,53.055403538803006,-27.822627923013712,,,0.0,4,,,0.0,4,4.2067631689365475e-08,3.879742755986082e-09,1.0,0
648,GS-MEDIUM-HST,53.05330177944482,-27.83871144923586,,,0.0,4,,,0.0,4,2.94038487206165e-08,3.943863238035122e-09,1.0,0
332,GS-MEDIUM-HST,53.085340114615136,-27.82056822355703,-1.203414777618198e-08,6.148158856236964e-09,1.0,0,-9.113966639067195e-09,4.227400778663236e-09,1.0,0,7.1905899612170436e-09,3.900402841979214e-09,1.0,0
520,GS-MEDIUM-HST,53.07105174553011,-27.82678296400895,,,0.0,4,,,0.0,4,3.786780641185422e-08,3.963371815031865e-09,1.0,0
936,GS-MEDIUM-HST,53.08034552228665,-27.84290371190615,,,0.0,4,,,0.0,4,-1.0433926067840504e-08,3.824468795730393e-09,1.0,0
349,GS-MEDIUM-HST,53.080176681585236,-27.82552661197046,3.031566786496105e-08,6.004326710510433e-09,1.0,0,6.004576435981408e-08,5.059262952045107e-09,1.0,0,3.93549356712542e-08,4.040205319259528e-09,1.0,0
556,GS-MEDIUM-HST,53.07091837519033,-27.82471760265032,,,0.0,4,,,0.0,4,1.4194686080674361e-08,4.166542747943526e-09,1.0,0
106,GS-MEDIUM-HST,53.09194811296044,-27.827324380595797,3.94587472614999e-08,5.72677673189854e-09,1.0,0,5.941151708767003e-08,4.164187932547161e-09,1.0,0,3.863133514860082e-08,3.6971586411144383e-09,1.0,0
131,GS-MEDIUM-HST,53.07843778603731,-27.840902701955564,,,0.0,4,,,0.0,4,3.7833267541197085e-08,4.311620820874034e-09,1.0,0
503,GS-MEDIUM-HST,53.06342393656897,-27.836496834827926,,,0.0,4,,,0.0,4,4.1238972713452424e-08,4.0257850687002955e-09,1.0,0
448,GS-MEDIUM-HST,53.06424919491561,-27.839025979380388,,,0.0,4,,,0.0,4,2.9751963455285184e-08,4.122840125758047e-09,1.0,0
225,GS-MEDIUM-HST,53.0754935102777,-27.837734297359578,,,0.0,4,,,0.0,4,3.6732523123616814e-08,4.174557646207394e-09,1.0,0
59,GS-MEDIUM-HST,53.09453749655092,-27.826682873734843,5.745080588173254e-08,6.1929988332332236e-09,1.0,0,6.041844300550236e-08,4.2466893387231254e-09,1.0,0,2.5174712554898698e-08,3.828992531913615e-09,1.0,0
28,GS-MEDIUM-HST,53.0865237860943,-27.838544094859994,3.374603250367261e-08,5.7320829961785054e-09,1.0,0,4.694315854662027e-08,3.876875454600838e-09,1.0,0,3.297634925841753e-08,3.7898741839443606e-09,1.0,0
52,GS-MEDIUM-HST,53.07843917268682,-27.84538467946085,,,0.0,4,,,0.0,4,3.82727466297187e-08,3.824256136134086e-09,1.0,0
273,GS-MEDIUM-HST,53.076686144458705,-27.833464444518054,1.056249600430694e-08,5.458434688254814e-09,1.0,0,3.4928906630829837e-08,3.869988343803522e-09,1.0,0,2.5542067571054336e-08,3.969905917749858e-09,1.0,0
632,GS-MEDIUM-HST,53.06474908368698,-27.826933622985713,,,0.0,4,,,0.0,4,3.6872540743781233e-08,4.231658577877854e-09,1.0,0
701,GS-MEDIUM-HST,53.06417034811529,-27.822537896453966,,,0.0,4,,,0.0,4,3.201836797171701e-08,3.92739796987638e-09,1.0,0
430,GS-MEDIUM-HST,53.07616397306518,-27.82644815336246,-7.311438589269515e-07,7.011940500681697e-09,1.0,0,-2.849096042875824e-07,1.6894523074212853e-09,0.11206896551724138,5,-3.315037463029639e-07,4.2610591850917825e-09,1.0,0
894,GS-MEDIUM-HST,53.04812808515955,-27.82747299645564,,,0.0,4,,,0.0,4,3.688199383645234e-08,4.168455588797038e-09,1.0,0
199,GS-MEDIUM-HST,53.076471548194974,-27.838091477716716,,,0.0,4,,,0.0,4,3.524724010791906e-08,4.393290927730797e-09,1.0,0
96,GS-MEDIUM-HST,53.069787359739934,-27.853105892178732,,,0.0,4,,,0.0,4,3.422169147309559e-08,3.971820973035804e-09,1.0,0
881,GS-MEDIUM-HST,53.05937017624722,-27.815423613128413,,,0.0,4,,,0.0,4,4.1182816998066935e-08,3.792787046306664e-09,1.0,0
104,GS-MEDIUM-HST,53.070099015771035,-27.85227655502261,,,0.0,4,,,0.0,4,3.1172471543578944e-08,4.17494186977175e-09,1.0,0
238,GS-MEDIUM-HST,53.07263352058413,-27.84025905305531,,,0.0,4,,,0.0,4,3.140547015281708e-08,4.107713716296813e-09,1.0,0
388,GS-MEDIUM-HST,53.076930267155994,-27.82744612241581,5.653804026517456e-08,5.6096698131417245e-09,1.0,0,7.406924950579801e-08,4.078529722461865e-09,1.0,0,3.450040043960812e-08,3.898552121852672e-09,1.0,0
805,GS-MEDIUM-HST,53.067921483052565,-27.811326704764742,,,0.0,4,,,0.0,4,3.785644930487359e-08,3.823665686543659e-09,1.0,0
774,GS-MEDIUM-HST,53.063989805486244,-27.817708894337155,,,0.0,4,,,0.0,4,3.595751918449385e-08,3.949116539007594e-09,1.0,0
589,GS-MEDIUM-HST,53.06709451759891,-27.82635568273755,,,0.0,4,,,0.0,4,2.4260667186081083e-08,4.055601886189863e-09,1.0,0
519,GS-MEDIUM-HST,53.074982200722005,-27.8223889873623,,,0.0,4,,,0.0,4,3.7416811256512784e-08,4.074358028037128e-09,1.0,0
457,GS-MEDIUM-HST,53.05938829309539,-27.84407593100935,,,0.0,4,,,0.0,4,3.8603792928358836e-08,4.022039815163712e-09,1.0,0
971,GS-MEDIUM-HST,53.06958027952234,-27.845445595985545,,,0.0,4,,,0.0,4,3.279529289304311e-08,3.8472711561860545e-09,1.0,0
664,GS-MEDIUM-HST,53.06279349992367,-27.826846560406693,,,0.0,4,,,0.0,4,3.752701829300479e-08,4.040862698688738e-09,1.0,0
858,GS-MEDIUM-HST,53.06577530440868,-27.81031049935356,,,0.0,4,,,0.0,4,4.2716284531854107e-08,3.8464113822414875e-09,1.0,0
812,GS-MEDIUM-HST,53.048370986369335,-27.832946223464127,,,0.0,4,,,0.0,4,3.818135480061139e-08,3.6985316923411812e-09,1.0,0
1118,GS-MEDIUM-HST,53.0594878478563,-27.824704087947058,,,0.0,4,,,0.0,4,1.4146090826083849e-08,4.2376031476414604e-09,1.0,0
157,GS-MEDIUM-HST,53.0864670918288,-27.830244817242217,3.8364556055175856e-08,5.876060331936101e-09,1.0,0,1.0203358080793856e-07,4.134720746455385e-09,1.0,0,3.5001877894895856e-08,3.7578703191363855e-09,1.0,0
584,GS-MEDIUM-HST,53.071195384861646,-27.822014110047594,,,0.0,4,,,0.0,4,2.6479215250093415e-09,3.8564501632170156e-09,1.0,0
863,GS-MEDIUM-HST,53.051786630327385,-27.82548043611186,,,0.0,4,,,0.0,4,4.657834136441801e-08,4.030582082397719e-09,1.0,0
769,GS-MEDIUM-HST,53.0501293572937,-27.833815230181376,,,0.0,4,,,0.0,4,3.5405647273863145e-08,3.8173736712004095e-09,1.0,0
141,GS-MEDIUM-HST,53.085638073704786,-27.831983544036103,3.604426043960583e-08,5.9560598539430035e-09,1.0,0,4.8557907588720665e-08,4.118594172155577e-09,1.0,0,3.919407683076237e-08,4.02726200948229e-09,1.0,0
820,GS-MEDIUM-HST,53.06888229280579,-27.809095757992512,,,0.0,4,,,0.0,4,3.5844302570191025e-08,3.7335316775914375e-09,1.0,0
320,GS-MEDIUM-HST,53.07873914350649,-27.82848302005292,-5.3928741861059415e-08,5.704616247750311e-09,1.0,0,-9.373135416980843e-08,4.101923155242013e-09,1.0,0,-1.06629180724079e-07,4.089279827382497e-09,1.0,0
62,GS-MEDIUM-HST,53.07937634719403,-27.843815606614747,,,0.0,4,,,0.0,4,3.145188120175233e-08,4.152076747948105e-09,1.0,0
134,GS-MEDIUM-HST,53.07363318010698,-27.846167277213404,,,0.0,4,,,0.0,4,3.818994422328948e-08,3.763650989315651e-09,1.0,0
508,GS-MEDIUM-HST,53.08069365057332,-27.81623446723766,,,0.0,4,,,0.0,4,3.67281334158188e-08,3.861225746230785e-09,1.0,0
953,GS-MEDIUM-HST,53.0937192587219,-27.82496288585793,2.6151279265365652e-08,5.725553006829461e-09,1.0,0,3.4819883175592785e-08,4.422121166633082e-09,1.0,0,1.7637570629192886e-08,3.871056627808601e-09,1.0,0
822,GS-MEDIUM-HST,53.06011404095833,-27.818999904249768,,,0.0,4,,,0.0,4,3.300373844568287e-08,4.096531124375289e-09,1.0,0
893,GS-MEDIUM-HST,53.05533054322657,-27.81929678258138,,,0.0,4,,,0.0,4,4.3217157263234516e-08,3.741050202162441e-09,1.0,0
674,GS-MEDIUM-HST,53.07246032591787,-27.81529818348379,,,0.0,4,,,0.0,4,3.581437822635661e-08,4.182305851530769e-09,1.0,0
552,GS-MEDIUM-HST,53.07900844473591,-27.815800682874084,,,0.0,4,,,0.0,4,3.666583115713193e-08,3.853814983263418e-09,1.0,0
791,GS-MEDIUM-HST,53.06205487717658,-27.81861961763512,,,0.0,4,,,0.0,4,3.671420048446853e-08,3.9426429605405455e-09,1.0,0
286,GS-MEDIUM-HST,53.0637383024438,-27.847197694273994,,,0.0,4,,,0.0,4,-2.3465188821059645e-09,3.9334915489797e-09,1.0,0
213,GS-MEDIUM-HST,53.08673832528946,-27.825805255747763,2.3279741957582533e-08,5.44852096477614e-09,1.0,0,4.0036533445665594e-08,4.00757912390203e-09,1.0,0,3.267796927856488e-08,3.9458661797338e-09,1.0,0
492,GS-MEDIUM-HST,53.073595262667396,-27.82546831131261,,,0.0,4,,,0.0,4,3.9978005221854334e-08,4.059133518258182e-09,1.0,0
81,GS-MEDIUM-HST,53.09430394521206,-27.826168332474857,-1.942220990946652e-09,5.866923553409259e-09,1.0,0,-2.8193761357759158e-09,4.01374793481454e-09,1.0,0,3.5071994306585435e-09,3.987015884165052e-09,1.0,0
650,GS-MEDIUM-HST,53.062005418044016,-27.828672383194174,,,0.0,4,,,0.0,4,3.998459719281483e-08,4.0193416520439286e-09,1.0,0
55,GS-MEDIUM-HST,53.072838663392226,-27.851529925632867,,,0.0,4,,,0.0,4,2.8742122314062842e-08,3.8690886761334404e-09,1.0,0
243,GS-MEDIUM-HST,53.080093298975505,-27.831531839410477,3.6506745007286156e-08,5.5207396127412755e-09,1.0,0,6.121302298653583e-08,4.64191543088479e-09,1.0,0,3.217811557004693e-08,3.782348224513235e-09,1.0,0
419,GS-MEDIUM-HST,53.0810087180653,-27.821335273868453,6.873232382697874e-08,5.937570279905066e-09,1.0,0,4.4723918634968936e-08,4.0062091013188585e-09,1.0,0,3.069519045626236e-08,4.041325504810513e-09,1.0,0
561,GS-MEDIUM-HST,53.06210535605594,-27.8343970579949,,,0.0,4,,,0.0,4,1.2686407839897387e-08,3.876713696294428e-09,1.0,0
621,GS-MEDIUM-HST,53.05948989703571,-27.83320606489197,,,0.0,4,,,0.0,4,3.7525575975457854e-08,3.979832388656155e-09,1.0,0
99,GS-MEDIUM-HST,53.07805693125034,-27.843567974496644,,,0.0,4,,,0.0,4,3.707217492581794e-08,3.8387511863317625e-09,1.0,0
360,GS-MEDIUM-HST,53.0611519290007,-27.846609225156495,,,0.0,4,,,0.0,4,3.135396157189075e-08,3.799822240964934e-09,1.0,0
237,GS-MEDIUM-HST,53.07982982194158,-27.832119069553702,1.759957420702064e-08,5.7338416137794114e-09,1.0,0,3.171241764723289e-08,3.869675585065348e-09,1.0,0,3.934302238900033e-08,4.016737360610099e-09,1.0,0
613,GS-MEDIUM-HST,53.061014519549204,-27.831968525695434,,,0.0,4,,,0.0,4,3.536102483274462e-08,3.99570232621133e-09,1.0,0
268,GS-MEDIUM-HST,53.07248108392186,-27.838503160566354,,,0.0,4,,,0.0,4,3.7674312397304196e-08,3.917365260731722e-09,1.0,0
72,GS-MEDIUM-HST,53.07167660859883,-27.852216764877255,,,0.0,4,,,0.0,4,2.833175375611132e-08,3.971374371232051e-09,1.0,0
232,GS-MEDIUM-HST,53.0790095110562,-27.833266932019104,2.8634281949299752e-08,5.751846400118815e-09,1.0,0,2.4591875117551573e-08,3.839242632493347e-09,1.0,0,3.627058157447107e-08,4.018283106718561e-09,1.0,0
258,GS-MEDIUM-HST,53.078276616683716,-27.832446194648266,1.6166114576926827e-08,5.569382626260586e-09,1.0,0,3.5996332381300286e-08,3.91627637446888e-09,1.0,0,3.145464890056867e-08,4.2761274098291306e-09,1.0,0
37,GS-MEDIUM-HST,53.07469113849216,-27.85077577110756,,,0.0,4,,,0.0,4,1.4041216094139273e-09,3.6761004076637145e-09,0.9230769230769231,5
417,GS-MEDIUM-HST,53.0764002834331,-27.826624439287265,-7.805382537950073e-07,6.777064524973926e-09,1.0,0,-1.0787400211664032e-06,4.847398933359598e-09,1.0,0,-3.4234020952159023e-07,3.989065985507094e-09,1.0,0
920,GS-MEDIUM-HST,53.04522807275212,-27.82902995001927,,,0.0,4,,,0.0,4,3.748872909338461e-08,4.090958138746919e-09,1.0,0
517,GS-MEDIUM-HST,53.06912511869899,-27.829086679982726,,,0.0,4,,,0.0,4,3.070118171961364e-08,4.18098664160879e-09,1.0,0
694,GS-MEDIUM-HST,53.05780437542201,-27.83012081896788,,,0.0,4,,,0.0,4,9.974620188194681e-09,3.952211092797313e-09,1.0,0
514,GS-MEDIUM-HST,53.070455194619846,-27.827688641912804,,,0.0,4,,,0.0,4,2.848299749796044e-08,3.932897243138406e-09,1.0,0
807,GS-MEDIUM-HST,53.07012464984921,-27.808616951080086,,,0.0,4,,,0.0,4,1.802687331632777e-08,3.7174464510250417e-09,0.7241379310344828,5
631,GS-MEDIUM-HST,53.05900799250242,-27.833464828161993,,,0.0,4,,,0.0,4,2.860396890716114e-08,3.905086632620397e-09,1.0,0
358,GS-MEDIUM-HST,53.0783109970941,-27.827254263381356,1.0828161525438022e-08,7.71906120197725e-09,1.0,0,3.253714402793401e-08,3.952949479129791e-09,1.0,0,3.263889515377971e-08,3.9367598178324534e-09,1.0,0
730,GS-MEDIUM-HST,53.04908242134491,-27.837098177649604,,,0.0,4,,,0.0,4,2.8761785043313226e-08,3.8271270757464715e-09,1.0,0
207,GS-MEDIUM-HST,53.079985841525385,-27.83370209926726,5.1058129943865513e-08,5.518380888040592e-09,1.0,0,4.667048367735374e-08,3.8731943638965426e-09,1.0,0,3.566417729126408e-08,3.994674503210921e-09,1.0,0
298,GS-MEDIUM-HST,53.06505606209854,-27.845082379447998,,,0.0,4,,,0.0,4,1.130166422558883e-08,4.34813253338223e-09,1.0,0
64,GS-MEDIUM-HST,53.07365130801862,-27.850270640582533,,,0.0,4,,,0.0,4,6.771944960077351e-09,4.082781392100439e-09,1.0,0
553,GS-MEDIUM-HST,53.063432254173776,-27.83329562367843,,,0.0,4,,,0.0,4,3.6558910649228885e-08,4.01915042007007e-09,1.0,0
460,GS-MEDIUM-HST,53.07248510870056,-27.82910130092148,6.386729908870735e-08,5.798803428920967e-09,1.0,0,,,0.0,4,2.8317127440231248e-08,3.917318348337955e-09,0.9642857142857143,5
750,GS-MEDIUM-HST,53.05388570559118,-27.830448700657673,,,0.0,4,,,0.0,4,7.372236302679016e-09,3.879415662582109e-09,1.0,0
120,GS-MEDIUM-HST,53.092341025341454,-27.82602823892236,2.733973124357513e-08,5.6062055874121955e-09,1.0,0,3.756781539671955e-08,3.968601017306721e-09,1.0,0,4.492798108735632e-08,4.355872444688874e-09,1.0,0
318,GS-MEDIUM-HST,53.07571457624478,-27.83200446320138,3.3246373015835593e-09,5.425109032925092e-09,1.0,0,-6.212517021755758e-09,3.811678293545982e-09,1.0,0,4.9196684083007795e-09,4.061658212990265e-09,1.0,0
216,GS-MEDIUM-HST,53.078382041123625,-27.83496875378793,3.8044031872883823e-08,5.83856843905395e-09,1.0,0,4.755862826976303e-08,3.912243501818167e-09,1.0,0,2.9701524375162768e-08,4.278077266849249e-09,1.0,0
827,GS-MEDIUM-HST,53.04672570517248,-27.83388475845314,,,0.0,4,,,0.0,4,-3.972619510883803e-09,4.2679735299516975e-09,1.0,0
295,GS-MEDIUM-HST,53.06355469306626,-27.84703602881145,,,0.0,4,,,0.0,4,9.383461943523268e-09,4.000312499474894e-09,1.0,0
86,GS-MEDIUM-HST,53.07002065868902,-27.853443076602407,,,0.0,4,,,0.0,4,3.517789313320603e-08,3.968063402277524e-09,1.0,0
563,GS-MEDIUM-HST,53.06171479142356,-27.834680511166322,,,0.0,4,,,0.0,4,8.234866766896936e-09,4.254518501907002e-09,1.0,0
439,GS-MEDIUM-HST,53.058965269204144,-27.84551058594653,,,0.0,4,,,0.0,4,3.924366198130977e-08,3.853979904259081e-09,1.0,0
501,GS-MEDIUM-HST,53.0581489706473,-27.84250562990353,,,0.0,4,,,0.0,4,4.131983512343691e-08,4.386192463117974e-09,1.0,0
290,GS-MEDIUM-HST,53.06823946014644,-27.84186208268689,,,0.0,4,,,0.0,4,3.9787464794932215e-08,4.306671513222822e-09,1.0,0
242,GS-MEDIUM-HST,53.07043774957166,-27.842608135794524,,,0.0,4,,,0.0,4,1.736198629592542e-08,3.86022417507163e-09,1.0,0
570,GS-MEDIUM-HST,53.06418881585003,-27.831278437378767,,,0.0,4,,,0.0,4,2.8296127946001833e-08,3.757878878722801e-09,1.0,0
757,GS-MEDIUM-HST,53.048472922115096,-27.836048272801236,,,0.0,4,,,0.0,4,3.0367303534676165e-08,3.952906772549779e-09,1.0,0
119,GS-MEDIUM-HST,53.08172243948866,-27.838176894677815,,,0.0,3,8.199947142687355e-08,4.2985113354217e-09,1.0,0,3.8737878884118736e-08,4.020469378033691e-09,1.0,0
255,GS-MEDIUM-HST,53.06559544090737,-27.847052821832857,,,0.0,4,,,0.0,4,3.3868549293963025e-08,3.6268581369501504e-09,1.0,0
451,GS-MEDIUM-HST,53.06108998900722,-27.842435269063156,,,0.0,4,,,0.0,4,3.8091892587003044e-08,4.5035658483080086e-09,1.0,0
889,GS-MEDIUM-HST,53.05239700234405,-27.822858176114867,,,0.0,4,,,0.0,4,2.9416599446633286e-08,3.829246463954408e-09,1.0,0
153,GS-MEDIUM-HST,53.080096022527115,-27.837701086467835,,,0.0,4,,,0.0,4,2.9280554842151046e-08,3.83172451056817e-09,1.0,0
703,GS-MEDIUM-HST,53.06388908956175,-27.82259886291961,,,0.0,4,,,0.0,4,2.908337671659148e-08,3.92456651312785e-09,1.0,0
897,GS-MEDIUM-HST,53.05719031005895,-27.8169823056523,,,0.0,4,,,0.0,4,3.375589447726929e-08,4.1604423157914446e-09,1.0,0
498,GS-MEDIUM-HST,53.06191580063486,-27.838519891007543,,,0.0,4,,,0.0,4,1.7941025816908094e-08,4.163734380644913e-09,1.0,0
436,GS-MEDIUM-HST,53.070632272114075,-27.83249950473199,,,0.0,4,,,0.0,4,2.8002484264430528e-08,4.5494453435391665e-09,1.0,0
607,GS-MEDIUM-HST,53.07435510168441,-27.817065845136778,,,0.0,4,,,0.0,4,2.6845007777823135e-08,3.655808135967445e-09,1.0,0
341,GS-MEDIUM-HST,53.064113557533275,-27.84415737988127,,,0.0,4,,,0.0,4,2.222455870921257e-09,4.131572329382118e-09,1.0,0
105,GS-MEDIUM-HST,53.07258363773059,-27.84934780327456,,,0.0,4,,,0.0,4,3.13274823471468e-08,4.024748130166547e-09,1.0,0
698,GS-MEDIUM-HST,53.07203433097019,-27.813794359576832,,,0.0,4,,,0.0,4,2.9257446466385154e-08,4.231782716836295e-09,1.0,0
901,GS-MEDIUM-HST,53.0509492076558,-27.823744159272675,,,0.0,4,,,0.0,4,3.6274131154024004e-08,4.0301079681549866e-09,1.0,0
133,GS-MEDIUM-HST,53.07905636006091,-27.84013328937573,,,0.0,4,,,0.0,4,3.217298353142059e-08,3.960956521010553e-09,1.0,0
512,GS-MEDIUM-HST,53.07692682866368,-27.820429999201345,,,0.0,4,,,0.0,4,2.7947849101141305e-09,3.828364856344821e-09,1.0,0
906,GS-MEDIUM-HST,53.06054873199223,-27.812503915855284,,,0.0,4,,,0.0,4,3.233374879465939e-08,3.895200423799091e-09,1.0,0
339,GS-MEDIUM-HST,53.063291195667155,-27.845217045905343,,,0.0,4,,,0.0,4,1.2601047083900365e-08,4.0227410374507875e-09,1.0,0
875,GS-MEDIUM-HST,53.061380846900576,-27.813345362073083,,,0.0,4,,,0.0,4,3.030040299466249e-08,3.990536340398472e-09,1.0,0
595,GS-MEDIUM-HST,53.066348905098565,-27.826907223003023,,,0.0,4,,,0.0,4,2.882681462600085e-08,3.9000246524621765e-09,1.0,0
217,GS-MEDIUM-HST,53.08723562024958,-27.824833632600644,2.3048519978340062e-09,5.604957838536647e-09,1.0,0,3.447475585578293e-08,3.937918054708307e-09,1.0,0,3.136496859591114e-08,3.688131117660583e-09,1.0,0
608,GS-MEDIUM-HST,53.07275961479764,-27.818830131949177,,,0.0,4,,,0.0,4,3.271144455332432e-08,3.9557175352268455e-09,1.0,0
748,GS-MEDIUM-HST,53.070450784982455,-27.811883763187897,,,0.0,4,,,0.0,4,3.5128146875773075e-08,3.7799519674581284e-09,1.0,0
876,GS-MEDIUM-HST,53.05219583985846,-27.823782080984383,,,0.0,4,,,0.0,4,3.5919031966941154e-08,3.87001325387888e-09,1.0,0
538,GS-MEDIUM-HST,53.06592579005577,-27.831099511310413,,,0.0,4,,,0.0,4,1.0841083476435247e-08,4.436700998157715e-09,1.0,0
183,GS-MEDIUM-HST,53.07922439611385,-27.836404762314487,,,0.0,1,2.2542999761380517e-08,4.067764428075783e-09,1.0,0,3.131876558406108e-08,4.202781668883263e-09,1.0,0
382,GS-MEDIUM-HST,53.07021997013811,-27.835164722563206,,,0.0,4,,,0.0,4,7.825906850974034e-09,6.2062702580425675e-09,1.0,0
324,GS-MEDIUM-HST,53.06317008853089,-27.845971062313687,,,0.0,4,,,0.0,4,-1.4521722938970807e-09,3.8876456348282074e-09,1.0,0
773,GS-MEDIUM-HST,53.05439466834818,-27.828726208819376,,,0.0,4,,,0.0,4,5.175756242521308e-09,4.088356277519983e-09,1.0,0
452,GS-MEDIUM-HST,53.07560745799955,-27.825906136052048,3.1485495517441247e-08,6.142632722010699e-09,1.0,0,,,0.0,4,3.1224679001492304e-08,4.085967451460844e-09,1.0,0
56,GS-MEDIUM-HST,53.073749951855916,-27.85035504623733,,,0.0,4,,,0.0,4,-1.417652850620887e-09,3.862768697464358e-09,1.0,0
482,GS-MEDIUM-HST,53.07254982458967,-27.827454079975723,,,0.0,4,,,0.0,4,2.4516440537871305e-08,4.035220304064826e-09,1.0,0
229,GS-MEDIUM-HST,53.0831997103057,-27.82870827578685,9.08703144656609e-09,5.606124396726385e-09,1.0,0,2.8477672260842572e-08,3.89922463170524e-09,1.0,0,2.0667990618619836e-08,3.977232166087516e-09,1.0,0
904,GS-MEDIUM-HST,53.063818729111055,-27.809017177703332,,,0.0,4,,,0.0,4,3.094671556391947e-08,3.731405622856587e-09,1.0,0
902,GS-MEDIUM-HST,53.06103135772878,-27.81226960755822,,,0.0,4,,,0.0,4,3.0635996967658574e-08,4.265047906953092e-09,1.0,0
638,GS-MEDIUM-HST,53.07596833023787,-27.813927784565024,,,0.0,4,,,0.0,4,3.372767182166281e-08,3.855641928319328e-09,1.0,0
90,GS-MEDIUM-HST,53.0753207346189,-27.847099129440718,,,0.0,4,,,0.0,4,3.724087035231106e-08,3.834016346876317e-09,1.0,0
408,GS-MEDIUM-HST,53.081338458722925,-27.821593336479808,1.6712991619761834e-08,5.64332968056879e-09,1.0,0,3.125155434063859e-08,3.991743747251215e-09,1.0,0,1.6396531902005214e-08,3.808733614636274e-09,1.0,0
328,GS-MEDIUM-HST,53.07780596036926,-27.829179434044605,-1.9721794933855135e-08,5.577044038500465e-09,1.0,0,-2.1514768045630173e-09,3.688814475923563e-09,1.0,0,2.3429512720022572e-08,3.923213283602226e-09,1.0,0
161,GS-MEDIUM-HST,53.07077061424239,-27.84770272366201,,,0.0,4,,,0.0,4,4.019463521867404e-08,3.6514623279822173e-09,1.0,0
264,GS-MEDIUM-HST,53.06761107127474,-27.844383524725878,,,0.0,4,,,0.0,4,3.1856950572013124e-08,3.920652612941408e-09,1.0,0
545,GS-MEDIUM-HST,53.073401792648646,-27.82229168843521,,,0.0,4,,,0.0,4,-8.173011377286509e-10,3.962808707275495e-09,1.0,0
569,GS-MEDIUM-HST,53.07021259162119,-27.824483245229462,,,0.0,4,,,0.0,4,2.407850377052e-08,4.149437901859568e-09,1.0,0
230,GS-MEDIUM-HST,53.076856946528494,-27.835851649253392,,,0.0,4,,,0.0,4,2.8168582405855736e-08,4.125467159085826e-09,1.0,0
101,GS-MEDIUM-HST,53.09270392370543,-27.826830761904674,1.1509786989078074e-08,5.96236625353292e-09,1.0,0,-1.2087873365297722e-08,3.9175628828769944e-09,1.0,0,-9.632436937995645e-09,4.844956631144298e-09,1.0,0
712,GS-MEDIUM-HST,53.06196624427216,-27.82409221878279,,,0.0,4,,,0.0,4,2.3768941360499373e-08,4.003397602152121e-09,1.0,0
868,GS-MEDIUM-HST,53.04779024969817,-27.8295439913073,,,0.0,4,,,0.0,4,3.154549009958406e-08,3.780265813720088e-09,1.0,0
835,GS-MEDIUM-HST,53.06438870691207,-27.813333195724915,,,0.0,4,,,0.0,4,3.279020071090492e-08,3.7224414862166583e-09,1.0,0
782,GS-MEDIUM-HST,53.05772801216485,-27.823961540492736,,,0.0,4,,,0.0,4,2.444736889678365e-08,3.7920067294334435e-09,1.0,0
292,GS-MEDIUM-HST,53.074157618165486,-27.835144311494883,,,0.0,4,,,0.0,4,5.205856423100705e-09,3.973717403239349e-09,1.0,0
315,GS-MEDIUM-HST,53.06319743838826,-27.846449384130278,,,0.0,4,,,0.0,4,2.2816263548909516e-09,3.93957777928997e-09,1.0,0
761,GS-MEDIUM-HST,53.05073951011031,-27.83334916603934,,,0.0,4,,,0.0,4,3.00057327194818e-08,3.824866019331805e-09,1.0,0
433,GS-MEDIUM-HST,53.0781829875545,-27.8240938592277,3.13470800338885e-08,5.871368254126274e-09,1.0,0,,,0.0,1,2.5444264735711928e-08,3.929017786082511e-09,1.0,0
350,GS-MEDIUM-HST,53.06878232129701,-27.838469375696736,,,0.0,4,,,0.0,4,1.7168212508923914e-08,4.048299979265322e-09,0.9642857142857143,5
117,GS-MEDIUM-HST,53.07826384153215,-27.842155711748603,,,0.0,4,,,0.0,4,3.093291235087532e-08,3.86868442828618e-09,1.0,0
323,GS-MEDIUM-HST,53.0630371680011,-27.84615953545239,,,0.0,4,,,0.0,4,6.439385799965292e-09,4.087121513472312e-09,1.0,0
687,GS-MEDIUM-HST,53.05716258273616,-27.831408797218025,,,0.0,4,,,0.0,4,-2.398731797572863e-08,4.023669362190222e-09,1.0,0
27,GS-MEDIUM-HST,53.07805974145916,-27.84828323953243,,,0.0,4,,,0.0,4,3.2772527927476675e-08,3.9704392441702084e-09,1.0,0
372,GS-MEDIUM-HST,53.06982831395238,-27.83604944384744,,,0.0,4,,,0.0,4,1.774688372271442e-08,4.177475576251078e-09,1.0,0
539,GS-MEDIUM-HST,53.077043612695554,-27.818425531589565,,,0.0,4,,,0.0,4,3.323648802750108e-08,3.677434225615445e-09,1.0,0
18,GS-MEDIUM-HST,53.09441312296888,-27.830463139642642,1.1528603634143929e-08,5.851328917883975e-09,1.0,0,-7.2753211006754645e-09,4.001074011660286e-09,1.0,0,8.266727710215162e-09,3.826913770836648e-09,1.0,0
575,GS-MEDIUM-HST,53.06682522958418,-27.827536965312255,,,0.0,4,,,0.0,4,1.2978362348693385e-08,4.170062397033929e-09,1.0,0
740,GS-MEDIUM-HST,53.05488902228078,-27.830006964854523,,,0.0,4,,,0.0,4,-4.833233788295754e-09,3.905736959656806e-09,1.0,0
549,GS-MEDIUM-HST,53.06974090423297,-27.826419849716917,,,0.0,4,,,0.0,4,2.2579414209546283e-08,4.080204109941835e-09,1.0,0
304,GS-MEDIUM-HST,53.072941551452324,-27.835802594369177,,,0.0,4,,,0.0,4,1.761251722414844e-08,4.4003385971563285e-09,1.0,0
291,GS-MEDIUM-HST,53.07426851526926,-27.83501404696638,,,0.0,4,,,0.0,4,-3.026193875486177e-09,3.896606843852418e-09,1.0,0
576,GS-MEDIUM-HST,53.07014063530224,-27.823749691447393,,,0.0,4,,,0.0,4,5.801890459272635e-09,4.186352097721639e-09,1.0,0
285,GS-MEDIUM-HST,53.065298526950876,-27.84550364755095,,,0.0,4,,,0.0,4,1.0346500307367173e-08,4.132605114197356e-09,1.0,0
529,GS-MEDIUM-HST,53.07314619139691,-27.823757768206324,,,0.0,4,,,0.0,4,2.662913579093465e-08,4.027440734347445e-09,1.0,0
860,GS-MEDIUM-HST,53.05963611772548,-27.816854126756947,,,0.0,4,,,0.0,4,2.7497967114764317e-08,4.018282062515774e-09,1.0,0
735,GS-MEDIUM-HST,53.07252316864873,-27.810233069545585,,,0.0,4,,,0.0,4,1.6623669733832418e-08,3.6268143069370612e-09,0.8461538461538461,5
486,GS-MEDIUM-HST,53.067784314440125,-27.83267609824175,,,0.0,4,,,0.0,4,-2.238870486812769e-09,4.160187643738326e-09,1.0,0
657,GS-MEDIUM-HST,53.05774624403621,-27.83304809615712,,,0.0,4,,,0.0,4,1.397032137549222e-08,3.969844003532431e-09,1.0,0
378,GS-MEDIUM-HST,53.07017359960248,-27.83524236426331,,,0.0,4,,,0.0,4,-2.8040043505048874e-09,4.620685176265737e-09,1.0,0
370,GS-MEDIUM-HST,53.06673959551802,-27.83968380804521,,,0.0,4,,,0.0,4,1.0019600012701336e-08,3.987877658451414e-09,1.0,0
414,GS-MEDIUM-HST,53.07687842024637,-27.82625603136479,-7.858283184440743e-09,5.773581209622047e-09,1.0,0,2.4678192646578345e-08,3.891571743075369e-09,1.0,0,1.5279581476448476e-08,3.9354664641112785e-09,1.0,0
554,GS-MEDIUM-HST,53.061810677985754,-27.83509537495319,,,0.0,4,,,0.0,4,5.298802115877309e-10,4.238025221559568e-09,1.0,0
794,GS-MEDIUM-HST,53.047352718740875,-27.83508367365013,,,0.0,4,,,0.0,4,-1.2076435756477033e-08,4.444229308197161e-09,1.0,0
35,GS-MEDIUM-HST,53.07590322770901,-27.84943763687572,,,0.0,4,,,0.0,4,2.64494174882938e-09,3.6997342596268034e-09,1.0,0
43,GS-MEDIUM-HST,53.07541765159836,-27.849474816000384,,,0.0,4,,,0.0,4,1.9509152654718615e-09,3.841519043164608e-09,1.0,0
