source_id,target,ra,dec,F090W_flux,F090W_error,F090W_coverage,F090W_status,F200W_flux,F200W_error,F200W_coverage,F200W_status,F444W_flux,F444W_error,F444W_coverage,F444W_status
1032,SMACS-J0723.3-7327,110.63952413977185,-73.4839186849563,0.0013682115346744985,3.36186486921381e-06,0.9646017699115044,4,0.0011001325307848728,1.6945983474262927e-06,0.8695652173913043,4,0.0012492020374419083,1.4610756230538233e-06,1.0,0
1144,SMACS-J0723.3-7327,110.71230792377983,-73.47929618091601,,,0.0,3,,,0.0,3,0.0004073304616312929,8.687676390467892e-07,1.0,0
953,SMACS-J0723.3-7327,110.70006987609983,-73.4642916813774,,,0.0,3,,,0.0,3,0.00010143432813369585,1.9331054311905867e-07,1.0,0
1274,SMACS-J0723.3-7327,110.7540302140482,-73.48471108436355,,,0.0,3,,,0.0,3,8.897296811383365e-05,1.825610031927162e-07,1.0,0
564,SMACS-J0723.3-7327,110.66149994549484,-73.48924147225068,,,0.0,3,,,0.0,3,0.00011143399263085536,2.090305056006083e-07,1.0,0
978,SMACS-J0723.3-7327,110.63599856576634,-73.47988617789488,5.331177379212295e-06,2.1862591246405733e-08,1.0,0,1.6817556107699188e-05,3.013783631166478e-08,1.0,0,6.938344621159458e-06,1.622823408878952e-08,1.0,0
1255,SMACS-J0723.3-7327,110.65790458642192,-73.50230542059495,,,0.0,3,,,0.0,3,1.323876154172767e-05,2.0659066999638887e-08,1.0,0
723,SMACS-J0723.3-7327,110.73696890916926,-73.48277922047589,,,0.0,3,,,0.0,3,9.919085033593656e-05,2.0078772006671864e-07,1.0,0
354,SMACS-J0723.3-7327,110.64617487911015,-73.4833215719033,-4.278323067050286e-09,5.68996320750065e-09,1.0,0,-1.6969574800137091e-09,4.0511847390990585e-09,1.0,0,9.550545076220159e-05,1.9547112292545767e-07,1.0,0
1232,SMACS-J0723.3-7327,110.70126001133143,-73.49063753848188,,,0.0,3,,,0.0,3,6.44464731281323e-05,9.233871459023154e-08,1.0,0
1109,SMACS-J0723.3-7327,110.67642327044231,-73.48112777080914,,,0.0,3,,,0.0,3,6.227101583095435e-05,1.4012885322191982e-07,1.0,0
862,SMACS-J0723.3-7327,110.76143611723212,-73.48601048689233,,,0.0,3,,,0.0,3,2.3695400796917023e-05,2.7689298487859316e-08,1.0,0
1047,SMACS-J0723.3-7327,110.67952385644966,-73.47479975483073,,,0.0,3,,,0.0,3,4.997661198680929e-05,8.749705773515251e-08,1.0,0
1002,SMACS-J0723.3-7327,110.68829535743333,-73.47059456105916,,,0.0,3,,,0.0,3,5.510480802113797e-05,9.404425011579969e-08,1.0,0
1090,SMACS-J0723.3-7327,110.64558169556045,-73.48610773508652,-2.8475103806625447e-08,5.776127002536075e-09,1.0,0,-3.539054032247188e-08,4.155984514522151e-09,1.0,0,6.65225044484313e-05,1.55698399072482e-07,1.0,0
917,SMACS-J0723.3-7327,110.68331591118805,-73.46041042288486,,,0.0,3,,,0.0,3,1.5303889465342128e-05,2.1378379429521464e-08,1.0,0
1008,SMACS-J0723.3-7327,110.69462104168429,-73.46927272616644,,,0.0,3,,,0.0,3,4.3829723813481675e-05,8.247903794546467e-08,1.0,0
984,SMACS-J0723.3-7327,110.63495602539085,-73.48083070550726,8.605365346805096e-05,3.281887103215115e-07,1.0,0,0.00014440087200255657,3.2808464759272865e-07,1.0,0,3.9320248650377384e-05,6.716817330547563e-08,1.0,0
1173,SMACS-J0723.3-7327,110.67244680671384,-73.48939596771517,,,0.0,3,,,0.0,3,7.799482705948227e-06,1.6581635817846192e-08,1.0,0
1259,SMACS-J0723.3-7327,110.68179578542241,-73.49848217727391,,,0.0,3,,,0.0,3,1.5166032592383333e-05,2.282934054404167e-08,1.0,0
187,SMACS-J0723.3-7327,110.64896646925425,-73.47606155694449,1.0086870719767804e-06,9.870741141995093e-09,1.0,0,9.75093832398961e-06,1.987842998669708e-08,1.0,0,1.320503074915804e-05,2.086560896665738e-08,1.0,0
1203,SMACS-J0723.3-7327,110.73312717850037,-73.48193075641542,,,0.0,3,,,0.0,3,1.723739976177656e-05,2.2751516702455433e-08,1.0,0
994,SMACS-J0723.3-7327,110.62130577237322,-73.48264484282262,9.083512190720846e-05,3.417503067573011e-07,1.0,0,0.0001402364617953634,3.040316268139368e-07,1.0,0,3.712372950110345e-05,6.155624647419798e-08,1.0,0
943,SMACS-J0723.3-7327,110.61369393438612,-73.47994820065477,0.00013977255586183006,5.399373493052158e-07,1.0,0,0.00014824910430075118,3.3110021604732054e-07,1.0,0,3.2601546525248555e-05,5.352942934829283e-08,1.0,0
1033,SMACS-J0723.3-7327,110.63775860757504,-73.48427061740072,3.314381000576769e-07,8.19279953101399e-09,1.0,0,3.7594972473040683e-06,1.366345423725514e-08,1.0,0,6.030053565986321e-06,1.4633169893673311e-08,1.0,0
1057,SMACS-J0723.3-7327,110.67507450156346,-73.47699770851989,,,0.0,3,,,0.0,3,2.8288975080692832e-05,4.4043216557483855e-08,1.0,0
959,SMACS-J0723.3-7327,110.7019979548285,-73.46472596916617,,,0.0,3,,,0.0,3,8.848811209023392e-06,1.6759385783733565e-08,1.0,0
1154,SMACS-J0723.3-7327,110.72368155967555,-73.47707703079875,,,0.0,3,,,0.0,3,2.4879896825659387e-05,3.955582026113574e-08,1.0,0
1210,SMACS-J0723.3-7327,110.69139120326918,-73.49050860726273,,,0.0,3,,,0.0,3,1.0670942457503364e-05,1.9437690227698724e-08,1.0,0
1208,SMACS-J0723.3-7327,110.68583372857633,-73.49240226506173,,,0.0,3,,,0.0,3,5.035498873060896e-06,1.3804253776041043e-08,1.0,0
1022,SMACS-J0723.3-7327,110.6749328267716,-73.47499095250166,,,0.0,3,,,0.0,3,2.383816394444833e-05,4.0096476083094855e-08,1.0,0
1036,SMACS-J0723.3-7327,110.63956993882024,-73.48413618649396,-2.9333021962304732e-05,6.163867239091746e-08,1.0,0,-2.1162979018633186e-05,4.27401607511904e-08,1.0,0,-8.825647365299377e-06,3.6671385845945686e-08,1.0,0
68,SMACS-J0723.3-7327,110.67222131039391,-73.4653394904715,,,0.0,3,,,0.0,3,3.080757583263857e-05,9.627610851475945e-08,1.0,0
1034,SMACS-J0723.3-7327,110.64017861581682,-73.48401293824756,-3.383741344994038e-05,7.175141788190745e-08,1.0,0,-3.162659451312602e-05,5.5840501260042536e-08,1.0,0,-1.3475233117398133e-05,5.093373293905587e-08,1.0,0
1103,SMACS-J0723.3-7327,110.68205047480059,-73.47997697457481,,,0.0,3,,,0.0,3,2.2028341383878292e-05,3.5812596169075494e-08,1.0,0
337,SMACS-J0723.3-7327,110.64380446337191,-73.48289445878073,-8.462753068940723e-09,6.0017739369778045e-09,1.0,0,-2.8838362984891873e-08,4.047364604342981e-09,1.0,0,2.746073207289332e-05,1.0109243830917993e-07,1.0,0
1176,SMACS-J0723.3-7327,110.73943906517721,-73.47559350090589,,,0.0,3,,,0.0,3,1.9104705523174647e-05,3.332585950675581e-08,1.0,0
1219,SMACS-J0723.3-7327,110.66907880486545,-73.49705166908446,,,0.0,3,,,0.0,3,1.014902828612573e-05,1.699195321927579e-08,1.0,0
998,SMACS-J0723.3-7327,110.7034496713922,-73.46714827362766,,,0.0,3,,,0.0,3,1.6974486852763132e-05,2.4173295796217855e-08,1.0,0
925,SMACS-J0723.3-7327,110.61166380100646,-73.4753432646613,3.292325847675009e-05,1.2021474459204963e-07,1.0,0,5.3522736951959615e-05,1.1985746800207728e-07,1.0,0,1.593469143062161e-05,2.27641508598392e-08,1.0,0
1281,SMACS-J0723.3-7327,110.69657931418786,-73.49855942730547,,,0.0,3,,,0.0,3,8.86923864959811e-06,1.6543430667261533e-08,1.0,0
1128,SMACS-J0723.3-7327,110.67387800397918,-73.4831730434023,,,0.0,3,,,0.0,3,1.4893147534534771e-05,2.2822202081665513e-08,1.0,0
858,SMACS-J0723.3-7327,110.69174869604115,-73.49905249012949,,,0.0,3,,,0.0,3,1.9458926913655157e-05,5.3211706603315865e-08,1.0,0
1084,SMACS-J0723.3-7327,110.70471852063184,-73.47382412748932,,,0.0,3,,,0.0,3,6.339661418181943e-06,1.433223844332575e-08,1.0,0
1010,SMACS-J0723.3-7327,110.69548612981521,-73.46942850858234,,,0.0,3,,,0.0,3,1.3889357599693823e-05,2.035785661923463e-08,1.0,0
31,SMACS-J0723.3-7327,110.68181217421093,-73.46182146677634,,,0.0,3,,,0.0,3,5.582496436341841e-06,1.3215234265239081e-08,1.0,0
1262,SMACS-J0723.3-7327,110.68728402568924,-73.49710678830868,,,0.0,3,,,0.0,3,1.3698337518945455e-05,2.0441165455785425e-08,1.0,0
1138,SMACS-J0723.3-7327,110.71429950223171,-73.47825158547062,,,0.0,3,,,0.0,3,1.280261295965906e-05,1.8880904205613497e-08,1.0,0
792,SMACS-J0723.3-7327,110.68106251695251,-73.49779063828831,,,0.0,3,,,0.0,3,1.776146896517575e-05,5.7508502083403545e-08,1.0,0
464,SMACS-J0723.3-7327,110.655696893658,-73.48629723467951,5.25957251911447e-09,5.700972915776598e-09,1.0,0,-3.4041221422071317e-09,4.0650889823221814e-09,1.0,0,1.640814251131798e-05,5.063887037946239e-08,1.0,0
1071,SMACS-J0723.3-7327,110.62037204601263,-73.48861957101306,2.16296269068094e-05,8.26469118624281e-08,1.0,0,3.461527884292786e-05,6.991382250379017e-08,1.0,0,1.3106085724354845e-05,1.9474932822845804e-08,1.0,0
715,SMACS-J0723.3-7327,110.75068841280358,-73.47976743078058,,,0.0,3,,,0.0,3,1.5240244736097405e-05,4.904976126047742e-08,1.0,0
269,SMACS-J0723.3-7327,110.68294785498973,-73.47219160642331,,,0.0,3,,,0.0,3,1.446400855469614e-05,4.425120394671068e-08,1.0,0
962,SMACS-J0723.3-7327,110.68577427279305,-73.46763544072948,,,0.0,3,,,0.0,3,1.102579571935163e-05,1.773493584319013e-08,1.0,0
1126,SMACS-J0723.3-7327,110.64377764783015,-73.48897356636415,2.6507462533152423e-05,1.511393692457453e-07,0.6293103448275862,4,1.594961740366843e-08,4.928450041660686e-09,0.15789473684210525,4,1.0193930055177718e-05,1.718296961769118e-08,1.0,0
1205,SMACS-J0723.3-7327,110.6837860340121,-73.49176006529112,,,0.0,3,,,0.0,3,3.943116737962394e-06,1.1890199205410315e-08,1.0,0
841,SMACS-J0723.3-7327,110.73296005346597,-73.4900237121274,,,0.0,3,,,0.0,3,7.074809669497996e-06,1.5058027787551372e-08,1.0,0
1225,SMACS-J0723.3-7327,110.70226807549479,-73.48978779142466,,,0.0,3,,,0.0,3,1.0117234249421245e-05,1.730826383186979e-08,1.0,0
1031,SMACS-J0723.3-7327,110.64018358217037,-73.48351963641329,1.03840012365324e-06,1.2691271895594654e-08,1.0,0,-1.988768679561647e-06,2.3193058853011997e-08,1.0,0,1.33853123098865e-06,9.549696181044945e-09,1.0,0
1267,SMACS-J0723.3-7327,110.69236592569976,-73.49645799437033,,,0.0,3,,,0.0,3,2.48562853336196e-06,9.950291831859297e-09,1.0,0
14,SMACS-J0723.3-7327,110.59805062369708,-73.47745047694868,1.1703422829955017e-08,6.340193840049415e-09,1.0,0,2.02548414698038e-09,4.964149983648657e-09,1.0,0,1.2576693483257633e-05,6.883279281910948e-08,1.0,0
1271,SMACS-J0723.3-7327,110.70596267347705,-73.49405400264399,,,0.0,3,,,0.0,3,3.109003564771014e-06,1.072409000728871e-08,1.0,0
845,SMACS-J0723.3-7327,110.66633376697035,-73.50343448937947,,,0.0,3,,,0.0,3,5.1894807946114185e-06,1.264937425689823e-08,1.0,0
701,SMACS-J0723.3-7327,110.74226050197176,-73.48080306004302,,,0.0,3,,,0.0,3,7.142957087800894e-06,1.4449287707790721e-08,1.0,0
675,SMACS-J0723.3-7327,110.68873065897627,-73.48957565289908,,,0.0,3,,,0.0,3,1.1595649914131592e-05,4.4327099743671216e-08,1.0,0
1017,SMACS-J0723.3-7327,110.68898966809957,-73.47155479843477,,,0.0,3,,,0.0,3,2.7636738618702885e-06,1.0471586013217401e-08,1.0,0
1035,SMACS-J0723.3-7327,110.63893813666529,-73.4843503137872,8.208380077024957e-07,1.19147160911727e-08,1.0,0,1.1587900930853218e-06,1.1302329442833295e-08,1.0,0,4.834843793026029e-07,7.908531296019906e-09,1.0,0
1053,SMACS-J0723.3-7327,110.66731628645793,-73.47784103060856,,,0.0,1,,,0.0,1,7.707836580408408e-06,1.5913600450580153e-08,1.0,0
137,SMACS-J0723.3-7327,110.6341527707249,-73.47635358854778,3.438043825827288e-07,7.172060747350612e-09,1.0,0,3.5255654002649837e-06,1.1465308491393864e-08,1.0,0,6.276190062469464e-06,1.4408277335669406e-08,1.0,0
412,SMACS-J0723.3-7327,110.68412883350508,-73.47871336973849,,,0.0,3,,,0.0,3,3.734833997729297e-06,1.1823838839989078e-08,1.0,0
712,SMACS-J0723.3-7327,110.69832159283128,-73.49001228784523,,,0.0,3,,,0.0,3,1.0537258654750061e-05,5.9469099487329345e-08,1.0,0
777,SMACS-J0723.3-7327,110.6710238479239,-73.49950101209413,,,0.0,3,,,0.0,3,1.083160670904152e-06,8.036513851664335e-09,1.0,0
1287,SMACS-J0723.3-7327,110.66783689678573,-73.50560280755538,,,0.0,3,,,0.0,3,7.657406209460044e-06,1.4960987432448297e-08,1.0,0
1037,SMACS-J0723.3-7327,110.64119331134722,-73.4838973705171,8.740057261842045e-07,1.1904354696409342e-08,1.0,0,1.6877054022093682e-06,1.1761788959157072e-08,1.0,0,8.674539288931733e-07,8.054471755660391e-09,1.0,0
1083,SMACS-J0723.3-7327,110.70435704582042,-73.4734430566377,,,0.0,3,,,0.0,3,5.221403762842727e-06,1.3006634254121702e-08,1.0,0
1147,SMACS-J0723.3-7327,110.71295896534399,-73.47938526090655,,,0.0,3,,,0.0,3,-5.891880949744183e-06,3.788586287261623e-08,1.0,0
1060,SMACS-J0723.3-7327,110.66093013144945,-73.47987194999726,1.4592714000418595e-08,5.8526080321288046e-09,1.0,0,6.794089430836404e-07,6.303436915661767e-09,1.0,0,3.244757565533554e-06,1.0754865099495993e-08,1.0,0
525,SMACS-J0723.3-7327,110.65443745103119,-73.48951731834505,,,0.0,3,,,0.0,3,1.506167320576424e-06,8.471620085454338e-09,1.0,0
1146,SMACS-J0723.3-7327,110.71236740900825,-73.47950060551443,,,0.0,3,,,0.0,3,-7.295821074617849e-06,4.426470965826401e-08,1.0,0
1028,SMACS-J0723.3-7327,110.63607127956723,-73.48401628451234,3.368143485024333e-07,8.39609017562891e-09,1.0,0,3.294038993891062e-07,6.50509076375784e-09,1.0,0,1.1005379482826616e-07,5.709403525528857e-09,1.0,0
474,SMACS-J0723.3-7327,110.71487470337152,-73.47528454302382,,,0.0,3,,,0.0,3,4.365454557763173e-06,1.185649140714961e-08,1.0,0
666,SMACS-J0723.3-7327,110.7431366336268,-73.4783899740535,,,0.0,3,,,0.0,3,2.6325482308653725e-06,1.042693439599841e-08,1.0,0
1030,SMACS-J0723.3-7327,110.63811702192146,-73.48396346107873,7.369550422084122e-07,1.3391512263734453e-08,1.0,0,3.0685648379086664e-06,1.5229120649230106e-08,1.0,0,1.403261345234892e-06,9.584597677477336e-09,1.0,0
1193,SMACS-J0723.3-7327,110.64597128206587,-73.49582633437616,,,0.0,3,,,0.0,3,6.508048360038184e-06,1.330651477940998e-08,1.0,0
1243,SMACS-J0723.3-7327,110.71420166746603,-73.48896181482472,,,0.0,3,,,0.0,3,6.530815683769837e-06,1.420387039902214e-08,1.0,0
788,SMACS-J0723.3-7327,110.72064720095436,-73.4901544332264,,,0.0,3,,,0.0,3,1.8822829391964068e-06,9.190637792061888e-09,1.0,0
56,SMACS-J0723.3-7327,110.65384190352377,-73.46869980919224,,,0.0,3,,,0.0,3,1.4433652821103774e-06,8.213169657710292e-09,1.0,0
932,SMACS-J0723.3-7327,110.63387289273344,-73.47269262212248,5.9517899386683234e-06,2.573363938177831e-08,1.0,0,1.523569384185761e-05,3.108810664405556e-08,1.0,0,6.050309738769004e-06,1.2890193278492102e-08,1.0,0
973,SMACS-J0723.3-7327,110.613361061621,-73.48251905838067,4.2041689535798966e-08,6.1118342042081206e-09,1.0,0,1.70613026857875e-06,8.496883644277626e-09,1.0,0,4.416701962924755e-06,1.1504838143784436e-08,1.0,0
1038,SMACS-J0723.3-7327,110.6404459355354,-73.48431040954648,1.136741870191132e-06,1.237855408109137e-08,1.0,0,6.162524769026338e-07,9.785086486993026e-09,1.0,0,6.125517073164591e-08,6.503444804423219e-09,1.0,0
74,SMACS-J0723.3-7327,110.64859625375863,-73.47032896467306,-1.4908301502732494e-10,1.1750954711346123e-09,0.05263157894736842,4,,,0.0,1,7.541275175446277e-06,3.5685282198310744e-08,1.0,0
334,SMACS-J0723.3-7327,110.6652425781913,-73.4785667438135,-5.933613239679591e-09,5.681939698881197e-09,1.0,0,-7.733035400231071e-09,3.9988782365252105e-09,1.0,0,7.510561484223516e-06,5.008913507801738e-08,1.0,0
1180,SMACS-J0723.3-7327,110.6813888614635,-73.48755681989823,,,0.0,3,,,0.0,3,5.7244298801517194e-06,1.3087591960550352e-08,1.0,0
40,SMACS-J0723.3-7327,110.69435381837158,-73.45947061411105,,,0.0,3,,,0.0,3,5.387650564991925e-06,1.330265493708353e-08,1.0,0
508,SMACS-J0723.3-7327,110.72987457055392,-73.47347936756118,,,0.0,3,,,0.0,3,5.566121104543991e-06,1.4060245856774922e-08,1.0,0
820,SMACS-J0723.3-7327,110.66626579152832,-73.50227547734228,,,0.0,3,,,0.0,3,2.683359296526552e-06,9.697508784735911e-09,1.0,0
1217,SMACS-J0723.3-7327,110.67145409664961,-73.4960910409076,,,0.0,3,,,0.0,3,2.378260337312291e-06,1.0014659327123378e-08,1.0,0
1282,SMACS-J0723.3-7327,110.6974409472815,-73.49895955186278,,,0.0,3,,,0.0,3,2.2186928278377558e-06,9.224720289710745e-09,1.0,0
968,SMACS-J0723.3-7327,110.67845454431723,-73.46958288093528,,,0.0,3,,,0.0,3,1.0736035823537454e-06,7.595691119355187e-09,1.0,0
965,SMACS-J0723.3-7327,110.61889142104349,-73.480931597738,1.615716347305205e-05,6.459025907138455e-08,1.0,0,2.1276878318721608e-05,4.2011442486239475e-08,1.0,0,4.886914771523829e-06,1.1769809446926048e-08,1.0,0
540,SMACS-J0723.3-7327,110.64272923132793,-73.49204829415493,,,0.0,3,,,0.0,3,6.203878865442887e-06,4.2623244645563734e-08,1.0,0
664,SMACS-J0723.3-7327,110.67885471818572,-73.49103977455347,,,0.0,3,,,0.0,3,6.299773078629593e-07,7.405377719567506e-09,1.0,0
1026,SMACS-J0723.3-7327,110.63854322271726,-73.4835331406622,7.230758348341352e-07,1.0949917408739521e-08,1.0,0,5.31127344157909e-07,8.203834169528498e-09,1.0,0,3.699062863570622e-07,6.38844018228623e-09,1.0,0
983,SMACS-J0723.3-7327,110.64055804905226,-73.47965187635198,6.853611797465015e-08,6.24053848774113e-09,1.0,0,6.025170140074117e-07,6.080848254360339e-09,1.0,0,2.510666944346077e-06,9.7147127774729e-09,1.0,0
105,SMACS-J0723.3-7327,110.63419363820209,-73.47492326190428,3.708579768693532e-07,7.628268730218554e-09,1.0,0,1.5862171480413252e-06,8.527821844247722e-09,1.0,0,1.8222840788604586e-06,8.545225428827346e-09,1.0,0
17,SMACS-J0723.3-7327,110.61838400397163,-73.47351296575724,1.537666701051685e-09,5.942955049499049e-09,1.0,0,-5.786018641208418e-09,3.936495975429749e-09,1.0,0,5.62151044597956e-06,2.8044686530821562e-08,1.0,0
1149,SMACS-J0723.3-7327,110.71472585913402,-73.47923253178749,,,0.0,3,,,0.0,3,6.901211872376307e-07,6.65821507128864e-09,1.0,0
123,SMACS-J0723.3-7327,110.63109583371387,-73.47647577106231,2.048269921794375e-06,1.2263974787995695e-08,1.0,0,3.210848816370352e-06,1.099285616766629e-08,1.0,0,2.3413958403374036e-06,9.814546922799389e-09,1.0,0
854,SMACS-J0723.3-7327,110.73800257200533,-73.48951495192368,,,0.0,3,,,0.0,3,5.465033322899066e-06,2.90610007174445e-08,1.0,0
256,SMACS-J0723.3-7327,110.71324269079052,-73.46587332762994,,,0.0,3,,,0.0,3,2.367196233094658e-06,8.905548669311151e-09,1.0,0
373,SMACS-J0723.3-7327,110.68542984895484,-73.47651468518296,,,0.0,3,,,0.0,3,6.195962461567316e-07,6.5530319352076055e-09,1.0,0
1067,SMACS-J0723.3-7327,110.68288878560902,-73.47562769200205,,,0.0,3,,,0.0,3,4.630362391973412e-06,5.3806336445734016e-08,1.0,0
1179,SMACS-J0723.3-7327,110.66846501958813,-73.49008913375002,,,0.0,3,,,0.0,3,1.4694512362234683e-06,8.114237039354498e-09,1.0,0
1162,SMACS-J0723.3-7327,110.70209698912248,-73.48219806481725,,,0.0,3,,,0.0,3,2.5232253598228498e-06,9.753522099046008e-09,1.0,0
230,SMACS-J0723.3-7327,110.65807669216991,-73.47588841294952,9.99066540555688e-07,9.588047832300375e-09,1.0,0,2.722263921094995e-06,1.0555003549712697e-08,1.0,0,1.1324963886011649e-06,7.939285648711916e-09,1.0,0
48,SMACS-J0723.3-7327,110.6441787507471,-73.46995951036668,1.1399706352917004e-05,4.52523207595477e-08,1.0,0,1.4609453899063909e-05,3.084901320302584e-08,1.0,0,3.3777779093415435e-06,9.981126563802286e-09,1.0,0
476,SMACS-J0723.3-7327,110.72674316734405,-73.47295241564822,,,0.0,3,,,0.0,3,1.6041803115456797e-06,8.0070520284612e-09,1.0,0
1040,SMACS-J0723.3-7327,110.64235902421036,-73.4838542941974,5.956273327253576e-07,9.20374005501222e-09,1.0,0,3.195919789189557e-07,6.369719696375109e-09,1.0,0,4.285957902730452e-07,6.16937479455474e-09,1.0,0
948,SMACS-J0723.3-7327,110.67392962134203,-73.46806792850936,,,0.0,3,,,0.0,3,7.988033904439143e-07,6.737980791942208e-09,1.0,0
1125,SMACS-J0723.3-7327,110.64401404739118,-73.48884392484437,6.414936271615904e-07,4.1005288270677235e-08,1.0,0,8.22324479314695e-06,2.0369364506729198e-08,0.9482758620689655,4,1.4111525961902698e-06,1.031892712504019e-08,1.0,0
1166,SMACS-J0723.3-7327,110.66000421042932,-73.49066180928237,,,0.0,3,,,0.0,3,9.918403914617857e-07,7.263071266706106e-09,1.0,0
1143,SMACS-J0723.3-7327,110.71293862934326,-73.47891254062907,,,0.0,3,,,0.0,3,4.526256789549737e-07,6.280302573287425e-09,1.0,0
1027,SMACS-J0723.3-7327,110.64074153874857,-73.48318907541741,4.567932350769711e-07,8.836121511194923e-09,1.0,0,3.0972662345475726e-07,6.451280961862731e-09,1.0,0,4.1175885864893626e-07,6.236866949132859e-09,1.0,0
1044,SMACS-J0723.3-7327,110.64172181112833,-73.48483108385629,3.3916011899624874e-07,8.136284254695489e-09,1.0,0,2.7247451519967724e-07,5.649305215737319e-09,1.0,0,5.3514519666523e-08,4.893230536835617e-09,1.0,0
604,SMACS-J0723.3-7327,110.64849286953358,-73.49322057407332,,,0.0,3,,,0.0,3,1.7819490654197527e-06,8.014120870088769e-09,1.0,0
704,SMACS-J0723.3-7327,110.68959319924642,-73.49142124424097,,,0.0,3,,,0.0,3,2.6435535711361824e-06,9.477258307676045e-09,1.0,0
1039,SMACS-J0723.3-7327,110.63822162124822,-73.48465133856969,3.377822222961328e-07,8.319650930635296e-09,1.0,0,3.0460325332645424e-07,6.652358240973212e-09,1.0,0,3.0602276917683504e-07,6.3486948289091516e-09,1.0,0
324,SMACS-J0723.3-7327,110.71701707520324,-73.46796570059261,,,0.0,3,,,0.0,3,1.2261323169897895e-06,7.355883727658171e-09,1.0,0
1142,SMACS-J0723.3-7327,110.71080186527804,-73.47933961739473,,,0.0,3,,,0.0,3,3.824770344063633e-07,6.19196165895852e-09,1.0,0
1041,SMACS-J0723.3-7327,110.6375269896515,-73.48517965089896,1.681731115915188e-07,7.083781705695498e-09,1.0,0,2.1830133293965087e-07,5.430776212199139e-09,1.0,0,5.2227527814888504e-08,4.7791052819862825e-09,1.0,0
1133,SMACS-J0723.3-7327,110.7098583991871,-73.47804128347369,,,0.0,3,,,0.0,3,5.761399294227903e-07,6.2626962649713896e-09,1.0,0
581,SMACS-J0723.3-7327,110.70020567582756,-73.48259820367424,,,0.0,3,,,0.0,3,4.2429583577322746e-07,6.111447686145951e-09,1.0,0
1190,SMACS-J0723.3-7327,110.650776930474,-73.49534379002623,,,0.0,3,,,0.0,3,3.8705957718645337e-07,5.536720815199199e-09,1.0,0
846,SMACS-J0723.3-7327,110.67598736365092,-73.50129673005623,,,0.0,3,,,0.0,3,1.1904901447578824e-06,7.268387994136256e-09,1.0,0
1131,SMACS-J0723.3-7327,110.71031378532001,-73.4764223949965,,,0.0,3,,,0.0,3,8.358248788265686e-07,6.760385377910186e-09,1.0,0
1145,SMACS-J0723.3-7327,110.71165130397294,-73.47971735161657,,,0.0,3,,,0.0,3,2.3161773127474152e-07,5.744320763692493e-09,1.0,0
1247,SMACS-J0723.3-7327,110.6561511466971,-73.5011079380743,,,0.0,3,,,0.0,3,1.3204068242431229e-06,7.4027390084864766e-09,1.0,0
110,SMACS-J0723.3-7327,110.68460486826444,-73.46524408308214,,,0.0,3,,,0.0,3,1.565861681551988e-06,8.105526536818024e-09,1.0,0
1184,SMACS-J0723.3-7327,110.71433212905349,-73.48146539980344,,,0.0,3,,,0.0,3,6.964343535459261e-07,6.4634083906219895e-09,1.0,0
990,SMACS-J0723.3-7327,110.67129003503707,-73.47221096744094,,,0.0,3,,,0.0,3,1.2975863399755937e-06,5.6933099668487375e-08,1.0,0
1189,SMACS-J0723.3-7327,110.64856517232919,-73.49504135513459,,,0.0,3,,,0.0,3,1.0786907860691206e-06,7.308900587997151e-09,1.0,0
1045,SMACS-J0723.3-7327,110.67963602077015,-73.47449519152816,,,0.0,3,,,0.0,3,1.8376500556480897e-06,8.388093928969464e-09,1.0,0
1174,SMACS-J0723.3-7327,110.67285393862181,-73.49005941746036,,,0.0,3,,,0.0,3,1.9381184564119593e-06,6.491743890859304e-08,1.0,0
582,SMACS-J0723.3-7327,110.64737114891865,-73.49289265158926,,,0.0,3,,,0.0,3,8.124511784029674e-07,6.465803993365964e-09,1.0,0
753,SMACS-J0723.3-7327,110.69437188766238,-73.49296441717749,,,0.0,3,,,0.0,3,2.333848617493959e-06,9.17341989894652e-09,1.0,0
882,SMACS-J0723.3-7327,110.66871550376746,-73.50476746380784,,,0.0,3,,,0.0,3,2.3220420842262803e-06,8.839457804666297e-09,1.0,0
457,SMACS-J0723.3-7327,110.6831340180597,-73.48073325468856,,,0.0,3,,,0.0,3,1.4258627926091574e-06,8.018476502135361e-09,1.0,0
1042,SMACS-J0723.3-7327,110.64410123801494,-73.48382106770077,2.644334959024503e-07,7.557960225461843e-09,1.0,0,2.990139107344576e-07,5.733077085445191e-09,1.0,0,5.854975953366446e-08,5.112675021380006e-09,1.0,0
538,SMACS-J0723.3-7327,110.71757910362032,-73.47721407967822,,,0.0,3,,,0.0,3,6.460032986690071e-07,6.493675016717187e-09,1.0,0
1270,SMACS-J0723.3-7327,110.68758919052124,-73.49789121825883,,,0.0,3,,,0.0,3,6.061364383520062e-07,6.11705264393675e-09,1.0,0
869,SMACS-J0723.3-7327,110.71850972229808,-73.49439578989309,,,0.0,3,,,0.0,3,9.561512989579043e-07,6.870294007197151e-09,1.0,0
1196,SMACS-J0723.3-7327,110.7252791246108,-73.48053991263924,,,0.0,3,,,0.0,3,3.268366704127453e-07,5.565609161177983e-09,1.0,0
1024,SMACS-J0723.3-7327,110.63752750686542,-73.4831192780087,3.135662981593159e-07,8.018163707808989e-09,1.0,0,2.450362051464607e-07,5.5752773910049926e-09,1.0,0,-1.6769819588903785e-08,4.770781034858265e-09,1.0,0
1025,SMACS-J0723.3-7327,110.64145070134569,-73.48277144115174,2.1334855803036327e-07,7.420744552372275e-09,1.0,0,2.5813518914593576e-07,5.6176667174419e-09,1.0,0,5.211346097208373e-08,5.1956946737671945e-09,1.0,0
855,SMACS-J0723.3-7327,110.71189111794052,-73.49507022232545,,,0.0,3,,,0.0,3,4.6253549202502163e-07,6.003448777409273e-09,1.0,0
1246,SMACS-J0723.3-7327,110.65659809409017,-73.50079692795212,,,0.0,3,,,0.0,3,8.822600718875442e-07,7.135954759367033e-09,1.0,0
867,SMACS-J0723.3-7327,110.68647745944567,-73.50050731282113,,,0.0,3,,,0.0,3,2.631819722857815e-06,1.9117608281347437e-08,1.0,0
542,SMACS-J0723.3-7327,110.69096984129902,-73.4827703403171,,,0.0,3,,,0.0,3,7.630564842127712e-07,7.12324335124673e-09,1.0,0
776,SMACS-J0723.3-7327,110.71837231557826,-73.48972819940516,,,0.0,3,,,0.0,3,2.1366173793740286e-06,9.555915784490879e-09,1.0,0
1043,SMACS-J0723.3-7327,110.63858928243717,-73.48487214542632,-4.0302750595235205e-08,6.44612663261365e-09,1.0,0,6.642402527515615e-07,6.643964973287546e-09,1.0,0,1.2631160142364e-06,7.775163079333997e-09,1.0,0
359,SMACS-J0723.3-7327,110.70234392340156,-73.4725981293134,,,0.0,3,,,0.0,3,1.644456106102449e-06,8.175453258566905e-09,1.0,0
593,SMACS-J0723.3-7327,110.7240252994395,-73.47793928440143,,,0.0,3,,,0.0,3,2.080494556311854e-06,8.636963462088127e-09,1.0,0
100,SMACS-J0723.3-7327,110.66100099695092,-73.46929334433082,,,0.0,3,,,0.0,3,5.337219170506435e-07,6.056900588835329e-09,1.0,0
669,SMACS-J0723.3-7327,110.65906616033197,-73.49534497638874,,,0.0,3,,,0.0,3,2.919019311709594e-07,5.7211577896963995e-09,1.0,0
331,SMACS-J0723.3-7327,110.71853153267081,-73.4680996897313,,,0.0,3,,,0.0,3,9.52633810686296e-07,6.645761611095288e-09,1.0,0
530,SMACS-J0723.3-7327,110.72358727627412,-73.47588562635823,,,0.0,3,,,0.0,3,4.885317849656792e-07,5.644533923022082e-09,1.0,0
950,SMACS-J0723.3-7327,110.67561655193231,-73.4682467017359,,,0.0,3,,,0.0,3,5.508639660660931e-07,6.1269614986119076e-09,1.0,0
648,SMACS-J0723.3-7327,110.68739675378858,-73.4884153013849,,,0.0,3,,,0.0,3,1.5721642648406382e-06,8.781559117349505e-09,1.0,0
1029,SMACS-J0723.3-7327,110.63723007307972,-73.48381301098924,-2.3095284843644981e-07,6.866951251783376e-09,1.0,0,-3.426456232342886e-07,5.03881183190452e-09,1.0,0,-6.616447222368352e-08,5.210869002343787e-09,1.0,0
491,SMACS-J0723.3-7327,110.69236904391356,-73.4804035234123,,,0.0,3,,,0.0,3,4.5476790806490355e-07,6.166441802287917e-09,1.0,0
1094,SMACS-J0723.3-7327,110.68875954791866,-73.47819845573513,,,0.0,3,,,0.0,3,1.8480497643217824e-07,6.035270945141714e-09,1.0,0
1258,SMACS-J0723.3-7327,110.68113744107984,-73.49809363579394,,,0.0,3,,,0.0,3,2.994172617807771e-07,5.79316830580515e-09,1.0,0
989,SMACS-J0723.3-7327,110.67095873267957,-73.47220676431047,,,0.0,3,,,0.0,3,7.304847867953906e-07,5.0692473115791035e-08,1.0,0
314,SMACS-J0723.3-7327,110.69416827637761,-73.4721415300653,,,0.0,3,,,0.0,3,3.995666163854958e-07,5.631519208682725e-09,1.0,0
1063,SMACS-J0723.3-7327,110.62255506952253,-73.48758064339634,1.6195164203622285e-07,7.3233564389715995e-09,1.0,0,4.5693563872325287e-07,6.0601043018848124e-09,1.0,0,4.848646460863037e-07,5.7633498650378366e-09,1.0,0
691,SMACS-J0723.3-7327,110.67059070641486,-73.49454976684397,,,0.0,3,,,0.0,3,8.379980670148797e-07,6.965410307366459e-09,1.0,0
468,SMACS-J0723.3-7327,110.6560997259642,-73.48663179977906,,,0.0,1,,,0.0,2,1.0207715515667473e-06,7.026716460858724e-09,1.0,0
1140,SMACS-J0723.3-7327,110.71134927092447,-73.47890913148915,,,0.0,3,,,0.0,3,1.0944976670210352e-07,5.108701110664969e-09,1.0,0
1148,SMACS-J0723.3-7327,110.7137030531699,-73.47928245268557,,,0.0,3,,,0.0,3,2.614310323784461e-07,6.280896790117044e-09,1.0,0
663,SMACS-J0723.3-7327,110.66960022697107,-73.49257021477756,,,0.0,3,,,0.0,3,8.832570271253359e-07,7.00723704608244e-09,1.0,0
1175,SMACS-J0723.3-7327,110.67312527777952,-73.49008128186907,,,0.0,3,,,0.0,3,1.3620452527113947e-06,5.992029460726311e-08,1.0,0
934,SMACS-J0723.3-7327,110.65126390077468,-73.46981453721044,,,0.0,3,,,0.0,3,3.574188450295214e-07,5.556654539686578e-09,1.0,0
1201,SMACS-J0723.3-7327,110.68700711014634,-73.49021164013106,,,0.0,3,,,0.0,3,1.4169072809366902e-06,7.733168118648464e-09,1.0,0
426,SMACS-J0723.3-7327,110.72120538069154,-73.4718458855006,,,0.0,3,,,0.0,3,1.5284464871483549e-06,7.547976887031901e-09,1.0,0
790,SMACS-J0723.3-7327,110.73629210360251,-73.48682896087146,,,0.0,3,,,0.0,3,1.4848107663068877e-06,7.644933483781576e-09,1.0,0
1088,SMACS-J0723.3-7327,110.71590449345958,-73.47156631375171,,,0.0,3,,,0.0,3,2.4590011544718376e-08,4.5667860358249644e-08,1.0,0
1199,SMACS-J0723.3-7327,110.69540729182151,-73.48801003277322,,,0.0,3,,,0.0,3,6.605834240120165e-07,6.425953360710779e-09,1.0,0
1240,SMACS-J0723.3-7327,110.6776189030488,-73.4957976631719,,,0.0,3,,,0.0,3,6.747479567010527e-07,6.321571350991876e-09,1.0,0
709,SMACS-J0723.3-7327,110.7278420308177,-73.4840139838674,,,0.0,3,,,0.0,3,5.300265625196429e-07,5.950392591611032e-09,1.0,0
97,SMACS-J0723.3-7327,110.66932527385393,-73.46744684268596,,,0.0,3,,,0.0,3,1.3705328038664371e-06,7.546968723656847e-09,1.0,0
1280,SMACS-J0723.3-7327,110.69569967397817,-73.49836361263357,,,0.0,3,,,0.0,3,1.2159048984110825e-06,7.122470386278369e-09,1.0,0
1198,SMACS-J0723.3-7327,110.69606183880946,-73.48775486937814,,,0.0,3,,,0.0,3,2.820195314868592e-07,5.600272275686969e-09,1.0,0
517,SMACS-J0723.3-7327,110.66837432612787,-73.4861685361373,,,0.0,3,,,0.0,3,1.3554229093688428e-06,7.597665214812863e-09,1.0,0
997,SMACS-J0723.3-7327,110.62359236369451,-73.48271925867178,3.355934517571146e-07,7.603926569554249e-09,1.0,0,5.86319585571452e-07,6.023140795885401e-09,1.0,0,4.177488307586896e-07,5.612136950465653e-09,1.0,0
1150,SMACS-J0723.3-7327,110.7130542843075,-73.47966459284387,,,0.0,3,,,0.0,3,1.6660864706644342e-08,5.026826525289752e-09,1.0,0
386,SMACS-J0723.3-7327,110.66614495061934,-73.48095447515576,1.6142381842537116e-07,6.18990751240197e-09,1.0,0,4.258296203668091e-07,5.3490810009951295e-09,1.0,0,6.055769156290338e-07,6.197571674731834e-09,1.0,0
193,SMACS-J0723.3-7327,110.65775435334862,-73.47404342943528,5.275027045533694e-10,5.242539759168649e-10,0.008695652173913044,4,,,0.0,1,1.3489718586834977e-06,7.538458376345657e-09,1.0,0
804,SMACS-J0723.3-7327,110.72495221767295,-73.48957136441149,,,0.0,3,,,0.0,3,1.0731001287205307e-06,7.554114789238176e-09,1.0,0
880,SMACS-J0723.3-7327,110.67598739707377,-73.50323541502998,,,0.0,3,,,0.0,3,7.195912163138808e-07,6.194449687575186e-09,1.0,0
1121,SMACS-J0723.3-7327,110.68970240479472,-73.47874852634743,,,0.0,3,,,0.0,3,9.32349052882607e-07,7.041491974797071e-09,1.0,0
46,SMACS-J0723.3-7327,110.62505633814101,-73.47352262283432,2.059359319395758e-06,1.3738862183669746e-08,1.0,0,3.552197151750472e-06,1.2359758173233685e-08,1.0,0,1.2747342485082708e-06,6.9437386693581094e-09,1.0,0
181,SMACS-J0723.3-7327,110.64080993103826,-73.4766383169776,4.75714391235732e-07,7.818560333065894e-09,1.0,0,1.236909114703046e-06,7.649877162356249e-09,1.0,0,4.880728919426791e-07,6.021588501217677e-09,1.0,0
1139,SMACS-J0723.3-7327,110.70928671534378,-73.47937798282366,,,0.0,3,,,0.0,3,9.194667438340084e-08,5.065384148109749e-09,1.0,0
614,SMACS-J0723.3-7327,110.64232180163981,-73.49499777299704,,,0.0,3,,,0.0,3,1.0777596374298344e-06,7.1275720201597285e-09,1.0,0
1200,SMACS-J0723.3-7327,110.68625462535226,-73.49022827600831,,,0.0,3,,,0.0,3,5.28342151596322e-07,6.557419772956324e-09,1.0,0
1234,SMACS-J0723.3-7327,110.70186964233761,-73.49071865460843,,,0.0,3,,,0.0,3,-2.286131640664182e-06,8.396383383707036e-09,1.0,0
1087,SMACS-J0723.3-7327,110.71552813736716,-73.47156902547087,,,0.0,3,,,0.0,3,4.791450124571508e-07,4.966205145987763e-08,1.0,0
1185,SMACS-J0723.3-7327,110.69071930736153,-73.4860153986347,,,0.0,3,,,0.0,3,3.775352148990929e-07,5.779417245169088e-09,1.0,0
800,SMACS-J0723.3-7327,110.74831185266181,-73.48485914204038,,,0.0,3,,,0.0,3,5.757829486830564e-07,6.6997288791908415e-09,1.0,0
1204,SMACS-J0723.3-7327,110.73228606137167,-73.4821324356521,,,0.0,3,,,0.0,3,1.360765324259175e-07,5.027119578231947e-09,1.0,0
1285,SMACS-J0723.3-7327,110.68757525651621,-73.5009446436828,,,0.0,3,,,0.0,3,2.447768892123626e-07,5.188299921292506e-09,1.0,0
321,SMACS-J0723.3-7327,110.62195502229456,-73.48660991180212,2.3893279499529042e-06,1.5026524468346897e-08,1.0,0,3.755444538119968e-06,1.2487778100581148e-08,1.0,0,1.1717256393130296e-06,6.920850409408176e-09,1.0,0
866,SMACS-J0723.3-7327,110.72256666885828,-73.49351844636944,,,0.0,3,,,0.0,3,6.649006718604371e-07,6.168007075391085e-09,1.0,0
1151,SMACS-J0723.3-7327,110.7109264557535,-73.48014352588275,,,0.0,3,,,0.0,3,4.492800785463274e-08,4.721896793891427e-09,1.0,0
1068,SMACS-J0723.3-7327,110.68307491528428,-73.47568412205311,,,0.0,3,,,0.0,3,9.711077178584379e-07,6.04623422778059e-08,1.0,0
276,SMACS-J0723.3-7327,110.65247394293318,-73.47878580660567,2.7631440468942193e-07,6.960385897209141e-09,1.0,0,5.848133319247466e-07,5.947314644976504e-09,1.0,0,5.399658244120141e-07,5.9161991127846285e-09,1.0,0
496,SMACS-J0723.3-7327,110.65223291081429,-73.48846006035103,,,0.0,3,,,0.0,3,5.385233973411415e-07,5.7780280862593384e-09,1.0,0
512,SMACS-J0723.3-7327,110.6481402569005,-73.4897541117273,,,0.0,3,,,0.0,3,5.548221600411673e-07,6.573830790044885e-09,1.0,0
177,SMACS-J0723.3-7327,110.6297171625643,-73.47884598696827,1.1382646547611691e-07,6.878146586582788e-09,1.0,0,1.79098755099525e-07,5.522846258872385e-09,1.0,0,5.221916550588905e-08,4.881144165450888e-09,1.0,0
377,SMACS-J0723.3-7327,110.70547382746535,-73.47262727312946,,,0.0,3,,,0.0,3,6.322776958318348e-07,6.383046095742802e-09,1.0,0
617,SMACS-J0723.3-7327,110.70499253335949,-73.48274724968213,,,0.0,3,,,0.0,3,5.945598024373768e-07,6.173597310889848e-09,1.0,0
1110,SMACS-J0723.3-7327,110.67646557912802,-73.48132768958612,,,0.0,3,,,0.0,3,-1.2748925119578542e-06,9.051022747818335e-09,1.0,0
499,SMACS-J0723.3-7327,110.66819507361782,-73.48540029075453,,,0.0,3,,,0.0,3,6.095673940617262e-07,6.6409580232957656e-09,1.0,0
739,SMACS-J0723.3-7327,110.67875581678668,-73.49521930464711,,,0.0,3,,,0.0,3,1.0473107764440435e-06,6.951413911173042e-09,1.0,0
20,SMACS-J0723.3-7327,110.6416244884516,-73.46924625080375,3.21487785929014e-07,7.027534408881569e-09,1.0,0,7.608184500987226e-07,6.558445587700571e-09,1.0,0,5.245832789429361e-07,5.690197288651294e-09,1.0,0
266,SMACS-J0723.3-7327,110.66012816085012,-73.47671072176084,1.2584015389238457e-07,6.142257150450101e-09,1.0,0,5.551609249970825e-07,5.798355413431185e-09,1.0,0,8.346172600000378e-07,6.531219117430998e-09,1.0,0
394,SMACS-J0723.3-7327,110.68916806207095,-73.47660280044374,,,0.0,3,,,0.0,3,2.6521838126309695e-07,5.22006135099599e-09,1.0,0
918,SMACS-J0723.3-7327,110.68316980126666,-73.46106466059923,,,0.0,3,,,0.0,3,2.280476796917406e-07,5.1010973013973e-09,1.0,0
1118,SMACS-J0723.3-7327,110.63377571300495,-73.48964441826526,7.127986905262314e-08,6.180955922217616e-09,1.0,0,4.2527991961038743e-07,5.656240472517432e-09,1.0,0,6.116512356171227e-07,5.907452397688792e-09,1.0,0
945,SMACS-J0723.3-7327,110.61276488251859,-73.48009240251407,4.516409047537081e-06,2.274401185133401e-08,1.0,0,3.2642011840498183e-06,1.2126665713120184e-08,1.0,0,7.693097812637655e-07,6.3483099327176315e-09,1.0,0
779,SMACS-J0723.3-7327,110.720868409128,-73.4895648447922,,,0.0,3,,,0.0,3,2.591842866665458e-07,5.358779051714452e-09,1.0,0
761,SMACS-J0723.3-7327,110.71139747118472,-73.49013409977643,,,0.0,3,,,0.0,3,1.0033036241594057e-06,7.618391308791666e-09,1.0,0
1211,SMACS-J0723.3-7327,110.69283246391007,-73.49068884326856,,,0.0,3,,,0.0,3,5.803024757040038e-07,6.539915658685948e-09,1.0,0
1111,SMACS-J0723.3-7327,110.67703320347907,-73.48120841951065,,,0.0,3,,,0.0,3,-2.9505966154693836e-06,1.2661794338072619e-08,1.0,0
1050,SMACS-J0723.3-7327,110.68050025647321,-73.47520557237024,,,0.0,3,,,0.0,3,4.2869068672263203e-07,6.193774259708055e-09,1.0,0
136,SMACS-J0723.3-7327,110.69452891703997,-73.46420573258628,,,0.0,3,,,0.0,3,2.0027458836546565e-07,4.894703799227339e-09,1.0,0
405,SMACS-J0723.3-7327,110.62615789918198,-73.48980344763704,2.4453358900490234e-07,7.150455265818103e-09,1.0,0,7.889292167288694e-07,6.5053369828893654e-09,1.0,0,7.161910518802389e-07,6.036273836160062e-09,1.0,0
659,SMACS-J0723.3-7327,110.71640364050306,-73.48299008518435,,,0.0,3,,,0.0,3,9.803776028920723e-07,6.961560689706825e-09,1.0,0
194,SMACS-J0723.3-7327,110.60967444826805,-73.48381118017667,1.1149045112572809e-07,6.76437729651025e-09,1.0,0,3.8550496288756046e-07,5.597844959177346e-09,1.0,0,3.534294835226081e-07,2.0068594101641335e-08,1.0,0
1171,SMACS-J0723.3-7327,110.72702139241818,-73.47775604768891,,,0.0,3,,,0.0,3,2.685883196938905e-07,5.167234345700772e-09,1.0,0
541,SMACS-J0723.3-7327,110.64704767210583,-73.49125241556582,,,0.0,3,,,0.0,3,6.234676398776921e-07,5.566713096397375e-08,1.0,0
1073,SMACS-J0723.3-7327,110.62150316671506,-73.4888845961198,4.2195971708078413e-08,6.36284366877695e-09,1.0,0,9.111336057904099e-08,4.9440392377923415e-09,1.0,0,8.209931492938021e-08,4.649797731464542e-09,1.0,0
547,SMACS-J0723.3-7327,110.64276588469889,-73.49242577695277,,,0.0,3,,,0.0,3,3.378886189808354e-07,5.31228325106397e-09,1.0,0
1003,SMACS-J0723.3-7327,110.68834140980245,-73.47078706636403,,,0.0,3,,,0.0,3,-1.957609113007461e-06,8.483406842431251e-09,1.0,0
986,SMACS-J0723.3-7327,110.6356110817086,-73.48093403262261,-8.023669223864975e-07,7.340642651334304e-09,1.0,0,-9.436733119850917e-07,6.0783094639486814e-09,1.0,0,-4.858273722637352e-07,5.9071928033508605e-09,1.0,0
180,SMACS-J0723.3-7327,110.6907690868427,-73.46668434325409,,,0.0,3,,,0.0,3,1.3287316529222376e-07,4.991484196264144e-09,1.0,0
876,SMACS-J0723.3-7327,110.75675037591255,-73.48699728583009,,,0.0,3,,,0.0,3,5.462223148377297e-07,5.918577802802934e-09,1.0,0
1004,SMACS-J0723.3-7327,110.68890272852305,-73.47067367158446,,,0.0,3,,,0.0,3,-2.5338765118658816e-06,9.317454464886459e-09,1.0,0
138,SMACS-J0723.3-7327,110.68415786230337,-73.46626269356835,,,0.0,3,,,0.0,3,3.9584946050909495e-07,5.387486362873307e-09,1.0,0
188,SMACS-J0723.3-7327,110.61547350332123,-73.48208624816714,2.42727020090742e-08,6.189663414040651e-09,1.0,0,1.0798408827077496e-07,4.5807240534705135e-09,1.0,0,1.8026775553286072e-07,4.7928060193501555e-09,1.0,0
1070,SMACS-J0723.3-7327,110.64680034937368,-73.48307232984517,2.0037393473877683e-09,5.874871401333598e-09,1.0,0,2.1507810205992505e-09,4.084881300680186e-09,1.0,0,8.028969830798446e-07,4.9159096304554794e-08,1.0,0
482,SMACS-J0723.3-7327,110.72380699143709,-73.47360648000496,,,0.0,3,,,0.0,3,5.793976977192079e-07,6.310277698917999e-09,1.0,0
941,SMACS-J0723.3-7327,110.61223898760258,-73.47990032582776,7.739002684846594e-08,6.563417796285493e-09,1.0,0,1.9891812949099331e-07,5.088216592383168e-09,1.0,0,2.2249657238847845e-07,5.065915369855354e-09,1.0,0
682,SMACS-J0723.3-7327,110.71028137317319,-73.48569568490312,,,0.0,3,,,0.0,3,2.582168941295253e-07,5.343675981190553e-09,1.0,0
30,SMACS-J0723.3-7327,110.68681228058587,-73.46053241853896,,,0.0,3,,,0.0,3,2.4755035600958337e-07,5.703685480494748e-09,1.0,0
628,SMACS-J0723.3-7327,110.67132894648714,-73.49011760710508,,,0.0,3,,,0.0,3,7.674640406672879e-07,6.695595702369986e-09,1.0,0
297,SMACS-J0723.3-7327,110.70470646966332,-73.46941192242974,,,0.0,3,,,0.0,3,2.581817253945413e-07,5.183831943488151e-09,1.0,0
1252,SMACS-J0723.3-7327,110.67460438951171,-73.49800058393467,,,0.0,3,,,0.0,3,4.5346079078028807e-07,6.064634112971574e-09,1.0,0
985,SMACS-J0723.3-7327,110.63501087776561,-73.48103639910502,-1.2082864209821082e-06,7.825054915487539e-09,1.0,0,-1.2704667066873974e-06,7.97396412013986e-09,1.0,0,-5.889574675846737e-07,6.116629696414528e-09,1.0,0
1091,SMACS-J0723.3-7327,110.63009724358275,-73.48898243156192,8.212786859333155e-07,9.188818595098947e-09,1.0,0,1.8060874950040797e-06,8.999205158089697e-09,1.0,0,7.685358958266176e-07,6.233440705072717e-09,1.0,0
369,SMACS-J0723.3-7327,110.66924500415674,-73.47957139361266,1.583645987681114e-07,6.327326781966219e-09,1.0,0,3.6639800031220787e-07,5.303774975733786e-09,1.0,0,3.9721886463042414e-07,5.543700396632545e-09,1.0,0
128,SMACS-J0723.3-7327,110.62625034601274,-73.47744369565277,8.055967682729617e-07,8.884413177223558e-09,1.0,0,1.3383358863747692e-06,7.598097217235859e-09,1.0,0,4.98147335825277e-07,5.596063649512701e-09,1.0,0
957,SMACS-J0723.3-7327,110.70154850852974,-73.46425225625008,,,0.0,3,,,0.0,3,6.22338044149305e-08,4.846749169968995e-09,1.0,0
830,SMACS-J0723.3-7327,110.73148612439493,-73.48960254386286,,,0.0,3,,,0.0,3,3.775860307079024e-07,5.517193193674376e-09,1.0,0
343,SMACS-J0723.3-7327,110.68024959867418,-73.47615038353692,,,0.0,3,,,0.0,3,5.865365545891949e-07,6.066096605548149e-09,1.0,0
732,SMACS-J0723.3-7327,110.67777292874115,-73.49498750909592,,,0.0,3,,,0.0,3,3.1684335289925836e-07,5.892376681505247e-09,1.0,0
837,SMACS-J0723.3-7327,110.69107805698043,-73.49779884807613,,,0.0,3,,,0.0,3,7.161276753878189e-07,6.2220800236951975e-09,1.0,0
678,SMACS-J0723.3-7327,110.7261597703217,-73.48245515098063,,,0.0,3,,,0.0,3,3.062748676684195e-07,5.1610706915833505e-09,1.0,0
683,SMACS-J0723.3-7327,110.66651895951979,-73.49484911849048,,,0.0,3,,,0.0,3,1.834111299495768e-07,4.98878023827646e-09,1.0,0
456,SMACS-J0723.3-7327,110.66362508201436,-73.48454097313105,5.462824531043831e-07,8.028204415000485e-09,1.0,0,8.419620023033145e-07,6.422488401427496e-09,1.0,0,3.5292189520871697e-07,5.533832242812e-09,1.0,0
1141,SMACS-J0723.3-7327,110.71344104500041,-73.47861135811338,,,0.0,3,,,0.0,3,1.5048495654094752e-07,5.116261689509557e-09,1.0,0
558,SMACS-J0723.3-7327,110.67707190502807,-73.4859270291769,,,0.0,3,,,0.0,3,5.264856453636885e-07,5.8770464389150785e-09,1.0,0
646,SMACS-J0723.3-7327,110.66293025278972,-73.49315319947515,,,0.0,3,,,0.0,3,4.0627445588534913e-07,5.727966982514687e-09,1.0,0
1268,SMACS-J0723.3-7327,110.68681495848396,-73.4975713038726,,,0.0,3,,,0.0,3,3.417910766309658e-07,5.4192024994462196e-09,1.0,0
1195,SMACS-J0723.3-7327,110.64654104054648,-73.4960044044456,,,0.0,3,,,0.0,3,2.0682140306608565e-07,4.911034605034744e-09,1.0,0
536,SMACS-J0723.3-7327,110.69814572957475,-73.48105300731386,,,0.0,3,,,0.0,3,1.763962131320942e-07,5.012324437580378e-09,1.0,0
896,SMACS-J0723.3-7327,110.67067178556847,-73.50530396613487,,,0.0,3,,,0.0,3,3.316566254606212e-07,5.412620607914673e-09,1.0,0
936,SMACS-J0723.3-7327,110.65295302175194,-73.47002443089465,,,0.0,3,,,0.0,3,2.61258654033347e-07,5.436893965484822e-09,1.0,0
736,SMACS-J0723.3-7327,110.71446329235492,-73.48787847245507,,,0.0,3,,,0.0,3,3.246599237138422e-07,5.3582028714114345e-09,1.0,0
82,SMACS-J0723.3-7327,110.651719018614,-73.47009339552383,,,0.0,3,,,0.0,3,7.398670968184895e-07,1.9873670555522493e-08,1.0,0
996,SMACS-J0723.3-7327,110.62195301714908,-73.48271865948445,-1.3539621516791473e-06,8.015761142126286e-09,1.0,0,-1.5090067771223452e-06,6.79125960993016e-09,1.0,0,-9.058813761703988e-07,6.0793860298798085e-09,1.0,0
822,SMACS-J0723.3-7327,110.74032716012347,-73.487535111952,,,0.0,3,,,0.0,3,6.211049054540583e-07,6.045957103889889e-09,1.0,0
436,SMACS-J0723.3-7327,110.65265963647326,-73.48588351034562,1.955104266614917e-07,6.570033311853354e-09,1.0,0,4.7621050112433995e-07,5.651253440607355e-09,1.0,0,3.2483823517527107e-07,5.374887413514151e-09,1.0,0
350,SMACS-J0723.3-7327,110.62435436968045,-73.48756649310839,7.145940253301845e-07,8.874569284031568e-09,1.0,0,1.5939146295609922e-06,8.517560970591269e-09,1.0,0,6.470806337843919e-07,5.81920838820568e-09,1.0,0
1065,SMACS-J0723.3-7327,110.67647230506418,-73.4767632986537,,,0.0,3,,,0.0,3,4.500921647837914e-07,5.968061819091874e-09,1.0,0
995,SMACS-J0723.3-7327,110.6213467706901,-73.48282802328735,-4.952024250197526e-06,2.445867207402474e-08,1.0,0,-6.440162080642197e-06,2.2166467145635237e-08,1.0,0,-2.3740536713608136e-06,7.849441115929518e-09,1.0,0
1266,SMACS-J0723.3-7327,110.69150682160328,-73.49624668989905,,,0.0,3,,,0.0,3,6.526752259105686e-08,4.890058836112606e-09,1.0,0
1257,SMACS-J0723.3-7327,110.66181264831556,-73.50183057342917,,,0.0,3,,,0.0,3,7.669308642971771e-08,4.894162909661067e-09,1.0,0
89,SMACS-J0723.3-7327,110.63455378280698,-73.47388363743465,4.514744840949767e-07,7.588299116274973e-09,1.0,0,9.028474333398192e-07,6.66913937754582e-09,1.0,0,3.660708033181686e-07,5.532308319002402e-09,1.0,0
955,SMACS-J0723.3-7327,110.69865419887962,-73.46433018642684,,,0.0,3,,,0.0,3,9.744022883635245e-08,4.777734822233143e-09,1.0,0
268,SMACS-J0723.3-7327,110.6297692429182,-73.48280515125008,8.813042426493667e-08,6.292927308503468e-09,1.0,0,2.593258330657312e-07,4.9125975413063076e-09,1.0,0,2.79634383891114e-07,5.252844972393078e-09,1.0,0
554,SMACS-J0723.3-7327,110.63535000328426,-73.4941311231814,,,0.0,3,,,0.0,3,2.087874779760013e-07,5.2496726831990185e-09,1.0,0
579,SMACS-J0723.3-7327,110.7175048974839,-73.47882697734775,,,0.0,3,,,0.0,3,3.0656245371845056e-07,5.284457299062249e-09,1.0,0
969,SMACS-J0723.3-7327,110.6779245268686,-73.46966599745859,,,0.0,3,,,0.0,3,5.1903921668323776e-08,5.460550151813227e-09,1.0,0
13,SMACS-J0723.3-7327,110.67312005575617,-73.46270620830146,,,0.0,3,,,0.0,3,3.480795685708333e-07,5.1704528910470096e-09,1.0,0
1005,SMACS-J0723.3-7327,110.68946745130357,-73.47092340654919,,,0.0,3,,,0.0,3,2.6945233990767615e-07,5.083417072691804e-09,1.0,0
924,SMACS-J0723.3-7327,110.66046004596276,-73.46507682740423,,,0.0,3,,,0.0,3,4.173272974003953e-07,6.0329448326179765e-09,1.0,0
652,SMACS-J0723.3-7327,110.68492574896254,-73.489008433814,,,0.0,3,,,0.0,3,1.8286096687057244e-07,5.090458195885554e-09,1.0,0
174,SMACS-J0723.3-7327,110.65782601978064,-73.47298085073147,,,0.0,3,,,0.0,3,3.0558570641936327e-07,5.528930716299648e-09,1.0,0
980,SMACS-J0723.3-7327,110.6317479035906,-73.48068507119648,6.798471060255597e-08,6.318587104635612e-09,1.0,0,1.6431061718439138e-07,4.993323414966574e-09,1.0,0,1.0748496640861725e-07,5.101763136940075e-09,1.0,0
492,SMACS-J0723.3-7327,110.68553585877444,-73.48165377756955,,,0.0,3,,,0.0,3,5.654722340424531e-07,5.989112352812483e-09,1.0,0
883,SMACS-J0723.3-7327,110.67246284165319,-73.50406971764289,,,0.0,3,,,0.0,3,3.684331148800563e-07,5.455343479531446e-09,1.0,0
1069,SMACS-J0723.3-7327,110.64658360335854,-73.48305524620208,1.1669996083099405e-08,5.920730941243058e-09,1.0,0,2.1886881088818643e-09,4.090453157017465e-09,1.0,0,8.177978061467536e-08,4.7927303335167354e-08,1.0,0
839,SMACS-J0723.3-7327,110.72563308793822,-73.49134359061124,,,0.0,3,,,0.0,3,2.1738902084203165e-07,5.11465534974453e-09,1.0,0
551,SMACS-J0723.3-7327,110.68448905219374,-73.48425287922247,,,0.0,3,,,0.0,3,1.1714707669522379e-07,5.1221076674022934e-09,1.0,0
1075,SMACS-J0723.3-7327,110.62211541890542,-73.4891589998277,3.446987793030622e-08,6.1109409079407886e-09,1.0,0,3.432034169861149e-08,4.621397981320237e-09,1.0,0,4.242097648291018e-08,4.846879058867566e-09,1.0,0
451,SMACS-J0723.3-7327,110.69864557565413,-73.47734542303486,,,0.0,3,,,0.0,3,4.049670218981505e-07,5.708956699553513e-09,1.0,0
573,SMACS-J0723.3-7327,110.66313601305008,-73.48944844048908,,,0.0,3,,,0.0,3,3.467223911439686e-07,5.587162538507593e-09,1.0,0
954,SMACS-J0723.3-7327,110.70060320161005,-73.46392230361533,,,0.0,3,,,0.0,3,1.1082447233666503e-07,4.860976113607416e-09,1.0,0
1152,SMACS-J0723.3-7327,110.71379408984149,-73.47979394743714,,,0.0,3,,,0.0,3,-8.616484095343297e-09,4.585902112580618e-09,1.0,0
1276,SMACS-J0723.3-7327,110.75464693633613,-73.4843527194264,,,0.0,3,,,0.0,3,9.8863973930335e-08,4.979099659383706e-09,1.0,0
720,SMACS-J0723.3-7327,110.7268456066838,-73.48471825017377,,,0.0,3,,,0.0,3,5.291002348091618e-07,1.9342073435629973e-08,1.0,0
956,SMACS-J0723.3-7327,110.69944454297737,-73.46468180006089,,,0.0,3,,,0.0,3,6.083187349757182e-08,4.857854210999854e-09,1.0,0
1248,SMACS-J0723.3-7327,110.70085076337908,-73.49220291232044,,,0.0,3,,,0.0,3,1.490084180794469e-07,5.015082973012064e-09,1.0,0
640,SMACS-J0723.3-7327,110.71156123382843,-73.48315041689742,,,0.0,3,,,0.0,3,4.5007570926838193e-07,5.742685303230584e-09,1.0,0
688,SMACS-J0723.3-7327,110.64634727532764,-73.49890384748713,,,0.0,3,,,0.0,3,1.9515218472281994e-07,5.060309861636081e-09,1.0,0
415,SMACS-J0723.3-7327,110.72380213664722,-73.4707614609974,,,0.0,3,,,0.0,3,3.766591208794331e-07,5.396338911900291e-09,1.0,0
946,SMACS-J0723.3-7327,110.6142612306794,-73.48001748115051,-1.247404918457685e-05,6.655487496299874e-08,1.0,0,-1.279251503058499e-05,3.855374902599326e-08,1.0,0,-2.697885452835819e-06,8.006814795867704e-09,1.0,0
200,SMACS-J0723.3-7327,110.69008453297965,-73.46819191791849,,,0.0,3,,,0.0,3,1.990009151233414e-07,4.966797278628338e-09,1.0,0
1229,SMACS-J0723.3-7327,110.6882997287718,-73.49266548722872,,,0.0,3,,,0.0,3,4.129579477651155e-07,5.6574086995040856e-09,1.0,0
671,SMACS-J0723.3-7327,110.66180284489623,-73.4946402589814,,,0.0,3,,,0.0,3,4.997151728100936e-07,5.577412388338136e-09,1.0,0
125,SMACS-J0723.3-7327,110.63566736770787,-73.47554077397012,1.6509222040249985e-06,1.1785285132877798e-08,1.0,0,2.0967319272430325e-06,9.136882285120965e-09,1.0,0,4.997425736868384e-07,5.815193005509417e-09,1.0,0
1237,SMACS-J0723.3-7327,110.71213378009017,-73.48809222442456,,,0.0,3,,,0.0,3,1.449753364051285e-07,5.451461282320357e-09,1.0,0
320,SMACS-J0723.3-7327,110.6309144469328,-73.48483810675461,7.290289392235221e-08,6.413175692342989e-09,1.0,0,2.2268634053349346e-07,4.876631618663711e-09,1.0,0,1.9845342365541955e-07,4.791200468519587e-09,1.0,0
146,SMACS-J0723.3-7327,110.6600652506886,-73.47146366402393,,,0.0,3,,,0.0,3,2.3148348046478072e-07,5.3583818839010925e-09,1.0,0
710,SMACS-J0723.3-7327,110.73611668508164,-73.48239913078248,,,0.0,3,,,0.0,3,1.85556721910318e-07,5.258921315581066e-09,1.0,0
687,SMACS-J0723.3-7327,110.74604350819591,-73.47902086378207,,,0.0,3,,,0.0,3,1.6872435367271993e-07,4.899820333029978e-09,1.0,0
902,SMACS-J0723.3-7327,110.69851159794291,-73.50001622135528,,,0.0,3,,,0.0,3,2.6308847904249347e-07,5.183692766074299e-09,1.0,0
1239,SMACS-J0723.3-7327,110.67744952984273,-73.49545828183155,,,0.0,3,,,0.0,3,2.977705500831067e-07,5.4272836014462655e-09,1.0,0
637,SMACS-J0723.3-7327,110.70256981864469,-73.4846888785651,,,0.0,3,,,0.0,3,2.0670080204512252e-07,5.259448332692757e-09,1.0,0
891,SMACS-J0723.3-7327,110.74386102242543,-73.4902949023525,,,0.0,3,,,0.0,3,2.01848257367449e-07,5.049505930799875e-09,1.0,0
83,SMACS-J0723.3-7327,110.67810761815892,-73.46505517540592,,,0.0,3,,,0.0,3,3.435896559564066e-07,5.286927356516643e-09,1.0,0
381,SMACS-J0723.3-7327,110.62879822970342,-73.48804653269144,1.6757067301974724e-07,6.552314549971234e-09,1.0,0,3.896297213499202e-07,5.3688845860425104e-09,1.0,0,3.7733798686618173e-07,5.320263908100527e-09,1.0,0
308,SMACS-J0723.3-7327,110.69289759004347,-73.47213490772232,,,0.0,3,,,0.0,3,1.4653155111485247e-07,4.916428221046162e-09,1.0,0
762,SMACS-J0723.3-7327,110.7511459243309,-73.48228753709466,,,0.0,3,,,0.0,3,1.561295296354823e-07,4.965686797769148e-09,1.0,0
1122,SMACS-J0723.3-7327,110.68979027764298,-73.47897240045972,,,0.0,3,,,0.0,3,3.044982504342595e-07,5.692371338247935e-09,1.0,0
336,SMACS-J0723.3-7327,110.71352777281557,-73.46913815971004,,,0.0,3,,,0.0,3,2.4298218313322987e-07,5.003760288815097e-09,1.0,0
1183,SMACS-J0723.3-7327,110.71337458591722,-73.48130740216557,,,0.0,3,,,0.0,3,2.2784492910368921e-07,5.112730678531834e-09,1.0,0
300,SMACS-J0723.3-7327,110.6739527155096,-73.47547037014466,,,0.0,3,,,0.0,3,3.231032890516118e-07,5.37130485038134e-09,1.0,0
888,SMACS-J0723.3-7327,110.73487389029992,-73.49198014905352,,,0.0,3,,,0.0,3,2.4702456182304796e-07,4.988884184076409e-09,1.0,0
1058,SMACS-J0723.3-7327,110.67511477644095,-73.47717505823779,,,0.0,3,,,0.0,3,-2.397842357409209e-06,7.487903144846091e-09,1.0,0
1059,SMACS-J0723.3-7327,110.67564264891844,-73.47707310582902,,,0.0,3,,,0.0,3,-2.2526093323540846e-06,7.2606034923398516e-09,1.0,0
650,SMACS-J0723.3-7327,110.68114166309027,-73.48965025597153,,,0.0,3,,,0.0,3,3.4192795220660963e-07,5.813553799778387e-09,1.0,0
1275,SMACS-J0723.3-7327,110.75265573160982,-73.484739309854,,,0.0,3,,,0.0,3,9.409757837833419e-08,4.967803650927079e-09,1.0,0
672,SMACS-J0723.3-7327,110.74137823126654,-73.47884607187834,,,0.0,3,,,0.0,3,3.7814789456425255e-07,5.4090098332320684e-09,1.0,0
1230,SMACS-J0723.3-7327,110.70184976652298,-73.49028396362452,,,0.0,3,,,0.0,3,9.067084664945939e-08,5.508075015213342e-09,1.0,0
649,SMACS-J0723.3-7327,110.73927695399462,-73.4781187987018,,,0.0,3,,,0.0,3,1.3116967605632125e-07,4.849579958932794e-09,1.0,0
342,SMACS-J0723.3-7327,110.65100836549713,-73.48183750961319,1.796918129396754e-07,6.581975127679832e-09,1.0,0,2.720316288965822e-07,5.270169059199232e-09,1.0,0,2.811152499779187e-07,5.544364875808895e-09,1.0,0
1238,SMACS-J0723.3-7327,110.71255040321567,-73.48819034752016,,,0.0,3,,,0.0,3,2.594591715271029e-07,5.611487475755292e-09,1.0,0
449,SMACS-J0723.3-7327,110.64356439699226,-73.4881615876654,1.6532148952770844e-07,6.619705981777982e-09,1.0,0,3.059357881670511e-07,5.189543312585654e-09,1.0,0,2.89051509126293e-07,5.090783155786876e-09,1.0,0
1123,SMACS-J0723.3-7327,110.65716292225491,-73.48593547284138,2.4536076265979374e-09,5.636898900648131e-09,1.0,0,-1.1741647392948985e-10,4.090369369877222e-09,1.0,0,2.0413143919530668e-07,3.5660967569838884e-08,1.0,0
85,SMACS-J0723.3-7327,110.674655145855,-73.46577701026351,,,0.0,3,,,0.0,3,4.287136272302274e-07,5.449827207772007e-09,1.0,0
378,SMACS-J0723.3-7327,110.68351918037827,-73.47705715929351,,,0.0,3,,,0.0,3,4.252734292712516e-07,6.665959810563424e-09,1.0,0
1156,SMACS-J0723.3-7327,110.72424367945575,-73.47714943632083,,,0.0,3,,,0.0,3,-1.8550996960207754e-06,6.9440567234372775e-09,1.0,0
1130,SMACS-J0723.3-7327,110.71037122962646,-73.47625078093633,,,0.0,3,,,0.0,3,6.557414246315138e-08,5.3756453820303084e-09,1.0,0
159,SMACS-J0723.3-7327,110.62535532955155,-73.47879740522819,2.3817198651957315e-06,1.5130306408638507e-08,1.0,0,1.812486862111002e-06,8.793743531997934e-09,1.0,0,4.1394138815393105e-07,5.877630388517141e-09,1.0,0
587,SMACS-J0723.3-7327,110.65754892992236,-73.49090661337387,,,0.0,3,,,0.0,3,2.5889932319084187e-07,5.033683592062964e-09,1.0,0
80,SMACS-J0723.3-7327,110.61059898439288,-73.47826786403444,2.3602065736525137e-07,7.236382219139528e-09,1.0,0,3.106419891879681e-07,5.302033962485976e-09,1.0,0,1.221751069424643e-07,4.669172058823456e-09,1.0,0
500,SMACS-J0723.3-7327,110.673495119897,-73.48432979684696,,,0.0,3,,,0.0,3,1.9355146436657037e-07,4.993770185613448e-09,1.0,0
1209,SMACS-J0723.3-7327,110.68505798106216,-73.4928899589341,,,0.0,3,,,0.0,3,2.879160643587876e-07,5.524337933530118e-09,1.0,0
448,SMACS-J0723.3-7327,110.68129243488224,-73.48063143528967,,,0.0,3,,,0.0,3,2.187708113402699e-07,5.286219396361502e-09,1.0,0
122,SMACS-J0723.3-7327,110.67550481930355,-73.46752364130566,,,0.0,3,,,0.0,3,3.0511006304995057e-07,5.357881716042028e-09,1.0,0
463,SMACS-J0723.3-7327,110.69075498574244,-73.47934129735596,,,0.0,3,,,0.0,3,2.2327477445302244e-07,2.034684732699315e-08,1.0,0
979,SMACS-J0723.3-7327,110.63235287896352,-73.48024966657377,9.738175772407222e-09,6.322336331942564e-09,1.0,0,5.1496610513940076e-08,4.733614944266499e-09,1.0,0,-2.318965259565145e-08,5.020691836174706e-09,1.0,0
192,SMACS-J0723.3-7327,110.69061978835097,-73.46740339353823,,,0.0,3,,,0.0,3,2.0389080170736026e-07,4.944197889002912e-09,1.0,0
295,SMACS-J0723.3-7327,110.71438226691745,-73.46730520585076,,,0.0,3,,,0.0,3,2.3222600755496358e-07,4.952292371971643e-09,1.0,0
23,SMACS-J0723.3-7327,110.67689038749506,-73.46230991688188,,,0.0,3,,,0.0,3,2.8565077885905355e-07,5.251310427507103e-09,1.0,0
70,SMACS-J0723.3-7327,110.60907352265069,-73.47807326791465,9.865233728744078e-08,6.760936127821798e-09,1.0,0,1.8298947597797765e-07,4.671325754893156e-09,1.0,0,1.5527495248659626e-07,4.911634330985344e-09,1.0,0
1092,SMACS-J0723.3-7327,110.629949586553,-73.48907385757029,5.677628670440529e-08,6.319308059860303e-09,1.0,0,2.301555931589127e-07,5.351186586957352e-09,1.0,0,2.3611025273382011e-07,5.122433205685914e-09,1.0,0
172,SMACS-J0723.3-7327,110.69113738556196,-73.46627382478937,,,0.0,3,,,0.0,3,1.7858942173286453e-07,4.83448401606243e-09,1.0,0
1213,SMACS-J0723.3-7327,110.67243302996542,-73.49526495208434,,,0.0,3,,,0.0,3,1.1975644348520464e-07,5.2377540172520234e-09,1.0,0
129,SMACS-J0723.3-7327,110.68820872825154,-73.46520881549739,,,0.0,3,,,0.0,3,2.3055302454267937e-07,5.112184029242657e-09,1.0,0
981,SMACS-J0723.3-7327,110.63241740972569,-73.4809369628836,1.4858476887556889e-08,6.180275101336435e-09,1.0,0,4.30993108192786e-08,4.701221736003704e-09,1.0,0,1.862245024461978e-08,4.882335246421348e-09,1.0,0
737,SMACS-J0723.3-7327,110.71926065573302,-73.48705582358592,,,0.0,3,,,0.0,3,2.8991938106736736e-07,5.280784487173387e-09,1.0,0
477,SMACS-J0723.3-7327,110.63437548729328,-73.49115070010994,,,0.0,3,,,0.0,3,2.7286327638826793e-07,4.9446655974719176e-09,1.0,0
433,SMACS-J0723.3-7327,110.70391221877696,-73.47549291867425,,,0.0,3,,,0.0,3,2.4803573382393163e-07,5.053659358989271e-09,1.0,0
988,SMACS-J0723.3-7327,110.63648042638476,-73.48083252985592,1.5232147428536045e-08,6.446846375362151e-09,1.0,0,2.8002824683666556e-08,4.681950849053035e-09,1.0,0,2.4688889527107675e-08,4.902216444145325e-09,1.0,0
1155,SMACS-J0723.3-7327,110.72373156044489,-73.47724678347414,,,0.0,3,,,0.0,3,-2.170648561801627e-06,7.023343645351175e-09,1.0,0
1278,SMACS-J0723.3-7327,110.75542867747066,-73.48469155336127,,,0.0,3,,,0.0,3,6.867669690485622e-08,4.932590290924633e-09,1.0,0
1115,SMACS-J0723.3-7327,110.71815505902475,-73.47254133242326,,,0.0,3,,,0.0,3,2.397468045209371e-07,5.431905071611625e-09,1.0,0
757,SMACS-J0723.3-7327,110.69844992827657,-73.49254426483277,,,0.0,3,,,0.0,3,2.437361288116973e-07,5.242251839519099e-09,1.0,0
602,SMACS-J0723.3-7327,110.73535620605017,-73.47580506184516,,,0.0,3,,,0.0,3,3.7581170405005617e-07,5.222980497734376e-09,1.0,0
328,SMACS-J0723.3-7327,110.6455747832756,-73.4823829530465,2.643270505430508e-06,1.6150047974184525e-08,1.0,0,1.6281807483238465e-06,8.233821179825227e-09,1.0,0,3.5942470281390007e-07,5.541478741104976e-09,1.0,0
283,SMACS-J0723.3-7327,110.63968996086305,-73.48174060206925,2.579986365425495e-07,6.955544791113455e-09,1.0,0,5.093248856656835e-07,5.6643953523007844e-09,1.0,0,2.582851507013213e-07,5.126145107830569e-09,1.0,0
744,SMACS-J0723.3-7327,110.70505066909688,-73.49040541558387,,,0.0,3,,,0.0,3,2.66437668083416e-07,5.369125585909664e-09,1.0,0
1158,SMACS-J0723.3-7327,110.72506917488984,-73.47717965231313,,,0.0,3,,,0.0,3,9.055939182362016e-08,4.686845677896765e-09,1.0,0
958,SMACS-J0723.3-7327,110.70073782574656,-73.46458384280442,,,0.0,3,,,0.0,3,2.8265423253022533e-08,4.891887868837287e-09,1.0,0
1072,SMACS-J0723.3-7327,110.62089411162144,-73.48871544641158,-1.3146756235016714e-06,9.00769300190272e-09,1.0,0,-2.096030098105213e-06,7.758502331744661e-09,1.0,0,-9.913290453328716e-07,5.401838918313087e-09,1.0,0
478,SMACS-J0723.3-7327,110.71945884957552,-73.47433161162438,,,0.0,3,,,0.0,3,2.0809523249573583e-07,5.241084286269384e-09,1.0,0
1104,SMACS-J0723.3-7327,110.68261905404158,-73.48004775652232,,,0.0,3,,,0.0,3,-1.8617399974540154e-06,6.57063068306213e-09,1.0,0
22,SMACS-J0723.3-7327,110.64621209516002,-73.46837704702354,,,0.0,3,,,0.0,3,2.3631541263042039e-07,4.959362977083751e-09,1.0,0
886,SMACS-J0723.3-7327,110.73679598480416,-73.49142807193554,,,0.0,3,,,0.0,3,3.638468105575467e-07,5.52429544799028e-09,1.0,0
286,SMACS-J0723.3-7327,110.68909689240152,-73.47201335351104,,,0.0,3,,,0.0,3,2.1901679865459812e-07,5.1307782854508065e-09,1.0,0
1116,SMACS-J0723.3-7327,110.7178924859076,-73.47267024026239,,,0.0,3,,,0.0,3,2.2716250424042094e-07,5.151849394857542e-09,1.0,0
1105,SMACS-J0723.3-7327,110.68208980625391,-73.48015043835152,,,0.0,3,,,0.0,3,-1.8013797653241936e-06,6.439449167451692e-09,1.0,0
1250,SMACS-J0723.3-7327,110.69946602996264,-73.49295812269834,,,0.0,3,,,0.0,3,1.6887713474335523e-07,4.9882463174596996e-09,1.0,0
729,SMACS-J0723.3-7327,110.68456217702442,-73.49352423914661,,,0.0,3,,,0.0,3,2.618970659219897e-07,5.270606069523375e-09,1.0,0
1231,SMACS-J0723.3-7327,110.69993954434518,-73.49067484133673,,,0.0,3,,,0.0,3,6.799581786607014e-08,4.852663804252195e-09,1.0,0
150,SMACS-J0723.3-7327,110.69078073485504,-73.46555723366984,,,0.0,3,,,0.0,3,1.6885615889987643e-07,5.05807618076016e-09,1.0,0
507,SMACS-J0723.3-7327,110.72209891827873,-73.47495583606185,,,0.0,3,,,0.0,3,8.8050530382454e-08,4.784104014772374e-09,1.0,0
1049,SMACS-J0723.3-7327,110.68021030955394,-73.4750615478178,,,0.0,3,,,0.0,3,-4.395099678952524e-09,5.1185695178657e-09,1.0,0
151,SMACS-J0723.3-7327,110.60937161754103,-73.48187742959209,1.45986523089718e-08,6.1952941011666014e-09,1.0,0,1.272594397458473e-07,4.585870187080673e-09,1.0,0,1.6877077062183977e-07,4.689143358639995e-09,1.0,0
360,SMACS-J0723.3-7327,110.7141651372478,-73.47020152545245,,,0.0,3,,,0.0,3,2.3632855110234666e-07,5.070123103510675e-09,1.0,0
1052,SMACS-J0723.3-7327,110.71720047936542,-73.4670791777438,,,0.0,3,,,0.0,3,1.430905629860871e-07,4.985571122288579e-09,1.0,0
393,SMACS-J0723.3-7327,110.64201715863389,-73.48584605014956,8.277113707751491e-08,6.182707459573596e-09,1.0,0,1.8092125472319245e-07,4.792291068742334e-09,1.0,0,1.943672264837138e-07,5.044647501290876e-09,1.0,0
1102,SMACS-J0723.3-7327,110.68331429882045,-73.47958217594557,,,0.0,3,,,0.0,3,1.3138268642385574e-07,4.9542539212467634e-09,1.0,0
1277,SMACS-J0723.3-7327,110.75346903628507,-73.48505373671055,,,0.0,3,,,0.0,3,5.3087108067901376e-08,4.71468596013544e-09,1.0,0
483,SMACS-J0723.3-7327,110.68383962790213,-73.48159504282582,,,0.0,3,,,0.0,3,2.1796282111180995e-07,5.33198075605257e-09,1.0,0
931,SMACS-J0723.3-7327,110.62661201504129,-73.47359839620987,4.63669805103719e-08,5.938001279222239e-09,1.0,0,9.49639151894251e-08,4.384976359302535e-09,1.0,0,8.903375629130281e-08,4.531247870633378e-09,1.0,0
154,SMACS-J0723.3-7327,110.64495147261745,-73.47482982753233,1.8689409480869462e-07,6.4192060444706795e-09,1.0,0,3.594176866556755e-07,5.346304838634727e-09,1.0,0,2.019606405436996e-07,4.904974453125091e-09,1.0,0
515,SMACS-J0723.3-7327,110.63548185981018,-73.49235379895488,,,0.0,3,,,0.0,3,1.85370611496535e-07,4.664204949923287e-09,1.0,0
131,SMACS-J0723.3-7327,110.68311261333308,-73.46632368214976,,,0.0,3,,,0.0,3,2.659112248642507e-07,5.095934058081848e-09,1.0,0
471,SMACS-J0723.3-7327,110.68604087499922,-73.48067392882957,,,0.0,3,,,0.0,3,3.156089532713554e-07,5.382102182118153e-09,1.0,0
218,SMACS-J0723.3-7327,110.63052606141972,-73.48077306501158,5.468533042016911e-08,6.158786570506019e-09,1.0,0,1.491908857730369e-07,4.66468803127902e-09,1.0,0,1.4916018798644815e-07,5.114715366546994e-09,1.0,0
335,SMACS-J0723.3-7327,110.65090167052122,-73.48149508115593,5.7321252830826224e-08,5.948116073300088e-09,1.0,0,1.4448664472666869e-07,4.669847118848115e-09,1.0,0,2.3795451164960155e-07,5.663711927648882e-09,1.0,0
411,SMACS-J0723.3-7327,110.71228788462903,-73.47285364145954,,,0.0,3,,,0.0,3,2.355139662026715e-07,5.1216468332627425e-09,1.0,0
1124,SMACS-J0723.3-7327,110.6573859498872,-73.4859070114573,-6.917278999600545e-09,5.5363279737799754e-09,1.0,0,1.809894398936773e-10,3.989943726310417e-09,1.0,0,-5.6690038997227604e-08,4.5440526285410515e-08,1.0,0
974,SMACS-J0723.3-7327,110.61334516335417,-73.48270131910301,1.7606455008315483e-08,5.998268817524202e-09,1.0,0,1.2580557612727886e-08,4.683334234605287e-09,1.0,0,-1.3523597558556512e-07,5.084078693135296e-09,1.0,0
1023,SMACS-J0723.3-7327,110.67549857201315,-73.4750659724308,,,0.0,3,,,0.0,3,-1.5850027146682088e-06,6.304593690899401e-09,1.0,0
711,SMACS-J0723.3-7327,110.71715633391112,-73.48618450175579,,,0.0,3,,,0.0,3,2.197017399201832e-07,4.85716319347443e-09,1.0,0
1160,SMACS-J0723.3-7327,110.6758379228296,-73.48654403420133,,,0.0,3,,,0.0,3,2.775115534994313e-07,2.2548993218953898e-08,1.0,0
803,SMACS-J0723.3-7327,110.66752973598052,-73.50090437910988,,,0.0,3,,,0.0,3,3.131561815908977e-07,5.345971608638292e-09,1.0,0
1020,SMACS-J0723.3-7327,110.63560670300204,-73.48236656962702,1.2545534744181246e-07,7.032124825526518e-09,1.0,0,2.1369520569109202e-07,5.051164919790719e-09,1.0,0,9.13280139035039e-08,4.927297161661351e-09,1.0,0
789,SMACS-J0723.3-7327,110.66440924215054,-73.50111668630888,,,0.0,3,,,0.0,3,1.4529275622512883e-07,4.8282038049432395e-09,1.0,0
1108,SMACS-J0723.3-7327,110.67696569473677,-73.48079848822503,,,0.0,3,,,0.0,3,6.452208102654924e-08,5.107287743762261e-09,1.0,0
212,SMACS-J0723.3-7327,110.67739218394942,-73.4710130140448,,,0.0,3,,,0.0,3,2.619829275321062e-07,4.999004752197744e-09,1.0,0
796,SMACS-J0723.3-7327,110.75372636939846,-73.4835623602955,,,0.0,3,,,0.0,3,1.947577057507777e-07,5.055152917847691e-09,1.0,0
1120,SMACS-J0723.3-7327,110.7025799351675,-73.47606214432119,,,0.0,3,,,0.0,3,1.5757763225444293e-07,4.969845838812225e-09,1.0,0
149,SMACS-J0723.3-7327,110.66906981585335,-73.46977168544664,,,0.0,3,,,0.0,3,3.1391454141357627e-07,5.342946904095821e-09,1.0,0
773,SMACS-J0723.3-7327,110.67155038247233,-73.49871976070975,,,0.0,3,,,0.0,3,2.841360442122586e-07,5.311996527739447e-09,1.0,0
566,SMACS-J0723.3-7327,110.73758921224798,-73.47434109196601,,,0.0,3,,,0.0,3,1.1537021362463366e-07,4.791102042884823e-09,1.0,0
1046,SMACS-J0723.3-7327,110.67815866779908,-73.47483131804726,,,0.0,3,,,0.0,3,4.908546483845214e-08,4.988143110831488e-09,1.0,0
890,SMACS-J0723.3-7327,110.69514919101876,-73.49997359114666,,,0.0,3,,,0.0,3,1.8572529458749404e-07,5.141087282961039e-09,1.0,0
79,SMACS-J0723.3-7327,110.60226627878588,-73.47979065515801,5.061865210566705e-08,6.350761358485073e-09,1.0,0,9.516490251265267e-08,4.332620792247008e-09,1.0,0,1.805965780885865e-07,4.749283543921759e-09,1.0,0
806,SMACS-J0723.3-7327,110.68543705761377,-73.49754611525377,,,0.0,3,,,0.0,3,1.1226311569153536e-07,4.74964853238012e-09,1.0,0
577,SMACS-J0723.3-7327,110.65933909679747,-73.49028637248023,,,0.0,3,,,0.0,3,1.6531110781452574e-07,4.933364585587999e-09,1.0,0
521,SMACS-J0723.3-7327,110.68840583392547,-73.48228695900104,,,0.0,3,,,0.0,3,2.1590026706737478e-07,5.1115204658696e-09,1.0,0
982,SMACS-J0723.3-7327,110.6336365382921,-73.48086412067588,1.8929255611047178e-08,6.775823677310545e-09,1.0,0,1.1090070396399058e-07,4.994533580901881e-09,1.0,0,4.132515592676128e-08,4.93347145406875e-09,1.0,0
724,SMACS-J0723.3-7327,110.67788841936054,-73.49462285924538,,,0.0,3,,,0.0,3,2.074638415884914e-07,5.0944516487177534e-09,1.0,0
1054,SMACS-J0723.3-7327,110.66811073787906,-73.47765753657009,,,0.0,3,,,0.0,3,1.0206827895530341e-07,4.7674220226409685e-09,1.0,0
1235,SMACS-J0723.3-7327,110.70265221532667,-73.49061625684742,,,0.0,3,,,0.0,3,3.458290995088888e-08,4.849073665064678e-09,1.0,0
843,SMACS-J0723.3-7327,110.75326954592042,-73.48589705150381,,,0.0,3,,,0.0,3,1.3830217239346923e-07,4.939263540246953e-09,1.0,0
1089,SMACS-J0723.3-7327,110.64488945395091,-73.4861626680212,4.6055457554695104e-08,6.421482489072703e-09,1.0,0,1.4875001992945287e-07,4.910000718326939e-09,1.0,0,-1.3491866571706628e-08,5.441270512130437e-09,1.0,0
417,SMACS-J0723.3-7327,110.67807385556216,-73.47998941370162,,,0.0,3,,,0.0,3,1.0624232141661463e-07,4.885843971724125e-09,1.0,0
1011,SMACS-J0723.3-7327,110.69548943900278,-73.46961274131002,,,0.0,3,,,0.0,3,-7.151019421311687e-07,5.205605442482188e-09,1.0,0
856,SMACS-J0723.3-7327,110.66781168566015,-73.50357530254526,,,0.0,3,,,0.0,3,1.4979658092143528e-07,4.835724424218766e-09,1.0,0
1177,SMACS-J0723.3-7327,110.73947547936774,-73.47575911198876,,,0.0,3,,,0.0,3,-2.1393050029648223e-06,6.720261522502501e-09,1.0,0
251,SMACS-J0723.3-7327,110.65501460189968,-73.47708104053419,1.4259273545173268e-07,6.306581071025425e-09,1.0,0,2.0610198098927414e-07,4.89532243398618e-09,1.0,0,9.543393300298905e-08,4.8211488056466054e-09,1.0,0
1136,SMACS-J0723.3-7327,110.6437621094618,-73.49190227200984,,,0.0,3,,,0.0,3,8.810020101312585e-08,4.813438776379693e-09,1.0,0
543,SMACS-J0723.3-7327,110.72875192992247,-73.4750356400922,,,0.0,3,,,0.0,3,2.891102894817678e-07,5.348121916516339e-09,1.0,0
1107,SMACS-J0723.3-7327,110.67510717083775,-73.48116384212068,3.049136722043802e-08,3.919938142656126e-09,0.4434782608695652,4,2.4078262196968634e-08,1.9607264137155245e-09,0.16521739130434782,4,5.5729799959455616e-08,5.020650068734917e-09,1.0,0
152,SMACS-J0723.3-7327,110.62060986880466,-73.47953537172101,-1.0498652947314162e-09,5.808395268776022e-09,1.0,0,-4.236050706524288e-10,4.2383396698034446e-09,1.0,0,2.515340459461588e-07,3.373686994668187e-08,1.0,0
1256,SMACS-J0723.3-7327,110.65576581337397,-73.50271863440324,,,0.0,3,,,0.0,3,2.1114730772819753e-08,5.1657221630269e-09,1.0,0
905,SMACS-J0723.3-7327,110.74807846701204,-73.4900788392138,,,0.0,3,,,0.0,3,2.1747873081468877e-07,3.280861753482001e-08,1.0,0
59,SMACS-J0723.3-7327,110.60997311165306,-73.47731012164475,2.6049560840820497e-08,6.288854325041148e-09,1.0,0,9.042838411706773e-08,4.413747862141474e-09,1.0,0,9.528010582604303e-08,4.525124006435544e-09,1.0,0
120,SMACS-J0723.3-7327,110.6185500489766,-73.47862700683206,2.2376273313659174e-07,6.735095841565894e-09,1.0,0,4.362968792155644e-07,5.477300979908218e-09,1.0,0,1.5255736554867195e-07,4.920375809268269e-09,1.0,0
453,SMACS-J0723.3-7327,110.72331448021126,-73.47256420903683,,,0.0,3,,,0.0,3,1.5423476621620469e-07,5.389554552536409e-09,1.0,0
1000,SMACS-J0723.3-7327,110.68884515862945,-73.47026273524263,,,0.0,3,,,0.0,3,5.983654350915592e-08,4.686692846732159e-09,1.0,0
1233,SMACS-J0723.3-7327,110.70064930456482,-73.49099947005016,,,0.0,3,,,0.0,3,4.530388470289577e-08,4.655783973644845e-09,1.0,0
755,SMACS-J0723.3-7327,110.67078109312153,-73.49794812486813,,,0.0,3,,,0.0,3,2.1666178202800904e-07,5.077730815512725e-09,1.0,0
363,SMACS-J0723.3-7327,110.64294766658247,-73.48447607539816,2.1813701307916149e-07,7.085109545582933e-09,1.0,0,3.3277668474370994e-07,5.370706487226964e-09,1.0,0,1.4143895156709087e-07,5.251959354977941e-09,1.0,0
906,SMACS-J0723.3-7327,110.71176832544896,-73.4974532518449,,,0.0,3,,,0.0,3,1.3728920699943094e-07,4.7916392488380205e-09,1.0,0
225,SMACS-J0723.3-7327,110.64827151070872,-73.47742744530318,8.242725750993692e-08,6.009277476946295e-09,1.0,0,1.2223850986537672e-07,4.452080795721299e-09,1.0,0,1.9247760771274994e-07,5.33854205858073e-09,1.0,0
598,SMACS-J0723.3-7327,110.72028493575152,-73.47877900258175,,,0.0,3,,,0.0,3,1.5407305100355633e-07,4.998438823946463e-09,1.0,0
991,SMACS-J0723.3-7327,110.67146636763238,-73.4723828610568,,,0.0,3,,,0.0,3,-4.1985486361563324e-08,8.606634427635717e-09,1.0,0
196,SMACS-J0723.3-7327,110.6860319735838,-73.46877139213461,,,0.0,3,,,0.0,3,1.705288600264947e-07,4.807230658313826e-09,1.0,0
1113,SMACS-J0723.3-7327,110.67779224324605,-73.4811190366304,,,0.0,3,,,0.0,3,4.144943909124122e-08,5.033975053464367e-09,1.0,0
168,SMACS-J0723.3-7327,110.61508670896949,-73.48127258396214,2.6040490687816585e-08,5.886582190143665e-09,1.0,0,9.259920275546748e-08,4.420073652845493e-09,1.0,0,9.637640025905047e-08,4.6177244037190704e-09,1.0,0
1226,SMACS-J0723.3-7327,110.70230921824766,-73.48996560838987,,,0.0,3,,,0.0,3,-6.483569110001346e-07,5.200794533914262e-09,1.0,0
1186,SMACS-J0723.3-7327,110.6913869723575,-73.48590612231929,,,0.0,3,,,0.0,3,9.09336087528968e-09,5.046481699016876e-09,1.0,0
897,SMACS-J0723.3-7327,110.6855880513005,-73.50225564187028,,,0.0,3,,,0.0,3,2.4024472472282205e-07,5.216788168748039e-09,1.0,0
1264,SMACS-J0723.3-7327,110.68731836567386,-73.49728978690729,,,0.0,3,,,0.0,3,-8.273174620436943e-07,5.215282506365277e-09,1.0,0
434,SMACS-J0723.3-7327,110.66540197844284,-73.48324859403901,5.4251486041368576e-08,5.856937862697995e-09,1.0,0,1.5318757987739012e-07,4.577056744746715e-09,1.0,0,1.2766580360530052e-07,5.013503045353077e-09,1.0,0
926,SMACS-J0723.3-7327,110.61220216966205,-73.47541248200102,-4.000498501262673e-06,1.7747097363207236e-08,1.0,0,-6.024406778123134e-06,1.662290220859403e-08,1.0,0,-1.6231103700563092e-06,5.666428755943992e-09,1.0,0
1260,SMACS-J0723.3-7327,110.65671957794333,-73.503004396779,,,0.0,3,,,0.0,3,4.25517197363993e-08,4.663295111596552e-09,1.0,0
444,SMACS-J0723.3-7327,110.66695348086289,-73.4832894821785,1.9015917981351926e-07,6.593451656073393e-09,1.0,0,2.871243842548546e-07,4.924384448644896e-09,1.0,0,1.2738254338473084e-07,4.937179448630169e-09,1.0,0
703,SMACS-J0723.3-7327,110.66578022836325,-73.49599105135704,,,0.0,3,,,0.0,3,1.8641075679265373e-07,5.03548181173939e-09,1.0,0
490,SMACS-J0723.3-7327,110.71769088054643,-73.4751741060887,,,0.0,3,,,0.0,3,1.9499473912951003e-07,5.037204154330794e-09,1.0,0
999,SMACS-J0723.3-7327,110.70400275279833,-73.46721876298474,,,0.0,3,,,0.0,3,-1.500464992293711e-06,5.507178159318064e-09,1.0,0
778,SMACS-J0723.3-7327,110.70993083514855,-73.4915340502719,,,0.0,3,,,0.0,3,1.9572226077737523e-07,4.95773609287451e-09,1.0,0
73,SMACS-J0723.3-7327,110.61608893744756,-73.47683535983009,6.383011793616019e-08,6.134628048651852e-09,1.0,0,1.4259658044381244e-07,4.752329020117514e-09,1.0,0,8.577969526525763e-08,4.506104555195539e-09,1.0,0
1159,SMACS-J0723.3-7327,110.67558106923154,-73.48656376645401,,,0.0,3,,,0.0,3,2.9074521211423137e-07,1.993314920329644e-08,1.0,0
1164,SMACS-J0723.3-7327,110.72946931320662,-73.47674250148893,,,0.0,3,,,0.0,3,1.251071632359274e-07,4.656898551828597e-09,1.0,0
987,SMACS-J0723.3-7327,110.63436366785518,-73.48120006723964,2.725372658344223e-08,6.230710053559933e-09,1.0,0,6.416154467674003e-08,4.7270412565293765e-09,1.0,0,2.5921570991106718e-08,4.7436476906446455e-09,1.0,0
1161,SMACS-J0723.3-7327,110.70143890077762,-73.48206186368084,,,0.0,3,,,0.0,3,1.2110587102737595e-07,4.846323671865697e-09,1.0,0
927,SMACS-J0723.3-7327,110.61170785894043,-73.47550623411885,-4.314387021982528e-06,1.8079438366754827e-08,1.0,0,-6.793198049929773e-06,1.7661619326176765e-08,1.0,0,-1.8089828486819278e-06,5.5339662623846376e-09,1.0,0
885,SMACS-J0723.3-7327,110.70698335784179,-73.49735313500022,,,0.0,3,,,0.0,3,1.5795941575617454e-07,4.760292178339168e-09,1.0,0
1001,SMACS-J0723.3-7327,110.68700690100147,-73.47063107724871,,,0.0,3,,,0.0,3,8.439364288811249e-08,4.780191981613857e-09,1.0,0
1167,SMACS-J0723.3-7327,110.66083005921213,-73.49044293244815,,,0.0,3,,,0.0,3,1.3150299335022288e-07,4.993867912185807e-09,1.0,0
586,SMACS-J0723.3-7327,110.70756142569222,-73.48095111506835,,,0.0,3,,,0.0,3,9.807032294701339e-08,4.801834599110396e-09,1.0,0
655,SMACS-J0723.3-7327,110.71161961550969,-73.48372609665577,,,0.0,3,,,0.0,3,1.6035618936224998e-07,5.054943047606527e-09,1.0,0
318,SMACS-J0723.3-7327,110.66857314599406,-73.4771670832406,,,0.0,3,,,0.0,3,1.5148201322281601e-07,4.8925988326761206e-09,1.0,0
645,SMACS-J0723.3-7327,110.64191097726328,-73.49720196714783,,,0.0,3,,,0.0,3,1.6366188711707071e-07,5.188214755844532e-09,0.9629629629629629,4
571,SMACS-J0723.3-7327,110.65895666843907,-73.49005868307007,,,0.0,3,,,0.0,3,7.972985498329248e-08,1.9623348019070826e-08,1.0,0
126,SMACS-J0723.3-7327,110.68914637124156,-73.4648519332698,,,0.0,3,,,0.0,3,2.284867252955124e-07,4.880882649659342e-09,1.0,0
206,SMACS-J0723.3-7327,110.6627631581426,-73.47368338353972,,,0.0,3,,,0.0,3,1.2537956236338158e-07,5.156264939968562e-09,1.0,0
549,SMACS-J0723.3-7327,110.65753403214022,-73.48958597609968,,,0.0,3,,,0.0,3,1.1819483292717826e-07,4.703389591183965e-09,1.0,0
1265,SMACS-J0723.3-7327,110.68782387534556,-73.49717657113354,,,0.0,3,,,0.0,3,-1.378870393423818e-06,5.435678618748345e-09,1.0,0
11,SMACS-J0723.3-7327,110.64207013247704,-73.46857264229959,3.400644748760093e-07,7.1171682809346805e-09,1.0,0,5.789502149594732e-07,5.637911991541946e-09,1.0,0,2.3189987092106965e-07,4.983536625282069e-09,1.0,0
993,SMACS-J0723.3-7327,110.62015672260239,-73.48267272011418,2.286241505532571e-08,6.686463396474025e-09,1.0,0,1.369413260906494e-07,5.1321980558781484e-09,1.0,0,2.990233625652116e-08,4.713103817124836e-09,1.0,0
353,SMACS-J0723.3-7327,110.65957647823501,-73.48063434997951,1.083649886622993e-06,9.817337873751408e-09,1.0,0,9.766555767104537e-07,6.702331509705976e-09,1.0,0,2.089586928611551e-07,4.872421094585875e-09,1.0,0
630,SMACS-J0723.3-7327,110.73606591703262,-73.47736092476441,,,0.0,3,,,0.0,3,2.305854641820916e-07,5.1499010084227555e-09,1.0,0
1212,SMACS-J0723.3-7327,110.6719984489196,-73.4951210443921,,,0.0,3,,,0.0,3,1.2579311053451895e-07,5.036867755853372e-09,1.0,0
49,SMACS-J0723.3-7327,110.64720662872968,-73.4692451675713,,,0.0,3,,,0.0,3,1.3902489952885065e-07,4.80063537980654e-09,1.0,0
489,SMACS-J0723.3-7327,110.6516068164088,-73.48824696328728,,,0.0,3,,,0.0,3,9.564358391148587e-08,4.537474355227629e-09,1.0,0
1007,SMACS-J0723.3-7327,110.695137236583,-73.46894528486358,,,0.0,3,,,0.0,3,4.760888646260369e-08,4.743584356476109e-09,1.0,0
1064,SMACS-J0723.3-7327,110.62335971419493,-73.48753766992695,3.585251207281945e-08,6.1203703146637386e-09,1.0,0,2.6440206242976586e-08,4.5484510056988206e-09,1.0,0,9.544732325261248e-08,1.1838920656093121e-08,1.0,0
879,SMACS-J0723.3-7327,110.70669269144292,-73.49699371533029,,,0.0,3,,,0.0,3,1.7821641458529842e-07,4.827928715866759e-09,1.0,0
16,SMACS-J0723.3-7327,110.6005879078831,-73.47709340596903,3.983867544656324e-08,6.1094532963439105e-09,1.0,0,9.654239881792377e-08,4.505525613859622e-09,1.0,0,9.155633542583958e-08,4.612978567787695e-09,1.0,0
171,SMACS-J0723.3-7327,110.66586593045335,-73.47117848376328,,,0.0,3,,,0.0,3,1.4406318895427728e-07,4.828260679597134e-09,1.0,0
952,SMACS-J0723.3-7327,110.69928860819816,-73.4639812389402,,,0.0,3,,,0.0,3,3.419215156973208e-08,4.5443462144718395e-09,1.0,0
1129,SMACS-J0723.3-7327,110.6744029167845,-73.48323932992558,,,0.0,3,,,0.0,3,-1.8052909138654829e-06,6.170705993648178e-09,1.0,0
432,SMACS-J0723.3-7327,110.66169476751301,-73.48385256892611,3.564205552018025e-08,5.96635245244555e-09,1.0,0,5.7418667442952746e-08,4.2238482760658275e-09,1.0,0,2.0015034196943789e-07,5.52240979694683e-09,1.0,0
142,SMACS-J0723.3-7327,110.66391436508788,-73.47046583436828,,,0.0,3,,,0.0,3,1.8817492553365844e-07,1.253429987530366e-08,1.0,0
661,SMACS-J0723.3-7327,110.72452465770998,-73.4815554029684,,,0.0,3,,,0.0,3,1.374801842479992e-07,4.949656991693869e-09,1.0,0
1251,SMACS-J0723.3-7327,110.69983207885535,-73.49302447932398,,,0.0,3,,,0.0,3,1.5093029678426792e-07,5.0071909725201355e-09,1.0,0
772,SMACS-J0723.3-7327,110.6818804615744,-73.49662903908386,,,0.0,3,,,0.0,3,1.4081934889912198e-07,4.665176741733723e-09,1.0,0
641,SMACS-J0723.3-7327,110.66553061705244,-73.49229587554512,,,0.0,3,,,0.0,3,1.427509856277959e-07,5.222070597252292e-09,1.0,0
738,SMACS-J0723.3-7327,110.67455576718868,-73.49589474860464,,,0.0,3,,,0.0,3,2.062186739590154e-07,1.4224861555151633e-08,1.0,0
173,SMACS-J0723.3-7327,110.61781162855051,-73.48075093181538,1.4712281949939884e-07,6.448125713913576e-09,1.0,0,4.372871702634626e-07,5.4918827488611356e-09,1.0,0,1.8585484490340316e-07,4.9789105900109635e-09,1.0,0
811,SMACS-J0723.3-7327,110.75549427319342,-73.48386776098256,,,0.0,3,,,0.0,3,1.722591468266652e-07,1.4462090640807175e-08,1.0,0
112,SMACS-J0723.3-7327,110.62413919639656,-73.4771973120459,8.178862719817899e-08,6.1519029434497535e-09,1.0,0,2.988937594513815e-07,5.115046002994617e-09,1.0,0,1.8249495878935572e-07,4.946016160494978e-09,1.0,0
967,SMACS-J0723.3-7327,110.67813416242775,-73.46924398989817,,,0.0,3,,,0.0,3,4.5102587076233065e-08,4.803080536975077e-09,1.0,0
1048,SMACS-J0723.3-7327,110.6789592233903,-73.47513666369683,,,0.0,3,,,0.0,3,3.332759642507324e-08,5.181659982229537e-09,1.0,0
618,SMACS-J0723.3-7327,110.69059334771264,-73.48567019481196,,,0.0,3,,,0.0,3,1.2548044991859733e-07,5.130222377619431e-09,1.0,0
1099,SMACS-J0723.3-7327,110.68165097814813,-73.47964848981664,,,0.0,3,,,0.0,3,1.0759011897485684e-07,4.935201507907142e-09,1.0,0
942,SMACS-J0723.3-7327,110.61425206050097,-73.47960331547722,2.4812989031252202e-08,6.507988782251729e-09,1.0,0,3.938331642237444e-08,4.738814873670435e-09,1.0,0,3.331959306921434e-08,4.782478725894779e-09,1.0,0
1172,SMACS-J0723.3-7327,110.72662327587223,-73.47776223073956,,,0.0,3,,,0.0,3,1.0343984560167184e-07,4.933368401883161e-09,1.0,0
874,SMACS-J0723.3-7327,110.70156377642125,-73.49784046935254,,,0.0,3,,,0.0,3,1.5469330399176037e-07,4.850451204006514e-09,1.0,0
1222,SMACS-J0723.3-7327,110.672669451105,-73.49615002261002,,,0.0,3,,,0.0,3,7.73231180805625e-08,4.792433226063581e-09,1.0,0
747,SMACS-J0723.3-7327,110.72884257616721,-73.48590862549206,,,0.0,3,,,0.0,3,1.3726539597971985e-07,4.8720242479799216e-09,1.0,0
1112,SMACS-J0723.3-7327,110.67584553910658,-73.48146046883227,3.536032508946652e-08,3.957501488082323e-09,0.46017699115044247,4,1.4570644779140974e-08,1.7614359387901828e-09,0.168141592920354,4,4.596718700885716e-08,5.032802819626856e-09,1.0,0
498,SMACS-J0723.3-7327,110.64884920270269,-73.48913134488843,,,0.0,3,,,0.0,3,1.4735046657447702e-07,5.015356445269914e-09,1.0,0
775,SMACS-J0723.3-7327,110.73819009091407,-73.485686283305,,,0.0,3,,,0.0,3,1.119547035775819e-07,4.797193112340355e-09,1.0,0
574,SMACS-J0723.3-7327,110.6777985569855,-73.48643878679285,,,0.0,3,,,0.0,3,1.9272173295405856e-07,5.419547070135545e-09,1.0,0
332,SMACS-J0723.3-7327,110.69529630137394,-73.4726091811017,,,0.0,3,,,0.0,3,1.4849213313630847e-07,5.15000124946652e-09,1.0,0
603,SMACS-J0723.3-7327,110.71899235701092,-73.47907676663257,,,0.0,3,,,0.0,3,1.1309079030573843e-07,5.191122418964194e-09,1.0,0
1263,SMACS-J0723.3-7327,110.68632544761029,-73.4973376478471,,,0.0,3,,,0.0,3,8.474088418173449e-08,4.682379514374547e-09,1.0,0
217,SMACS-J0723.3-7327,110.61171179627146,-73.48447489932177,1.433650887140836e-08,5.97137281680437e-09,1.0,0,7.25152645914539e-08,4.40216282404844e-09,1.0,0,7.742743278452036e-08,4.93293758027305e-09,1.0,0
1283,SMACS-J0723.3-7327,110.69783782944351,-73.49868909834515,,,0.0,3,,,0.0,3,2.5076069275550897e-08,4.596820046807064e-09,1.0,0
1228,SMACS-J0723.3-7327,110.68827493115396,-73.49250715371893,,,0.0,3,,,0.0,3,6.3257343733064e-08,5.346655674011625e-09,1.0,0
1241,SMACS-J0723.3-7327,110.70242026768105,-73.49118976287487,,,0.0,3,,,0.0,3,7.507349999268885e-08,4.7581671402348126e-09,1.0,0
87,SMACS-J0723.3-7327,110.6010538242075,-73.48047967408857,2.4195732295736314e-08,6.057640145322717e-09,1.0,0,1.355103071418142e-07,4.5746499037818e-09,1.0,0,1.1906143113828852e-07,5.538621476035445e-09,1.0,0
1227,SMACS-J0723.3-7327,110.70277963678669,-73.48985735330187,,,0.0,3,,,0.0,3,-1.0682477700581978e-06,5.343763783578348e-09,1.0,0
1055,SMACS-J0723.3-7327,110.66736799771859,-73.47800690841227,2.581971311715596e-09,3.30062134040144e-09,0.3185840707964602,4,1.1201919848574624e-09,1.1381141379891435e-09,0.07017543859649122,4,-6.867809034568775e-07,5.419440430019744e-09,1.0,0
32,SMACS-J0723.3-7327,110.66243546057844,-73.4653548955599,,,0.0,3,,,0.0,3,1.0222366553931426e-07,4.633452525285621e-09,1.0,0
37,SMACS-J0723.3-7327,110.6420677775014,-73.46967468108943,1.291371645408491e-07,6.164863008778118e-09,1.0,0,2.629394730225774e-07,4.883335470897251e-09,1.0,0,9.928750150602705e-08,4.588659521077532e-09,1.0,0
935,SMACS-J0723.3-7327,110.65232423835718,-73.46996308667346,,,0.0,3,,,0.0,3,6.633521181667906e-08,4.8305635467872655e-09,1.0,0
5,SMACS-J0723.3-7327,110.67973024235017,-73.460881658592,,,0.0,3,,,0.0,3,1.67644677023256e-07,4.845057015004981e-09,1.0,0
41,SMACS-J0723.3-7327,110.69684220645607,-73.45888264955857,,,0.0,3,,,0.0,3,7.186790058779879e-08,4.47388452517441e-09,1.0,0
567,SMACS-J0723.3-7327,110.67481901448429,-73.4866986352649,,,0.0,3,,,0.0,3,1.4847096193995998e-07,5.356499807936981e-09,1.0,0
244,SMACS-J0723.3-7327,110.61731970722369,-73.48422386027518,6.088062793260258e-08,6.115609600890206e-09,1.0,0,1.3501437415320637e-07,4.789862451821124e-09,1.0,0,9.021368875167261e-08,4.581359698123407e-09,1.0,0
257,SMACS-J0723.3-7327,110.68774200918867,-73.4709418686597,,,0.0,3,,,0.0,3,4.029617340267793e-08,4.5705677155951764e-09,1.0,0
977,SMACS-J0723.3-7327,110.63182585508123,-73.47995199356546,2.3506323055293695e-08,6.078028645616238e-09,1.0,0,3.665975382797852e-08,4.532245903330163e-09,1.0,0,4.098177892848236e-08,4.673190150417543e-09,1.0,0
288,SMACS-J0723.3-7327,110.70792822613267,-73.46823578002537,,,0.0,3,,,0.0,3,1.0537006522170534e-07,4.768509026748768e-09,1.0,0
627,SMACS-J0723.3-7327,110.68294251779669,-73.48772261227727,,,0.0,3,,,0.0,3,1.7586487388097703e-07,5.079106672712243e-09,1.0,0
607,SMACS-J0723.3-7327,110.64219300513945,-73.49441369732978,,,0.0,3,,,0.0,3,1.7384226803145515e-07,4.9789212200854276e-09,1.0,0
949,SMACS-J0723.3-7327,110.67494194785512,-73.46814243725545,,,0.0,3,,,0.0,3,3.597926231677159e-08,4.746799212391171e-09,1.0,0
115,SMACS-J0723.3-7327,110.61695122167464,-73.47876258640856,1.3564133954373253e-07,6.589224430931958e-09,1.0,0,2.7897837224959366e-07,5.012731392563432e-09,1.0,0,1.1136601611992795e-07,4.764194263707318e-09,1.0,0
1188,SMACS-J0723.3-7327,110.69147297543734,-73.48606163965395,,,0.0,3,,,0.0,3,1.7596911540403874e-08,4.874439070195402e-09,1.0,0
389,SMACS-J0723.3-7327,110.66916134188611,-73.48034119552455,7.840769824781953e-08,5.873593923051991e-09,1.0,0,1.782970181715058e-07,4.616565489581831e-09,1.0,0,1.568857931502101e-07,5.2216504330473666e-09,1.0,0
1051,SMACS-J0723.3-7327,110.71737721297275,-73.46691459773935,,,0.0,3,,,0.0,3,1.073773528942022e-07,4.628108450450338e-09,1.0,0
766,SMACS-J0723.3-7327,110.68525202376325,-73.49551314623984,,,0.0,3,,,0.0,3,1.1261570298451473e-07,4.643610840438033e-09,1.0,0
642,SMACS-J0723.3-7327,110.70882526143743,-73.48370275843547,,,0.0,3,,,0.0,3,1.5441453915162567e-07,4.900384491191242e-09,1.0,0
1127,SMACS-J0723.3-7327,110.6438211373032,-73.48913484102077,,,0.0,1,,,0.0,2,-1.1329639774781925e-06,5.133167623128371e-09,1.0,0
514,SMACS-J0723.3-7327,110.63682394708907,-73.49196502508575,,,0.0,3,,,0.0,3,6.616002997675816e-08,4.449565410942783e-09,1.0,0
1279,SMACS-J0723.3-7327,110.75469195396278,-73.48499951680031,,,0.0,3,,,0.0,3,1.8215643255770308e-08,4.786104145331289e-09,1.0,0
293,SMACS-J0723.3-7327,110.70381635300829,-73.46932113707778,,,0.0,3,,,0.0,3,1.1612987171937396e-07,4.7618482437309945e-09,1.0,0
372,SMACS-J0723.3-7327,110.65916404622354,-73.48150908063464,6.444815467481675e-08,5.8724083385166576e-09,1.0,0,1.3134451123869798e-07,4.425336021573582e-09,1.0,0,1.1567926162847397e-07,4.937575903475936e-09,1.0,0
771,SMACS-J0723.3-7327,110.74036584522369,-73.48500581110628,,,0.0,3,,,0.0,3,1.1698770410721862e-07,4.697937543367148e-09,1.0,0
203,SMACS-J0723.3-7327,110.65654405264927,-73.47484891798894,1.759766633182445e-07,6.4037365657146484e-09,1.0,0,2.9975592326931154e-07,4.9742708612394885e-09,1.0,0,1.5650521703054706e-07,5.272439995276296e-09,1.0,0
370,SMACS-J0723.3-7327,110.71697047178277,-73.46996391743006,,,0.0,3,,,0.0,3,1.528201212441071e-07,1.3463807513506627e-08,1.0,0
264,SMACS-J0723.3-7327,110.69702762125553,-73.46928402136241,,,0.0,3,,,0.0,3,7.887396522284667e-08,4.969686970656555e-09,1.0,0
575,SMACS-J0723.3-7327,110.70646972881767,-73.48079141681544,,,0.0,3,,,0.0,3,1.1474426902515329e-07,4.928327961824175e-09,1.0,0
208,SMACS-J0723.3-7327,110.62522456171641,-73.4811311466691,3.793272624334723e-07,7.471093495609846e-09,1.0,0,5.290391281328141e-07,5.686321219719573e-09,1.0,0,1.623679368157204e-07,5.165114129141877e-09,1.0,0
609,SMACS-J0723.3-7327,110.65133809221426,-73.49282202185228,,,0.0,3,,,0.0,3,1.279039969451503e-07,4.788269985926194e-09,1.0,0
963,SMACS-J0723.3-7327,110.68581792411534,-73.46779663848109,,,0.0,3,,,0.0,3,-1.2166173598460463e-06,5.16636867438471e-09,1.0,0
610,SMACS-J0723.3-7327,110.69002018134957,-73.48521769824397,,,0.0,3,,,0.0,3,1.262857995282316e-07,4.7474636616919415e-09,1.0,0
98,SMACS-J0723.3-7327,110.61269656133746,-73.47869800506689,5.644557294841833e-07,8.47555328659219e-09,1.0,0,6.408962510566323e-07,5.978690754826939e-09,1.0,0,1.637758409996494e-07,4.7708442234640825e-09,1.0,0
634,SMACS-J0723.3-7327,110.7138595136095,-73.48202631789604,,,0.0,3,,,0.0,3,1.195858244248394e-07,4.770169272856161e-09,1.0,0
62,SMACS-J0723.3-7327,110.64576788102788,-73.47037555902538,2.8736189681892973e-08,6.045390439110648e-09,1.0,0,9.743256103905665e-08,4.294649940637692e-09,1.0,0,1.0778387785312346e-07,4.678318977316489e-09,1.0,0
1006,SMACS-J0723.3-7327,110.69332581085398,-73.46931323113799,,,0.0,3,,,0.0,3,5.839634404347924e-08,4.743320532747974e-09,1.0,0
808,SMACS-J0723.3-7327,110.72150897688316,-73.49047391270695,,,0.0,3,,,0.0,3,9.895271104436471e-08,4.768318879892324e-09,1.0,0
992,SMACS-J0723.3-7327,110.62183824557593,-73.48230864969942,8.287588846452841e-09,6.735720530226268e-09,1.0,0,6.705406091752694e-08,4.832166122768928e-09,1.0,0,4.622223007320456e-08,4.730005072797115e-09,1.0,0
1197,SMACS-J0723.3-7327,110.7244828816941,-73.48064950377379,,,0.0,3,,,0.0,3,2.889596319991882e-08,4.938569991636828e-09,1.0,0
842,SMACS-J0723.3-7327,110.69209665358098,-73.49795478023586,,,0.0,3,,,0.0,3,1.2746700314236747e-07,4.798885710028766e-09,1.0,0
694,SMACS-J0723.3-7327,110.66740289991554,-73.49529259342434,,,0.0,3,,,0.0,3,1.2420569130524027e-07,4.989909082746362e-09,1.0,0
692,SMACS-J0723.3-7327,110.72441764002068,-73.48372831078238,,,0.0,3,,,0.0,3,1.588047873340053e-07,4.933718599244783e-09,1.0,0
697,SMACS-J0723.3-7327,110.67781900854105,-73.49329104330255,,,0.0,3,,,0.0,3,1.4060224665888067e-07,5.080668925666757e-09,1.0,0
326,SMACS-J0723.3-7327,110.71826738628181,-73.46767219071799,,,0.0,3,,,0.0,3,1.1237271263232275e-07,4.836786889875381e-09,1.0,0
307,SMACS-J0723.3-7327,110.66596203633911,-73.4773318433552,,,0.0,1,,,0.0,1,7.421343030616549e-08,5.144989457848798e-09,1.0,0
713,SMACS-J0723.3-7327,110.7112263191224,-73.48752691982423,,,0.0,3,,,0.0,3,1.3816037596189067e-07,5.188454880388145e-09,1.0,0
67,SMACS-J0723.3-7327,110.68982330046106,-73.46184946997833,,,0.0,3,,,0.0,3,9.5988281508467e-08,4.655000853097168e-09,1.0,0
695,SMACS-J0723.3-7327,110.65164336283253,-73.49846671395328,,,0.0,3,,,0.0,3,9.338449238302293e-08,4.642134747705345e-09,1.0,0
717,SMACS-J0723.3-7327,110.6561170918859,-73.49865851964655,,,0.0,3,,,0.0,3,1.3999667936000876e-07,4.967653508582415e-09,1.0,0
69,SMACS-J0723.3-7327,110.670159937931,-73.46586855696141,,,0.0,3,,,0.0,3,1.3611084771794928e-07,4.566609900328234e-09,1.0,0
765,SMACS-J0723.3-7327,110.70665766993797,-73.49118442159258,,,0.0,3,,,0.0,3,1.0515459759848543e-07,1.2100733962330587e-08,1.0,0
164,SMACS-J0723.3-7327,110.62460908755943,-73.4791700279066,2.453718770111485e-07,6.810633885221096e-09,1.0,0,3.284427607995786e-07,5.2377052489934286e-09,1.0,0,1.3177183849007655e-07,5.048509872496683e-09,1.0,0
102,SMACS-J0723.3-7327,110.67804008407252,-73.46586870840184,,,0.0,3,,,0.0,3,8.396491136988978e-08,4.705574321727041e-09,1.0,0
407,SMACS-J0723.3-7327,110.63132707949917,-73.48875132382885,4.282562844430249e-08,6.178493036814159e-09,1.0,0,1.0823975936539487e-07,4.55287376879065e-09,1.0,0,8.639497992690658e-08,4.522925404675513e-09,1.0,0
145,SMACS-J0723.3-7327,110.65166843887029,-73.47300960900861,3.0278397568577926e-08,5.800032488470373e-09,1.0,0,1.0425582147373979e-07,4.507412621822714e-09,1.0,0,1.0077022496372397e-07,4.955528997613209e-09,1.0,0
887,SMACS-J0723.3-7327,110.7004649111505,-73.49866730701176,,,0.0,3,,,0.0,3,1.2285106194996683e-07,4.744072154259439e-09,1.0,0
903,SMACS-J0723.3-7327,110.76477473624082,-73.48672240721712,,,0.0,3,,,0.0,3,1.148282040501937e-07,4.936772432548495e-09,1.0,0
1273,SMACS-J0723.3-7327,110.7532268946453,-73.48439655769353,,,0.0,3,,,0.0,3,3.8765284037162467e-08,4.723565733704934e-09,1.0,0
928,SMACS-J0723.3-7327,110.69422254468867,-73.46006352466549,,,0.0,3,,,0.0,3,4.723305651946175e-08,4.486492685495081e-09,1.0,0
165,SMACS-J0723.3-7327,110.67895573793486,-73.4684447883982,,,0.0,3,,,0.0,3,6.055469849972632e-08,4.599972266907474e-09,1.0,0
58,SMACS-J0723.3-7327,110.66897588684054,-73.46549708689061,,,0.0,3,,,0.0,3,9.657904993043503e-08,4.6260076067681434e-09,1.0,0
101,SMACS-J0723.3-7327,110.66586797311564,-73.46826844466757,,,0.0,3,,,0.0,3,8.69140697223788e-08,4.544468234833937e-09,1.0,0
475,SMACS-J0723.3-7327,110.70943658579965,-73.4761882670146,,,0.0,3,,,0.0,3,9.766273346361064e-08,4.7692984866274735e-09,1.0,0
76,SMACS-J0723.3-7327,110.60370857511536,-73.47934819210914,8.494043155111978e-08,6.3563602918175615e-09,1.0,0,1.2377515797770416e-07,4.5620810557364735e-09,1.0,0,8.440199289245743e-08,4.63840521023277e-09,1.0,0
1286,SMACS-J0723.3-7327,110.68732555564394,-73.50115807703058,,,0.0,3,,,0.0,3,5.159830899535231e-08,4.606300672894034e-09,1.0,0
1206,SMACS-J0723.3-7327,110.68463000581998,-73.49201130186258,,,0.0,3,,,0.0,3,-4.173254758926792e-10,4.71829320663104e-09,1.0,0
1009,SMACS-J0723.3-7327,110.69406139572772,-73.46960469666368,,,0.0,3,,,0.0,3,2.11752486705894e-08,4.386321873133115e-09,1.0,0
465,SMACS-J0723.3-7327,110.6515611960773,-73.4872096923987,9.679556389339715e-08,6.304112656112649e-09,1.0,0,1.8219525205455592e-07,4.691444683435388e-09,1.0,0,8.13681189013281e-08,4.535118928374618e-09,1.0,0
214,SMACS-J0723.3-7327,110.71184970737008,-73.46425702333886,,,0.0,3,,,0.0,3,1.4941887116164918e-07,4.722696784211225e-09,1.0,0
316,SMACS-J0723.3-7327,110.71604760628928,-73.46766388627496,,,0.0,3,,,0.0,3,7.985808298306054e-08,4.60043887888098e-09,1.0,0
54,SMACS-J0723.3-7327,110.69888018826563,-73.45940199503725,,,0.0,3,,,0.0,3,9.564365384864542e-08,4.931244190449155e-09,1.0,0
975,SMACS-J0723.3-7327,110.60906865446547,-73.48407246560231,1.0970418828111155e-09,6.111998473093416e-09,1.0,0,-9.660959028158249e-09,4.610962169967725e-09,1.0,0,-4.1282637386440544e-08,4.9322293101836706e-09,1.0,0
964,SMACS-J0723.3-7327,110.68629996703739,-73.4677031645101,,,0.0,3,,,0.0,3,-1.3349179474714612e-06,5.376248768798244e-09,1.0,0
446,SMACS-J0723.3-7327,110.63064982958879,-73.49056684505376,1.447214110706261e-07,7.076423358338734e-09,1.0,0,2.252372315238969e-07,4.9110778634123375e-09,1.0,0,8.831080747551234e-08,4.555925678078267e-09,1.0,0
849,SMACS-J0723.3-7327,110.68375659999296,-73.4998610206401,,,0.0,3,,,0.0,3,1.3197430479247898e-07,1.1958892271474414e-08,1.0,0
91,SMACS-J0723.3-7327,110.60172352533688,-73.48047357778975,-5.255941141444064e-09,5.772790413922025e-09,1.0,0,1.1828422392871424e-08,4.241716575076199e-09,1.0,0,6.423640954290934e-08,1.220140712890708e-08,1.0,0
34,SMACS-J0723.3-7327,110.65484855435349,-73.46691680119363,,,0.0,3,,,0.0,3,8.091112161149847e-08,4.502000566849298e-09,1.0,0
746,SMACS-J0723.3-7327,110.73763594984963,-73.48398967972099,,,0.0,3,,,0.0,3,1.0427503430823824e-07,4.617580687423098e-09,1.0,0
127,SMACS-J0723.3-7327,110.69762983511774,-73.46317995406426,,,0.0,3,,,0.0,3,9.488601521376896e-08,4.449658470535449e-09,1.0,0
481,SMACS-J0723.3-7327,110.6983839903872,-73.4786091361492,,,0.0,3,,,0.0,3,1.2894474926808946e-07,4.92074201627879e-09,1.0,0
503,SMACS-J0723.3-7327,110.7202474636065,-73.4750399192954,,,0.0,3,,,0.0,3,1.3581960948191214e-07,4.8134979386370015e-09,1.0,0
1194,SMACS-J0723.3-7327,110.64603558411936,-73.49599772271903,,,0.0,3,,,0.0,3,-5.706741216938569e-07,4.845148093684138e-09,1.0,0
255,SMACS-J0723.3-7327,110.64392944571935,-73.4793994512982,1.2607100303880849e-08,5.734776648253842e-09,1.0,0,1.1149380525497015e-08,4.051420480413893e-09,1.0,0,1.3609718541843262e-07,5.226941173170135e-09,1.0,0
419,SMACS-J0723.3-7327,110.6342629762544,-73.48875897105852,5.587535568749903e-07,7.98522028652657e-09,1.0,0,5.866022683113543e-07,5.784918962183767e-09,1.0,0,1.3861214471959897e-07,5.132124656252662e-09,1.0,0
15,SMACS-J0723.3-7327,110.63276731305245,-73.47066307156693,5.497227293615844e-08,5.911911157761664e-09,1.0,0,7.792864085926746e-08,4.283102487023325e-09,1.0,0,9.731612195521409e-08,4.559216121473895e-09,1.0,0
970,SMACS-J0723.3-7327,110.65920536743907,-73.47300070624895,,,0.0,3,,,0.0,3,1.1621291629608243e-07,4.9357818638898384e-09,1.0,0
825,SMACS-J0723.3-7327,110.67564959969145,-73.50038052938575,,,0.0,3,,,0.0,3,1.0650072792744544e-07,4.662409787186331e-09,1.0,0
397,SMACS-J0723.3-7327,110.64348676021606,-73.4858669369362,1.7955696949395097e-08,6.210355532903089e-09,1.0,0,2.405759082216522e-08,4.489734729493803e-09,1.0,0,4.912875616919233e-08,4.71146169131138e-09,1.0,0
1114,SMACS-J0723.3-7327,110.67713382216424,-73.48139289402563,,,0.0,3,,,0.0,3,8.699828271283793e-09,4.7781683149502255e-09,1.0,0
685,SMACS-J0723.3-7327,110.74053305880057,-73.47995678052285,,,0.0,3,,,0.0,3,1.3848972149891991e-07,4.645336078406704e-09,1.0,0
140,SMACS-J0723.3-7327,110.62881428004465,-73.47747652613342,3.2388146505713383e-08,6.301823849638659e-09,0.9912280701754386,4,9.133458596558898e-08,4.561482290216478e-09,0.9912280701754386,4,8.63399730135912e-08,4.4728583437795705e-09,1.0,0
1095,SMACS-J0723.3-7327,110.65030765803502,-73.4854909806819,-9.78889268701505e-09,6.148505549322883e-09,1.0,0,-9.680224069546358e-09,4.108708126940336e-09,1.0,0,1.1760983164041062e-07,1.3214498924957633e-08,1.0,0
639,SMACS-J0723.3-7327,110.7120197976962,-73.4828008026035,,,0.0,3,,,0.0,3,1.0468495145582957e-07,4.824143808597744e-09,1.0,0
28,SMACS-J0723.3-7327,110.63758854274427,-73.47022215804664,1.3107499382256063e-08,5.74458800863484e-09,1.0,0,7.077814360196569e-08,4.323399117094751e-09,1.0,0,6.18223871065078e-08,4.606712845759419e-09,1.0,0
274,SMACS-J0723.3-7327,110.64277944559319,-73.48055603760356,5.4287960778159325e-08,6.0488222704753825e-09,1.0,0,7.002317694878664e-08,4.352088536941523e-09,1.0,0,4.816385068648985e-08,4.79315289858089e-09,1.0,0
198,SMACS-J0723.3-7327,110.66806398270303,-73.4724611213037,,,0.0,3,,,0.0,3,8.830894445185957e-08,5.3256750650987765e-09,1.0,0
330,SMACS-J0723.3-7327,110.64436597136329,-73.48266088748069,3.738594824717027e-08,6.373616305607117e-09,1.0,0,1.1190136180428412e-07,4.438304442701549e-09,1.0,0,1.1240357010165405e-07,4.9637477019290485e-09,1.0,0
26,SMACS-J0723.3-7327,110.64918596703728,-73.46782609162209,,,0.0,3,,,0.0,3,1.050256858478637e-07,4.491931524961264e-09,1.0,0
834,SMACS-J0723.3-7327,110.6678505895457,-73.50230187524633,,,0.0,3,,,0.0,3,8.005572430453997e-08,4.735739300449965e-09,1.0,0
1236,SMACS-J0723.3-7327,110.70198804908372,-73.4909265603819,,,0.0,3,,,0.0,3,2.743815899017232e-08,4.840076430491274e-09,1.0,0
1288,SMACS-J0723.3-7327,110.66836715226191,-73.50566902810641,,,0.0,3,,,0.0,3,-8.086461159558142e-07,5.140908184193846e-09,1.0,0
403,SMACS-J0723.3-7327,110.65140222148868,-73.48446859148041,5.341172982788489e-08,6.142881217162722e-09,1.0,0,1.0110427617636118e-07,4.568553194429797e-09,1.0,0,8.321234388266712e-08,5.1203775497011646e-09,1.0,0
130,SMACS-J0723.3-7327,110.64032088536688,-73.4747311217006,9.627454847296784e-08,6.067646456619903e-09,1.0,0,1.405804163336219e-07,4.560638185655e-09,1.0,0,9.636714680927757e-08,5.346423801426496e-09,1.0,0
280,SMACS-J0723.3-7327,110.66230041991291,-73.47702442019644,5.168329510769709e-07,7.608008395807417e-09,1.0,0,4.5376031225276705e-07,5.280207303578103e-09,1.0,0,1.0741497841919394e-07,4.871715909555887e-09,1.0,0
57,SMACS-J0723.3-7327,110.64254302729235,-73.47071125178164,5.914441672807191e-08,5.8314498255208294e-09,1.0,0,1.0357508879695144e-07,4.495587324142018e-09,1.0,0,1.1048044918498148e-07,4.914061991050897e-09,1.0,0
620,SMACS-J0723.3-7327,110.68434111824783,-73.48693070423715,,,0.0,3,,,0.0,3,1.0886693366107905e-07,4.71925540291707e-09,1.0,0
51,SMACS-J0723.3-7327,110.59880998438598,-73.47910141048013,1.0838128806594334e-08,6.0337458992031485e-09,1.0,0,-8.84731607239218e-09,4.008707927122467e-09,1.0,0,3.884265681318254e-08,1.3454152647621903e-08,1.0,0
416,SMACS-J0723.3-7327,110.69648667179581,-73.47618537580517,,,0.0,3,,,0.0,3,1.0978976715336463e-07,4.746808012027261e-09,1.0,0
402,SMACS-J0723.3-7327,110.6477368633761,-73.48522925125694,2.480179910358521e-08,5.979397615861218e-09,1.0,0,9.462305988188585e-08,4.388951263863705e-09,1.0,0,1.119355509072707e-07,4.875943410652596e-09,1.0,0
1254,SMACS-J0723.3-7327,110.67428280925486,-73.49817300338623,,,0.0,3,,,0.0,3,1.5850074814346707e-08,4.652793649389273e-09,1.0,0
39,SMACS-J0723.3-7327,110.68356165855974,-73.46144697398638,,,0.0,3,,,0.0,3,6.191811866325332e-08,4.505019891702972e-09,1.0,0
65,SMACS-J0723.3-7327,110.62701454647933,-73.4742808851092,1.1996366989468217e-07,6.4460172131969975e-09,1.0,0,2.1342615858502028e-07,4.823065322870552e-09,1.0,0,9.29154305595178e-08,4.833904959999962e-09,1.0,0
253,SMACS-J0723.3-7327,110.673541618379,-73.4735102688999,,,0.0,3,,,0.0,3,9.132597745253191e-08,4.640537174164146e-09,1.0,0
812,SMACS-J0723.3-7327,110.75147940107173,-73.4847799697951,,,0.0,3,,,0.0,3,4.9973745133721624e-08,4.669324691674786e-09,1.0,0
263,SMACS-J0723.3-7327,110.61568063881624,-73.48536982261464,2.583175136450121e-08,6.322245042611556e-09,1.0,0,1.0778124178457246e-07,4.556778017775697e-09,1.0,0,9.808260429602927e-08,4.745144953247566e-09,1.0,0
1056,SMACS-J0723.3-7327,110.67560036707678,-73.47667542836086,,,0.0,3,,,0.0,3,2.5770207347722826e-08,5.062682170833947e-09,1.0,0
528,SMACS-J0723.3-7327,110.70433620344934,-73.47944983782013,,,0.0,3,,,0.0,3,7.382833992977147e-08,4.846473153782666e-09,1.0,0
488,SMACS-J0723.3-7327,110.64915612223704,-73.48867016447146,,,0.0,3,,,0.0,3,9.809223900196363e-08,4.740596169421081e-09,1.0,0
680,SMACS-J0723.3-7327,110.65330618839022,-73.49687675369411,,,0.0,3,,,0.0,3,9.740346395109322e-08,4.535577927953301e-09,1.0,0
333,SMACS-J0723.3-7327,110.6891861063447,-73.47380708355301,,,0.0,3,,,0.0,3,1.1554804210752917e-07,4.706376495000439e-09,1.0,0
1134,SMACS-J0723.3-7327,110.71053311570527,-73.47815325008384,,,0.0,3,,,0.0,3,8.107043168469275e-09,4.7584812443047315e-09,1.0,0
114,SMACS-J0723.3-7327,110.65560839947523,-73.47107249102876,,,0.0,3,,,0.0,3,9.84563496547699e-08,4.877463988161785e-09,1.0,0
61,SMACS-J0723.3-7327,110.65666375974266,-73.4681875854675,,,0.0,3,,,0.0,3,8.221278631229867e-08,4.58849988319038e-09,1.0,0
878,SMACS-J0723.3-7327,110.67108661001032,-73.50403284149644,,,0.0,3,,,0.0,3,8.557254074648281e-08,4.4934467898820056e-09,1.0,0
522,SMACS-J0723.3-7327,110.70275730837444,-73.47942272640515,,,0.0,3,,,0.0,3,7.476768842954639e-08,4.770238425946519e-09,1.0,0
719,SMACS-J0723.3-7327,110.7379567076866,-73.48246563946827,,,0.0,3,,,0.0,3,8.388001019366015e-08,4.8433088114971206e-09,1.0,0
939,SMACS-J0723.3-7327,110.61466155343471,-73.47738647730813,4.2267822717560144e-09,5.852390103927178e-09,1.0,0,1.9010497750871668e-08,4.094427877119671e-09,1.0,0,8.128806379874712e-08,4.416735695358197e-09,1.0,0
754,SMACS-J0723.3-7327,110.6534245948076,-73.50133212284267,,,0.0,3,,,0.0,3,8.837592110316884e-08,5.059817117110313e-09,1.0,0
92,SMACS-J0723.3-7327,110.70230943903913,-73.46050986447341,,,0.0,3,,,0.0,3,8.557353152963162e-08,4.440780954092382e-09,1.0,0
184,SMACS-J0723.3-7327,110.64624959216482,-73.47562696399501,4.3651137749703586e-08,6.313435021378699e-09,1.0,0,8.946293641476342e-08,4.40306080786661e-09,1.0,0,6.574638208825387e-08,4.802834309330115e-09,1.0,0
810,SMACS-J0723.3-7327,110.67110833492741,-73.50068144296233,,,0.0,3,,,0.0,3,6.077286294353703e-08,4.40588860462275e-09,1.0,0
681,SMACS-J0723.3-7327,110.71777586171822,-73.48412524275221,,,0.0,3,,,0.0,3,8.725873239759946e-08,4.755049464309922e-09,1.0,0
119,SMACS-J0723.3-7327,110.66331369730912,-73.46966014784036,,,0.0,3,,,0.0,3,1.115182299619319e-07,4.61573407418316e-09,1.0,0
665,SMACS-J0723.3-7327,110.66823986227195,-73.4929736736324,,,0.0,3,,,0.0,3,1.1912592855566608e-07,5.045355417566998e-09,1.0,0
894,SMACS-J0723.3-7327,110.71368142418166,-73.49635579428241,,,0.0,3,,,0.0,3,1.246538775224059e-07,4.632432433976956e-09,1.0,0
763,SMACS-J0723.3-7327,110.67199490697925,-73.4980206005101,,,0.0,3,,,0.0,3,6.532320313773656e-08,4.542065510225753e-09,1.0,0
202,SMACS-J0723.3-7327,110.64618054175726,-73.47688202730556,6.062557144236255e-08,5.9298054989323655e-09,1.0,0,1.022897342879785e-07,4.293667988400024e-09,1.0,0,7.856956330071799e-08,4.710944268540922e-09,1.0,0
199,SMACS-J0723.3-7327,110.64310595641413,-73.47743116309445,4.75819723661009e-08,5.975068682733342e-09,1.0,0,5.953854404984309e-08,4.1959754770456086e-09,1.0,0,9.271041497163286e-08,4.8774738813314345e-09,1.0,0
155,SMACS-J0723.3-7327,110.70112356976989,-73.46361982409395,,,0.0,3,,,0.0,3,4.208331470215451e-08,4.5872940288605436e-09,1.0,0
1178,SMACS-J0723.3-7327,110.66834368990983,-73.48985255907319,,,0.0,3,,,0.0,3,4.922400795450306e-08,4.587473939052484e-09,1.0,0
750,SMACS-J0723.3-7327,110.71314346579317,-73.48913614342598,,,0.0,3,,,0.0,3,8.92677095107465e-08,4.757453814670972e-09,1.0,0
166,SMACS-J0723.3-7327,110.66400667039842,-73.47141915232785,,,0.0,3,,,0.0,3,8.966327803382722e-08,4.554462447268803e-09,1.0,0
1261,SMACS-J0723.3-7327,110.65762425250135,-73.5030038356685,,,0.0,3,,,0.0,3,2.358077482554976e-08,4.5455131227709945e-09,1.0,0
501,SMACS-J0723.3-7327,110.70299652704641,-73.47839461204983,,,0.0,3,,,0.0,3,8.444254239477854e-08,5.0312439218228606e-09,1.0,0
510,SMACS-J0723.3-7327,110.64007516179308,-73.4911987961262,,,0.0,3,,,0.0,3,7.444678401142979e-08,4.455978655172565e-09,1.0,0
104,SMACS-J0723.3-7327,110.68691562379789,-73.46423993071393,,,0.0,3,,,0.0,3,7.014646935447525e-08,4.6065167496582885e-09,1.0,0
296,SMACS-J0723.3-7327,110.62995966791485,-73.48416118612853,4.742959242412965e-08,6.157071324644542e-09,1.0,0,8.226249010038315e-08,4.6983427030461565e-09,1.0,0,2.995859649244767e-08,4.6183205133115e-09,1.0,0
1074,SMACS-J0723.3-7327,110.62244216707207,-73.48866513839707,5.791023495489616e-10,6.044587131910452e-09,1.0,0,-9.764145870789469e-09,4.1089701151659605e-09,1.0,0,2.9076938952685428e-08,4.392730211918363e-09,1.0,0
716,SMACS-J0723.3-7327,110.6660776525278,-73.49666760185642,,,0.0,3,,,0.0,3,1.0709687128873855e-07,4.988167710523365e-09,1.0,0
191,SMACS-J0723.3-7327,110.64423296866514,-73.47642293615748,5.5609324617088214e-08,5.872865887398918e-09,1.0,0,9.12461005686207e-08,4.48120678969543e-09,1.0,0,8.429531394896259e-08,4.823507284075273e-09,1.0,0
748,SMACS-J0723.3-7327,110.65380836779042,-73.50078342834954,,,0.0,3,,,0.0,3,8.084049071321359e-08,4.6146442334706725e-09,1.0,0
441,SMACS-J0723.3-7327,110.6268929416035,-73.49112081730563,2.7436675924285603e-08,6.147558137820761e-09,1.0,0,9.255786181102585e-08,4.448022885695227e-09,1.0,0,8.946846548345583e-08,4.545060701366596e-09,1.0,0
864,SMACS-J0723.3-7327,110.70133447431205,-73.49742642138749,,,0.0,3,,,0.0,3,5.853858578452058e-08,1.142930275500635e-08,1.0,0
1014,SMACS-J0723.3-7327,110.63383241132871,-73.48141927237289,-1.411500519433764e-08,5.985443483796753e-09,1.0,0,-1.875738296565984e-08,4.404829246997254e-09,1.0,0,1.5703221880557988e-08,4.456743822115197e-09,1.0,0
770,SMACS-J0723.3-7327,110.6951878777311,-73.49385049508444,,,0.0,3,,,0.0,3,9.629137591311627e-08,4.782341509917647e-09,1.0,0
619,SMACS-J0723.3-7327,110.71547858647268,-73.4806998525648,,,0.0,3,,,0.0,3,6.246321057858349e-08,4.683368774616121e-09,1.0,0
222,SMACS-J0723.3-7327,110.69266030481793,-73.46844845878081,,,0.0,3,,,0.0,3,9.013241945060882e-08,4.7028420201052775e-09,1.0,0
1135,SMACS-J0723.3-7327,110.71036763252852,-73.47840992306656,,,0.0,3,,,0.0,3,4.384531322425691e-09,4.439703319505879e-09,1.0,0
815,SMACS-J0723.3-7327,110.658907341239,-73.50330927940017,,,0.0,3,,,0.0,3,9.046987173123858e-08,5.062143575990754e-09,1.0,0
438,SMACS-J0723.3-7327,110.68867601248793,-73.4788007771094,,,0.0,3,,,0.0,3,6.266564003656103e-08,4.767096024635576e-09,1.0,0
284,SMACS-J0723.3-7327,110.7018607838698,-73.46934878263217,,,0.0,3,,,0.0,3,9.969969957010146e-08,4.620597019126907e-09,1.0,0
947,SMACS-J0723.3-7327,110.61505483929264,-73.47993329238358,4.5364866052180856e-08,6.705784336841306e-09,1.0,0,7.052053618074819e-08,4.709256080846676e-09,1.0,0,2.2452187609833204e-08,4.623030854498647e-09,1.0,0
899,SMACS-J0723.3-7327,110.67754275749643,-73.503912010126,,,0.0,3,,,0.0,3,9.152177305446298e-08,4.570770548874656e-09,1.0,0
1207,SMACS-J0723.3-7327,110.68439371052189,-73.49210627950008,,,0.0,3,,,0.0,3,-1.1336787895387657e-09,5.085898739450247e-09,1.0,0
1077,SMACS-J0723.3-7327,110.64804528082459,-73.4837176056119,6.020592977633926e-08,6.41188580752033e-09,1.0,0,1.0997887705887093e-07,4.8336649134833e-09,1.0,0,2.474204708168145e-08,4.786372038663838e-09,1.0,0
832,SMACS-J0723.3-7327,110.71464759996039,-73.4929096819158,,,0.0,3,,,0.0,3,1.016535705358852e-07,4.558254400299956e-09,1.0,0
673,SMACS-J0723.3-7327,110.65113212259251,-73.49679788910174,,,0.0,3,,,0.0,3,7.145319454617112e-08,4.405178943017609e-09,1.0,0
699,SMACS-J0723.3-7327,110.7171318977902,-73.48557068553413,,,0.0,3,,,0.0,3,7.03010701592828e-08,4.896961058013391e-09,1.0,0
569,SMACS-J0723.3-7327,110.64275512839112,-73.49318214441449,,,0.0,3,,,0.0,3,7.691837889835575e-08,4.568696395184063e-09,1.0,0
134,SMACS-J0723.3-7327,110.613111459581,-73.48028134899975,2.0156052362639056e-08,6.5409491563207286e-09,1.0,0,5.49419880716343e-08,4.87158089070627e-09,1.0,0,2.012515785849714e-08,4.568790612782228e-09,1.0,0
1191,SMACS-J0723.3-7327,110.70235005608951,-73.48421794914917,,,0.0,3,,,0.0,3,5.1553680425196746e-08,4.605706864768073e-09,1.0,0
555,SMACS-J0723.3-7327,110.64409379439107,-73.49236257196867,,,0.0,3,,,0.0,3,3.705742025293182e-08,4.45449564415367e-09,1.0,0
636,SMACS-J0723.3-7327,110.71583330985199,-73.48188857365429,,,0.0,3,,,0.0,3,9.23047111506851e-08,4.8936066551495486e-09,1.0,0
613,SMACS-J0723.3-7327,110.7309950643608,-73.4771704958599,,,0.0,3,,,0.0,3,1.0709466427109368e-07,4.719376083050895e-09,1.0,0
831,SMACS-J0723.3-7327,110.68932711660449,-73.4979385610283,,,0.0,3,,,0.0,3,8.99574363811211e-08,4.761401199286337e-09,1.0,0
6,SMACS-J0723.3-7327,110.61515592967483,-73.47383251954864,2.029290631749465e-08,5.8764331665155716e-09,1.0,0,6.294029117532514e-08,4.244950328342867e-09,1.0,0,6.032002829456171e-08,4.856748866757875e-09,1.0,0
162,SMACS-J0723.3-7327,110.67949604853357,-73.46819055331866,,,0.0,3,,,0.0,3,6.708099345817781e-08,4.6813615653096186e-09,1.0,0
930,SMACS-J0723.3-7327,110.62600338970113,-73.47373463189234,4.952629155530762e-08,5.976105088040535e-09,1.0,0,7.763082553636522e-08,4.475436121578794e-09,1.0,0,6.343887942895885e-08,4.497356724402351e-09,1.0,0
1220,SMACS-J0723.3-7327,110.6704767698785,-73.4964638776093,,,0.0,3,,,0.0,3,5.981614714223125e-09,4.7668292264470536e-09,1.0,0
1244,SMACS-J0723.3-7327,110.71425566525949,-73.48912450764865,,,0.0,3,,,0.0,3,-7.057407453230469e-07,5.213474034874568e-09,1.0,0
484,SMACS-J0723.3-7327,110.64644139776553,-73.48897052038046,,,0.0,3,,,0.0,3,9.624044922924499e-08,4.549209316171276e-09,1.0,0
460,SMACS-J0723.3-7327,110.70061008168365,-73.47731252624963,,,0.0,3,,,0.0,3,6.661532463064953e-08,5.013458549819927e-09,1.0,0
1106,SMACS-J0723.3-7327,110.68286378068156,-73.48022857191934,,,0.0,3,,,0.0,3,4.227737998740129e-08,4.741861058741072e-09,1.0,0
135,SMACS-J0723.3-7327,110.66433526726904,-73.47006104638095,,,0.0,3,,,0.0,3,9.893943592919481e-08,4.737784197653321e-09,1.0,0
440,SMACS-J0723.3-7327,110.724364908129,-73.47172040446424,,,0.0,3,,,0.0,3,8.496051510453297e-08,4.436444907071833e-09,1.0,0
726,SMACS-J0723.3-7327,110.6594002860711,-73.49832448535479,,,0.0,3,,,0.0,3,8.327651911146255e-08,4.923736211323181e-09,1.0,0
795,SMACS-J0723.3-7327,110.7053777816813,-73.49309155671796,,,0.0,3,,,0.0,3,6.367141381721584e-08,4.421353765907555e-09,1.0,0
75,SMACS-J0723.3-7327,110.61358821108803,-73.47733630431327,3.099067321831825e-08,5.908907753443221e-09,1.0,0,6.600491759140497e-08,4.591836809064615e-09,1.0,0,7.737659327592373e-08,4.64981411515812e-09,1.0,0
674,SMACS-J0723.3-7327,110.64531570538816,-73.49813367507751,,,0.0,3,,,0.0,3,9.848168799995336e-08,4.693604995178388e-09,1.0,0
205,SMACS-J0723.3-7327,110.62639304397041,-73.48085704896086,6.508271206336523e-08,6.0604346674148276e-09,1.0,0,1.838307048758732e-07,4.644217281678121e-09,1.0,0,7.956652408949674e-08,4.5653949581318075e-09,1.0,0
523,SMACS-J0723.3-7327,110.73142743915255,-73.47367487516495,,,0.0,3,,,0.0,3,7.94822538018467e-08,4.636345128496231e-09,1.0,0
1253,SMACS-J0723.3-7327,110.67390223289202,-73.49828474853894,,,0.0,3,,,0.0,3,6.064547177552919e-08,4.614801928241695e-09,1.0,0
148,SMACS-J0723.3-7327,110.60720539931216,-73.48197247870034,1.7220259674617056e-08,6.1233587258776314e-09,1.0,0,7.133062942358496e-08,4.393090004106265e-09,1.0,0,7.218308388718902e-08,4.581671805325481e-09,1.0,0
379,SMACS-J0723.3-7327,110.64044845654662,-73.48567988527346,1.9609448114310794e-07,7.203277093962237e-09,1.0,0,1.465166366678298e-07,4.703628359880459e-09,1.0,0,8.11440314269028e-08,4.7818258579199865e-09,1.0,0
821,SMACS-J0723.3-7327,110.66971617567009,-73.50141558208253,,,0.0,3,,,0.0,3,6.27260359065468e-08,4.879970136563788e-09,1.0,0
544,SMACS-J0723.3-7327,110.70732977638045,-73.47942580857531,,,0.0,3,,,0.0,3,4.7843025266576474e-08,4.874888461322332e-09,1.0,0
1062,SMACS-J0723.3-7327,110.62192573933582,-73.48746716346386,1.7222968844971667e-08,6.127181983510949e-09,1.0,0,9.951862065656508e-09,4.542564917091898e-09,1.0,0,1.0695977149798283e-08,4.428890410029539e-09,1.0,0
234,SMACS-J0723.3-7327,110.70184732529907,-73.46698368416756,,,0.0,3,,,0.0,3,8.235134642950144e-08,4.81039110220548e-09,1.0,0
1221,SMACS-J0723.3-7327,110.6672683017372,-73.49713644532689,,,0.0,3,,,0.0,3,3.501294195880746e-08,4.644382599437059e-09,1.0,0
185,SMACS-J0723.3-7327,110.62663255567679,-73.47961873217112,1.880888159497822e-07,6.64872803580313e-09,1.0,0,2.6843020534681836e-07,4.965471290638079e-09,1.0,0,9.53211785608105e-08,4.6967275639796615e-09,1.0,0
345,SMACS-J0723.3-7327,110.62572159581795,-73.48701426485191,1.779340614631398e-08,6.008412039616318e-09,1.0,0,7.185460666101143e-08,4.3945095459082856e-09,1.0,0,6.590516130878326e-08,4.424405619116165e-09,1.0,0
1078,SMACS-J0723.3-7327,110.64907388267626,-73.4836825249202,5.319041865549653e-08,6.061439476513298e-09,1.0,0,8.631242773183014e-08,4.538382216664358e-09,1.0,0,2.983548173407879e-08,5.146307672802626e-09,1.0,0
106,SMACS-J0723.3-7327,110.60885926109269,-73.47979541815833,1.4146070087344597e-08,6.016803138931826e-09,1.0,0,8.574879184551413e-08,4.40006789607693e-09,1.0,0,6.89017413462532e-08,4.462970132425737e-09,1.0,0
1157,SMACS-J0723.3-7327,110.72524421546193,-73.47703163376387,,,0.0,3,,,0.0,3,3.131477954716146e-08,4.413602799582702e-09,1.0,0
1132,SMACS-J0723.3-7327,110.70884597160158,-73.47787325499363,,,0.0,3,,,0.0,3,1.9470041865145845e-08,4.646226474049125e-09,1.0,0
371,SMACS-J0723.3-7327,110.63591819949357,-73.48613922453885,4.1731816760604624e-08,6.08012260275856e-09,1.0,0,1.0200808737776128e-07,4.7349225122383555e-09,1.0,0,2.2441997978232057e-08,4.859093820786978e-09,1.0,0
657,SMACS-J0723.3-7327,110.70882550617958,-73.48430495603948,,,0.0,3,,,0.0,3,9.517638600606403e-08,4.721482906940679e-09,1.0,0
175,SMACS-J0723.3-7327,110.63505084420991,-73.47740593656846,3.519035545045522e-08,6.005874134517546e-09,1.0,0,8.022587257739449e-08,4.315969833942402e-09,1.0,0,6.337471136072022e-08,4.754493317173859e-09,1.0,0
677,SMACS-J0723.3-7327,110.65259985309375,-73.49696559705619,,,0.0,3,,,0.0,3,7.069506918511338e-08,4.537448014191962e-09,1.0,0
622,SMACS-J0723.3-7327,110.64597085221163,-73.49460943231557,,,0.0,3,,,0.0,3,7.758319111048054e-08,4.410935032397971e-09,1.0,0
868,SMACS-J0723.3-7327,110.72490532209126,-73.49289727531693,,,0.0,3,,,0.0,3,8.816008193141566e-08,4.489112720106158e-09,1.0,0
889,SMACS-J0723.3-7327,110.6723560797338,-73.50440395117363,,,0.0,3,,,0.0,3,8.626690447616125e-08,4.659823183020529e-09,1.0,0
294,SMACS-J0723.3-7327,110.67082545745373,-73.47590523818121,,,0.0,3,,,0.0,3,6.688027092696533e-08,4.7290720855312706e-09,1.0,0
908,SMACS-J0723.3-7327,110.76677976601833,-73.48660269918248,,,0.0,3,,,0.0,3,8.109383181683688e-08,5.056334846919745e-09,1.0,0
527,SMACS-J0723.3-7327,110.68352474985024,-73.4835150955143,,,0.0,3,,,0.0,3,9.228244206764034e-08,5.192813519358259e-09,1.0,0
552,SMACS-J0723.3-7327,110.73681034571193,-73.47382416656045,,,0.0,3,,,0.0,3,4.7010768246024527e-08,3.9414243839518e-09,0.7142857142857143,4
1086,SMACS-J0723.3-7327,110.6438897613867,-73.48571624838301,7.762317398525836e-08,6.32114512453615e-09,1.0,0,1.1013417517918225e-07,4.683430666500075e-09,1.0,0,1.2889970536543086e-08,4.654690357383686e-09,1.0,0
940,SMACS-J0723.3-7327,110.61494692238662,-73.47751163351491,-3.3228978441541867e-09,6.0124761912605936e-09,1.0,0,2.9446309814146457e-08,4.1597574325933804e-09,1.0,0,4.08939484570634e-08,4.5575926261542005e-09,1.0,0
658,SMACS-J0723.3-7327,110.64807532009588,-73.4964715030886,,,0.0,3,,,0.0,3,8.591801030862406e-08,4.395293885236982e-09,1.0,0
1202,SMACS-J0723.3-7327,110.73365156219728,-73.48160663193511,,,0.0,3,,,0.0,3,3.1591998174400605e-09,4.49000775357383e-09,1.0,0
182,SMACS-J0723.3-7327,110.69894535680231,-73.46495745423607,,,0.0,3,,,0.0,3,3.257518866388058e-08,4.4893704347024596e-09,1.0,0
352,SMACS-J0723.3-7327,110.63656311242543,-73.4851658829909,2.556007324675904e-08,6.143001581147555e-09,1.0,0,2.9160779749444913e-08,4.312449247990512e-09,1.0,0,3.085506807724409e-08,4.621909463078022e-09,1.0,0
241,SMACS-J0723.3-7327,110.66587926384031,-73.47436304394655,,,0.0,3,,,0.0,3,8.338019356817902e-08,4.858139510801204e-09,1.0,0
787,SMACS-J0723.3-7327,110.66596708173286,-73.50070510740099,,,0.0,3,,,0.0,3,7.947711185481935e-08,4.836620063657371e-09,1.0,0
1076,SMACS-J0723.3-7327,110.62326189760941,-73.48917913728845,3.276486813135919e-08,6.16019811093438e-09,1.0,0,4.8140992528861774e-08,4.407321220305058e-09,1.0,0,2.6123959137925687e-08,4.34291081188188e-09,1.0,0
584,SMACS-J0723.3-7327,110.7296913618547,-73.47647965963758,,,0.0,3,,,0.0,3,4.348323731532049e-08,4.501789726545884e-09,1.0,0
961,SMACS-J0723.3-7327,110.69759220209397,-73.46435868766024,,,0.0,3,,,0.0,3,4.2853631557061785e-08,4.468385378579403e-09,1.0,0
863,SMACS-J0723.3-7327,110.6914935490707,-73.49941484743482,,,0.0,3,,,0.0,3,7.316932634636623e-08,4.6795866694540896e-09,1.0,0
271,SMACS-J0723.3-7327,110.68852854217691,-73.47121542471301,,,0.0,3,,,0.0,3,5.761415634773764e-08,4.540957993473687e-09,1.0,0
852,SMACS-J0723.3-7327,110.67950287054231,-73.50092365205124,,,0.0,3,,,0.0,3,8.322097517524629e-08,4.427801829170695e-09,1.0,0
390,SMACS-J0723.3-7327,110.69870136843578,-73.47450475004743,,,0.0,3,,,0.0,3,5.71705139095934e-08,4.505140128716273e-09,1.0,0
118,SMACS-J0723.3-7327,110.62166739590442,-73.4779912845932,8.586125114481624e-08,6.472244789410897e-09,1.0,0,6.422132533607933e-08,4.239702728889726e-09,1.0,0,7.3879174475387e-08,4.3917091845247516e-09,1.0,0
479,SMACS-J0723.3-7327,110.68757851748927,-73.48065404201675,,,0.0,3,,,0.0,3,6.22387184660422e-08,4.7622847647666195e-09,1.0,0
304,SMACS-J0723.3-7327,110.63094586029172,-73.48413252476541,5.268144471242007e-08,6.288651954947429e-09,1.0,0,9.63836074100477e-08,4.936822539836794e-09,1.0,0,2.5871150603929815e-08,4.653055966284891e-09,1.0,0
653,SMACS-J0723.3-7327,110.69714606172656,-73.4864366346092,,,0.0,3,,,0.0,3,8.333990145317642e-08,4.873111476538972e-09,1.0,0
535,SMACS-J0723.3-7327,110.67678334105265,-73.485154598733,,,0.0,3,,,0.0,3,8.898859194595814e-08,4.838804189408887e-09,1.0,0
758,SMACS-J0723.3-7327,110.75081238235425,-73.48206968879654,,,0.0,3,,,0.0,3,7.634966348043975e-08,4.5236139130131564e-09,1.0,0
18,SMACS-J0723.3-7327,110.62687551139241,-73.47186406795791,-8.921817259955935e-09,5.935324632826587e-09,1.0,0,-5.2372813897996795e-06,2.795514148144528e-08,1.0,0,5.443674502512159e-08,1.1268200327685918e-08,1.0,0
21,SMACS-J0723.3-7327,110.60053298911991,-73.47728126088168,9.53678238508031e-09,6.0626968414555274e-09,1.0,0,5.843346046662058e-08,4.556000404240494e-09,1.0,0,5.325705021859691e-08,4.344520391700197e-09,1.0,0
221,SMACS-J0723.3-7327,110.68207130553546,-73.47052303471978,,,0.0,3,,,0.0,3,8.693334180963886e-08,4.62514820454502e-09,1.0,0
505,SMACS-J0723.3-7327,110.65101428775723,-73.48888101309433,,,0.0,3,,,0.0,3,5.604130869899827e-08,4.516238984037713e-09,1.0,0
141,SMACS-J0723.3-7327,110.66801022580181,-73.46965072286032,,,0.0,3,,,0.0,3,7.186476682005594e-08,4.704105751729313e-09,1.0,0
1192,SMACS-J0723.3-7327,110.70299982954565,-73.48423963732692,,,0.0,3,,,0.0,3,4.817721355667971e-08,4.759080205090417e-09,1.0,0
396,SMACS-J0723.3-7327,110.63209930486087,-73.48792856861306,3.939907047272288e-08,6.196408793908297e-09,1.0,0,6.169696391289443e-08,4.39979200171054e-09,1.0,0,4.1762729119919534e-08,4.516190201848249e-09,1.0,0
442,SMACS-J0723.3-7327,110.6874150480235,-73.47910309062647,,,0.0,3,,,0.0,3,6.911230948682968e-08,4.928144224569066e-09,1.0,0
835,SMACS-J0723.3-7327,110.752919349411,-73.48541165673842,,,0.0,3,,,0.0,3,4.392436133475584e-08,5.090252583419843e-09,1.0,0
690,SMACS-J0723.3-7327,110.7023641241839,-73.48788354050382,,,0.0,3,,,0.0,3,8.15075573610693e-08,4.728357895884137e-09,1.0,0
391,SMACS-J0723.3-7327,110.69489424150144,-73.4752396953502,,,0.0,3,,,0.0,3,7.22842821122707e-08,4.4982517032381755e-09,1.0,0
814,SMACS-J0723.3-7327,110.71670272777773,-73.4916945625951,,,0.0,3,,,0.0,3,7.81087020845193e-08,4.7460512574322796e-09,1.0,0
1169,SMACS-J0723.3-7327,110.63989001999177,-73.49458644612346,,,0.0,3,,,0.0,3,4.372681973651237e-08,4.7223593377574776e-09,1.0,0
1153,SMACS-J0723.3-7327,110.72419750307454,-73.47672902703901,,,0.0,3,,,0.0,3,3.6177870734097104e-08,4.510647216341583e-09,1.0,0
72,SMACS-J0723.3-7327,110.61913083962561,-73.47615673548601,9.976739619773523e-08,6.233999125709528e-09,1.0,0,1.4669300269385234e-07,4.507745302213029e-09,1.0,0,6.326387468601006e-08,4.6759338446339615e-09,1.0,0
43,SMACS-J0723.3-7327,110.62588213378005,-73.47306817229672,8.630466793980156e-08,6.223047442796431e-09,1.0,0,1.3220829775573935e-07,4.473263278473054e-09,1.0,0,1.5136640884715262e-08,6.788276365649888e-09,1.0,0
621,SMACS-J0723.3-7327,110.71060941854594,-73.48175526596981,,,0.0,3,,,0.0,3,8.493785450660206e-08,4.664386057336501e-09,1.0,0
594,SMACS-J0723.3-7327,110.72861760092024,-73.47696735316435,,,0.0,3,,,0.0,3,7.021391757942305e-08,4.598806356765377e-09,1.0,0
1187,SMACS-J0723.3-7327,110.69056744575329,-73.4862000987356,,,0.0,3,,,0.0,3,-4.16181708177727e-11,4.787517158825659e-09,1.0,0
287,SMACS-J0723.3-7327,110.67548330422284,-73.47467700315899,,,0.0,3,,,0.0,3,2.5105240897501532e-08,4.749226847618633e-09,1.0,0
107,SMACS-J0723.3-7327,110.628145450927,-73.4759956795394,1.3922548692942378e-07,6.446101622779065e-09,1.0,0,1.8195413741448026e-07,4.645933846525473e-09,1.0,0,6.538152567229228e-08,4.979506678057034e-09,1.0,0
752,SMACS-J0723.3-7327,110.75164263418297,-73.4814926792982,,,0.0,3,,,0.0,3,8.690749976740369e-08,4.810822061556489e-09,1.0,0
387,SMACS-J0723.3-7327,110.65783531424097,-73.48245380450675,3.2048921963460103e-08,6.1075455258315575e-09,1.0,0,8.870593024143418e-08,4.470010915604936e-09,1.0,0,7.13435699557384e-08,4.8625013312029055e-09,1.0,0
583,SMACS-J0723.3-7327,110.66664144981326,-73.48894846202305,,,0.0,3,,,0.0,3,7.795539110273213e-08,4.661484453756315e-09,1.0,0
585,SMACS-J0723.3-7327,110.63942990323446,-73.49440215091843,,,0.0,3,,,0.0,3,6.960805108486518e-08,4.7315842316878545e-09,1.0,0
227,SMACS-J0723.3-7327,110.62073935363995,-73.48298102772746,6.87817015204361e-09,6.294859362009724e-09,1.0,0,5.562947809958658e-08,4.724110990280837e-09,1.0,0,2.228593779575479e-08,4.302809061450304e-09,1.0,0
1015,SMACS-J0723.3-7327,110.63366828297183,-73.48156947239204,3.9121161315147904e-08,6.40783835523691e-09,1.0,0,8.212989130869103e-08,4.6577488131622075e-09,1.0,0,1.879174961213691e-08,4.686942506643832e-09,1.0,0
235,SMACS-J0723.3-7327,110.61766749846274,-73.48373045024492,2.0743379034527307e-08,6.10497281075682e-09,1.0,0,6.87069348612918e-08,4.262946223926563e-09,1.0,0,7.324510638246552e-08,4.507002533626064e-09,1.0,0
1245,SMACS-J0723.3-7327,110.71472682988333,-73.48902979986262,,,0.0,3,,,0.0,3,-7.185544794452247e-07,5.2934786966356705e-09,1.0,0
938,SMACS-J0723.3-7327,110.61435703998211,-73.47742773667991,8.475675504290563e-09,5.850843135913959e-09,1.0,0,2.198360465883962e-08,4.174819763717331e-09,1.0,0,3.800146689330017e-08,5.190632066912081e-09,1.0,0
667,SMACS-J0723.3-7327,110.6599016252082,-73.49480084939586,,,0.0,3,,,0.0,3,7.05727279035849e-08,4.637435865775544e-09,1.0,0
760,SMACS-J0723.3-7327,110.67046549821725,-73.49808875912093,,,0.0,3,,,0.0,3,4.800904646347251e-08,4.617584043574541e-09,1.0,0
785,SMACS-J0723.3-7327,110.69133481303398,-73.49566650844949,,,0.0,3,,,0.0,3,5.4556064562063366e-08,4.543498663659859e-09,1.0,0
565,SMACS-J0723.3-7327,110.70824793470152,-73.47994593295849,,,0.0,3,,,0.0,3,5.776844949617206e-08,4.769039702878146e-09,1.0,0
524,SMACS-J0723.3-7327,110.70742288305044,-73.47851001623881,,,0.0,3,,,0.0,3,7.368731088153622e-08,4.561652640610194e-09,1.0,0
951,SMACS-J0723.3-7327,110.67630106284732,-73.46840883678506,,,0.0,3,,,0.0,3,2.965032786699144e-08,4.825701655135063e-09,1.0,0
783,SMACS-J0723.3-7327,110.71782597335446,-73.49020200039654,,,0.0,3,,,0.0,3,6.709734076537537e-08,4.613640990485209e-09,1.0,0
327,SMACS-J0723.3-7327,110.6788271505441,-73.47560583705918,,,0.0,3,,,0.0,3,6.014675004961523e-08,5.205608186068491e-09,1.0,0
509,SMACS-J0723.3-7327,110.69063335984617,-73.4811197206259,,,0.0,3,,,0.0,3,6.819850488259097e-08,4.6739204789972065e-09,1.0,0
813,SMACS-J0723.3-7327,110.75510410868691,-73.48403595265353,,,0.0,3,,,0.0,3,2.9698631672348514e-08,5.114247118460737e-09,1.0,0
781,SMACS-J0723.3-7327,110.7185837441723,-73.48990543897386,,,0.0,3,,,0.0,3,-5.131945161143563e-08,4.552608066526373e-09,1.0,0
1021,SMACS-J0723.3-7327,110.63609299394703,-73.48251720849107,1.32578704292835e-07,6.989276798367598e-09,1.0,0,1.4229685269429656e-07,4.99149359444971e-09,1.0,0,1.1006094646775196e-08,4.7236380730602365e-09,1.0,0
398,SMACS-J0723.3-7327,110.66393580761334,-73.48178649507899,2.5244880887693136e-08,5.7269698875688296e-09,1.0,0,7.941179960466049e-08,4.2971177898548364e-09,1.0,0,6.793659279382972e-08,4.8446831452304506e-09,1.0,0
651,SMACS-J0723.3-7327,110.72051452263055,-73.48177411589695,,,0.0,3,,,0.0,3,8.102435162138426e-08,4.732048027389058e-09,1.0,0
309,SMACS-J0723.3-7327,110.62197878977219,-73.48606435506518,5.40183572302927e-08,6.4851357200130676e-09,1.0,0,1.095744002483356e-07,4.389761683914067e-09,1.0,0,7.582072015478727e-08,4.568513333759254e-09,1.0,0
615,SMACS-J0723.3-7327,110.65052442255941,-73.49327344050016,,,0.0,3,,,0.0,3,7.717775126294985e-08,4.54162767325876e-09,1.0,0
103,SMACS-J0723.3-7327,110.70339600824491,-73.46083112777363,,,0.0,3,,,0.0,3,6.495760278977564e-08,4.522315961135593e-09,1.0,0
338,SMACS-J0723.3-7327,110.67376310232873,-73.47703630391185,,,0.0,3,,,0.0,3,2.158822399980783e-08,4.9526621804510185e-09,1.0,0
197,SMACS-J0723.3-7327,110.69291049832647,-73.4674388101964,,,0.0,3,,,0.0,3,7.404793119905062e-08,4.702284433092466e-09,1.0,0
303,SMACS-J0723.3-7327,110.64319906969011,-73.48169882035043,4.701171401116952e-08,6.2806366281643915e-09,1.0,0,1.0847177323164414e-07,4.971195917688174e-09,1.0,0,2.2159224483350443e-08,4.6560540169764555e-09,1.0,0
313,SMACS-J0723.3-7327,110.65265867276463,-73.48012900410771,3.047164834671694e-08,5.989826617629451e-09,1.0,0,8.845408459168325e-08,4.377820203494562e-09,1.0,0,7.419609602748215e-08,4.943946335947394e-09,1.0,0
589,SMACS-J0723.3-7327,110.73478509462899,-73.47557379931663,,,0.0,3,,,0.0,3,5.238043301184833e-08,4.686931552942984e-09,1.0,0
937,SMACS-J0723.3-7327,110.6144936888808,-73.47731835968848,3.3181150900150323e-09,5.986462071059611e-09,1.0,0,1.40844744135784e-08,4.186257896125248e-09,1.0,0,6.590611266116621e-08,4.414972407074659e-09,1.0,0
237,SMACS-J0723.3-7327,110.68676168058116,-73.47010053137689,,,0.0,3,,,0.0,3,6.337195025763424e-08,4.510391173346996e-09,1.0,0
679,SMACS-J0723.3-7327,110.73815883301936,-73.4799652316606,,,0.0,3,,,0.0,3,7.446403607246475e-08,4.508547543821833e-09,1.0,0
170,SMACS-J0723.3-7327,110.62299428417383,-73.47968122604766,3.584039326320202e-08,6.227986643961532e-09,1.0,0,6.088278851732818e-08,4.255641083679001e-09,1.0,0,6.792463655908744e-08,4.81139234219512e-09,1.0,0
840,SMACS-J0723.3-7327,110.67283835419852,-73.50166770982791,,,0.0,3,,,0.0,3,5.6281316192647355e-08,4.5500563556216625e-09,1.0,0
1079,SMACS-J0723.3-7327,110.6355338274572,-73.48634246103956,4.8920760267604775e-08,6.582253486304543e-09,1.0,0,8.680033240549214e-08,4.752133144741787e-09,1.0,0,2.0175924233967752e-08,4.240174965517217e-09,1.0,0
1181,SMACS-J0723.3-7327,110.6818694972543,-73.48761843150497,,,0.0,3,,,0.0,3,-7.428861006629603e-07,5.419779943371096e-09,1.0,0
147,SMACS-J0723.3-7327,110.6986214137428,-73.46373652660452,,,0.0,3,,,0.0,3,5.936974328740148e-08,4.4996720842351265e-09,1.0,0
904,SMACS-J0723.3-7327,110.66944160463466,-73.50567162497093,,,0.0,3,,,0.0,3,6.357739651049174e-08,4.768572464691095e-09,1.0,0
769,SMACS-J0723.3-7327,110.71952984546137,-73.48899953275732,,,0.0,3,,,0.0,3,6.250416001286525e-08,4.496922288612797e-09,1.0,0
156,SMACS-J0723.3-7327,110.67921803523335,-73.46804347706671,,,0.0,3,,,0.0,3,4.794458046205483e-08,4.700899878382332e-09,1.0,0
848,SMACS-J0723.3-7327,110.71955340918971,-73.49269309107338,,,0.0,3,,,0.0,3,8.344197941871269e-08,4.752823627350341e-09,1.0,0
635,SMACS-J0723.3-7327,110.65296494733116,-73.49423311738423,,,0.0,3,,,0.0,3,7.15457964380335e-08,4.887307794506478e-09,1.0,0
929,SMACS-J0723.3-7327,110.69402916207969,-73.46026517800917,,,0.0,3,,,0.0,3,5.6362072411414995e-08,4.728620742821223e-09,1.0,0
871,SMACS-J0723.3-7327,110.7324676324085,-73.49152443295063,,,0.0,3,,,0.0,3,7.134693286054353e-08,4.6166512721638865e-09,1.0,0
27,SMACS-J0723.3-7327,110.62522114589996,-73.47258033461544,5.9054397075488024e-08,5.883287986745093e-09,1.0,0,9.885651442699327e-08,4.474556966806198e-09,1.0,0,6.890670118085097e-08,4.421708452046394e-09,1.0,0
260,SMACS-J0723.3-7327,110.6683246043643,-73.47481551336145,,,0.0,3,,,0.0,3,7.506598678173702e-08,5.160851218720574e-09,1.0,0
971,SMACS-J0723.3-7327,110.65912143976493,-73.47313295778804,,,0.0,3,,,0.0,3,5.469644122051018e-08,4.7755394842816324e-09,1.0,0
526,SMACS-J0723.3-7327,110.71641463630753,-73.47696349195024,,,0.0,3,,,0.0,3,4.486493186721265e-08,4.6542430359858635e-09,1.0,0
42,SMACS-J0723.3-7327,110.66964061848209,-73.46436053083922,,,0.0,3,,,0.0,3,6.87381250088647e-08,4.478202374947851e-09,1.0,0
670,SMACS-J0723.3-7327,110.69034252867066,-73.48890146095674,,,0.0,3,,,0.0,3,7.141074546711457e-08,5.458601937167455e-09,1.0,0
836,SMACS-J0723.3-7327,110.75675336326698,-73.48463324065692,,,0.0,3,,,0.0,3,4.532790512141951e-08,5.059931776158294e-09,1.0,0
623,SMACS-J0723.3-7327,110.68944284318314,-73.48612405806769,,,0.0,3,,,0.0,3,3.5615806422600206e-08,4.58403794379251e-09,1.0,0
161,SMACS-J0723.3-7327,110.6604092212906,-73.47199251897693,,,0.0,3,,,0.0,3,6.233806791325197e-08,4.754525666613683e-09,1.0,0
698,SMACS-J0723.3-7327,110.66538370553555,-73.49578220247895,,,0.0,3,,,0.0,3,6.212330098565203e-08,4.622600446266079e-09,1.0,0
473,SMACS-J0723.3-7327,110.6806773144247,-73.4817639616459,,,0.0,3,,,0.0,3,6.928387625967212e-08,5.075945892567532e-09,1.0,0
740,SMACS-J0723.3-7327,110.73162648487799,-73.48488847530477,,,0.0,3,,,0.0,3,6.747645317844103e-08,4.816727993913581e-09,1.0,0
714,SMACS-J0723.3-7327,110.67132272232558,-73.4955502716122,,,0.0,3,,,0.0,3,1.3524136842641438e-08,4.459466184361888e-09,1.0,0
1013,SMACS-J0723.3-7327,110.63322535129679,-73.48135129386917,4.008539833680117e-08,6.255055882615233e-09,1.0,0,6.462311575501063e-08,4.712375729049909e-09,1.0,0,5.78274428474155e-09,4.54118261720545e-09,1.0,0
24,SMACS-J0723.3-7327,110.6795816196333,-73.46168409842221,,,0.0,3,,,0.0,3,6.75995760454026e-08,4.3261937002697724e-09,1.0,0
625,SMACS-J0723.3-7327,110.66348370901709,-73.491464418807,,,0.0,3,,,0.0,3,5.694194342905902e-08,5.085773625528258e-09,1.0,0
884,SMACS-J0723.3-7327,110.72377031121371,-73.49390415767839,,,0.0,3,,,0.0,3,7.378282431174713e-08,4.536270093583556e-09,1.0,0
366,SMACS-J0723.3-7327,110.65914965848664,-73.4813269082478,5.8145889930736774e-08,5.854082381346548e-09,1.0,0,6.142095347626469e-08,4.194782879818316e-09,1.0,0,5.6646813393802936e-08,4.842643979034715e-09,1.0,0
113,SMACS-J0723.3-7327,110.66205375348918,-73.46972110478738,,,0.0,3,,,0.0,3,6.306490853264963e-08,4.327639382010216e-09,1.0,0
299,SMACS-J0723.3-7327,110.64361337113657,-73.4814532602718,4.383692438012642e-08,6.273058044843328e-09,1.0,0,8.95505390262718e-08,4.706824057914159e-09,1.0,0,2.4315493778946257e-08,4.686000116902775e-09,1.0,0
801,SMACS-J0723.3-7327,110.68284163429466,-73.49779007909109,,,0.0,3,,,0.0,3,5.307731732069277e-08,4.5277000722078825e-09,1.0,0
1096,SMACS-J0723.3-7327,110.65061378188675,-73.48551925519467,5.140921366136012e-08,6.0973085623268075e-09,1.0,0,9.07788679602848e-08,4.328694287559399e-09,1.0,0,6.327870830087982e-08,4.7215861285822835e-09,1.0,0
1080,SMACS-J0723.3-7327,110.63524175743451,-73.48651568598396,3.612135176991859e-08,6.2417980087116436e-09,1.0,0,8.888535692965828e-08,4.646630864321791e-09,1.0,0,3.625937594737285e-08,4.409884416944303e-09,1.0,0
424,SMACS-J0723.3-7327,110.65159998912787,-73.48556490359111,1.2610714282762606e-07,6.417963568922513e-09,1.0,0,1.6718279164848875e-07,4.655978551480002e-09,1.0,0,6.130179717707463e-08,4.67828561490832e-09,1.0,0
597,SMACS-J0723.3-7327,110.7193940526031,-73.47886395248595,,,0.0,3,,,0.0,3,5.6091934570661365e-08,4.671057413198913e-09,1.0,0
933,SMACS-J0723.3-7327,110.63436790030501,-73.47275844983656,-7.928026365994367e-07,6.793815094480824e-09,1.0,0,-2.031393138210461e-06,6.203932033391834e-09,1.0,0,-7.983019238718219e-07,5.134261708868137e-09,1.0,0
643,SMACS-J0723.3-7327,110.73075308457913,-73.4793613090857,,,0.0,3,,,0.0,3,7.321412670388813e-08,4.552082404656875e-09,1.0,0
502,SMACS-J0723.3-7327,110.7196155692392,-73.47517491094284,,,0.0,3,,,0.0,3,6.58615312822063e-08,4.64073841555587e-09,1.0,0
1223,SMACS-J0723.3-7327,110.6705362044028,-73.49657810118148,,,0.0,3,,,0.0,3,1.1117611967540896e-09,4.4808135410722775e-09,1.0,0
53,SMACS-J0723.3-7327,110.70000164595699,-73.45905133109227,,,0.0,3,,,0.0,3,5.898896964888805e-08,4.298267874750385e-09,1.0,0
1182,SMACS-J0723.3-7327,110.68143587757622,-73.48771513117971,,,0.0,3,,,0.0,3,-6.692882560185752e-07,5.272564602041681e-09,1.0,0
410,SMACS-J0723.3-7327,110.65797128519506,-73.48360167186149,2.37073485603944e-08,5.961107230203254e-09,1.0,0,6.094686640057349e-08,4.417553706822216e-09,1.0,0,5.56796258589822e-08,5.2283543754712305e-09,1.0,0
791,SMACS-J0723.3-7327,110.66252712518016,-73.50145145941238,,,0.0,3,,,0.0,3,5.172627255540734e-08,4.46666189974717e-09,1.0,0
705,SMACS-J0723.3-7327,110.73854521852076,-73.4815414435011,,,0.0,3,,,0.0,3,6.73323144090165e-08,4.7548937958848e-09,1.0,0
632,SMACS-J0723.3-7327,110.71325604357592,-73.48203590915186,,,0.0,3,,,0.0,3,3.988783543600259e-08,4.6000942081621725e-09,1.0,0
458,SMACS-J0723.3-7327,110.6920491829086,-73.47881489941929,,,0.0,3,,,0.0,3,5.489248270191087e-08,4.605534785151348e-09,1.0,0
966,SMACS-J0723.3-7327,110.61937931817845,-73.48099438214152,-2.2042268884735072e-06,1.0845324732192329e-08,1.0,0,-2.856214381114089e-06,7.478570938680063e-09,1.0,0,-6.404269920098924e-07,4.850344567351096e-09,1.0,0
348,SMACS-J0723.3-7327,110.68120950954454,-73.47611615627764,,,0.0,3,,,0.0,3,6.590341006396344e-08,4.839090318854305e-09,1.0,0
289,SMACS-J0723.3-7327,110.63659551010585,-73.4825465818355,-5.035748090633418e-08,6.179666167107769e-09,1.0,0,-6.817028295719026e-08,4.355511272357268e-09,1.0,0,1.1005349857329842e-08,4.7500735185116865e-09,1.0,0
1214,SMACS-J0723.3-7327,110.67184924228951,-73.49552151369285,,,0.0,3,,,0.0,3,4.360659924507481e-09,4.559864702353712e-09,1.0,0
794,SMACS-J0723.3-7327,110.69037827863905,-73.49604109233017,,,0.0,3,,,0.0,3,5.632226560456763e-08,4.544402657860626e-09,1.0,0
88,SMACS-J0723.3-7327,110.64006353320812,-73.47270883550962,9.754027278885615e-08,6.2981678035296385e-09,1.0,0,1.1628724180624602e-07,4.355998501725304e-09,1.0,0,6.685316766774169e-08,4.80510252606815e-09,1.0,0
467,SMACS-J0723.3-7327,110.71054456945843,-73.4754688170816,,,0.0,3,,,0.0,3,5.721667483406887e-08,4.7069055208988704e-09,1.0,0
561,SMACS-J0723.3-7327,110.64280478007458,-73.49277507785737,,,0.0,3,,,0.0,3,6.168956074569223e-08,4.396462194650645e-09,1.0,0
429,SMACS-J0723.3-7327,110.63146363519854,-73.4897399285158,1.0575001900581358e-08,6.0532884079165476e-09,1.0,0,4.515441148640591e-08,4.324800087860118e-09,1.0,0,4.470485226872006e-08,4.417095717731107e-09,1.0,0
700,SMACS-J0723.3-7327,110.69298268619987,-73.49042314824102,,,0.0,3,,,0.0,3,2.6803395521082826e-08,4.841808721421098e-09,1.0,0
239,SMACS-J0723.3-7327,110.62554028840118,-73.48234663067201,1.7077988587391626e-08,5.828197659487734e-09,1.0,0,5.967919626996397e-08,4.1737374627028e-09,1.0,0,6.559630706697888e-08,4.511762933650109e-09,1.0,0
1100,SMACS-J0723.3-7327,110.68271443491113,-73.47957950970803,,,0.0,3,,,0.0,3,2.1045792978871824e-08,4.573735637418975e-09,1.0,0
388,SMACS-J0723.3-7327,110.68520344786255,-73.47701377427526,,,0.0,3,,,0.0,3,6.142333945698394e-08,4.873198933538199e-09,1.0,0
376,SMACS-J0723.3-7327,110.674436138462,-73.47865163719021,,,0.0,3,,,0.0,3,6.774830538052184e-08,5.079145321718154e-09,1.0,0
1137,SMACS-J0723.3-7327,110.6440979188934,-73.49201814977758,,,0.0,3,,,0.0,3,3.468022938986727e-08,4.491288457965058e-09,1.0,0
662,SMACS-J0723.3-7327,110.73977893328266,-73.47847490679159,,,0.0,3,,,0.0,3,6.551426784877969e-08,4.9932472885070896e-09,1.0,0
344,SMACS-J0723.3-7327,110.6867861170465,-73.47478781956232,,,0.0,3,,,0.0,3,6.494435392890787e-08,4.6154948795321115e-09,1.0,0
414,SMACS-J0723.3-7327,110.70825524021708,-73.47381426717209,,,0.0,3,,,0.0,3,5.5236582081510655e-08,4.642715996381018e-09,1.0,0
365,SMACS-J0723.3-7327,110.69714109806976,-73.47371749904295,,,0.0,3,,,0.0,3,6.693849502812169e-08,4.604611424410667e-09,1.0,0
310,SMACS-J0723.3-7327,110.6330349017869,-73.48397292753894,-3.8788882446207487e-08,6.134689907655607e-09,1.0,0,-5.164058143584282e-08,4.354333203933529e-09,1.0,0,8.413668511167155e-09,4.514662327386002e-09,1.0,0
693,SMACS-J0723.3-7327,110.68083946623406,-73.49251381015004,,,0.0,3,,,0.0,3,6.537644729380041e-08,4.846852902848955e-09,1.0,0
232,SMACS-J0723.3-7327,110.68481301521442,-73.47029433942771,,,0.0,3,,,0.0,3,6.342736111164526e-08,4.607472183971724e-09,1.0,0
423,SMACS-J0723.3-7327,110.66384259734822,-73.48303647889708,2.1679704800103717e-08,6.2156370806588135e-09,1.0,0,2.9107895802612668e-08,4.0545123673781695e-09,1.0,0,6.20337878428714e-08,4.807903211940695e-09,1.0,0
696,SMACS-J0723.3-7327,110.6540430023987,-73.49799854596881,,,0.0,3,,,0.0,3,5.5694535706085564e-08,4.485164113356356e-09,1.0,0
944,SMACS-J0723.3-7327,110.61473137466521,-73.47960568570488,3.311682853211703e-08,6.193152256105497e-09,1.0,0,6.593041395643098e-08,4.684935378860214e-09,1.0,0,1.8455763256285883e-08,4.508674279208701e-09,1.0,0
1119,SMACS-J0723.3-7327,110.70236705058886,-73.47585169255036,,,0.0,3,,,0.0,3,3.868799682390252e-08,4.718410093728869e-09,1.0,0
600,SMACS-J0723.3-7327,110.64949294131134,-73.49283155320343,,,0.0,3,,,0.0,3,5.475232820564224e-08,4.6291541667199415e-09,1.0,0
454,SMACS-J0723.3-7327,110.70010739870894,-73.47710875019075,,,0.0,3,,,0.0,3,5.074947988970301e-08,4.862373904233563e-09,1.0,0
1101,SMACS-J0723.3-7327,110.68252997805706,-73.47967248384163,,,0.0,3,,,0.0,3,1.0624472638211157e-08,4.8730707704387944e-09,1.0,0
25,SMACS-J0723.3-7327,110.66849673905284,-73.46394344879657,,,0.0,3,,,0.0,3,5.854182059031022e-08,4.37798253812871e-09,1.0,0
259,SMACS-J0723.3-7327,110.66688256615734,-73.4750502862556,,,0.0,3,,,0.0,3,6.276020621694844e-08,4.638514611205711e-09,1.0,0
229,SMACS-J0723.3-7327,110.69679074365729,-73.46786322554232,,,0.0,3,,,0.0,3,6.478328404929957e-08,4.856995716887417e-09,1.0,0
317,SMACS-J0723.3-7327,110.64258573225332,-73.48230973917372,-4.041782401865522e-08,5.975283562289438e-09,1.0,0,-4.1431847340878177e-08,4.458893369510086e-09,1.0,0,1.0814137107379264e-08,4.692601007277897e-09,1.0,0
1224,SMACS-J0723.3-7327,110.67052968755708,-73.496684238091,,,0.0,3,,,0.0,3,3.6881744614577885e-09,4.643592146321198e-09,1.0,0
592,SMACS-J0723.3-7327,110.72739009708853,-73.47716005625324,,,0.0,3,,,0.0,3,4.863116839425917e-08,4.479842990340209e-09,1.0,0
735,SMACS-J0723.3-7327,110.70937326192005,-73.48879432146094,,,0.0,3,,,0.0,3,6.430474494159686e-08,4.8722665206628496e-09,1.0,0
1117,SMACS-J0723.3-7327,110.63346265644125,-73.48949447380653,1.831398985411275e-08,5.890912797403854e-09,1.0,0,-1.2923359524922164e-08,4.235831175081318e-09,1.0,0,-3.467106637969232e-08,4.502735129393525e-09,1.0,0
408,SMACS-J0723.3-7327,110.6242692011306,-73.49010741084292,2.885582403532564e-08,5.941807035848295e-09,1.0,0,1.2481625714852644e-07,8.251740567473455e-09,1.0,0,6.108713510193729e-08,4.829825075693637e-09,1.0,0
312,SMACS-J0723.3-7327,110.7085256729496,-73.4690133833217,,,0.0,3,,,0.0,3,5.3797603136971394e-08,4.442115883898582e-09,1.0,0
143,SMACS-J0723.3-7327,110.68884235094865,-73.46551441612915,,,0.0,3,,,0.0,3,5.102998657518017e-08,4.4206395296331776e-09,1.0,0
272,SMACS-J0723.3-7327,110.6711062991558,-73.47475374298007,,,0.0,3,,,0.0,3,5.8430919466802735e-08,5.436560535780739e-09,1.0,0
872,SMACS-J0723.3-7327,110.70776871755952,-73.49642907499738,,,0.0,3,,,0.0,3,5.957302996529507e-08,4.446115400617427e-09,1.0,0
431,SMACS-J0723.3-7327,110.64260700563504,-73.48758379887278,2.198314729037475e-08,6.104822054358894e-09,1.0,0,7.535668390015314e-08,4.311216819427135e-09,1.0,0,5.63173145233869e-08,4.5999249092806735e-09,1.0,0
798,SMACS-J0723.3-7327,110.66249299549834,-73.50168686560755,,,0.0,3,,,0.0,3,2.747110985899227e-08,4.335566704084648e-09,1.0,0
725,SMACS-J0723.3-7327,110.74594838060605,-73.48105527681656,,,0.0,3,,,0.0,3,6.62697286209834e-08,4.474510434273069e-09,1.0,0
351,SMACS-J0723.3-7327,110.71013298949987,-73.47047131656669,,,0.0,3,,,0.0,3,8.072950161606045e-08,4.5897767495918385e-09,1.0,0
231,SMACS-J0723.3-7327,110.70305110723194,-73.46664684676169,,,0.0,3,,,0.0,3,5.662523736140814e-08,4.533408243222856e-09,1.0,0
1249,SMACS-J0723.3-7327,110.70113325883412,-73.49242950761321,,,0.0,3,,,0.0,3,4.567309322220529e-08,4.712114053520969e-09,1.0,0
786,SMACS-J0723.3-7327,110.73027418570915,-73.48790464877823,,,0.0,3,,,0.0,3,5.870777221721269e-08,4.84818374874337e-09,1.0,0
591,SMACS-J0723.3-7327,110.66615332193462,-73.48926082577165,,,0.0,3,,,0.0,3,5.491923653795963e-08,4.580281411958905e-09,1.0,0
281,SMACS-J0723.3-7327,110.65310659062278,-73.47895075452098,5.44468587153181e-08,5.85891917399515e-09,1.0,0,1.0380916372789278e-07,4.392396599204575e-09,1.0,0,5.23495532806269e-08,4.964657130414788e-09,1.0,0
401,SMACS-J0723.3-7327,110.64437486447032,-73.48591233156415,4.943514114929011e-08,6.298192661980584e-09,1.0,0,9.546065911137007e-08,4.847613647360115e-09,1.0,0,1.3300100873139994e-08,4.447038449830841e-09,1.0,0
545,SMACS-J0723.3-7327,110.71478054576853,-73.47792826304004,,,0.0,3,,,0.0,3,2.0503060669660113e-08,4.456778729417145e-09,1.0,0
8,SMACS-J0723.3-7327,110.59563612560767,-73.47767633165785,1.215584897809504e-07,6.4042842696681715e-09,1.0,0,1.72919022289522e-07,4.664238378762504e-09,1.0,0,5.2663307265984117e-08,4.3151288284926835e-09,1.0,0
865,SMACS-J0723.3-7327,110.73672248101072,-73.490393000721,,,0.0,3,,,0.0,3,5.998048406715893e-08,4.806400488236821e-09,1.0,0
452,SMACS-J0723.3-7327,110.6781652872726,-73.481389604256,,,0.0,3,,,0.0,3,4.828814595130498e-08,4.850772356342305e-09,1.0,0
163,SMACS-J0723.3-7327,110.70652017638955,-73.46280237187457,,,0.0,3,,,0.0,3,4.9510685351994264e-08,4.646540480844689e-09,1.0,0
756,SMACS-J0723.3-7327,110.72957499875386,-73.48621259519281,,,0.0,3,,,0.0,3,6.081906037899977e-08,4.397785067563674e-09,1.0,0
329,SMACS-J0723.3-7327,110.62482068107046,-73.48650692502558,3.316724615881323e-08,6.1386401677951074e-09,1.0,0,8.276924996663753e-08,4.41305905616393e-09,1.0,0,5.209833843175151e-08,4.55059196865162e-09,1.0,0
430,SMACS-J0723.3-7327,110.68077712015365,-73.48001677509541,,,0.0,3,,,0.0,3,3.467752805860914e-08,4.659911386451059e-09,1.0,0
742,SMACS-J0723.3-7327,110.71322403906366,-73.4886576384625,,,0.0,3,,,0.0,3,5.432620221295805e-08,4.718065294448103e-09,1.0,0
38,SMACS-J0723.3-7327,110.67533946090732,-73.46299523174596,,,0.0,3,,,0.0,3,6.198004486075737e-08,4.466429404110168e-09,1.0,0
323,SMACS-J0723.3-7327,110.66800276351138,-73.47751808231709,,,0.0,3,,,0.0,3,2.254117263694002e-08,4.737456107164175e-09,1.0,0
413,SMACS-J0723.3-7327,110.68040238357094,-73.47920434705546,,,0.0,3,,,0.0,3,5.3505569696490616e-08,4.85786881223981e-09,1.0,0
153,SMACS-J0723.3-7327,110.63937811430704,-73.47585367960987,3.440798362265262e-08,5.976527269746606e-09,1.0,0,5.8644476322218624e-08,4.376782715902591e-09,1.0,0,5.0381773376837684e-08,4.79817255526635e-09,1.0,0
84,SMACS-J0723.3-7327,110.60131044502096,-73.48022228841293,3.70590186603342e-08,6.305924582586481e-09,1.0,0,5.388304029869834e-08,4.250669476218133e-09,1.0,0,4.837861624224277e-08,5.486079796597347e-09,1.0,0
616,SMACS-J0723.3-7327,110.64851490883713,-73.4938569758554,,,0.0,3,,,0.0,3,5.685969224301926e-08,4.758209275817814e-09,1.0,0
252,SMACS-J0723.3-7327,110.71321076342826,-73.46549989023114,,,0.0,3,,,0.0,3,5.085895932285908e-08,4.440889788617285e-09,1.0,0
1170,SMACS-J0723.3-7327,110.64004749530895,-73.49464039899988,,,0.0,3,,,0.0,3,4.188785799299295e-08,4.490656905192782e-09,1.0,0
900,SMACS-J0723.3-7327,110.66619439131705,-73.50620025374738,,,0.0,3,,,0.0,3,4.7801704010718916e-08,4.539529937319242e-09,1.0,0
121,SMACS-J0723.3-7327,110.66740043385208,-73.46903389911571,,,0.0,3,,,0.0,3,5.609374360496317e-08,4.799197926645537e-09,1.0,0
780,SMACS-J0723.3-7327,110.71744557777532,-73.49007658113165,,,0.0,3,,,0.0,3,5.0488582130126775e-08,4.6125054805740695e-09,1.0,0
189,SMACS-J0723.3-7327,110.67191158069343,-73.47076048977434,,,0.0,3,,,0.0,3,5.7233137026258975e-08,4.632791407669384e-09,1.0,0
380,SMACS-J0723.3-7327,110.65062280047538,-73.48364953152837,5.894677147392926e-08,6.2505833887014205e-09,1.0,0,7.412265682060067e-08,4.746040562459584e-09,1.0,0,2.0410086262148723e-08,4.761651468777519e-09,1.0,0
44,SMACS-J0723.3-7327,110.68333806221537,-73.4616716141245,,,0.0,3,,,0.0,3,3.3425180861765816e-08,4.645361601452155e-09,1.0,0
612,SMACS-J0723.3-7327,110.7126418002308,-73.48082253700063,,,0.0,3,,,0.0,3,5.2036639952973395e-08,4.850369464628036e-09,1.0,0
960,SMACS-J0723.3-7327,110.69723015853326,-73.46436789952976,,,0.0,3,,,0.0,3,3.850204036907426e-08,4.36084717335894e-09,1.0,0
563,SMACS-J0723.3-7327,110.72231724096632,-73.47710787345768,,,0.0,3,,,0.0,3,3.1879399402214953e-08,4.844055561764019e-09,1.0,0
1242,SMACS-J0723.3-7327,110.70281076195677,-73.49136537034389,,,0.0,3,,,0.0,3,3.869194290896422e-08,4.490416670031387e-09,1.0,0
409,SMACS-J0723.3-7327,110.68829884239453,-73.47750828122385,,,0.0,3,,,0.0,3,3.8184262623275937e-08,7.38006618494713e-09,0.8518518518518519,4
1218,SMACS-J0723.3-7327,110.67044955374683,-73.49635211600305,,,0.0,3,,,0.0,3,4.5567603941283275e-09,4.855594869042998e-09,1.0,0
601,SMACS-J0723.3-7327,110.71440567869895,-73.47997788087334,,,0.0,3,,,0.0,3,1.552941443009198e-08,4.678923229126833e-09,1.0,0
546,SMACS-J0723.3-7327,110.63495222167612,-73.49382412591395,,,0.0,3,,,0.0,3,5.395920328121146e-08,4.462202225721959e-09,1.0,0
384,SMACS-J0723.3-7327,110.69879889065344,-73.47421048073066,,,0.0,3,,,0.0,3,5.030297471224422e-08,4.4759019226700394e-09,1.0,0
907,SMACS-J0723.3-7327,110.73319866052002,-73.49325580808083,,,0.0,3,,,0.0,3,5.7050523079222696e-08,4.655143319179378e-09,1.0,0
10,SMACS-J0723.3-7327,110.67552486266587,-73.46191386195758,,,0.0,3,,,0.0,3,5.332015392412152e-08,4.5066097734043665e-09,1.0,0
529,SMACS-J0723.3-7327,110.69370858544863,-73.48162942423116,,,0.0,3,,,0.0,3,6.204420508372321e-08,4.846816164604352e-09,1.0,0
513,SMACS-J0723.3-7327,110.63236772753086,-73.49278941080303,,,0.0,3,,,0.0,3,5.7767575105322054e-08,4.572159099704029e-09,1.0,0
749,SMACS-J0723.3-7327,110.71582128978324,-73.48854515924626,,,0.0,3,,,0.0,3,5.842512976592661e-08,4.812919168667081e-09,1.0,0
562,SMACS-J0723.3-7327,110.71549577010327,-73.47837580149702,,,0.0,3,,,0.0,3,3.899404644648729e-08,4.35452314484276e-09,1.0,0
580,SMACS-J0723.3-7327,110.6367933108748,-73.49482876647221,,,0.0,3,,,0.0,3,3.9880762479066286e-08,4.3690369835312066e-09,1.0,0
462,SMACS-J0723.3-7327,110.6650605703178,-73.48441326306838,7.107264720148712e-08,5.985846447341903e-09,1.0,0,8.808401430676691e-08,4.2216104469571355e-09,1.0,0,5.078530156859414e-08,4.92516440750816e-09,1.0,0
277,SMACS-J0723.3-7327,110.67652837614897,-73.47396463199149,,,0.0,3,,,0.0,3,4.734249183120236e-08,4.8044489602330575e-09,1.0,0
81,SMACS-J0723.3-7327,110.6680311768655,-73.46671394093163,,,0.0,3,,,0.0,3,5.368338222631409e-08,4.521965105209202e-09,1.0,0
364,SMACS-J0723.3-7327,110.67831826352167,-73.4773979583925,,,0.0,3,,,0.0,3,5.890272612408758e-08,4.887788956765367e-09,1.0,0
439,SMACS-J0723.3-7327,110.72345018564363,-73.47185397321974,,,0.0,3,,,0.0,3,4.6961502843836444e-08,4.288924108525673e-09,1.0,0
718,SMACS-J0723.3-7327,110.67229824975233,-73.4954759048653,,,0.0,3,,,0.0,3,4.176728735156338e-09,4.519010998945033e-09,1.0,0
190,SMACS-J0723.3-7327,110.60799858926724,-73.48355165465213,4.0241873321189416e-10,6.143509846740649e-09,1.0,0,4.510821072745737e-08,4.421007180505958e-09,1.0,0,3.743659935624912e-08,4.8032965573559884e-09,1.0,0
64,SMACS-J0723.3-7327,110.64907641651193,-73.46974115685208,,,0.0,3,,,0.0,3,4.6692772304487705e-08,4.211505805769013e-09,1.0,0
262,SMACS-J0723.3-7327,110.64571010030647,-73.4793261194159,3.846113340610262e-08,6.062922005961682e-09,1.0,0,7.043762105673506e-08,4.334561709175067e-09,1.0,0,4.8415103544119265e-08,4.560078479221631e-09,1.0,0
605,SMACS-J0723.3-7327,110.73051328834936,-73.47679672946808,,,0.0,3,,,0.0,3,5.675982130749381e-08,4.409312866882977e-09,1.0,0
494,SMACS-J0723.3-7327,110.66222793945504,-73.48630686246838,,,0.0,3,,,0.0,3,4.609326635155833e-08,4.8065623113549414e-09,1.0,0
578,SMACS-J0723.3-7327,110.64651749447476,-73.49281525636252,,,0.0,3,,,0.0,3,4.356610189437251e-09,7.546530061135927e-09,1.0,0
764,SMACS-J0723.3-7327,110.67740406859933,-73.49700820122084,,,0.0,3,,,0.0,3,3.521589514021151e-08,4.657419710106283e-09,1.0,0
1018,SMACS-J0723.3-7327,110.69027682800919,-73.47157275286108,,,0.0,3,,,0.0,3,1.3663915663686755e-08,4.824059181529778e-09,0.9615384615384616,4
12,SMACS-J0723.3-7327,110.60909353661083,-73.47524683835185,3.4567820148346966e-08,6.073265336499539e-09,1.0,0,4.916296573213306e-08,4.345388472567502e-09,1.0,0,4.553560385444623e-08,4.343936825524712e-09,1.0,0
124,SMACS-J0723.3-7327,110.67178986275559,-73.46823398139317,,,0.0,3,,,0.0,3,4.653603892044819e-08,4.254521280588923e-09,1.0,0
826,SMACS-J0723.3-7327,110.66502525452569,-73.50259667627608,,,0.0,3,,,0.0,3,3.229379525305848e-08,4.530874940396825e-09,1.0,0
347,SMACS-J0723.3-7327,110.6745323199511,-73.47731011614648,,,0.0,3,,,0.0,3,2.3934776912988313e-08,5.0485643930717994e-09,1.0,0
972,SMACS-J0723.3-7327,110.61357559999792,-73.48224427715915,1.5811996915020528e-08,5.910585319511843e-09,1.0,0,2.5849898155775567e-08,4.26819535793462e-09,1.0,0,1.8070142737667757e-08,4.43815873335444e-09,1.0,0
273,SMACS-J0723.3-7327,110.69035944817833,-73.47095677046542,,,0.0,3,,,0.0,3,3.789655199353761e-08,4.527762831469258e-09,1.0,0
292,SMACS-J0723.3-7327,110.64407341863745,-73.48117010052744,3.979278406898405e-08,6.426049791870569e-09,1.0,0,7.756277078210736e-08,4.508898240235526e-09,1.0,0,1.4599001127262153e-08,4.655557532545862e-09,1.0,0
1284,SMACS-J0723.3-7327,110.68758839211345,-73.50071256952249,,,0.0,3,,,0.0,3,1.5497165104678674e-08,4.550386357859788e-09,1.0,0
305,SMACS-J0723.3-7327,110.61896447791872,-73.48647281918251,-7.437799832698865e-07,1.1838162356303645e-08,1.0,0,-7.459019347642942e-09,4.162084555483016e-09,1.0,0,4.656004879542839e-08,5.327652640957635e-09,1.0,0
850,SMACS-J0723.3-7327,110.71352283258383,-73.49405864356673,,,0.0,3,,,0.0,3,3.351601930386501e-08,4.517241872609744e-09,1.0,0
1061,SMACS-J0723.3-7327,110.66193766742238,-73.47955940543052,8.902321970743878e-09,5.748687124445324e-09,1.0,0,1.8145463723006912e-08,4.028430939062606e-09,1.0,0,3.16948249707794e-08,4.603331712044976e-09,1.0,0
1012,SMACS-J0723.3-7327,110.63287951192146,-73.48135939325452,-6.954087473094462e-10,6.04846754080341e-09,1.0,0,-5.8801085390024115e-09,4.382779555321846e-09,1.0,0,1.7145178781905225e-08,4.601896770688259e-09,1.0,0
485,SMACS-J0723.3-7327,110.63630644326382,-73.49111188291798,,,0.0,3,,,0.0,3,5.2010493723158537e-08,4.3737806043803295e-09,1.0,0
668,SMACS-J0723.3-7327,110.65273275430533,-73.49625487171335,,,0.0,3,,,0.0,3,4.3172479753545194e-08,4.434062346122646e-09,1.0,0
768,SMACS-J0723.3-7327,110.68503973279626,-73.49584915469619,,,0.0,3,,,0.0,3,4.8741284009608474e-08,4.509250906218689e-09,1.0,0
504,SMACS-J0723.3-7327,110.66083433576222,-73.48689325546171,,,0.0,3,,,0.0,3,4.9469775189417984e-08,4.6426304685837865e-09,1.0,0
556,SMACS-J0723.3-7327,110.63865269990008,-73.49344957112547,,,0.0,3,,,0.0,3,4.655964514151847e-08,4.436456460417121e-09,1.0,0
686,SMACS-J0723.3-7327,110.71084861822249,-73.48587583423686,,,0.0,3,,,0.0,3,3.647707672640243e-08,4.517252104709762e-09,1.0,0
534,SMACS-J0723.3-7327,110.70065118233127,-73.48036624952331,,,0.0,3,,,0.0,3,4.385053740384912e-08,4.849232744125349e-09,1.0,0
728,SMACS-J0723.3-7327,110.72053858429743,-73.48618573962456,,,0.0,3,,,0.0,3,5.030671033066757e-08,4.318691151299713e-09,1.0,0
325,SMACS-J0723.3-7327,110.67491118138287,-73.47621587014669,,,0.0,3,,,0.0,3,5.215348069491536e-08,4.968566040514565e-09,1.0,0
357,SMACS-J0723.3-7327,110.64600579737953,-73.48365741109787,-3.974515395089577e-08,5.8300191054828064e-09,1.0,0,-5.1643060388999504e-08,4.331829992492605e-09,1.0,0,1.2377248826852052e-08,4.493348572853862e-09,1.0,0
33,SMACS-J0723.3-7327,110.64845297545827,-73.46811445940791,,,0.0,3,,,0.0,3,5.511878502075149e-08,4.5878423928111095e-09,1.0,0
861,SMACS-J0723.3-7327,110.75723198401609,-73.48611787542926,,,0.0,3,,,0.0,3,4.517072807788019e-08,4.932050259276133e-09,1.0,0
1163,SMACS-J0723.3-7327,110.72939142581782,-73.47660641927578,,,0.0,3,,,0.0,3,8.916978081675495e-09,4.36955205597276e-09,1.0,0
315,SMACS-J0723.3-7327,110.64717704908091,-73.48125961089164,2.5984710925864594e-08,6.595452614808411e-09,1.0,0,3.739266312625073e-08,4.273253459426163e-09,1.0,0,5.0679538972654795e-08,4.6324050066827514e-09,1.0,0
66,SMACS-J0723.3-7327,110.6859704485532,-73.46254830578899,,,0.0,3,,,0.0,3,4.291915599254385e-08,4.214710924359424e-09,1.0,0
809,SMACS-J0723.3-7327,110.66394550719805,-73.50201845633217,,,0.0,3,,,0.0,3,3.974016352051697e-08,4.2828770900794425e-09,1.0,0
95,SMACS-J0723.3-7327,110.65478108235283,-73.47026194504892,,,0.0,3,,,0.0,3,3.348192177727497e-08,4.568588652685526e-09,0.9642857142857143,4
108,SMACS-J0723.3-7327,110.65631047593163,-73.47064289395658,,,0.0,3,,,0.0,3,4.372190254805217e-08,4.642123975533582e-09,1.0,0
421,SMACS-J0723.3-7327,110.72345748026429,-73.47107984921692,,,0.0,3,,,0.0,3,5.89783979271167e-08,4.772515679268585e-09,1.0,0
236,SMACS-J0723.3-7327,110.62194123622078,-73.48292461953653,1.7387967243034286e-08,6.506252123503561e-09,1.0,0,7.430033633867338e-09,4.513901948926743e-09,1.0,0,4.475309375678735e-09,4.5584994999718334e-09,1.0,0
881,SMACS-J0723.3-7327,110.7434217496066,-73.48979337339738,,,0.0,3,,,0.0,3,5.223625215749929e-08,4.3246144546271336e-09,1.0,0
859,SMACS-J0723.3-7327,110.70680835763291,-73.4961036310491,,,0.0,3,,,0.0,3,4.8152644182107663e-08,4.43581206581779e-09,1.0,0
1272,SMACS-J0723.3-7327,110.70658933240338,-73.49438538073102,,,0.0,3,,,0.0,3,1.0845350188478585e-08,4.5220963340076805e-09,1.0,0
892,SMACS-J0723.3-7327,110.66457007830215,-73.50598352067156,,,0.0,3,,,0.0,3,4.2199090654243506e-08,4.558285947938378e-09,1.0,0
374,SMACS-J0723.3-7327,110.70959326058131,-73.47155633560898,,,0.0,3,,,0.0,3,5.4303194088683855e-08,4.550678048050017e-09,1.0,0
511,SMACS-J0723.3-7327,110.68183782527801,-73.48292137458591,,,0.0,3,,,0.0,3,4.419226961627154e-08,4.804107522498604e-09,1.0,0
745,SMACS-J0723.3-7327,110.74426897828553,-73.48259928595172,,,0.0,3,,,0.0,3,5.5416740249211085e-08,4.451680692978585e-09,1.0,0
1098,SMACS-J0723.3-7327,110.67572522610908,-73.48083965500932,,,0.0,3,,,0.0,3,-3.7697371083854845e-09,4.615848000565558e-09,1.0,0
249,SMACS-J0723.3-7327,110.63923111207927,-73.47992650885519,-1.02028440835009e-09,6.040448326489433e-09,1.0,0,-7.632018159687837e-09,4.3374604553232445e-09,1.0,0,-6.656534667490685e-10,4.683978754032684e-09,1.0,0
847,SMACS-J0723.3-7327,110.6870868892724,-73.49906531665826,,,0.0,3,,,0.0,3,5.163297128366716e-08,4.4225446752954815e-09,1.0,0
638,SMACS-J0723.3-7327,110.74331376924867,-73.47652841127632,,,0.0,3,,,0.0,3,4.357198286407992e-08,3.929104985874857e-09,0.7142857142857143,4
1085,SMACS-J0723.3-7327,110.64351598305244,-73.48557883102472,9.275258655237715e-08,6.666989906681106e-09,1.0,0,1.2056446600156674e-07,4.780481177434686e-09,1.0,0,1.5796621323672734e-08,4.537482737263071e-09,1.0,0
493,SMACS-J0723.3-7327,110.66862113101243,-73.4849774882992,,,0.0,3,,,0.0,3,4.6182023660975953e-08,4.458878036509702e-09,1.0,0
29,SMACS-J0723.3-7327,110.6384543751364,-73.46993052990014,9.223094493135707e-09,6.0177762105368445e-09,1.0,0,-7.181586040771212e-09,3.899516483405068e-09,1.0,0,4.634872085330474e-08,4.7440416142241095e-09,1.0,0
782,SMACS-J0723.3-7327,110.73805544688727,-73.48616150381741,,,0.0,3,,,0.0,3,4.7138770445327376e-08,4.511137581489284e-09,1.0,0
1216,SMACS-J0723.3-7327,110.67190395495045,-73.49564819910972,,,0.0,3,,,0.0,3,6.690031857542471e-09,4.576607038398105e-09,1.0,0
215,SMACS-J0723.3-7327,110.66525467546809,-73.47367871221743,,,0.0,3,,,0.0,3,4.820433629259765e-08,4.695936074549691e-09,1.0,0
210,SMACS-J0723.3-7327,110.70326032985892,-73.4656924271551,,,0.0,3,,,0.0,3,4.75359097876824e-08,4.488839197022084e-09,1.0,0
341,SMACS-J0723.3-7327,110.67076391891167,-73.47781779198013,,,0.0,3,,,0.0,3,4.811589672339974e-08,4.558851226812851e-09,1.0,0
240,SMACS-J0723.3-7327,110.69598583414054,-73.46835043779376,,,0.0,3,,,0.0,3,3.8218993543140516e-08,4.431870260466007e-09,1.0,0
385,SMACS-J0723.3-7327,110.66516012910009,-73.48096705741742,3.798435124591918e-09,5.852339984061352e-09,1.0,0,1.5944398726884538e-08,4.0243850296379645e-09,1.0,0,3.280143291012789e-08,5.269754558045155e-09,1.0,0
816,SMACS-J0723.3-7327,110.70100809185732,-73.4949372380951,,,0.0,3,,,0.0,3,4.5610565154404935e-08,4.599847241639718e-09,1.0,0
922,SMACS-J0723.3-7327,110.68972599222978,-73.45883857567064,,,0.0,3,,,0.0,3,7.590313913104757e-09,4.619783369632985e-09,1.0,0
355,SMACS-J0723.3-7327,110.69256001798124,-73.4741482835909,,,0.0,3,,,0.0,3,4.798723703136655e-08,4.708286401032451e-09,1.0,0
519,SMACS-J0723.3-7327,110.64576137166165,-73.49067591989518,,,0.0,3,,,0.0,3,4.395769782442922e-08,4.401409554452066e-09,1.0,0
819,SMACS-J0723.3-7327,110.67239306695998,-73.50075075191769,,,0.0,3,,,0.0,3,4.479038113257629e-08,4.344717877927791e-09,1.0,0
1016,SMACS-J0723.3-7327,110.63400688872757,-73.48167239354686,2.7645963405675938e-08,6.513994886130324e-09,1.0,0,7.543748287158946e-08,4.718637563928276e-09,1.0,0,1.4332731782813083e-08,4.490381856264868e-09,1.0,0
346,SMACS-J0723.3-7327,110.62696969224176,-73.48670754449712,5.876574540182633e-08,6.281051274288753e-09,1.0,0,1.1863796489396127e-07,4.394114791447256e-09,1.0,0,4.429314222216853e-08,4.454619198311018e-09,1.0,0
631,SMACS-J0723.3-7327,110.70645754041293,-73.4833542066893,,,0.0,3,,,0.0,3,5.221541551739144e-08,4.646138466346568e-09,1.0,0
93,SMACS-J0723.3-7327,110.66805728616424,-73.46746071207058,,,0.0,3,,,0.0,3,5.097065474394302e-08,4.535315924135723e-09,1.0,0
895,SMACS-J0723.3-7327,110.73655588739396,-73.49179176274308,,,0.0,3,,,0.0,3,5.1723331468478745e-08,4.593530455265998e-09,1.0,0
207,SMACS-J0723.3-7327,110.66957364564205,-73.47229185229612,,,0.0,3,,,0.0,3,4.6319406702745374e-08,4.901558142552948e-09,1.0,0
435,SMACS-J0723.3-7327,110.64029067796216,-73.48822773320707,-3.7026272857952794e-09,6.158089836806236e-09,1.0,0,2.7111289798789172e-09,4.034269484382042e-09,1.0,0,-2.1084393893974072e-08,1.2737403459957566e-08,1.0,0
797,SMACS-J0723.3-7327,110.6816119606706,-73.4978277734264,,,0.0,3,,,0.0,3,-2.0450858358013453e-06,8.628957346771019e-09,1.0,0
285,SMACS-J0723.3-7327,110.62883442491362,-73.48386689189479,1.7178783011571477e-08,5.912824639968003e-09,1.0,0,4.535494616496584e-08,4.325856652617307e-09,1.0,0,4.2474152877018465e-08,4.51986854954776e-09,1.0,0
706,SMACS-J0723.3-7327,110.72261384443931,-73.48477977094574,,,0.0,3,,,0.0,3,5.10755673217839e-08,4.430527258139178e-09,1.0,0
395,SMACS-J0723.3-7327,110.7077593767604,-73.47282420469529,,,0.0,3,,,0.0,3,4.6932495392782534e-08,4.959849148415451e-09,1.0,0
576,SMACS-J0723.3-7327,110.69890608521337,-73.48231593028645,,,0.0,3,,,0.0,3,3.330006156388863e-08,4.843574896675575e-09,1.0,0
629,SMACS-J0723.3-7327,110.6639875555091,-73.49151698374914,,,0.0,3,,,0.0,3,3.77427160255715e-08,4.916102673265836e-09,1.0,0
608,SMACS-J0723.3-7327,110.71452084792809,-73.48019285823268,,,0.0,3,,,0.0,3,2.008456969120823e-08,4.757470318081576e-09,1.0,0
860,SMACS-J0723.3-7327,110.7023943725963,-73.49699359718609,,,0.0,3,,,0.0,3,4.6050369454829456e-08,4.427843106088704e-09,1.0,0
722,SMACS-J0723.3-7327,110.67995737244377,-73.49406687473247,,,0.0,3,,,0.0,3,4.9991623963555145e-08,4.4981727052083175e-09,1.0,0
531,SMACS-J0723.3-7327,110.67539123381198,-73.48531604196522,,,0.0,3,,,0.0,3,3.9047199119729126e-08,4.6669953678105095e-09,0.9629629629629629,4
213,SMACS-J0723.3-7327,110.62054160788263,-73.48233182824633,3.110069076938783e-08,6.09055206418156e-09,1.0,0,1.5959081023434556e-08,4.366827878781226e-09,1.0,0,2.3134969084753046e-08,4.515712405495388e-09,1.0,0
870,SMACS-J0723.3-7327,110.75212996759271,-73.48754273048475,,,0.0,3,,,0.0,3,4.693274984372536e-08,4.5454394993780005e-09,1.0,0
647,SMACS-J0723.3-7327,110.71769372998368,-73.48221023774045,,,0.0,3,,,0.0,3,4.6405472444827984e-08,4.738308124416214e-09,1.0,0
644,SMACS-J0723.3-7327,110.69452624826545,-73.48667293276968,,,0.0,3,,,0.0,3,4.508185685857151e-08,4.642529166090393e-09,1.0,0
548,SMACS-J0723.3-7327,110.65023712035368,-73.49081478923586,,,0.0,3,,,0.0,3,5.085666905738714e-08,4.512977747147211e-09,1.0,0
606,SMACS-J0723.3-7327,110.71591798925876,-73.47970642879963,,,0.0,3,,,0.0,3,2.176466368131597e-08,4.2435158322171274e-09,1.0,0
282,SMACS-J0723.3-7327,110.65841487576864,-73.47792247065681,1.0540656721898794e-07,6.151921979515799e-09,1.0,0,1.57848132509596e-07,4.544039882222705e-09,1.0,0,4.0055478461503893e-08,4.597934357563527e-09,1.0,0
461,SMACS-J0723.3-7327,110.72461083769656,-73.47251321707206,,,0.0,3,,,0.0,3,4.550075283460485e-08,4.4265939227857075e-09,1.0,0
774,SMACS-J0723.3-7327,110.65508893450911,-73.50212004644781,,,0.0,3,,,0.0,3,1.2961971141904428e-08,4.77273409145712e-09,1.0,0
624,SMACS-J0723.3-7327,110.738483058428,-73.47634783003278,,,0.0,3,,,0.0,3,4.640675687206245e-08,4.388052910417832e-09,1.0,0
275,SMACS-J0723.3-7327,110.65305057567805,-73.4784232237631,3.3748690458260396e-08,5.915961685288696e-09,1.0,0,6.646016313070876e-08,4.266940725976985e-09,1.0,0,4.673544678563001e-08,4.996684994405995e-09,1.0,0
90,SMACS-J0723.3-7327,110.69657531844399,-73.46156674799809,,,0.0,3,,,0.0,3,4.6749592557267893e-08,4.440354648185526e-09,1.0,0
568,SMACS-J0723.3-7327,110.72882522948338,-73.4760144865798,,,0.0,3,,,0.0,3,4.6300360817083325e-08,4.3565225816101245e-09,1.0,0
1215,SMACS-J0723.3-7327,110.67160374965569,-73.49565819453416,,,0.0,3,,,0.0,3,6.19854197292313e-11,4.548617687987743e-09,1.0,0
367,SMACS-J0723.3-7327,110.70465237505957,-73.47229693126852,,,0.0,3,,,0.0,3,4.3241010237649115e-08,4.400856511717679e-09,1.0,0
784,SMACS-J0723.3-7327,110.68541400696641,-73.49663306720949,,,0.0,3,,,0.0,3,4.0075028376594556e-08,4.418396949702984e-09,1.0,0
506,SMACS-J0723.3-7327,110.69133771089446,-73.48088259311201,,,0.0,3,,,0.0,3,3.6561389040045515e-08,4.915707408246592e-09,0.9333333333333333,4
533,SMACS-J0723.3-7327,110.73315499540941,-73.47390819877737,,,0.0,3,,,0.0,3,5.03042243083983e-08,4.415227956415486e-09,1.0,0
553,SMACS-J0723.3-7327,110.69599656931044,-73.48191298707972,,,0.0,3,,,0.0,3,4.4905893951326805e-08,4.570033952870434e-09,1.0,0
844,SMACS-J0723.3-7327,110.75829453968933,-73.4847412197079,,,0.0,3,,,0.0,3,3.896774924460029e-08,4.347805349960892e-09,1.0,0
730,SMACS-J0723.3-7327,110.74572111401255,-73.48129631061136,,,0.0,3,,,0.0,3,4.531058692870333e-08,4.399624927519183e-09,1.0,0
220,SMACS-J0723.3-7327,110.67478210440574,-73.47197102876214,,,0.0,3,,,0.0,3,4.1081350488374364e-08,4.531871101087186e-09,1.0,0
291,SMACS-J0723.3-7327,110.62855483973482,-73.48419756049637,5.0844663182081946e-08,6.4361815602501406e-09,1.0,0,7.276836583703745e-08,4.520599207567561e-09,1.0,0,2.0450150201995278e-08,4.994081887872234e-09,1.0,0
94,SMACS-J0723.3-7327,110.64087239400178,-73.47299711488378,6.989854917496364e-08,5.8435953694793525e-09,1.0,0,8.955845221313408e-08,4.3815401737025864e-09,1.0,0,4.313328004276577e-08,4.661393304185657e-09,1.0,0
383,SMACS-J0723.3-7327,110.66334723782782,-73.48128401193912,2.05323198247754e-09,5.596922568422206e-09,1.0,0,5.088106093772299e-08,4.1514276546122285e-09,1.0,0,4.01406028671494e-08,4.756452297414658e-09,1.0,0
1097,SMACS-J0723.3-7327,110.67548789247394,-73.4807705816673,,,0.0,3,,,0.0,3,3.241968513785892e-08,4.611029638313303e-09,1.0,0
1269,SMACS-J0723.3-7327,110.68751872617545,-73.49766773941364,,,0.0,3,,,0.0,3,-1.652720249351948e-08,4.417048105239633e-09,1.0,0
228,SMACS-J0723.3-7327,110.63094988666329,-73.48095053846764,2.5463279593939262e-08,5.96292384882079e-09,1.0,0,5.049792996492334e-08,4.408390740712617e-09,1.0,0,2.730246673296725e-08,4.6513854104808236e-09,1.0,0
404,SMACS-J0723.3-7327,110.67236758923016,-73.48034682636171,1.2048427766753757e-08,5.687938824788735e-09,1.0,0,3.304732171802486e-08,4.03044684183639e-09,1.0,0,4.6634312513931814e-08,4.856793901356548e-09,1.0,0
270,SMACS-J0723.3-7327,110.6346393912917,-73.48192900681677,4.918468686889129e-08,6.202778746480079e-09,1.0,0,9.286695285853877e-08,4.631488912494324e-09,1.0,0,1.512176522407708e-08,4.480236564220722e-09,1.0,0
1165,SMACS-J0723.3-7327,110.72970105795889,-73.47663172660066,,,0.0,3,,,0.0,3,8.888202476017236e-09,4.256447641903142e-09,1.0,0
99,SMACS-J0723.3-7327,110.63307270050592,-73.47469634401102,,,0.0,1,,,0.0,1,3.9506255238847854e-08,4.5942162209042015e-09,1.0,0
245,SMACS-J0723.3-7327,110.66895730767084,-73.47384984890975,,,0.0,3,,,0.0,3,3.492262711076416e-08,4.683957925380169e-09,0.9285714285714286,4
873,SMACS-J0723.3-7327,110.67793149349167,-73.50251182507971,,,0.0,3,,,0.0,3,4.049347521074176e-08,4.649679689229916e-09,1.0,0
741,SMACS-J0723.3-7327,110.67095292347685,-73.49706070371388,,,0.0,3,,,0.0,3,1.8080773822802278e-08,4.749051917451152e-09,1.0,0
109,SMACS-J0723.3-7327,110.68029713396366,-73.4659248112015,,,0.0,3,,,0.0,3,4.5361255407877344e-08,4.548675780528548e-09,1.0,0
684,SMACS-J0723.3-7327,110.69656346990813,-73.48868554112396,,,0.0,3,,,0.0,3,4.654887682269516e-08,4.577592182696924e-09,1.0,0
633,SMACS-J0723.3-7327,110.6747975720664,-73.48975314593442,,,0.0,3,,,0.0,3,2.6931466311251492e-08,5.041475509745215e-09,1.0,0
362,SMACS-J0723.3-7327,110.63614120311836,-73.48572760404265,9.041860943054295e-10,5.999903672894662e-09,1.0,0,-3.734363446484454e-08,4.4323864231504894e-09,1.0,0,6.608214246685793e-09,4.59173348429005e-09,1.0,0
77,SMACS-J0723.3-7327,110.69429192521052,-73.46131594528714,,,0.0,3,,,0.0,3,4.6569676199826556e-08,4.718097155730568e-09,1.0,0
361,SMACS-J0723.3-7327,110.71682931996355,-73.4696019710158,,,0.0,3,,,0.0,3,4.630956998132102e-08,4.465720516347597e-09,1.0,0
298,SMACS-J0723.3-7327,110.6761090613627,-73.4749277575925,,,0.0,3,,,0.0,3,1.0219016386137815e-08,5.213336323388449e-09,1.0,0
258,SMACS-J0723.3-7327,110.65574007400572,-73.47728019473959,1.479038291690964e-08,5.708084362901692e-09,1.0,0,4.853743861351955e-08,4.353410784711419e-09,1.0,0,3.307919182865619e-08,4.755886357332824e-09,1.0,0
382,SMACS-J0723.3-7327,110.63365872188307,-73.48709591397396,7.224170895909843e-08,6.136712331079637e-09,1.0,0,1.0198489679115052e-07,4.585607526576706e-09,1.0,0,3.804223596861594e-08,4.417870703418316e-09,1.0,0
55,SMACS-J0723.3-7327,110.68051107797486,-73.4629978881436,,,0.0,3,,,0.0,3,4.497744106993588e-08,4.423878052993766e-09,1.0,0
1082,SMACS-J0723.3-7327,110.63487723942633,-73.48673267701203,3.744938798320415e-08,6.078312791633515e-09,1.0,0,6.09084400574752e-08,4.5816747424846495e-09,1.0,0,2.626158361162081e-08,4.6964149417174135e-09,1.0,0
86,SMACS-J0723.3-7327,110.6116271310178,-73.47827504470847,7.528968855962824e-08,6.51948220853259e-09,1.0,0,6.953257906534213e-08,4.887102775602382e-09,1.0,0,3.1979454476435e-08,4.471387619403944e-09,1.0,0
1093,SMACS-J0723.3-7327,110.68746436421868,-73.47808301678971,,,0.0,3,,,0.0,3,1.7539542286091764e-08,4.987542651869217e-09,1.0,0
392,SMACS-J0723.3-7327,110.65287841595557,-73.48361319559177,5.349260466774947e-08,6.204279370198039e-09,1.0,0,6.653372230597868e-08,4.384198189395674e-09,1.0,0,2.970710639587222e-08,4.8295497882168995e-09,1.0,0
428,SMACS-J0723.3-7327,110.70967515057616,-73.47412196063662,,,0.0,3,,,0.0,3,4.181803542051722e-08,4.47118983418388e-09,1.0,0
160,SMACS-J0723.3-7327,110.63697891701545,-73.47645325139833,3.033555499737114e-08,5.891515461618342e-09,1.0,0,6.416194165963686e-08,4.3779892800251874e-09,1.0,0,3.986551042818792e-08,4.660083092153541e-09,1.0,0
590,SMACS-J0723.3-7327,110.64647776922088,-73.49309820317151,,,0.0,3,,,0.0,3,3.062082730640416e-08,4.338573106885237e-09,1.0,0
238,SMACS-J0723.3-7327,110.63298673949333,-73.48081815887198,-8.396148266671277e-09,6.294017254471177e-09,1.0,0,-3.4242553876816285e-09,4.52886315713159e-09,1.0,0,-1.159977893536788e-09,4.436715412947069e-09,1.0,0
595,SMACS-J0723.3-7327,110.65057100973247,-73.49247197070304,,,0.0,3,,,0.0,3,4.3812380410797305e-08,4.5485175544497924e-09,1.0,0
178,SMACS-J0723.3-7327,110.62951652529556,-73.47859087515701,-1.2581542923207774e-08,6.1357952174147025e-09,1.0,0,-3.6576910674701105e-08,4.429078566378421e-09,1.0,0,-7.610807033351782e-09,4.6680178370348214e-09,1.0,0
179,SMACS-J0723.3-7327,110.63562479110624,-73.4774061637128,4.4910285495329056e-08,6.229869515704141e-09,1.0,0,4.137404854889749e-08,4.142930219049299e-09,1.0,0,3.480814646374134e-08,4.426997173910265e-09,1.0,0
111,SMACS-J0723.3-7327,110.66328430689724,-73.46936664298623,,,0.0,3,,,0.0,3,3.6902555941411645e-08,4.603790408546045e-09,1.0,0
167,SMACS-J0723.3-7327,110.68040291611699,-73.46814320917731,,,0.0,3,,,0.0,3,3.585675037914383e-08,4.491744126946324e-09,1.0,0
486,SMACS-J0723.3-7327,110.66231473585586,-73.4859370902509,,,0.0,3,,,0.0,3,3.717739273742037e-08,4.681219976777161e-09,1.0,0
910,SMACS-J0723.3-7327,110.76584855574762,-73.4870101329587,,,0.0,3,,,0.0,3,3.091145847010946e-08,5.032824116016741e-09,0.9655172413793104,4
654,SMACS-J0723.3-7327,110.74117445469132,-73.47771951580016,,,0.0,3,,,0.0,3,3.6942552753676e-08,4.222191952279393e-09,1.0,0
216,SMACS-J0723.3-7327,110.6501108476397,-73.47675622591261,6.58722273821873e-08,6.2364520035670225e-09,1.0,0,1.1571701852896125e-07,4.458973932397092e-09,1.0,0,2.9851693522271045e-08,4.505559433040247e-09,1.0,0
158,SMACS-J0723.3-7327,110.70416706964548,-73.46308189411062,,,0.0,3,,,0.0,3,4.406222877407353e-08,4.452957987393985e-09,1.0,0
799,SMACS-J0723.3-7327,110.73683176569992,-73.4869014255247,,,0.0,3,,,0.0,3,-8.672709344104644e-08,4.371721948568286e-09,1.0,0
807,SMACS-J0723.3-7327,110.74255136645438,-73.48610699233066,,,0.0,3,,,0.0,3,4.29272470230872e-08,4.433464838106515e-09,1.0,0
117,SMACS-J0723.3-7327,110.6577151516631,-73.47073497679985,,,0.0,3,,,0.0,3,3.632698809199884e-08,4.636025615200307e-09,1.0,0
425,SMACS-J0723.3-7327,110.67400625356208,-73.48113055338163,6.563486919126389e-09,5.58159496165756e-09,1.0,0,-7.335807674639255e-09,4.029483569044056e-09,1.0,0,3.30355394170929e-08,5.05610629340216e-09,1.0,0
853,SMACS-J0723.3-7327,110.70499579707504,-73.49583936309818,,,0.0,3,,,0.0,3,4.253216049973582e-08,4.7392808390649466e-09,1.0,0
1019,SMACS-J0723.3-7327,110.63528522991234,-73.48219354449004,5.855047257188554e-08,6.330257209814562e-09,1.0,0,1.013686111570657e-07,4.829004374931968e-09,1.0,0,1.3944067426906965e-08,4.500492673576411e-09,1.0,0
301,SMACS-J0723.3-7327,110.6743760195421,-73.47534026807891,,,0.0,3,,,0.0,3,-5.633936396227728e-09,4.342150313107223e-09,1.0,0
626,SMACS-J0723.3-7327,110.64834122499855,-73.49452590879196,,,0.0,3,,,0.0,3,3.831387114660659e-08,4.466380846536649e-09,1.0,0
96,SMACS-J0723.3-7327,110.66395762073782,-73.4684286860878,,,0.0,3,,,0.0,3,3.5947863072838016e-08,4.505476709991033e-09,1.0,0
759,SMACS-J0723.3-7327,110.70120505986435,-73.49194796024918,,,0.0,3,,,0.0,3,2.9546254999428475e-08,4.832217808849126e-09,1.0,0
1066,SMACS-J0723.3-7327,110.67701871185852,-73.47674282924507,,,0.0,3,,,0.0,3,-3.244577192733105e-08,4.824925012978543e-09,1.0,0
340,SMACS-J0723.3-7327,110.70761799241254,-73.47045865347044,,,0.0,3,,,0.0,3,4.52638777767938e-08,5.022995745824635e-09,1.0,0
898,SMACS-J0723.3-7327,110.67622876662402,-73.5041622309759,,,0.0,3,,,0.0,3,3.3365596441092235e-08,4.5463574268286755e-09,1.0,0
727,SMACS-J0723.3-7327,110.68722842955941,-73.49281083065243,,,0.0,3,,,0.0,3,6.513029274946916e-09,4.602812838392485e-09,1.0,0
532,SMACS-J0723.3-7327,110.63392122557431,-73.4936076477085,,,0.0,3,,,0.0,3,3.3516217495683006e-08,4.3310198280234636e-09,1.0,0
857,SMACS-J0723.3-7327,110.70628674959643,-73.49612672050634,,,0.0,3,,,0.0,3,3.779298227466125e-08,4.34498930962646e-09,1.0,0
611,SMACS-J0723.3-7327,110.71237836431922,-73.48074307282336,,,0.0,3,,,0.0,3,3.4603311452023975e-08,4.5028705273577745e-09,1.0,0
242,SMACS-J0723.3-7327,110.70216230603255,-73.46718188920175,,,0.0,3,,,0.0,3,2.634933721076222e-08,4.363078706853439e-09,1.0,0
356,SMACS-J0723.3-7327,110.6422799934315,-73.48429540289203,-9.641091804089465e-10,5.987340209087552e-09,1.0,0,-1.017401506606664e-08,4.224885860959219e-09,1.0,0,1.3410985719913628e-08,4.542970309525601e-09,1.0,0
418,SMACS-J0723.3-7327,110.68318105725638,-73.4789952255726,,,0.0,3,,,0.0,3,2.1003302910391637e-08,4.361733855892912e-09,1.0,0
901,SMACS-J0723.3-7327,110.67442474432382,-73.50460037179528,,,0.0,3,,,0.0,3,3.393947098757572e-08,4.514993850590285e-09,1.0,0
375,SMACS-J0723.3-7327,110.70235860363844,-73.47304245126179,,,0.0,3,,,0.0,3,3.624961888421131e-08,4.527383733247872e-09,1.0,0
838,SMACS-J0723.3-7327,110.75236405453607,-73.48560367783949,,,0.0,3,,,0.0,3,3.824370403865225e-08,4.532248992640173e-09,1.0,0
246,SMACS-J0723.3-7327,110.68291811823521,-73.47110532545258,,,0.0,3,,,0.0,3,4.3787208050508515e-08,4.490419305399915e-09,1.0,0
497,SMACS-J0723.3-7327,110.70656796878745,-73.47758055541948,,,0.0,3,,,0.0,3,4.0133185027577846e-08,4.348923918411925e-09,1.0,0
480,SMACS-J0723.3-7327,110.68802438522384,-73.48056580714079,,,0.0,3,,,0.0,3,3.39619108080974e-08,4.679827209591858e-09,1.0,0
47,SMACS-J0723.3-7327,110.62607982581231,-73.47328591655781,7.118541616694028e-09,5.707861514688762e-09,1.0,0,5.197765574318593e-08,4.255070151401252e-09,1.0,0,4.800856462340802e-08,4.528011570155094e-09,1.0,0
406,SMACS-J0723.3-7327,110.703875262393,-73.47427277581436,,,0.0,3,,,0.0,3,2.3792049143736043e-08,4.944949991623658e-09,1.0,0
261,SMACS-J0723.3-7327,110.69968582598906,-73.46855711415319,,,0.0,3,,,0.0,3,3.8784354051808054e-08,4.39460070756041e-09,1.0,0
322,SMACS-J0723.3-7327,110.62912887733258,-73.48509485246926,2.0240503525468277e-08,6.033143758803775e-09,1.0,0,4.260258746232554e-08,4.272142173594517e-09,1.0,0,3.56581251182578e-08,4.597940533965025e-09,1.0,0
660,SMACS-J0723.3-7327,110.65382885403923,-73.49550748400696,,,0.0,3,,,0.0,3,3.4639613034865435e-08,4.501418597710755e-09,1.0,0
708,SMACS-J0723.3-7327,110.67511233921388,-73.49436756037792,,,0.0,3,,,0.0,3,4.3032147365903504e-08,4.645965978280409e-09,1.0,0
247,SMACS-J0723.3-7327,110.69395057792528,-73.4690014256695,,,0.0,3,,,0.0,3,-1.5589330228030025e-08,4.59937322467361e-09,1.0,0
186,SMACS-J0723.3-7327,110.64607187889278,-73.47583097096738,-1.6208086002882473e-09,5.836303017046426e-09,1.0,0,1.2663277754940363e-08,4.223962002846732e-09,1.0,0,3.291702333498757e-08,4.549613716255615e-09,1.0,0
1168,SMACS-J0723.3-7327,110.63938733885507,-73.49463734730388,,,0.0,3,,,0.0,3,1.935784053434015e-08,4.413788662248267e-09,1.0,0
7,SMACS-J0723.3-7327,110.6119877579969,-73.47440487826863,5.572081778309307e-08,6.1858758032740454e-09,1.0,0,6.291840122205126e-08,4.2322088310000566e-09,1.0,0,3.9917942452557404e-08,4.52372177772272e-09,1.0,0
459,SMACS-J0723.3-7327,110.69023605819966,-73.47932060765908,,,0.0,3,,,0.0,3,4.484322959591459e-09,5.2376792055090285e-09,1.0,0
211,SMACS-J0723.3-7327,110.64812494293157,-73.4766970430996,1.720130264968575e-08,5.848370939740246e-09,1.0,0,2.200029130583459e-08,4.028499891934346e-09,1.0,0,2.8835470675634743e-08,4.504583678336593e-09,1.0,0
133,SMACS-J0723.3-7327,110.63451339994502,-73.47594555133398,6.559749787360052e-08,5.983749997644096e-09,1.0,0,9.167251540981806e-08,4.351197458633932e-09,1.0,0,3.193226221962575e-08,4.617571243241921e-09,1.0,0
204,SMACS-J0723.3-7327,110.6513456370961,-73.4758490781693,1.1034124241856392e-08,5.687806636685557e-09,1.0,0,4.310490440538996e-08,4.259661811999523e-09,1.0,0,3.066155979589317e-08,4.588692569638552e-09,1.0,0
875,SMACS-J0723.3-7327,110.73387808219023,-73.49138934010165,,,0.0,3,,,0.0,3,4.587056419478177e-08,4.777883208868569e-09,1.0,0
676,SMACS-J0723.3-7327,110.68985811859504,-73.48944806749554,,,0.0,3,,,0.0,3,3.195878725111077e-08,8.308030731755373e-09,1.0,0
559,SMACS-J0723.3-7327,110.72494387844857,-73.47642049947557,,,0.0,3,,,0.0,3,3.884618836755342e-08,4.732484639388565e-09,1.0,0
422,SMACS-J0723.3-7327,110.68033187798227,-73.47969234231822,,,0.0,3,,,0.0,3,3.9449739107346264e-08,4.6326285141436386e-09,1.0,0
702,SMACS-J0723.3-7327,110.66189107569156,-73.49668395439657,,,0.0,3,,,0.0,3,4.154451482424715e-08,4.633503253164436e-09,1.0,0
139,SMACS-J0723.3-7327,110.61436498365464,-73.48022078785586,3.330915331312368e-08,6.762604212093964e-09,1.0,0,2.2756391620556396e-08,4.57744686728573e-09,1.0,0,3.8048726379783434e-10,4.454524903544339e-09,1.0,0
596,SMACS-J0723.3-7327,110.66654798831433,-73.48934308220606,,,0.0,3,,,0.0,3,2.997933490552623e-08,4.530731291192411e-09,1.0,0
195,SMACS-J0723.3-7327,110.63961647656508,-73.4778281815197,5.054275109605505e-08,6.179561656148754e-09,1.0,0,9.785862707021278e-08,4.620551878800455e-09,1.0,0,3.356530635694914e-08,4.714574065170737e-09,1.0,0
116,SMACS-J0723.3-7327,110.6178275587739,-73.47859691856887,5.130290801196823e-08,6.507288995224535e-09,1.0,0,7.80959132366584e-08,4.477619573640479e-09,1.0,0,3.059056200463246e-08,4.492797137680617e-09,1.0,0
833,SMACS-J0723.3-7327,110.7535226916185,-73.48521700634242,,,0.0,3,,,0.0,3,1.5814995877461856e-08,4.850961127653962e-09,1.0,0
829,SMACS-J0723.3-7327,110.66498660149004,-73.5026950809571,,,0.0,3,,,0.0,3,3.1181012967376606e-08,4.794094081905416e-09,1.0,0
427,SMACS-J0723.3-7327,110.67391667577566,-73.48119960700132,1.9775044776211693e-08,5.9344704539882354e-09,1.0,0,2.1052827541824174e-08,4.100548292285141e-09,1.0,0,3.3206825436775525e-08,4.6180088055275806e-09,1.0,0
63,SMACS-J0723.3-7327,110.66616797591365,-73.46629724071391,,,0.0,3,,,0.0,3,3.853775291643331e-08,4.571302592783785e-09,1.0,0
466,SMACS-J0723.3-7327,110.65519151956016,-73.48642339188692,2.0604822361372622e-08,5.875488132594416e-09,1.0,0,4.0669758730405406e-08,4.2576434979635836e-09,1.0,0,-2.4415181764767574e-08,4.758925442289606e-09,1.0,0
265,SMACS-J0723.3-7327,110.63778916597492,-73.48100448985244,3.3181053046706394e-08,6.194384107884162e-09,1.0,0,6.489126347145058e-08,4.507417819664124e-09,1.0,0,2.484375088485086e-08,4.644392056660532e-09,1.0,0
223,SMACS-J0723.3-7327,110.62014038874621,-73.48287994293845,-3.946234549470746e-08,6.4350590945285866e-09,1.0,0,3.673801416597405e-08,4.5908674426832875e-09,1.0,0,6.772525654956277e-09,4.4624544718853625e-09,1.0,0
169,SMACS-J0723.3-7327,110.69806703602256,-73.46470886242548,,,0.0,3,,,0.0,3,2.5159061784826312e-08,4.52668782308036e-09,1.0,0
290,SMACS-J0723.3-7327,110.67374389443887,-73.47503198266274,,,0.0,3,,,0.0,3,1.1188132483207883e-08,4.697955567060332e-09,1.0,0
495,SMACS-J0723.3-7327,110.65125558148549,-73.48848768824647,,,0.0,3,,,0.0,3,1.2246466003910308e-08,4.6798161005924885e-09,1.0,0
50,SMACS-J0723.3-7327,110.60217746650186,-73.47827119220105,1.3158990840107064e-08,6.944725871339989e-09,1.0,0,3.6946484876150665e-08,4.106049225286745e-09,1.0,0,4.032050356508883e-08,5.022637219095982e-09,1.0,0
1081,SMACS-J0723.3-7327,110.63504386763634,-73.48664382947044,4.12189586550362e-08,6.064744525434624e-09,1.0,0,6.713229785536275e-08,4.771417683849642e-09,1.0,0,1.9404992116442987e-08,4.205157257475438e-09,1.0,0
537,SMACS-J0723.3-7327,110.71008579665305,-73.4785920893666,,,0.0,3,,,0.0,3,1.0539499845059691e-08,4.529262258746771e-09,1.0,0
311,SMACS-J0723.3-7327,110.64201521586541,-73.4821621830294,-3.386504746691901e-08,6.4199985196119e-09,1.0,0,-5.0532114267528006e-08,4.332552612945999e-09,1.0,0,1.1552650463124874e-08,4.8945495548501285e-09,1.0,0
656,SMACS-J0723.3-7327,110.73359567247218,-73.47935338200524,,,0.0,3,,,0.0,3,3.971308640980694e-08,4.4275444216160115e-09,1.0,0
689,SMACS-J0723.3-7327,110.69019526971866,-73.49011007810496,,,0.0,3,,,0.0,3,3.371138072430506e-08,4.777863907532785e-09,1.0,0
368,SMACS-J0723.3-7327,110.6233141887764,-73.48846382272814,4.2477587809071084e-08,5.9008011767688555e-09,1.0,0,7.086256327472426e-08,4.3311371625200055e-09,1.0,0,3.1968587740022104e-08,4.371573939484488e-09,1.0,0
248,SMACS-J0723.3-7327,110.61636406212679,-73.4844763331811,5.4819370881610356e-08,6.362724613115223e-09,1.0,0,7.881880795773462e-08,4.425800706851699e-09,1.0,0,3.381560250123172e-08,4.526701056003713e-09,1.0,0
516,SMACS-J0723.3-7327,110.65314435283902,-73.4890245327297,,,0.0,3,,,0.0,3,3.345659439192954e-08,4.487957661393694e-09,1.0,0
144,SMACS-J0723.3-7327,110.6275475677402,-73.47769869919871,1.627261756443807e-08,5.851831084415233e-09,1.0,0,3.8096934578237344e-08,4.247277749537088e-09,1.0,0,3.7018058511546655e-08,4.544610971236337e-09,1.0,0
539,SMACS-J0723.3-7327,110.73595853591017,-73.47348434556316,,,0.0,3,,,0.0,3,2.9098468749078226e-08,3.816851967480216e-09,0.7241379310344828,4
572,SMACS-J0723.3-7327,110.72312357128236,-73.47738223297796,,,0.0,3,,,0.0,3,5.374634408267426e-09,4.497178764583548e-09,1.0,0
157,SMACS-J0723.3-7327,110.62659208799697,-73.47848545821624,1.9371883617800135e-08,6.0101959632164976e-09,1.0,0,4.882298643147078e-08,4.43015029506736e-09,1.0,0,3.005113073440396e-08,4.6970267783309815e-09,1.0,0
339,SMACS-J0723.3-7327,110.652602549394,-73.48129319648348,1.4469480938022566e-08,6.024931017399721e-09,1.0,0,2.4325490129250867e-08,4.125267626826839e-09,1.0,0,3.1985279100595814e-08,4.553520554162096e-09,1.0,0
279,SMACS-J0723.3-7327,110.63502174211824,-73.482170070029,3.280753288716052e-08,6.163420000914618e-09,1.0,0,5.7145610517389564e-08,4.699027197636047e-09,1.0,0,7.507239630362431e-09,4.787078854680286e-09,1.0,0
60,SMACS-J0723.3-7327,110.67682835107266,-73.46403236786824,,,0.0,3,,,0.0,3,3.6768989814973435e-08,4.558813197998535e-09,1.0,0
487,SMACS-J0723.3-7327,110.67965347723697,-73.48251745694155,,,0.0,3,,,0.0,3,3.2649155095706593e-08,4.6583283816762875e-09,1.0,0
469,SMACS-J0723.3-7327,110.67441482954311,-73.4828443707781,-4.470911120705281e-09,3.6563018083639293e-09,0.39655172413793105,4,7.08004029993635e-10,8.187864976252628e-10,0.02654867256637168,4,2.0499075789858976e-08,4.639556717854179e-09,1.0,0
877,SMACS-J0723.3-7327,110.759625300867,-73.48629787972423,,,0.0,3,,,0.0,3,-6.893243409718964e-09,4.6764148917640926e-09,1.0,0
455,SMACS-J0723.3-7327,110.70782282391096,-73.47554439393612,,,0.0,3,,,0.0,3,3.698772916068311e-08,4.554327852277273e-09,1.0,0
358,SMACS-J0723.3-7327,110.63007372024887,-73.48682769264563,4.8500534282550884e-08,6.227645453755443e-09,1.0,0,4.947860011150883e-08,4.2923313451688486e-09,1.0,0,3.148553679188054e-08,4.2635400337956674e-09,1.0,0
201,SMACS-J0723.3-7327,110.63595163478712,-73.47887110261671,1.1537649658370428e-08,6.154087441253542e-09,1.0,0,1.8544359196505446e-09,4.437887690561119e-09,1.0,0,8.57179440739973e-09,4.546776571544389e-09,1.0,0
243,SMACS-J0723.3-7327,110.69376049105468,-73.46891812565619,,,0.0,3,,,0.0,3,2.4235265067010203e-08,4.54470303504252e-09,1.0,0
472,SMACS-J0723.3-7327,110.67448002938639,-73.48298392318247,,,0.0,2,,,0.0,2,-2.5685311763020518e-08,4.534315305842603e-09,1.0,0
52,SMACS-J0723.3-7327,110.64427542149464,-73.47010853419977,-1.5655913775547194e-06,8.694338607086285e-09,1.0,0,-1.970038240490109e-06,6.0766875797256536e-09,1.0,0,-4.655735596403668e-07,4.818243896124371e-09,1.0,0
520,SMACS-J0723.3-7327,110.65864903851889,-73.48812847127374,,,0.0,3,,,0.0,3,3.263666436819724e-08,4.317333679778169e-09,1.0,0
721,SMACS-J0723.3-7327,110.67222750862436,-73.49556220696807,,,0.0,3,,,0.0,3,4.395737767624165e-09,4.750661791868725e-09,1.0,0
793,SMACS-J0723.3-7327,110.67448964393732,-73.49910344364184,,,0.0,3,,,0.0,3,3.3241755745900574e-08,4.619881467405081e-09,1.0,0
707,SMACS-J0723.3-7327,110.68909955541046,-73.49150194100663,,,0.0,3,,,0.0,3,-3.5451533954610555e-07,4.996048507465862e-09,1.0,0
550,SMACS-J0723.3-7327,110.69502305854398,-73.48200097922762,,,0.0,3,,,0.0,3,3.928270744822814e-08,4.5813769239787186e-09,1.0,0
267,SMACS-J0723.3-7327,110.621148544458,-73.48435780890492,3.837999660305247e-08,6.102423292412656e-09,1.0,0,6.147086543734351e-08,4.390205811932996e-09,1.0,0,2.742549745302043e-08,4.203293626227451e-09,1.0,0
570,SMACS-J0723.3-7327,110.7077111737872,-73.48023391728124,,,0.0,3,,,0.0,3,3.347780658824704e-08,4.689177541585495e-09,1.0,0
733,SMACS-J0723.3-7327,110.70168188862986,-73.49013261288049,,,0.0,3,,,0.0,3,-2.9751339460171186e-09,4.776893060978625e-09,1.0,0
817,SMACS-J0723.3-7327,110.72687428442453,-73.48977882885362,,,0.0,3,,,0.0,3,3.542138157955519e-08,4.2819168795222265e-09,1.0,0
767,SMACS-J0723.3-7327,110.68195894465961,-73.49633381169049,,,0.0,3,,,0.0,3,2.7545158822629892e-08,4.434205146193895e-09,1.0,0
518,SMACS-J0723.3-7327,110.72379021273954,-73.47508942180897,,,0.0,3,,,0.0,3,4.1156287872462514e-08,4.659904324706769e-09,1.0,0
805,SMACS-J0723.3-7327,110.68204127668574,-73.49805012953001,,,0.0,3,,,0.0,3,-3.777707780860275e-08,6.407221355700411e-09,1.0,0
45,SMACS-J0723.3-7327,110.68701774228235,-73.46110804352622,,,0.0,3,,,0.0,3,3.245744443235381e-08,4.817446861109618e-09,1.0,0
450,SMACS-J0723.3-7327,110.6452243910673,-73.4877819844874,2.7957450327435172e-08,6.033196841124899e-09,1.0,0,4.292507731450801e-08,4.219011488649497e-09,1.0,0,3.5044249750992576e-08,4.440301072476136e-09,1.0,0
588,SMACS-J0723.3-7327,110.72513118234431,-73.4773887272437,,,0.0,3,,,0.0,3,2.3283866879414387e-08,4.527066611844229e-09,1.0,0
306,SMACS-J0723.3-7327,110.70148491539786,-73.47012213972295,,,0.0,3,,,0.0,3,3.581136127385618e-08,4.729325576753514e-09,1.0,0
827,SMACS-J0723.3-7327,110.75579386289932,-73.48457004555641,,,0.0,3,,,0.0,3,-9.8635552341565e-09,4.571163415377305e-09,1.0,0
447,SMACS-J0723.3-7327,110.63766880729334,-73.48919307625033,1.2649673430340097e-08,6.105984668932872e-09,1.0,0,3.164642343689639e-08,4.112963522788082e-09,1.0,0,3.7581089597232485e-08,4.808110770528745e-09,1.0,0
851,SMACS-J0723.3-7327,110.7435341123493,-73.48815385180903,,,0.0,3,,,0.0,3,3.721518269941114e-08,4.541934682633324e-09,1.0,0
302,SMACS-J0723.3-7327,110.67696580909687,-73.47487404000465,,,0.0,3,,,0.0,3,2.3158275388194835e-08,4.6801145582497416e-09,1.0,0
420,SMACS-J0723.3-7327,110.63508076442108,-73.48864102915422,4.9319334199868184e-08,6.034615776793836e-09,1.0,0,8.621124391355893e-08,4.3522714181633605e-09,1.0,0,3.7466004772682196e-08,4.653653764491324e-09,1.0,0
557,SMACS-J0723.3-7327,110.66549989766919,-73.48816231748424,,,0.0,3,,,0.0,3,2.770864450556024e-08,4.90858450202931e-09,1.0,0
560,SMACS-J0723.3-7327,110.7327780166797,-73.4748860131505,,,0.0,3,,,0.0,3,4.180973480458047e-08,4.317240573066824e-09,1.0,0
751,SMACS-J0723.3-7327,110.71347404186406,-73.48907472403657,,,0.0,3,,,0.0,3,-1.9822039131453094e-08,4.542599869452229e-09,1.0,0
802,SMACS-J0723.3-7327,110.72842720835501,-73.48869931292191,,,0.0,3,,,0.0,3,4.021770159035587e-08,4.561314913332627e-09,1.0,0
399,SMACS-J0723.3-7327,110.62440114204409,-73.48970371105645,3.0204770353782274e-08,5.961691239364761e-09,1.0,0,3.3486654952009945e-08,4.370085446773083e-09,1.0,0,2.7360968219061758e-08,4.3847731491153135e-09,1.0,0
470,SMACS-J0723.3-7327,110.67276644049427,-73.48319074895052,-6.49161906323627e-10,3.235414294838123e-09,0.26548672566371684,4,,,0.0,1,7.539743638938053e-09,4.861553756345702e-09,1.0,0
443,SMACS-J0723.3-7327,110.71186926806857,-73.47428879103444,,,0.0,3,,,0.0,3,3.07834175136577e-08,4.6157807886829105e-09,1.0,0
278,SMACS-J0723.3-7327,110.71582814107512,-73.46612067693331,,,0.0,3,,,0.0,3,3.634146136542583e-08,4.584339916757539e-09,1.0,0
445,SMACS-J0723.3-7327,110.68325234798847,-73.48001058555016,,,0.0,3,,,0.0,3,-1.1471268764513454e-09,4.7782871538809995e-09,1.0,0
254,SMACS-J0723.3-7327,110.63772564999542,-73.48059644631786,-1.734285572577578e-08,6.057229675643823e-09,1.0,0,-1.4651572111963227e-08,4.3495387705988556e-09,1.0,0,1.798174855927119e-09,4.629639384603617e-09,1.0,0
437,SMACS-J0723.3-7327,110.68089859136857,-73.48021320515481,,,0.0,3,,,0.0,3,1.855215635956698e-08,4.670714715373014e-09,1.0,0
349,SMACS-J0723.3-7327,110.67573938453235,-73.47727784236041,,,0.0,3,,,0.0,3,3.649671760668319e-09,5.133161735091415e-09,1.0,0
828,SMACS-J0723.3-7327,110.67709164318607,-73.50023919446788,,,0.0,3,,,0.0,3,3.151805247914033e-08,4.5886348735074324e-09,1.0,0
731,SMACS-J0723.3-7327,110.69864396694038,-73.49070838558924,,,0.0,3,,,0.0,3,2.5419094557307675e-08,4.722832602334063e-09,1.0,0
319,SMACS-J0723.3-7327,110.6393050366107,-73.48304970490369,-3.719615957613349e-09,6.449540067660273e-09,1.0,0,1.810376549185826e-09,4.3363545636899115e-09,1.0,0,1.866899213308967e-08,4.9337306931154526e-09,1.0,0
219,SMACS-J0723.3-7327,110.63187332801218,-73.48041383558893,-1.467736665863443e-08,5.959877696954883e-09,1.0,0,-7.790811040748943e-09,4.393569525251626e-09,1.0,0,-4.765406448283059e-09,5.0795439847224845e-09,1.0,0
209,SMACS-J0723.3-7327,110.63365029897606,-73.47947489454764,6.963155480486715e-09,6.116356245607552e-09,1.0,0,-4.06040169061494e-10,4.393318869665263e-09,1.0,0,-4.217682997790767e-09,4.477238137761357e-09,1.0,0
743,SMACS-J0723.3-7327,110.70016450449747,-73.49130487698332,,,0.0,3,,,0.0,3,2.1731409698279108e-08,4.810573253969812e-09,1.0,0
36,SMACS-J0723.3-7327,110.68654772570973,-73.46068598367712,,,0.0,3,,,0.0,3,-2.2401113742748434e-08,4.414750525599357e-09,1.0,0
35,SMACS-J0723.3-7327,110.68540284495162,-73.4608596291825,,,0.0,3,,,0.0,3,5.53668792849164e-09,4.520534833523634e-09,1.0,0
226,SMACS-J0723.3-7327,110.63966030752515,-73.47916204747737,9.321816710684345e-09,6.029258521107854e-09,1.0,0,1.414440359723183e-08,4.3023811779639285e-09,1.0,0,1.235303422250175e-08,4.990887169225972e-09,1.0,0
250,SMACS-J0723.3-7327,110.63260581059163,-73.48131144226787,-1.530659571757689e-08,6.119012018829464e-09,1.0,0,-4.078721477919751e-08,4.244928653140027e-09,1.0,0,4.487493572988573e-09,4.528610592430493e-09,1.0,0
224,SMACS-J0723.3-7327,110.62266795490808,-73.48238173577752,-4.62020331015936e-09,6.066565761859806e-09,1.0,0,4.93569660957122e-08,4.481633053415338e-09,1.0,0,1.478902813559624e-08,4.601163360712683e-09,1.0,0
824,SMACS-J0723.3-7327,110.7522057074414,-73.48509576347914,,,0.0,3,,,0.0,3,2.2957847989269728e-08,4.650378106337076e-09,1.0,0
734,SMACS-J0723.3-7327,110.68824880079143,-73.49287638280838,,,0.0,3,,,0.0,3,1.7585001802829446e-08,5.20357029925796e-09,1.0,0
823,SMACS-J0723.3-7327,110.7561565655785,-73.48428334863377,,,0.0,3,,,0.0,3,2.799400261902773e-08,4.499660791526233e-09,1.0,0
818,SMACS-J0723.3-7327,110.75223708668699,-73.48485940280895,,,0.0,3,,,0.0,3,-9.577159790910556e-09,4.388140403076773e-09,1.0,0
233,SMACS-J0723.3-7327,110.63983654800163,-73.47923103255931,-6.022316362532805e-09,5.880275621071234e-09,1.0,0,4.256801193045271e-09,4.379943590438634e-09,1.0,0,9.604024391396141e-09,4.924070068417843e-09,1.0,0
400,SMACS-J0723.3-7327,110.64446728755036,-73.48575555789381,-2.6437459937399148e-08,5.9510972678775545e-09,1.0,0,-4.3997791261756094e-08,4.295529137812259e-09,1.0,0,3.935797042932371e-09,4.593316136929157e-09,1.0,0
183,SMACS-J0723.3-7327,110.63023163281508,-73.47859428738826,-1.831398517745876e-08,5.904226657822602e-09,1.0,0,-1.4689186845502263e-08,4.35829206611997e-09,1.0,0,1.0633490847442253e-08,4.580000611221727e-09,1.0,0
71,SMACS-J0723.3-7327,110.68649115129291,-73.46267509911863,,,0.0,3,,,0.0,3,3.678963747794406e-08,4.451679050644266e-09,1.0,0
599,SMACS-J0723.3-7327,110.72737671047821,-73.47733390878628,,,0.0,3,,,0.0,3,2.8150177333049094e-08,4.460067403124733e-09,1.0,0
893,SMACS-J0723.3-7327,110.76421253353037,-73.48619252149507,,,0.0,3,,,0.0,3,8.888718890661456e-09,4.597548587716842e-09,1.0,0
